materia,trimestre,seccion,estudiante_id,hito,semilla_42,semilla_7,semilla_123,semilla_2024,semilla_31,minimo,maximo,rango
Algoritmos y Programación,2425-2,1,anon_001,4,4.86468409403453,4.7696650723080225,3.87858520822833,4.374992712927612,4.889595684213461,3.87858520822833,4.889595684213461,1.011010475985131
Algoritmos y Programación,2425-2,1,anon_001,6,3.69469716808989,4.427576032612123,3.231447954032184,3.675364139989611,4.254946339920712,3.231447954032184,4.427576032612123,1.1961280785799389
Algoritmos y Programación,2425-2,1,anon_001,8,2.743788409369925,3.305481403865471,2.564371713397584,2.7664029606784712,3.0439131297052313,2.564371713397584,3.305481403865471,0.7411096904678871
Algoritmos y Programación,2425-2,1,anon_002,4,1.989459082897767,1.9354338474380341,1.3530006661128198,1.701548535093096,2.3602918287829358,1.3530006661128198,2.3602918287829358,1.007291162670116
Algoritmos y Programación,2425-2,1,anon_002,6,1.5254217272002322,2.445843603725116,1.1635001556139954,1.3857200389129396,2.123020404774781,1.1635001556139954,2.445843603725116,1.2823434481111207
Algoritmos y Programación,2425-2,1,anon_002,8,0.6786522437913263,1.3222647747088097,0.5463027886809719,0.776696646975858,1.0029114421145353,0.5463027886809719,1.3222647747088097,0.7759619860278377
Algoritmos y Programación,2425-2,1,anon_003,4,9.684690716836457,9.623744102680917,8.721904022321148,9.075489366021571,9.51248202932365,8.721904022321148,9.684690716836457,0.9627866945153087
Algoritmos y Programación,2425-2,1,anon_003,6,11.108501271230777,11.262270565160836,10.686334919679902,11.412127091396808,11.62002706756023,10.686334919679902,11.62002706756023,0.9336921478803273
Algoritmos y Programación,2425-2,1,anon_003,8,16.061197103709056,16.1132662353831,15.857410238970676,15.724913711949233,16.272268036058392,15.724913711949233,16.272268036058392,0.5473543241091594
Algoritmos y Programación,2425-2,1,anon_004,4,4.848995387617379,4.828959522705333,4.000987675520122,4.389394209585383,4.833006134045846,4.000987675520122,4.848995387617379,0.8480077120972567
Algoritmos y Programación,2425-2,1,anon_004,6,3.674845800611143,4.369766510534085,3.3275469797855664,3.6711221859707024,4.193507175717452,3.3275469797855664,4.369766510534085,1.0422195307485183
Algoritmos y Programación,2425-2,1,anon_004,8,2.7324947658743337,3.2676341250102325,2.606790565190069,2.7794265900258353,3.0157479292661993,2.606790565190069,3.2676341250102325,0.6608435598201634
Algoritmos y Programación,2425-2,1,anon_005,4,10.807003261579325,10.819215719776594,9.884011160520913,10.118967667377987,10.539536008526852,9.884011160520913,10.819215719776594,0.9352045592556806
Algoritmos y Programación,2425-2,1,anon_005,6,11.097868660102403,11.243000899826365,10.80246868888694,11.409850785983597,11.581890554179203,10.80246868888694,11.581890554179203,0.7794218652922638
Algoritmos y Programación,2425-2,1,anon_005,8,10.957087860335125,11.143805870664638,10.829438701738315,10.767552527375745,11.186684891415341,10.767552527375745,11.186684891415341,0.4191323640395961
Algoritmos y Programación,2425-2,1,anon_006,4,1.844945187508003,1.820052296967134,1.4184592565033824,1.6958160088388325,2.2449242124415605,1.4184592565033824,2.2449242124415605,0.826464955938178
Algoritmos y Programación,2425-2,1,anon_006,6,1.4941232486856535,2.34981023987849,1.2771569024545713,1.38316249790266,2.034021876414541,1.2771569024545713,2.34981023987849,1.0726533374239189
Algoritmos y Programación,2425-2,1,anon_006,8,0.665265444294489,1.260810767316169,0.6016777975202743,0.7886764424584376,0.9609287825163244,0.6016777975202743,1.260810767316169,0.6591329697958948
Algoritmos y Programación,2425-2,1,anon_007,4,1.8101300370779398,1.7860858298521123,1.4369342089917723,1.694057421429875,2.2161299951512454,1.4369342089917723,2.2161299951512454,0.7791957861594732
Algoritmos y Programación,2425-2,1,anon_007,6,1.4867718818917872,2.3211073745895625,1.3096729904282043,1.382348640975298,2.0107899972424,1.3096729904282043,2.3211073745895625,1.0114343841613582
Algoritmos y Programación,2425-2,1,anon_007,8,0.6620780960933565,1.2422509275172118,0.6176320852583235,0.7919236600317898,0.9496416305248674,0.6176320852583235,1.2422509275172118,0.6246188422588883
Algoritmos y Programación,2425-2,1,anon_008,4,7.80958394346284,7.9140119031019225,7.368335693116984,7.5650121020420755,8.013516252871227,7.368335693116984,8.013516252871227,0.6451805597542428
Algoritmos y Programación,2425-2,1,anon_008,6,8.910793766835887,9.23751031742984,8.801049368778123,9.219818271955353,9.448524752787758,8.801049368778123,9.448524752787758,0.6474753840096348
Algoritmos y Programación,2425-2,1,anon_008,8,15.982425479600634,16.086132082512833,15.926091824364342,15.755116595536,16.22457292904805,15.755116595536,16.22457292904805,0.46945633351205096
Algoritmos y Programación,2425-2,1,anon_009,4,6.945640818820237,7.238722130625661,6.262095795325081,6.324171267250049,6.767674044049201,6.262095795325081,7.238722130625661,0.9766263353005797
Algoritmos y Programación,2425-2,1,anon_009,6,5.9193721405838815,6.098924784136177,5.523607938802623,5.697555467911057,6.147163372129533,5.523607938802623,6.147163372129533,0.62355543332691
Algoritmos y Programación,2425-2,1,anon_009,8,6.887952394627872,7.029862298513524,6.700722807053424,6.708098217996042,7.014497655734334,6.700722807053424,7.029862298513524,0.3291394914600998
Algoritmos y Programación,2425-2,1,anon_010,4,12.292425764765994,12.862781734113412,11.42999642792833,11.334194558175824,11.627856670109168,11.334194558175824,12.862781734113412,1.528587175937588
Algoritmos y Programación,2425-2,1,anon_010,6,14.352718341430716,14.038298687748341,13.983862088250142,14.486060138231917,14.560899670096678,13.983862088250142,14.560899670096678,0.5770375818465361
Algoritmos y Programación,2425-2,1,anon_010,8,21.184667823711038,20.930472965093568,20.963591400799938,20.678336048526315,21.254090762236412,20.678336048526315,21.254090762236412,0.5757547137100971
Algoritmos y Programación,2425-2,1,anon_011,4,6.644983689306315,6.974220485547491,6.223839138379958,6.253197968772998,6.668092745510869,6.223839138379958,6.974220485547491,0.7503813471675329
Algoritmos y Programación,2425-2,1,anon_011,6,6.937889555739189,7.048001725016349,6.662441915708467,6.8223110449022215,7.189701376530216,6.662441915708467,7.189701376530216,0.5272594608217496
Algoritmos y Programación,2425-2,1,anon_011,8,6.895164903241364,6.98625990290099,6.760855075355049,6.71813431944226,7.012138348063584,6.71813431944226,7.012138348063584,0.29400402862132413
Algoritmos y Programación,2425-2,1,anon_012,4,1.6473898895540628,1.5859624965904686,1.5406735194275996,1.6860079761960947,2.0740225426542267,1.5406735194275996,2.0740225426542267,0.5333490232266271
Algoritmos y Programación,2425-2,1,anon_012,6,1.4543666203055814,2.148501121445282,1.4917438716146556,1.3800436937214542,1.8917899080117138,1.3800436937214542,2.148501121445282,0.7684574277238276
Algoritmos y Programación,2425-2,1,anon_012,8,0.6479683397482123,1.1280437314489618,0.7071927711966648,0.8111542689200597,0.89028226922874,0.6479683397482123,1.1280437314489618,0.4800753917007494
Algoritmos y Programación,2425-2,1,anon_013,4,1.6175277272365207,1.5401910011183304,1.5634646576253601,1.6849098194151253,2.046190499053367,1.5401910011183304,2.046190499053367,0.5059994979350364
Algoritmos y Programación,2425-2,1,anon_013,6,1.4489869032649736,2.1084951336934985,1.5310861480335767,1.380371496664857,1.8679048414347186,1.380371496664857,2.1084951336934985,0.7281236370286415
Algoritmos y Programación,2425-2,1,anon_013,8,0.6456877366472842,1.1009372559917736,0.7265433548840701,0.8158383120842378,0.8780880106783258,0.6456877366472842,1.1009372559917736,0.45524951934448943
Algoritmos y Programación,2425-2,1,anon_014,4,20.970770369228262,21.6833690252123,20.18966571000277,19.357127865405914,19.938043186962545,19.357127865405914,21.6833690252123,2.3262411598063863
Algoritmos y Programación,2425-2,1,anon_014,6,19.478980693565852,19.113499779011537,19.63850506852277,19.96967909811533,19.77563721350466,19.113499779011537,19.96967909811533,0.8561793191037914
Algoritmos y Programación,2425-2,1,anon_014,8,23.13491656227302,23.00486826669335,23.215001186530905,22.839601948145052,23.277863594594752,22.839601948145052,23.277863594594752,0.4382616464496998
Algoritmos y Programación,2425-2,1,anon_015,4,13.016497384525508,13.60207340967105,12.654404937653567,12.46201929235238,12.708095898963137,12.46201929235238,13.60207340967105,1.1400541173186696
Algoritmos y Programación,2425-2,1,anon_015,6,14.19074736875642,14.118024001292516,14.390205561820423,14.691571501792055,14.582234840794154,14.118024001292516,14.691571501792055,0.5735475004995383
Algoritmos y Programación,2425-2,1,anon_015,8,23.12086552453345,22.974566308983636,23.18089787284947,22.80516953487524,23.27799999486647,22.80516953487524,23.27799999486647,0.4728304599912292
Algoritmos y Programación,2425-2,1,anon_016,4,1.5225036561245417,1.09214574037361,1.3514443923590704,0.7369011299516615,1.3569620902132726,0.7369011299516615,1.5225036561245417,0.7856025261728803
Algoritmos y Programación,2425-2,1,anon_016,6,2.040958871763011,1.2680369507122577,1.4610985439719713,0.5137746919853612,1.454976633058319,0.5137746919853612,2.040958871763011,1.5271841797776498
Algoritmos y Programación,2425-2,1,anon_016,8,1.9581404577304915,1.487495741277126,1.6664016345590014,1.456907891823974,1.633595775841755,1.456907891823974,1.9581404577304915,0.5012325659065175
Algoritmos y Programación,2425-2,1,anon_017,4,1.5086165414519428,1.3403965302252914,1.6602086122442614,1.6835889098396706,1.9378933571977086,1.3403965302252914,1.9378933571977086,0.5974968269724172
Algoritmos y Programación,2425-2,1,anon_017,6,1.4322222299311314,1.9340204412789939,1.693051626150691,1.3860524791067306,1.7745191429751381,1.3860524791067306,1.9340204412789939,0.5479679621722633
Algoritmos y Programación,2425-2,1,anon_017,8,1.6505495388330047,1.9857234095911322,1.826526534298801,1.84260868499707,1.8578122450354138,1.6505495388330047,1.9857234095911322,0.33517387075812755
Algoritmos y Programación,2425-2,1,anon_018,4,9.078551902869137,9.355618061862714,9.047879906097023,8.84822377387006,9.108659624774873,8.84822377387006,9.355618061862714,0.5073942879926534
Algoritmos y Programación,2425-2,1,anon_018,6,11.950982502195664,11.93383974682335,12.258559965996275,12.292532286981498,12.328462677200985,11.93383974682335,12.328462677200985,0.3946229303776345
Algoritmos y Programación,2425-2,1,anon_018,8,15.994636456233097,15.930488598799355,16.146987789607767,15.866239923880386,16.171467959862042,15.866239923880386,16.171467959862042,0.3052280359816564
Algoritmos y Programación,2425-2,1,anon_019,4,1.460927535807059,1.2317913516961312,1.7113465656038471,1.6851164818233713,1.8860718281800786,1.2317913516961312,1.8860718281800786,0.6542804764839474
Algoritmos y Programación,2425-2,1,anon_019,6,1.427067906640481,1.8404367122564889,1.7745607320967913,1.3919114306454325,1.730256558794082,1.3919114306454325,1.8404367122564889,0.4485252816110563
Algoritmos y Programación,2425-2,1,anon_019,8,0.6379770690229698,0.9143524247709429,0.8463504863361644,0.8515782126428091,0.8053167346492902,0.6379770690229698,0.9143524247709429,0.2763753557479731
Algoritmos y Programación,2425-2,1,anon_020,4,16.040308463396514,16.804186068977515,15.540995656451685,14.92637430976751,15.203047486444916,14.92637430976751,16.804186068977515,1.8778117592100045
Algoritmos y Programación,2425-2,1,anon_020,6,16.33100809901067,16.04567818979246,16.676919505179157,16.85722000886659,16.606901310852386,16.04567818979246,16.85722000886659,0.8115418190741295
Algoritmos y Programación,2425-2,1,anon_020,8,23.153545526755394,22.931742763545348,23.292733938840957,22.877957005239967,23.25772388005932,22.877957005239967,23.292733938840957,0.4147769336009901
Algoritmos y Programación,2425-2,1,anon_021,4,6.642199472653161,6.985161899870803,6.836502193251789,6.449865764751101,6.524233796488318,6.449865764751101,6.985161899870803,0.5352961351197028
Algoritmos y Programación,2425-2,1,anon_021,6,5.844134724598568,5.644949778591048,6.074996357806734,5.698154043411787,5.85516031834203,5.644949778591048,6.074996357806734,0.430046579215686
Algoritmos y Programación,2425-2,1,anon_021,8,4.81055734560808,4.722550489704778,4.932976700739867,4.804926860812356,4.800925664869425,4.722550489704778,4.932976700739867,0.21042621103508896
Algoritmos y Programación,2425-2,1,anon_022,4,1.3982214161724755,1.0603070698004444,1.7904358391962205,1.690374510801746,1.812214491047854,1.0603070698004444,1.812214491047854,0.7519074212474095
Algoritmos y Programación,2425-2,1,anon_022,6,3.4510495054754244,3.7227808435465306,3.981743215539183,3.571513307232376,3.7807150160840566,3.4510495054754244,3.981743215539183,0.5306937100637588
Algoritmos y Programación,2425-2,1,anon_022,8,2.6579876813110292,2.813850338121191,2.952478196530249,2.890841996713811,2.8501521767187032,2.6579876813110292,2.952478196530249,0.2944905152192199
Algoritmos y Programación,2425-2,1,anon_023,4,14.803862785413429,15.196830315824343,14.676608800913328,14.333572396574567,14.51741438501898,14.333572396574567,15.196830315824343,0.8632579192497758
Algoritmos y Programación,2425-2,1,anon_023,6,17.261482972996177,16.947078719174204,17.683933365875447,17.70917388076954,17.533340218260594,16.947078719174204,17.70917388076954,0.7620951615953366
Algoritmos y Programación,2425-2,1,anon_023,8,19.05300273050623,18.880969402486876,19.284925131476868,18.92795372852224,19.191331313362376,18.880969402486876,19.284925131476868,0.40395572898999177
Algoritmos y Programación,2425-2,1,anon_024,4,6.61759169119339,6.787072671682793,6.948800574457934,6.436111679641911,6.443193472965396,6.436111679641911,6.948800574457934,0.5126888948160229
Algoritmos y Programación,2425-2,1,anon_024,6,7.885914246297112,7.5385291297489765,8.271064155793901,7.86500046137335,7.9054941397857,7.5385291297489765,8.271064155793901,0.7325350260449248
Algoritmos y Programación,2425-2,1,anon_024,8,6.84885947235527,6.636969823636033,7.041408756588306,6.84976501751077,6.843992467130629,6.636969823636033,7.041408756588306,0.4044389329522735
Algoritmos y Programación,2425-2,1,anon_025,4,7.811801710873098,7.958143532123032,8.090663856551757,7.760611910713408,7.806011515321607,7.760611910713408,8.090663856551757,0.33005194583834907
Algoritmos y Programación,2425-2,1,anon_025,6,6.7513503002076956,6.695213110906183,7.336010211376816,7.052759465977588,7.017998948816101,6.695213110906183,7.336010211376816,0.6407971004706337
Algoritmos y Programación,2425-2,1,anon_025,8,5.7634076233011395,5.75554330374109,6.076103347940244,5.939335059575336,5.9027641014123,5.75554330374109,6.076103347940244,0.32056004419915407
Algoritmos y Programación,2425-2,1,anon_026,4,1.3309116099332527,0.820341137680316,1.8978860855575306,1.7026927403367864,1.7230956883246904,0.820341137680316,1.8978860855575306,1.0775449478772146
Algoritmos y Programación,2425-2,1,anon_026,6,1.4274184671824273,1.5026395785076971,2.0420476903604454,1.4278775160023613,1.6020036961562099,1.4274184671824273,2.0420476903604454,0.6146292231780182
Algoritmos y Programación,2425-2,1,anon_026,8,0.6447691494698411,0.6720785336092856,0.9790752684128252,0.9073774609485081,0.7294053016870556,0.6447691494698411,0.9790752684128252,0.3343061189429841
Algoritmos y Programación,2425-2,1,anon_027,4,4.958832216518289,4.723883005902422,5.575443166036678,5.091264527017479,5.039588294670786,4.723883005902422,5.575443166036678,0.8515601601342553
Algoritmos y Programación,2425-2,1,anon_027,6,6.764355663763656,6.371751783437102,7.296990671997513,6.726328495967412,6.772311090873312,6.371751783437102,7.296990671997513,0.9252388885604113
Algoritmos y Programación,2425-2,1,anon_027,8,9.84263026433051,9.552345474153608,10.091892249857056,9.872318843748825,9.839399403380455,9.552345474153608,10.091892249857056,0.5395467757034478
Algoritmos y Programación,2425-2,1,anon_028,4,17.048076109433453,17.821184088295354,16.699681268240624,15.91329712618844,16.128679364108677,15.91329712618844,17.821184088295354,1.9078869621069146
Algoritmos y Programación,2425-2,1,anon_028,6,15.275998385049324,14.818873234914378,15.818610885630882,15.753756483937991,15.441202027834525,14.818873234914378,15.818610885630882,0.9997376507165043
Algoritmos y Programación,2425-2,1,anon_028,8,18.05298780988233,17.779861638830177,18.3265268996111,17.985901694817933,18.13926128664761,17.779861638830177,18.3265268996111,0.546665260780923
Algoritmos y Programación,2425-2,1,anon_029,4,1.291894211123406,0.6361642952520015,1.9776116783582722,1.7153501242892872,1.6649610262027892,0.6361642952520015,1.9776116783582722,1.3414473831062708
Algoritmos y Programación,2425-2,1,anon_029,6,1.4355460863101719,1.3614194829819724,2.1407255046936378,1.4490413032779301,1.5658655259445418,1.3614194829819724,2.1407255046936378,0.7793060217116654
Algoritmos y Programación,2425-2,1,anon_029,8,0.6524890822409652,0.5705482025402837,1.0283560531709108,0.9338642541015234,0.7047608373645105,0.5705482025402837,1.0283560531709108,0.4578078506306271
Algoritmos y Programación,2425-2,1,anon_030,4,12.375184068168778,12.53467014043352,12.574677991907436,12.164457073736415,12.156772537201974,12.156772537201974,12.574677991907436,0.4179054547054619
Algoritmos y Programación,2425-2,1,anon_030,6,11.993221106811571,11.656915423847801,12.64947080179352,12.442762326200413,12.2149490226581,11.656915423847801,12.64947080179352,0.9925553779457186
Algoritmos y Programación,2425-2,1,anon_030,8,13.902429186518132,13.684530949935287,14.257449977927305,14.005786430939462,14.038585424399308,13.684530949935287,14.257449977927305,0.5729190279920182
Algoritmos y Programación,2425-2,2,anon_031,4,3.25335999606326,3.3802672550876602,2.9058300976898863,3.2055283754784796,3.036568689679598,2.9058300976898863,3.3802672550876602,0.4744371573977739
Algoritmos y Programación,2425-2,2,anon_031,6,2.8168969771371,3.0523181283366574,2.5242585177541343,2.620921846220714,2.738517274801664,2.5242585177541343,3.0523181283366574,0.528059610582523
Algoritmos y Programación,2425-2,2,anon_031,8,1.7871472112898221,1.881194480639313,1.66493931506103,1.6930564193557949,1.672973948084092,1.66493931506103,1.881194480639313,0.21625516557828295
Algoritmos y Programación,2425-2,2,anon_032,4,5.930250871736774,5.77787694346776,5.422169737461396,5.854558457461607,5.535696239745022,5.422169737461396,5.930250871736774,0.5080811342753782
Algoritmos y Programación,2425-2,2,anon_032,6,4.91284251818344,5.151714774932746,4.752184420750199,5.0674036883766,4.8888772982922255,4.752184420750199,5.151714774932746,0.3995303541825468
Algoritmos y Programación,2425-2,2,anon_032,8,3.8202398666268413,3.9820453184308704,3.7617373887942387,3.7754487241553383,3.7432552404970334,3.7432552404970334,3.9820453184308704,0.238790077933837
Algoritmos y Programación,2425-2,2,anon_033,4,16.614811390513182,17.046886097324432,15.746163240192686,15.449991704478691,15.024414421261554,15.024414421261554,17.046886097324432,2.022471676062878
Algoritmos y Programación,2425-2,2,anon_033,6,17.50377275906947,16.85455550301173,17.073963020597873,17.49985174953961,17.088778236733884,16.85455550301173,17.50377275906947,0.6492172560577387
Algoritmos y Programación,2425-2,2,anon_033,8,21.15527930915352,20.691264665858625,20.914570659796105,20.52916364406863,20.847266181843583,20.52916364406863,21.15527930915352,0.6261156650848925
Algoritmos y Programación,2425-2,2,anon_034,4,7.216654141738587,7.2578928836000784,6.639641028761879,6.734255399018231,6.411074284039056,6.411074284039056,7.2578928836000784,0.846818599561022
Algoritmos y Programación,2425-2,2,anon_034,6,6.047755278539315,6.000781110904414,5.791703847927645,5.923334964521983,5.788481923378039,5.788481923378039,6.047755278539315,0.2592733551612758
Algoritmos y Programación,2425-2,2,anon_034,8,4.884971609038974,4.833009707669394,4.7725806792727115,4.70321127598522,4.6704318357226775,4.6704318357226775,4.884971609038974,0.2145397733162966
Algoritmos y Programación,2425-2,2,anon_035,4,4.286697138214382,4.227700746518327,4.100633069846282,4.441279616953189,4.237461703909432,4.100633069846282,4.441279616953189,0.3406465471069069
Algoritmos y Programación,2425-2,2,anon_035,6,3.8426849311300595,4.093436822370648,3.795339286615852,3.9083053169595408,3.788737926877407,3.788737926877407,4.093436822370648,0.3046988954932406
Algoritmos y Programación,2425-2,2,anon_035,8,2.8034598792341425,2.9445862278345043,2.7977808360203715,2.7763640754163266,2.6949359851998,2.6949359851998,2.9445862278345043,0.24965024263470426
Algoritmos y Programación,2425-2,2,anon_036,4,8.30002640555881,8.624404243392036,7.848873912449193,7.669794799130337,7.279519726683482,7.279519726683482,8.624404243392036,1.3448845167085537
Algoritmos y Programación,2425-2,2,anon_036,6,7.164390075372845,6.8555575387804755,6.854344347374049,6.8237917208995755,6.676455842255354,6.676455842255354,7.164390075372845,0.48793423311749073
Algoritmos y Programación,2425-2,2,anon_036,8,8.982893103952994,8.704829745664457,8.81941817990202,8.632808749814766,8.631168307377596,8.631168307377596,8.982893103952994,0.35172479657539846
Algoritmos y Programación,2425-2,2,anon_037,4,1.7448109450209301,1.7687209207363281,1.7395853867319033,2.0828346142123806,1.8665984503137167,1.7395853867319033,2.0828346142123806,0.34324922748047726
Algoritmos y Programación,2425-2,2,anon_037,6,1.6941771725505692,2.0518763035895935,1.7427978076263226,1.6540012432110327,1.6298830403320927,1.6298830403320927,2.0518763035895935,0.42199326325750075
Algoritmos y Programación,2425-2,2,anon_037,8,0.745856445217294,0.9224561151649502,0.7905158101548722,0.7659195993463914,0.6243971767849761,0.6243971767849761,0.9224561151649502,0.2980589383799741
Algoritmos y Programación,2425-2,2,anon_038,4,2.8509432292949555,3.1321178002416588,2.8645262211717863,2.800016432055088,2.6321996951934636,2.6321996951934636,3.1321178002416588,0.4999181050481951
Algoritmos y Programación,2425-2,2,anon_038,6,2.8950269815620624,2.7184561204534674,2.7106425289076785,2.3233885742106253,2.4763496421602227,2.3233885742106253,2.8950269815620624,0.5716384073514371
Algoritmos y Programación,2425-2,2,anon_038,8,1.8474197944368695,1.6511713265729409,1.758168723738894,1.6266686721088917,1.5183563125888142,1.5183563125888142,1.8474197944368695,0.32906348184805534
Algoritmos y Programación,2425-2,2,anon_039,4,5.369655763141505,5.490482713447356,5.304533391760103,5.289768916162153,5.030752594887794,5.030752594887794,5.490482713447356,0.4597301185595626
Algoritmos y Programación,2425-2,2,anon_039,6,7.062116570211915,6.837636153996352,6.991332981146975,6.8613122690909165,6.699750757832193,6.699750757832193,7.062116570211915,0.3623658123797213
Algoritmos y Programación,2425-2,2,anon_039,8,7.97798749394998,7.714176390357945,7.926653267549038,7.709821692672456,7.669641977039339,7.669641977039339,7.97798749394998,0.3083455169106415
Algoritmos y Programación,2425-2,2,anon_040,4,1.739532186986409,2.0445321504019276,1.7521545393172175,1.469768647371609,1.3076430752909118,1.3076430752909118,2.0445321504019276,0.7368890751110158
Algoritmos y Programación,2425-2,2,anon_040,6,2.0492078582549054,1.3571789318287273,1.6516114420687842,0.9706256890464147,1.3594661094508318,0.9706256890464147,2.0492078582549054,1.0785821692084907
Algoritmos y Programación,2425-2,2,anon_040,8,0.9491823000525996,0.444646069993599,0.7460532558199091,0.5427712530621527,0.5040836981747994,0.444646069993599,0.9491823000525996,0.5045362300590006
Algoritmos y Programación,2425-2,2,anon_041,4,1.690038883706194,1.7286943696243497,1.7898902156484269,1.8467538822158502,1.6233782013370615,1.6233782013370615,1.8467538822158502,0.22337568087878878
Algoritmos y Programación,2425-2,2,anon_041,6,1.7700566467833587,1.7409081280931602,1.8205070473378901,1.3921858077881453,1.4536375198453975,1.3921858077881453,1.8205070473378901,0.4283212395497449
Algoritmos y Programación,2425-2,2,anon_041,8,0.7831870101790601,0.692900249503305,0.828265677105648,0.6928744605277899,0.5068354271060755,0.5068354271060755,0.828265677105648,0.3214302499995725
Algoritmos y Programación,2425-2,2,anon_042,4,2.797150120608478,2.8390689108061054,2.9258352314137994,2.918232064880641,2.6753400017998956,2.6753400017998956,2.9258352314137994,0.2504952296139038
Algoritmos y Programación,2425-2,2,anon_042,6,3.897449518671993,3.720382196556903,3.971101607560529,3.5705307946774525,3.5147945911447955,3.5147945911447955,3.971101607560529,0.45630701641573346
Algoritmos y Programación,2425-2,2,anon_042,8,7.949629311420431,7.659867561894629,7.9634774847379965,7.6991992116906705,7.616264305666016,7.616264305666016,7.9634774847379965,0.34721317907198035
Algoritmos y Programación,2425-2,2,anon_043,4,9.230008872400418,9.41576508529306,9.059230344803268,8.782201101891033,8.386519248952176,8.386519248952176,9.41576508529306,1.029245836340884
Algoritmos y Programación,2425-2,2,anon_043,6,9.24961443721814,8.813925366687226,9.302945369117758,9.111930615314025,8.72897237166874,8.72897237166874,9.302945369117758,0.5739729974490171
Algoritmos y Programación,2425-2,2,anon_043,8,10.044823248420464,9.683502715351649,10.054622223089147,9.71951319360527,9.651753260411738,9.651753260411738,10.054622223089147,0.40286896267740957
Algoritmos y Programación,2425-2,2,anon_044,4,11.8247954598408,12.045613735697088,11.515796455611053,11.114828330958815,10.767737173447465,10.767737173447465,12.045613735697088,1.2778765622496238
Algoritmos y Programación,2425-2,2,anon_044,6,10.324266900843504,9.839208396204626,10.418211787401884,10.247358765620731,9.820446714372231,9.820446714372231,10.418211787401884,0.5977650730296524
Algoritmos y Programación,2425-2,2,anon_044,8,13.088277013177354,12.697638791795374,13.116659108539368,12.716321124310221,12.694408776707977,12.694408776707977,13.116659108539368,0.4222503318313908
Algoritmos y Programación,2425-2,2,anon_045,4,8.29088445692301,8.838333804519777,8.079023790893203,7.416376283742591,6.784062838258464,6.784062838258464,8.838333804519777,2.0542709662613134
Algoritmos y Programación,2425-2,2,anon_045,6,10.373251111937083,9.4919376229502,10.237695924350836,9.735962831786392,9.45960628459077,9.45960628459077,10.373251111937083,0.9136448273463138
Algoritmos y Programación,2425-2,2,anon_045,8,11.096072621149704,10.47163467547269,11.014660395775856,10.571253927395798,10.500349391572296,10.47163467547269,11.096072621149704,0.6244379456770144
Algoritmos y Programación,2425-2,2,anon_046,4,1.6244391521198196,1.5035956644725559,1.8598535343522826,1.7866445479784971,1.5008791434083548,1.5008791434083548,1.8598535343522826,0.3589743909439278
Algoritmos y Programación,2425-2,2,anon_046,6,1.7856378567980844,1.5324200784372408,2.001592551785355,1.3431464173117966,1.3490767201568907,1.3431464173117966,2.001592551785355,0.6584461344735582
Algoritmos y Programación,2425-2,2,anon_046,8,0.7954338425362524,0.565201209598591,0.9233252793125508,0.7035920322095297,0.4494863321883287,0.4494863321883287,0.9233252793125508,0.47383894712422214
Algoritmos y Programación,2425-2,2,anon_047,4,8.372150861244478,8.446622387264057,8.072457898598486,7.980411322052447,7.61278520773876,7.61278520773876,8.446622387264057,0.8338371795252968
Algoritmos y Programación,2425-2,2,anon_047,6,7.10737104861202,6.832623753948673,7.292510542563711,7.092475742485585,6.731443383145518,6.731443383145518,7.292510542563711,0.5610671594181937
Algoritmos y Programación,2425-2,2,anon_047,8,5.905107450802054,5.729404042728678,6.026356178116951,5.811616965630646,5.623457384027361,5.623457384027361,6.026356178116951,0.40289879408959006
Algoritmos y Programación,2425-2,2,anon_048,4,2.8123041236799082,2.6910733554149004,3.0813826863717964,2.907913681909193,2.562419507311972,2.562419507311972,3.0813826863717964,0.5189631790598241
Algoritmos y Programación,2425-2,2,anon_048,6,3.904510365625892,3.488430809507527,4.161892000279307,3.4767274806456285,3.3642720934035033,3.3642720934035033,4.161892000279307,0.7976199068758039
Algoritmos y Programación,2425-2,2,anon_048,8,3.8755748691130134,3.5241957156259254,4.010339493254315,3.7153656339153365,3.464400503923052,3.464400503923052,4.010339493254315,0.5459389893312627
Algoritmos y Programación,2425-2,2,anon_049,4,1.5922553355138973,1.3477171244499573,1.9029679900378795,1.7528892853026719,1.4331202559387748,1.3477171244499573,1.9029679900378795,0.5552508655879222
Algoritmos y Programación,2425-2,2,anon_049,6,2.842715745464046,2.412159419422082,3.147533904022941,2.3927063488863354,2.326322901557063,2.326322901557063,3.147533904022941,0.8212110024658781
Algoritmos y Programación,2425-2,2,anon_049,8,1.8307236654748502,1.4843608168896836,1.9955499043031009,1.717230269299833,1.4388310986175021,1.4388310986175021,1.9955499043031009,0.5567188056855987
Algoritmos y Programación,2425-2,2,anon_050,4,5.3699253254304935,5.3145053965521,5.546866652155376,5.2109480814308995,4.783496244057133,4.783496244057133,5.546866652155376,0.7633704080982433
Algoritmos y Programación,2425-2,2,anon_050,6,5.041441106834886,4.487847996761268,5.318805778625915,4.6182239407070895,4.402294351169925,4.402294351169925,5.318805778625915,0.9165114274559905
Algoritmos y Programación,2425-2,2,anon_050,8,3.903937411277726,3.504469175493025,4.054701212891726,3.7273126964800998,3.460816760874014,3.460816760874014,4.054701212891726,0.5938844520177122
Algoritmos y Programación,2425-2,2,anon_051,4,1.5740286485044805,1.237852933596912,1.9320757403423414,1.7321916851367263,1.3905186148752762,1.237852933596912,1.9320757403423414,0.6942228067454295
Algoritmos y Programación,2425-2,2,anon_051,6,1.7987784994693587,1.3120909073364615,2.162368545951546,1.3046458213225662,1.2561389352710393,1.2561389352710393,2.162368545951546,0.9062296106805068
Algoritmos y Programación,2425-2,2,anon_051,8,0.8072259450288417,0.4290107118207871,1.0056782342860866,0.7178940354331704,0.40409159785968995,0.40409159785968995,1.0056782342860866,0.6015866364263966
Algoritmos y Programación,2425-2,2,anon_052,4,12.796850662737569,12.671272204463406,12.436018967690728,12.13480369988416,11.939886403842351,11.939886403842351,12.796850662737569,0.8569642588952178
Algoritmos y Programación,2425-2,2,anon_052,6,14.443803992924153,13.781318988720741,14.623178059714718,14.471679946841348,14.084324732521324,13.781318988720741,14.623178059714718,0.8418590709939764
Algoritmos y Programación,2425-2,2,anon_052,8,16.14332315848297,15.676160037326847,16.221215031329212,15.816987082096913,15.862500945362028,15.676160037326847,16.221215031329212,0.5450549940023652
Algoritmos y Programación,2425-2,2,anon_053,4,1.5778302317710597,1.1218397025875504,1.8629210481061023,1.912667932007892,1.522773858646616,1.1218397025875504,1.912667932007892,0.7908282294203417
Algoritmos y Programación,2425-2,2,anon_053,6,1.7324278441249739,1.4465359410766396,2.1459209981946668,1.5044973623312572,1.3406493943675066,1.3406493943675066,2.1459209981946668,0.8052716038271601
Algoritmos y Programación,2425-2,2,anon_053,8,2.816935592666394,2.5376439876997914,3.027579492235435,2.7957471067887907,2.4906333016086712,2.4906333016086712,3.027579492235435,0.5369461906267636
Algoritmos y Programación,2425-2,2,anon_054,4,4.159418087984967,3.844491032732435,4.328237937213949,4.280883580195184,3.856381055051699,3.844491032732435,4.328237937213949,0.4837469044815137
Algoritmos y Programación,2425-2,2,anon_054,6,3.8922401280329835,3.4883209183638755,4.268960987384677,3.6992497594320675,3.438526318538603,3.438526318538603,4.268960987384677,0.830434668846074
Algoritmos y Programación,2425-2,2,anon_054,8,3.842229610662468,3.5345223217177626,4.052762259620505,3.8103644299079455,3.5011811696353625,3.5011811696353625,4.052762259620505,0.5515810899851425
Algoritmos y Programación,2425-2,2,anon_055,4,8.095373411133124,8.064336409022715,8.023717316149614,7.8003964537188395,7.385888142207518,7.385888142207518,8.095373411133124,0.7094852689256061
Algoritmos y Programación,2425-2,2,anon_055,6,9.199269914052723,8.586818259874715,9.48173759737433,9.065402558960159,8.650951354805553,8.586818259874715,9.48173759737433,0.8949193374996156
Algoritmos y Programación,2425-2,2,anon_055,8,10.024253452064913,9.568754383564524,10.155851289352647,9.820762963832713,9.652207941098279,9.568754383564524,10.155851289352647,0.5870969057881226
Algoritmos y Programación,2425-2,2,anon_056,4,1.5394448517360217,0.9535587121794151,2.005390063178595,1.6891642045118829,1.2942471764336574,0.9535587121794151,2.005390063178595,1.05183135099918
Algoritmos y Programación,2425-2,2,anon_056,6,1.8082780237949123,1.1051365795358024,2.2909447496406408,1.278423923959778,1.1780932318690205,1.1051365795358024,2.2909447496406408,1.1858081701048384
Algoritmos y Programación,2425-2,2,anon_056,8,0.8179927046078168,0.3019931814940442,1.0689004142953502,0.735802619997667,0.3709898052388212,0.3019931814940442,1.0689004142953502,0.766907232801306
Algoritmos y Programación,2425-2,2,anon_057,4,7.059072085384699,6.755452778579425,7.569400706569393,6.708319012058496,6.247511224176719,6.247511224176719,7.569400706569393,1.321889482392674
Algoritmos y Programación,2425-2,2,anon_057,6,9.27933213942499,7.885963837363747,9.455723402066742,8.354056620483362,8.191085716338819,7.885963837363747,9.455723402066742,1.569759564702995
Algoritmos y Programación,2425-2,2,anon_057,8,12.118780748473906,11.139276391358855,12.173806396363439,11.569533954197372,11.410448747529568,11.139276391358855,12.173806396363439,1.0345300050045836
Algoritmos y Programación,2425-2,2,anon_058,4,1.5295705730886766,0.8397959125475722,2.03454113189526,1.6760702057543995,1.2603020665279985,0.8397959125475722,2.03454113189526,1.1947452193476877
Algoritmos y Programación,2425-2,2,anon_058,6,1.8103392718503128,1.0304734969967342,2.332788218632352,1.2714811417904457,1.1522635913331811,1.0304734969967342,2.332788218632352,1.302314721635618
Algoritmos y Programación,2425-2,2,anon_058,8,0.821258314776216,0.25704927229191554,1.0888703071483858,0.7444623848688554,0.36133351579812967,0.25704927229191554,1.0888703071483858,0.8318210348564703
Algoritmos y Programación,2425-2,2,anon_059,4,5.041555477267117,4.372165137555072,5.482361115152759,4.548346072731448,4.116815829800515,4.116815829800515,5.482361115152759,1.365545285352244
Algoritmos y Programación,2425-2,2,anon_059,6,5.236968928189148,3.7091895923958234,5.373590176774286,4.076778585389185,4.105878539597903,3.7091895923958234,5.373590176774286,1.6644005843784626
Algoritmos y Programación,2425-2,2,anon_059,8,5.079938489240299,4.040587588361653,5.115491778726236,4.5835983683696995,4.362708259003963,4.040587588361653,5.115491778726236,1.0749041903645828
Algoritmos y Programación,2425-2,2,anon_060,4,2.690037144204979,1.9806643932242878,3.22008601955001,2.782598468152244,2.319169010341966,1.9806643932242878,3.22008601955001,1.239421626325722
Algoritmos y Programación,2425-2,2,anon_060,6,2.8885208486371283,2.004686955611561,3.418961502193625,2.3392293435994915,2.164147032558894,2.004686955611561,3.418961502193625,1.4142745465820639
Algoritmos y Programación,2425-2,2,anon_060,8,2.8758156842451688,2.240235804474864,3.1335649327561477,2.7553185403282487,2.375393366246339,2.240235804474864,3.1335649327561477,0.8933291282812839
Algoritmos y Programación,2526-1,1,anon_061,4,6.928432561452766,7.827380841841176,6.212413200489031,6.565592600173257,6.8181247253106605,6.212413200489031,7.827380841841176,1.6149676413521448
Algoritmos y Programación,2526-1,1,anon_061,6,6.512711234550796,6.096258092383568,5.4138160868653635,6.205086877042742,6.417684076101413,5.4138160868653635,6.512711234550796,1.0988951476854325
Algoritmos y Programación,2526-1,1,anon_061,8,8.235885063494814,8.129528397458134,7.710787392432934,8.18064057323106,8.202590846954427,7.710787392432934,8.235885063494814,0.5250976710618804
Algoritmos y Programación,2526-1,1,anon_062,4,10.339276910658953,9.84414644446889,8.49000868728638,9.176412665587591,9.464646229104005,8.49000868728638,10.339276910658953,1.8492682233725724
Algoritmos y Programación,2526-1,1,anon_062,6,9.67810555016078,9.330485219803041,8.51271983076526,9.649834299874364,9.58707492217615,8.51271983076526,9.67810555016078,1.1653857193955197
Algoritmos y Programación,2526-1,1,anon_062,8,8.352040123899052,8.288538066623286,7.780324079814842,8.149013768376836,8.247631204171011,7.780324079814842,8.352040123899052,0.5717160440842095
Algoritmos y Programación,2526-1,1,anon_063,4,8.97652760880041,8.509723083757592,7.374054940574646,7.970887697858373,8.184234912634892,7.374054940574646,8.97652760880041,1.6024726682257642
Algoritmos y Programación,2526-1,1,anon_063,6,8.629465859493095,8.313858378020651,7.510938269309424,8.577456875186265,8.542875846892741,7.510938269309424,8.629465859493095,1.118527590183671
Algoritmos y Programación,2526-1,1,anon_063,8,11.394276997192307,11.282174150052128,10.792519039152634,11.144395515623497,11.285057990928149,10.792519039152634,11.394276997192307,0.6017579580396735
Algoritmos y Programación,2526-1,1,anon_064,4,4.195566071869337,3.847620891740604,3.104249082156848,3.557766910363135,3.5993111158859143,3.104249082156848,4.195566071869337,1.0913169897124888
Algoritmos y Programación,2526-1,1,anon_064,6,3.399345075745046,3.28488347369845,2.416585148842927,3.192822421399635,3.2954994257970682,2.416585148842927,3.399345075745046,0.9827599269021192
Algoritmos y Programación,2526-1,1,anon_064,8,2.230191975026644,2.282852256508235,1.746282150189927,2.176936520972067,2.151448180783296,1.746282150189927,2.282852256508235,0.5365701063183081
Algoritmos y Programación,2526-1,1,anon_065,4,6.740071603576467,6.375117290649911,5.350536736168497,5.899049680039454,5.968816580064441,5.350536736168497,6.740071603576467,1.3895348674079706
Algoritmos y Programación,2526-1,1,anon_065,6,5.493375965762304,5.251369714427028,4.4961017568932675,5.387253854527152,5.3673249787204895,4.4961017568932675,5.493375965762304,0.9972742088690367
Algoritmos y Programación,2526-1,1,anon_065,8,7.309404750936853,7.265251231541129,6.7919754051882295,7.179897964829328,7.206366620498491,6.7919754051882295,7.309404750936853,0.5174293457486234
Algoritmos y Programación,2526-1,1,anon_066,4,5.469733690324347,5.127589843386829,4.288416441887566,4.7597504710561225,4.752014353478707,4.288416441887566,5.469733690324347,1.1813172484367804
Algoritmos y Programación,2526-1,1,anon_066,6,4.421102781786711,4.201396483040586,3.498979813739197,4.302230336282701,4.29520634377884,3.498979813739197,4.421102781786711,0.922122968047514
Algoritmos y Programación,2526-1,1,anon_066,8,3.229522405882035,3.227178363081613,2.7845781001725767,3.1883950486726675,3.1423570456267758,2.7845781001725767,3.229522405882035,0.4449443057094582
Algoritmos y Programación,2526-1,1,anon_067,4,7.955029499839185,7.617053497812975,6.536205672003646,7.030392700381924,7.043111401752256,6.536205672003646,7.955029499839185,1.4188238278355385
Algoritmos y Programación,2526-1,1,anon_067,6,7.549641790051474,7.172831780535281,6.607174503118408,7.545977894622965,7.403056824480082,6.607174503118408,7.549641790051474,0.9424672869330664
Algoritmos y Programación,2526-1,1,anon_067,8,9.333188795893243,9.202188531067902,8.838757659183111,9.194288803303484,9.21865901141197,8.838757659183111,9.333188795893243,0.4944311367101317
Algoritmos y Programación,2526-1,1,anon_068,4,2.7006607613201936,2.698956581643685,2.944176725503411,2.771063449039289,2.965787273890399,2.698956581643685,2.965787273890399,0.26683069224671385
Algoritmos y Programación,2526-1,1,anon_068,6,3.2386932449322092,2.6105049646566147,2.481295211246426,2.7558466600178555,3.134017741491455,2.481295211246426,3.2386932449322092,0.7573980336857833
Algoritmos y Programación,2526-1,1,anon_068,8,2.0516207089472758,1.7782581979665721,1.7512712842128018,2.204018210686197,2.046754893831727,1.7512712842128018,2.204018210686197,0.4527469264733952
Algoritmos y Programación,2526-1,1,anon_069,4,11.44214231501212,11.060003856137712,9.831129308873741,10.31473301858162,10.37598771773014,9.831129308873741,11.44214231501212,1.6110130061383785
Algoritmos y Programación,2526-1,1,anon_069,6,9.622248349464634,9.125545446063853,8.73180138666918,9.694358060621923,9.441525349401502,8.73180138666918,9.694358060621923,0.9625566739527436
Algoritmos y Programación,2526-1,1,anon_069,8,10.335391028835168,10.155103350049036,9.887664889844011,10.192730429215551,10.202413707576461,9.887664889844011,10.335391028835168,0.44772613899115754
Algoritmos y Programación,2526-1,1,anon_070,4,8.616822240790327,8.153799922903332,7.532440557863236,7.947531318404671,7.92704579242853,7.532440557863236,8.616822240790327,1.0843816829270914
Algoritmos y Programación,2526-1,1,anon_070,6,7.5140411511999226,7.096117143352863,6.688490520193305,7.52738376755827,7.353610018433919,6.688490520193305,7.52738376755827,0.8388932473649646
Algoritmos y Programación,2526-1,1,anon_070,8,6.259609799708887,6.136268998310099,5.873602263294224,6.197113905902702,6.144427461692327,5.873602263294224,6.259609799708887,0.3860075364146631
Algoritmos y Programación,2526-1,1,anon_071,4,3.6805136297773373,3.189897652435164,3.1705833181312855,3.502355093117144,3.365227319204415,3.1705833181312855,3.6805136297773373,0.5099303116460518
Algoritmos y Programación,2526-1,1,anon_071,6,3.287863861800844,2.994851548460642,2.5874233625976295,3.204268324412256,3.1701769352038323,2.5874233625976295,3.287863861800844,0.7004404992032143
Algoritmos y Programación,2526-1,1,anon_071,8,2.162290172960942,2.0909020004082155,1.8396397365676052,2.206920326129916,2.08526203408221,1.8396397365676052,2.206920326129916,0.367280589562311
Algoritmos y Programación,2526-1,1,anon_072,4,2.9072284150694117,2.690279273110221,3.0902595301904725,3.1487676535593536,3.094824392094381,2.690279273110221,3.1487676535593536,0.45848838044913265
Algoritmos y Programación,2526-1,1,anon_072,6,3.2438309481615946,2.645789802859886,2.54871093389319,3.006224677816962,3.1456177454003775,2.54871093389319,3.2438309481615946,0.6951200142684044
Algoritmos y Programación,2526-1,1,anon_072,8,2.101590714403395,1.8534265356642652,1.7981522975910345,2.2239251949628045,2.0625673815468923,1.7981522975910345,2.2239251949628045,0.42577289737177004
Algoritmos y Programación,2526-1,1,anon_073,4,3.5311323442306772,2.974383840575797,3.188044552126854,3.476511088007392,3.3018120508279516,2.974383840575797,3.5311323442306772,0.5567485036548803
Algoritmos y Programación,2526-1,1,anon_073,6,3.2526801663150717,2.9065039863012885,2.6442723308652294,3.1951122878475946,3.1365787896658937,2.6442723308652294,3.2526801663150717,0.6084078354498423
Algoritmos y Programación,2526-1,1,anon_073,8,2.141084455090546,2.0304937448247626,1.8691027509706735,2.2131218567415942,2.0659854043638735,1.8691027509706735,2.2131218567415942,0.34401910577092076
Algoritmos y Programación,2526-1,1,anon_074,4,3.4573873770649657,2.86516829039806,3.1964069867806515,3.46197298010489,3.2710419655150993,2.86516829039806,3.46197298010489,0.59680468970683
Algoritmos y Programación,2526-1,1,anon_074,6,3.234663337955208,2.86239004012125,2.673758423847863,3.1884509361177837,3.1203518815031117,2.673758423847863,3.234663337955208,0.5609049141073452
Algoritmos y Programación,2526-1,1,anon_074,8,4.157481620780347,4.007148033767231,3.8950307381125473,4.222531350997837,4.075474517901884,3.8950307381125473,4.222531350997837,0.32750061288528975
Algoritmos y Programación,2526-1,1,anon_075,4,2.4507854706115495,1.9238347918889929,2.972710585365334,2.699966507057468,2.7606142652403634,1.9238347918889929,2.972710585365334,1.0488757934763413
Algoritmos y Programación,2526-1,1,anon_075,6,3.1359218588504056,2.2921417289461665,2.5822635447497966,2.6909035270717396,3.0220589686942567,2.2921417289461665,3.1359218588504056,0.8437801299042391
Algoritmos y Programación,2526-1,1,anon_075,8,1.9950101996658196,1.5634690402408822,1.7949716966199567,2.224164888835155,1.9896174809624299,1.5634690402408822,2.224164888835155,0.6606958485942727
Algoritmos y Programación,2526-1,1,anon_076,4,5.0183052073875345,4.94239465482805,5.335109885083561,5.427262018549688,5.26132183808307,4.94239465482805,5.427262018549688,0.4848673637216381
Algoritmos y Programación,2526-1,1,anon_076,6,5.246932625691157,4.522203124714455,4.714550386571943,5.196814295129755,5.166319522250722,4.522203124714455,5.246932625691157,0.7247295009767019
Algoritmos y Programación,2526-1,1,anon_076,8,4.087536962034827,3.7412027252459126,3.881398584348467,4.239526069478806,4.056824151127091,3.7412027252459126,4.239526069478806,0.4983233442328938
Algoritmos y Programación,2526-1,1,anon_077,4,3.2430858858137093,2.53899267805906,3.220071221709812,3.412100779258902,3.1830950913362415,2.53899267805906,3.412100779258902,0.8731081011998421
Algoritmos y Programación,2526-1,1,anon_077,6,3.179039655939322,2.731978966081101,2.765373968877247,3.160210490423232,3.0740450005600906,2.731978966081101,3.179039655939322,0.4470606898582208
Algoritmos y Programación,2526-1,1,anon_077,8,2.0974545443525336,1.909245199468693,1.9293409592673723,2.222051648513542,2.0288256249745116,1.909245199468693,2.222051648513542,0.312806449044849
Algoritmos y Programación,2526-1,1,anon_078,4,4.620563653179076,3.9768551886076295,4.444626396151212,4.5858860803833075,4.350759700360699,3.9768551886076295,4.620563653179076,0.6437084645714464
Algoritmos y Programación,2526-1,1,anon_078,6,4.228266056202331,3.70705140713547,3.8466618701861357,4.241850666887656,4.095239592427523,3.70705140713547,4.241850666887656,0.5347992597521856
Algoritmos y Programación,2526-1,1,anon_078,8,3.109562202795333,2.8845839924750685,2.960766971940166,3.227603458246282,3.029942055493864,2.8845839924750685,3.227603458246282,0.34301946577121356
Algoritmos y Programación,2526-1,1,anon_079,4,1.1618748062471695,0.09209547498880966,1.8476483240767436,1.5309997666147694,1.4803585374910426,0.09209547498880966,1.8476483240767436,1.755552849087934
Algoritmos y Programación,2526-1,1,anon_079,6,2.045751869466171,1.0689841078880633,1.6326953963027755,1.5968074817381037,1.881702181110537,1.0689841078880633,2.045751869466171,0.9767677615781079
Algoritmos y Programación,2526-1,1,anon_079,8,0.9561873756021662,0.4276941560974663,0.8216994321533617,1.2321975744069764,0.9226083615302112,0.4276941560974663,1.2321975744069764,0.8045034183095101
Algoritmos y Programación,2526-1,1,anon_080,4,8.539796643792243,8.030933008787116,7.97438259739684,8.000949467940345,7.748696520668091,7.748696520668091,8.539796643792243,0.7911001231241528
Algoritmos y Programación,2526-1,1,anon_080,6,7.39247746379419,6.709493991098313,7.04289848941695,7.477078018041055,7.164836011295673,6.709493991098313,7.477078018041055,0.7675840269427425
Algoritmos y Programación,2526-1,1,anon_080,8,6.162923960147914,5.859327229319577,6.035120220150005,6.240083847053734,6.042065067327502,5.859327229319577,6.240083847053734,0.38075661773415703
Algoritmos y Programación,2526-1,1,anon_081,4,2.98201179500127,2.126005034885992,3.2493969049408093,3.3319204190067087,3.0772493174081816,2.126005034885992,3.3319204190067087,1.2059153841207166
Algoritmos y Programación,2526-1,1,anon_081,6,3.1017389911101656,2.5657363453980153,2.8905914637434704,3.1036272093249284,3.0174786415288546,2.5657363453980153,3.1036272093249284,0.5378908639269131
Algoritmos y Programación,2526-1,1,anon_081,8,2.051350790238252,1.792273709474422,1.988002458665313,2.2256678294120267,1.9941538227363296,1.792273709474422,2.2256678294120267,0.43339411993760457
Algoritmos y Programación,2526-1,1,anon_082,4,1.0919283027217261,-0.1284025393659931,1.8730575565616192,1.5349714344446,1.4093590558967435,-0.1284025393659931,1.8730575565616192,2.0014600959276123
Algoritmos y Programación,2526-1,1,anon_082,6,2.0102686816454582,0.9468187469865939,1.7061709140890855,1.6051966184066444,1.8271247641002883,0.9468187469865939,2.0102686816454582,1.0634499346588644
Algoritmos y Programación,2526-1,1,anon_082,8,0.9396191071414635,0.34780132627991023,0.859335712535207,1.240168295621153,0.8912751570805861,0.34780132627991023,1.240168295621153,0.8923669693412428
Algoritmos y Programación,2526-1,1,anon_083,4,7.664029657228291,7.307931060428569,7.866644511903914,7.806460693190921,7.4379524403634765,7.307931060428569,7.866644511903914,0.5587134514753451
Algoritmos y Programación,2526-1,1,anon_083,6,7.300321581673362,6.47638510348672,7.0892275629154,7.42081959776511,7.110796690688655,6.47638510348672,7.42081959776511,0.94443449427839
Algoritmos y Programación,2526-1,1,anon_083,8,7.12335413116382,6.692421864991061,7.0646127266366285,7.27996758944078,7.0219339491172414,6.692421864991061,7.27996758944078,0.5875457244497184
Algoritmos y Programación,2526-1,1,anon_084,4,2.8103420146287874,1.84472005393161,3.2714162481932085,3.263017441052199,3.0070103119214764,1.84472005393161,3.2714162481932085,1.4266961942615985
Algoritmos y Programación,2526-1,1,anon_084,6,3.042855175939585,2.448531322640708,2.982368825430306,3.047847137013915,2.978661709074597,2.448531322640708,3.047847137013915,0.5993158143732069
Algoritmos y Programación,2526-1,1,anon_084,8,2.0153701335611993,1.70938438167728,2.028894513603233,2.224242924583338,1.9698819412442523,1.70938438167728,2.224242924583338,0.5148585429060581
Algoritmos y Programación,2526-1,1,anon_085,4,1.0859466412378822,-0.005019718181074495,1.9968965136207117,1.8944192113164178,1.5488476289151265,-0.005019718181074495,1.9968965136207117,2.0019162318017862
Algoritmos y Programación,2526-1,1,anon_085,6,1.9431165881445776,1.0596453091022227,1.8895167760949603,1.9115245575543525,1.8825239145440729,1.0596453091022227,1.9431165881445776,0.8834712790423549
Algoritmos y Programación,2526-1,1,anon_085,8,0.9432062262644321,0.44989628051001773,0.982071333625469,1.2778833838467492,0.9281165742965967,0.44989628051001773,1.2778833838467492,0.8279871033367314
Algoritmos y Programación,2526-1,1,anon_086,4,2.7084721364849003,1.6735282015179678,3.2869030999901945,3.214083641089889,2.9645970685034655,1.6735282015179678,3.2869030999901945,1.6133748984722267
Algoritmos y Programación,2526-1,1,anon_086,6,3.0042191839295684,2.3746764465978565,3.0408269341957705,3.005328100526059,2.9546009238311086,2.3746764465978565,3.0408269341957705,0.6661504875979141
Algoritmos y Programación,2526-1,1,anon_086,8,1.991589403206163,1.6571547426457087,2.0542591512957973,2.2210584090385552,1.9546669596010966,1.6571547426457087,2.2210584090385552,0.5639036663928465
Algoritmos y Programación,2526-1,1,anon_087,4,2.6613096198744444,1.59305558958431,3.295013802242458,3.189076124666869,2.9447044225247936,1.59305558958431,3.295013802242458,1.7019582126581483
Algoritmos y Programación,2526-1,1,anon_087,6,2.9853030212580878,2.339211028408883,3.0689860623924448,2.982861138728077,2.9431669756207617,2.339211028408883,3.0689860623924448,0.7297750339835618
Algoritmos y Programación,2526-1,1,anon_087,8,1.979951906703704,1.632125705881272,2.066357338043928,2.2187657671481418,1.94740128950299,1.632125705881272,2.2187657671481418,0.5866400612668698
Algoritmos y Programación,2526-2,1,anon_088,4,1.9759795913432328,1.8973329724906165,1.3113262758359099,1.6650049486084697,2.375827084617205,1.3113262758359099,2.375827084617205,1.064500808781295
Algoritmos y Programación,2526-2,1,anon_088,6,1.5437338782665364,2.462829812928341,1.1384297771501082,1.380289584897497,2.144159037889631,1.1384297771501082,2.462829812928341,1.3244000357782326
Algoritmos y Programación,2526-2,1,anon_088,8,0.6878949063913193,1.3355894721494295,0.5345780306259691,0.7757793187567925,1.0121802084296379,0.5345780306259691,1.3355894721494295,0.8010114415234604
Algoritmos y Programación,2526-2,1,anon_089,4,5.964686376026648,5.865761473439875,5.047308732577527,5.496643670394983,6.0232166297165435,5.047308732577527,6.0232166297165435,0.9759078971390167
Algoritmos y Programación,2526-2,1,anon_089,6,4.7709901856876495,5.3891757415178425,4.319970530989668,4.802952716509384,5.30519973527073,4.319970530989668,5.3891757415178425,1.0692052105281746
Algoritmos y Programación,2526-2,1,anon_089,8,3.779138544283297,4.278826658411127,3.6003466064058145,3.768655070010495,4.057706021963726,3.6003466064058145,4.278826658411127,0.6784800520053125
Algoritmos y Programación,2526-2,1,anon_090,4,1.902406904257063,1.847380006014319,1.3386346087723382,1.6627834122789125,2.3181883736195115,1.3386346087723382,2.3181883736195115,0.9795537648471733
Algoritmos y Programación,2526-2,1,anon_090,6,1.5273203110335096,2.4217143143105844,1.1881736010320552,1.379414235691879,2.101545804817736,1.1881736010320552,2.4217143143105844,1.2335407132785292
Algoritmos y Programación,2526-2,1,anon_090,8,0.6808577421565438,1.3093160730561344,0.5586266535538904,0.7814848492745536,0.9926406629582525,0.5586266535538904,1.3093160730561344,0.750689419502244
Algoritmos y Programación,2526-2,1,anon_091,4,9.415386840417739,9.380004322674694,8.561629484891068,8.878126427910331,9.365239436361179,8.561629484891068,9.415386840417739,0.8537573555266711
Algoritmos y Programación,2526-2,1,anon_091,6,12.12393382619577,12.218872857403534,11.761546931862604,12.40115021313773,12.628210606472067,11.761546931862604,12.628210606472067,0.8666636746094625
Algoritmos y Programación,2526-2,1,anon_091,8,10.97650937354081,11.129984691185097,10.821260340912355,10.754728364246324,11.201861851040153,10.754728364246324,11.201861851040153,0.44713348679382925
Algoritmos y Programación,2526-2,1,anon_092,4,1.8305377686941853,1.7898002930995034,1.3695218688198167,1.6597642663227674,2.2604280485351325,1.3695218688198167,2.2604280485351325,0.8909061797153157
Algoritmos y Programación,2526-2,1,anon_092,6,1.5114146980761909,2.3736439143229013,1.2449427423465451,1.3779380313288279,2.0569629288698508,1.2449427423465451,2.3736439143229013,1.1287011719763562
Algoritmos y Programación,2526-2,1,anon_092,8,0.6739927798223473,1.2784889428263497,0.5862985586923948,0.7874179463546689,0.9716138302870099,0.5862985586923948,1.2784889428263497,0.692190384133955
Algoritmos y Programación,2526-2,1,anon_093,4,3.0318776414583795,3.0390533255679344,2.5936088607371346,2.8948212293750117,3.441962319840658,2.5936088607371346,3.441962319840658,0.8483534591035236
Algoritmos y Programación,2526-2,1,anon_093,6,2.573155049743736,3.341177900859762,2.3334482121366307,2.5264126179806468,3.1065118128772884,2.3334482121366307,3.341177900859762,1.0077296887231313
Algoritmos y Programación,2526-2,1,anon_093,8,1.699854224129039,2.250719822495629,1.6224291297724989,1.7892554649559864,1.9843072928820558,1.6224291297724989,2.250719822495629,0.6282906927231302
Algoritmos y Programación,2526-2,1,anon_094,4,7.060062599495723,7.157998692280685,6.439608684097647,6.689302991180739,7.101366862569648,6.439608684097647,7.157998692280685,0.7183900081830386
Algoritmos y Programación,2526-2,1,anon_094,6,5.806218509837346,6.2807205867470834,5.576202619524022,5.942603426704306,6.278365370140293,5.576202619524022,6.2807205867470834,0.7045179672230617
Algoritmos y Programación,2526-2,1,anon_094,8,4.78989966805641,5.196825584763019,4.710729932785734,4.79336261995049,5.0366797253333555,4.710729932785734,5.196825584763019,0.4860956519772852
Algoritmos y Programación,2526-2,1,anon_095,4,1.7272000414416482,1.688872209905142,1.422347041719064,1.6546108006952096,2.1741225749507365,1.422347041719064,2.1741225749507365,0.7517755332316725
Algoritmos y Programación,2526-2,1,anon_095,6,1.488985837719948,2.2873804187057587,1.3422956961922736,1.3753729304313609,1.987242220000752,1.3422956961922736,2.2873804187057587,0.9450847225134851
Algoritmos y Programación,2526-2,1,anon_095,8,0.6641750289697352,1.2224842974284762,0.6340501417887019,0.7971282628138594,0.9377801451640373,0.6340501417887019,1.2224842974284762,0.5884341556397743
Algoritmos y Programación,2526-2,1,anon_096,4,3.0722197429227194,3.166931211170507,2.625174864494838,2.662249095489017,3.211645283181795,2.625174864494838,3.211645283181795,0.5864704186869574
Algoritmos y Programación,2526-2,1,anon_096,6,2.6926624673187494,3.062595512446329,2.341240273591332,2.259192038576998,2.9333391219727405,2.259192038576998,3.062595512446329,0.8034034738693308
Algoritmos y Programación,2526-2,1,anon_096,8,1.7519053074544697,2.0340357553707076,1.6100968849578798,1.717606520813698,1.888442886778887,1.6100968849578798,2.0340357553707076,0.42393887041282774
Algoritmos y Programación,2526-2,1,anon_097,4,1.662072487796209,1.6120328361760272,1.461638605248197,1.6513934965589812,2.117178142375508,1.461638605248197,2.117178142375508,0.6555395371273107
Algoritmos y Programación,2526-2,1,anon_097,6,1.4753432029520361,2.2201551545570783,1.4141827803624416,1.3740934779776346,1.939570440881648,1.3740934779776346,2.2201551545570783,0.8460616765794438
Algoritmos y Programación,2526-2,1,anon_097,8,0.6581492607502977,1.1780672032936774,0.6693979161551162,0.8044829107788605,0.9141235795789866,0.6581492607502977,1.1780672032936774,0.5199179425433798
Algoritmos y Programación,2526-2,1,anon_098,4,3.038174877454324,3.1018376502779788,2.803499831557744,2.9921501395969585,3.362527830756278,2.803499831557744,3.362527830756278,0.5590279991985341
Algoritmos y Programación,2526-2,1,anon_098,6,2.5479428649423497,3.185995180805099,2.5158281913909697,2.529140178515661,2.983291453157213,2.5158281913909697,3.185995180805099,0.6701669894141293
Algoritmos y Programación,2526-2,1,anon_098,8,1.683836516362721,2.1484243004589985,1.708120938260512,1.810578069243248,1.923367820180032,1.683836516362721,2.1484243004589985,0.46458778409627755
Algoritmos y Programación,2526-2,1,anon_099,4,1.538391390472384,1.424503829947838,1.3233776368928716,1.0785702863353777,1.6841921785249525,1.0785702863353777,1.6841921785249525,0.6056218921895749
Algoritmos y Programación,2526-2,1,anon_099,6,1.7708423976868346,1.7300103363858685,1.3683863866470212,0.8574037526245846,1.6714283224333002,0.8574037526245846,1.7708423976868346,0.91343864506225
Algoritmos y Programación,2526-2,1,anon_099,8,0.8163651763296293,0.7983016120217341,0.626487814869467,0.631546860424745,0.7435335686545947,0.626487814869467,0.8163651763296293,0.18987736146016232
Algoritmos y Programación,2526-2,1,anon_100,4,1.5712097867854595,1.4833125971100571,1.5261102219771203,1.6479434374962807,2.0332687109161753,1.4833125971100571,2.0332687109161753,0.5499561138061182
Algoritmos y Programación,2526-2,1,anon_100,6,1.4575143391068544,2.105457072224933,1.5298285569031087,1.3740859570589379,1.8676472597114788,1.3740859570589379,2.105457072224933,0.7313711151659952
Algoritmos y Programación,2526-2,1,anon_100,8,0.6503812711773556,1.1006742713894386,0.7262487389524992,0.8175233983657488,0.8777505704906936,0.6503812711773556,1.1006742713894386,0.45029300021208307
Algoritmos y Programación,2526-2,1,anon_101,4,2.867968983993279,2.9163420968104674,2.7462168485585323,2.636310619759456,3.0429849848698183,2.636310619759456,3.0429849848698183,0.40667436511036215
Algoritmos y Programación,2526-2,1,anon_101,6,2.6435222653570722,2.8696878252404634,2.5316707143619155,2.234138884185981,2.796010499383166,2.234138884185981,2.8696878252404634,0.6355489410544823
Algoritmos y Programación,2526-2,1,anon_101,8,1.7279231339234133,1.9082648311218846,1.6961727150934944,1.7394572187978916,1.8130546469197437,1.6961727150934944,1.9082648311218846,0.21209211602839018
Algoritmos y Programación,2526-2,1,anon_102,4,2.6145429364293733,2.55469534880541,2.700299911457023,2.7817713353244784,3.1012970036364393,2.55469534880541,3.1012970036364393,0.5466016548310293
Algoritmos y Programación,2526-2,1,anon_102,6,2.497551969273051,3.045068089360621,2.6818402939675767,2.5170492690456925,2.90156892896544,2.497551969273051,3.045068089360621,0.54751612008757
Algoritmos y Programación,2526-2,1,anon_102,8,1.6691338102929762,2.047736596133457,1.794054515935076,1.8329285540321036,1.886876612235354,1.6691338102929762,2.047736596133457,0.37860278584048057
Algoritmos y Programación,2526-2,1,anon_103,4,1.4186083704130965,1.2450851998154349,1.4781828080268156,1.3296177109461098,1.7304680327105046,1.2450851998154349,1.7304680327105046,0.4853828328950698
Algoritmos y Programación,2526-2,1,anon_103,6,1.53890326622777,1.7606910863865597,1.5500886648803522,1.0857260625918528,1.6735093567398316,1.0857260625918528,1.7606910863865597,0.6749650237947069
Algoritmos y Programación,2526-2,1,anon_103,8,0.6876225582860513,0.843766287389613,0.7153000500523561,0.7497307912680746,0.7573331294582459,0.6876225582860513,0.843766287389613,0.15614372910356167
Algoritmos y Programación,2526-2,1,anon_104,4,1.3888501432931548,1.0945423864921509,1.4212702904669356,1.0676798490615624,1.5240894047599909,1.0676798490615624,1.5240894047599909,0.45640955569842845
Algoritmos y Programación,2526-2,1,anon_104,6,1.7231771530965077,1.5115872895213087,1.530734613279364,0.8321799941814731,1.5323520004840638,0.8321799941814731,1.7231771530965077,0.8909971589150345
Algoritmos y Programación,2526-2,1,anon_104,8,0.7962171605373953,0.6563404719725803,0.6972661991292934,0.6616072063177043,0.6606582664406275,0.6563404719725803,0.7962171605373953,0.13987668856481505
Algoritmos y Programación,2526-2,1,anon_105,4,6.6019638189992875,6.891516190193855,6.697569463350838,6.614669993544897,6.805102964173081,6.6019638189992875,6.891516190193855,0.2895523711945671
Algoritmos y Programación,2526-2,1,anon_105,6,5.722235674362246,5.968135576911411,6.0322866582362185,5.955538571475634,6.07474058811831,5.722235674362246,6.07474058811831,0.3525049137560643
Algoritmos y Programación,2526-2,1,anon_105,8,4.751336769719659,4.961923467826323,4.930725501201984,4.873352256782351,4.938503158567115,4.751336769719659,4.961923467826323,0.2105866981066642
Algoritmos y Programación,2526-2,1,anon_106,4,2.7736447238840185,2.7230587722433484,3.0006881430747825,2.9635422542944383,3.147431958223571,2.7230587722433484,3.147431958223571,0.42437318598022244
Algoritmos y Programación,2526-2,1,anon_106,6,2.506586424146864,2.8555346545343374,2.8458231611038576,2.5362764782095937,2.8069161140149568,2.506586424146864,2.8555346545343374,0.3489482303874736
Algoritmos y Programación,2526-2,1,anon_106,8,1.6675600336361427,1.9172801189539639,1.868732607372062,1.859890283700517,1.8319080895822024,1.6675600336361427,1.9172801189539639,0.2497200853178212
Algoritmos y Programación,2526-2,1,anon_107,4,6.958942239970142,7.0610956568120855,7.230890798468852,7.017113238339647,7.238595158069224,6.958942239970142,7.238595158069224,0.27965291809908166
Algoritmos y Programación,2526-2,1,anon_107,6,6.836550959468549,6.745253523970517,7.051079904546046,6.71860229126192,6.949854270623227,6.71860229126192,7.051079904546046,0.3324776132841256
Algoritmos y Programación,2526-2,1,anon_107,8,5.834426852199958,5.777421816836938,5.940866661126521,5.79924877165298,5.864750940037402,5.777421816836938,5.940866661126521,0.16344484428958328
Algoritmos y Programación,2526-2,1,anon_108,4,1.3767278492422008,1.075621831775834,1.7236475450851714,1.6535810159758881,1.8246568533223808,1.075621831775834,1.8246568533223808,0.7490350215465469
Algoritmos y Programación,2526-2,1,anon_108,6,1.4314452371959305,1.7422222235350802,1.8543184138435174,1.394017872407872,1.6880710243913875,1.394017872407872,1.8543184138435174,0.46030054143564536
Algoritmos y Programación,2526-2,1,anon_108,8,0.6420037096949844,0.8451646754074744,0.8859170031778081,0.8677719778697375,0.7816604542969969,0.6420037096949844,0.8859170031778081,0.24391329348282365
Algoritmos y Programación,2526-2,1,anon_109,4,5.814988367332674,5.678172586250724,6.200234324329109,6.099103516763975,6.2351196104817745,5.678172586250724,6.2351196104817745,0.5569470242310501
Algoritmos y Programación,2526-2,1,anon_109,6,6.662759703749771,6.828769926096704,7.171003710185847,6.90834890321634,7.010090337476907,6.662759703749771,7.171003710185847,0.508244006436076
Algoritmos y Programación,2526-2,1,anon_109,8,5.750940178159507,5.850816036290357,6.027824153092009,5.908607468201179,5.942969765849633,5.750940178159507,6.027824153092009,0.2768839749325025
Algoritmos y Programación,2526-2,1,anon_110,4,2.666771605370286,2.4703822081057467,3.0981366681650044,2.9531531316069106,3.0450960387124795,2.4703822081057467,3.0981366681650044,0.6277544600592577
Algoritmos y Programación,2526-2,1,anon_110,6,3.5177539362622348,3.6855999934303654,4.057025297939147,3.646588423107401,3.8002041519579057,3.5177539362622348,4.057025297939147,0.5392713616769118
Algoritmos y Programación,2526-2,1,anon_110,8,2.6778298095599684,2.7854128387549526,2.9705900856603984,2.8998684135412356,2.829782535073959,2.6778298095599684,2.9705900856603984,0.29276027610043
Algoritmos y Programación,2526-2,1,anon_111,4,2.394687426176148,2.047126482538033,2.9192643622128287,2.7855935026887693,2.8572499359086265,2.047126482538033,2.9192643622128287,0.8721378796747956
Algoritmos y Programación,2526-2,1,anon_111,6,2.4683326935459426,2.632044856319755,3.0360335565498264,2.536124384190561,2.710017493801793,2.4683326935459426,3.0360335565498264,0.5677008630038838
Algoritmos y Programación,2526-2,1,anon_111,8,1.661607225988929,1.7546940182880864,1.968773905420019,1.9007492344262553,1.7856356153741046,1.661607225988929,1.968773905420019,0.3071666794310901
Algoritmos y Programación,2526-2,1,anon_112,4,4.031951280343151,3.8943977574680986,4.475969366257463,4.232070615167974,4.2827213269892965,3.8943977574680986,4.475969366257463,0.5815716087893641
Algoritmos y Programación,2526-2,1,anon_112,6,3.5753531453961997,3.5931004481904374,4.14608026241598,3.688010584262379,3.7807153375741045,3.5753531453961997,4.14608026241598,0.5707271170197803
Algoritmos y Programación,2526-2,1,anon_112,8,2.6959705735889994,2.719304245857046,3.00543525531922,2.9176639899937515,2.8002959889684043,2.6959705735889994,3.00543525531922,0.30946468173022046
Algoritmos y Programación,2526-2,1,anon_113,4,1.2131621634333385,0.615520861221114,1.7894992627503399,1.3668746378873493,1.4647552115918643,0.615520861221114,1.7894992627503399,1.1739784015292258
Algoritmos y Programación,2526-2,1,anon_113,6,1.5064019862805864,1.280395300933602,1.9980842088294235,1.1357927793873799,1.4561185657085183,1.1357927793873799,1.9980842088294235,0.8622914294420436
Algoritmos y Programación,2526-2,1,anon_113,8,0.6845046888503798,0.5135501209551769,0.9432621392615943,0.8384913403081979,0.6206154428598438,0.5135501209551769,0.9432621392615943,0.42971201830641736
Algoritmos y Programación,2526-2,1,anon_114,4,6.255271889096665,6.204140736703636,6.79067017763321,6.5201950370630115,6.522036250779685,6.204140736703636,6.79067017763321,0.5865294409295743
Algoritmos y Programación,2526-2,1,anon_114,6,5.680763029527622,5.577596795214241,6.327511339438587,5.935722475351992,5.914474797440397,5.577596795214241,6.327511339438587,0.749914544224346
Algoritmos y Programación,2526-2,1,anon_114,8,4.742887368924869,4.678819508214518,5.08358486546862,4.951720994538731,4.857594243606045,4.678819508214518,5.08358486546862,0.4047653572541021
Algoritmos y Programación,2526-2,1,anon_115,4,2.559805810097373,2.117161410708576,3.2136583813622828,2.946951616497273,2.9281438394430666,2.117161410708576,3.2136583813622828,1.0964969706537069
Algoritmos y Programación,2526-2,1,anon_115,6,2.4993969714316755,2.427082441887496,3.176320902283196,2.567238697618297,2.6538245405901506,2.427082441887496,3.176320902283196,0.7492384603957003
Algoritmos y Programación,2526-2,1,anon_115,8,1.674233122845111,1.6096719078205588,2.033670549249483,1.9346062453185815,1.7423235129415247,1.6096719078205588,2.033670549249483,0.4239986414289243
Algoritmos y Programación,2526-2,1,anon_116,4,2.541866140788443,2.0439575945189574,3.235474227132258,2.9466614097112256,2.9067348315996355,2.0439575945189574,3.235474227132258,1.1915166326133004
Algoritmos y Programación,2526-2,1,anon_116,6,2.5011078440454604,2.3802725166985894,3.2065449415733926,2.5721750311722147,2.642593957972652,2.3802725166985894,3.2065449415733926,0.8262724248748032
Algoritmos y Programación,2526-2,1,anon_116,8,1.676505050935969,1.5762643850261924,2.0490333921116175,1.9434979800328165,1.7348685712376497,1.5762643850261924,2.0490333921116175,0.47276900708542513
Algoritmos y Programación,2526-2,1,anon_117,4,1.2455410457727396,0.5522776222668995,1.965063448107017,1.6888160626714779,1.6381977852998943,0.5522776222668995,1.965063448107017,1.4127858258401176
Algoritmos y Programación,2526-2,1,anon_117,6,1.4449725641999898,1.3148236117122423,2.171509170478153,1.4516400729513244,1.5563765425957108,1.3148236117122423,2.171509170478153,0.8566855587659106
Algoritmos y Programación,2526-2,1,anon_117,8,0.6585417606957229,0.5367232563588615,1.043737888600444,0.944183654992607,0.6979038222050722,0.5367232563588615,1.043737888600444,0.5070146322415825
Algoritmos y Programación,2526-3,1,anon_118,4,7.276115028578545,7.060318837688598,6.162943573753132,6.625447061242994,7.159775447813445,6.162943573753132,7.276115028578545,1.1131714548254124
Algoritmos y Programación,2526-3,1,anon_118,6,5.848723098757291,6.388320967675291,5.3432483199148635,5.90626867750599,6.378163596774719,5.3432483199148635,6.388320967675291,1.0450726477604277
Algoritmos y Programación,2526-3,1,anon_118,8,6.84469407086458,7.267089074717653,6.627340090348618,6.752363804358593,7.120783869279933,6.627340090348618,7.267089074717653,0.6397489843690352
Algoritmos y Programación,2526-3,1,anon_119,4,1.9390177514553386,1.8732938871294778,1.3245306362815938,1.664015703931355,2.347039003900621,1.3245306362815938,2.347039003900621,1.022508367619027
Algoritmos y Programación,2526-3,1,anon_119,6,1.535476104379999,2.4431001050774235,1.162411220111089,1.379944207164808,2.123117806517177,1.162411220111089,2.4431001050774235,1.2806888849663345
Algoritmos y Programación,2526-3,1,anon_119,8,0.6829545570055746,1.3232923994844832,0.5460410827082391,0.7795379193217373,1.0017544200231194,0.5460410827082391,1.3232923994844832,0.777251316776244
Algoritmos y Programación,2526-3,1,anon_120,4,1.8959480396065516,1.9029770740997805,1.2361672602805527,1.1433205131755813,1.9993349560878926,1.1433205131755813,1.9993349560878926,0.8560144429123113
Algoritmos y Programación,2526-3,1,anon_120,6,1.8711486370497052,2.043226389781579,1.1775734701406435,0.9605113393595275,1.9243139857436966,0.9605113393595275,2.043226389781579,1.0827150504220517
Algoritmos y Programación,2526-3,1,anon_120,8,0.8666371744265629,0.9911622081382627,0.5553472243501751,0.6029615219696556,0.8794598032004615,0.5553472243501751,0.9911622081382627,0.4358149837880876
Algoritmos y Programación,2526-3,1,anon_121,4,1.866222331495436,1.8195568773571864,1.3536346176667564,1.6613504015140421,2.2893073201869427,1.3536346176667564,2.2893073201869427,0.9356727025201863
Algoritmos y Programación,2526-3,1,anon_121,6,1.5192910873446728,2.398587411381211,1.2156975136046597,1.3787322871053895,2.0794796144619108,1.2156975136046597,2.398587411381211,1.1828898977765512
Algoritmos y Programación,2526-3,1,anon_121,8,0.6759980054494115,1.2947653862104787,0.5719032745214676,0.7853973476655414,0.9813563829655942,0.5719032745214676,1.2947653862104787,0.722862111689011
Algoritmos y Programación,2526-3,1,anon_122,4,4.653747006510969,4.6917950199492395,3.951704755247974,4.334412882650513,4.78138757099638,3.951704755247974,4.78138757099638,0.8296828157484057
Algoritmos y Programación,2526-3,1,anon_122,6,3.673778024998663,4.3515565738187725,3.3555532833040083,3.6830880260699086,4.180083758193728,3.3555532833040083,4.3515565738187725,0.9960032905147642
Algoritmos y Programación,2526-3,1,anon_122,8,2.73371119506419,3.255157808146283,2.6220121784948347,2.784817312099923,3.0072498323547903,2.6220121784948347,3.255157808146283,0.6331456296514482
Algoritmos y Programación,2526-3,1,anon_123,4,3.136311375275106,3.14954306038571,2.6517924704904487,2.966673018245217,3.482484251303008,2.6517924704904487,3.482484251303008,0.8306917808125593
Algoritmos y Programación,2526-3,1,anon_123,6,2.581849933189968,3.3385545420687635,2.33341197144032,2.5317112026237076,3.100939338197648,2.33341197144032,3.3385545420687635,1.0051425706284434
Algoritmos y Programación,2526-3,1,anon_123,8,2.7107818058051336,3.249265174775271,2.63149107283164,2.788665338052123,3.0004204749372088,2.63149107283164,3.249265174775271,0.6177741019436311
Algoritmos y Programación,2526-3,1,anon_124,4,3.188530935994379,3.2214392910959866,2.7092513847097734,3.0046914601628316,3.4708363035295733,2.7092513847097734,3.4708363035295733,0.7615849188197998
Algoritmos y Programación,2526-3,1,anon_124,6,2.5770122678543927,3.311087562461008,2.36513489475513,2.5283081233031623,3.072327912472046,2.36513489475513,3.311087562461008,0.9459526677058783
Algoritmos y Programación,2526-3,1,anon_124,8,1.6954722031125122,2.2330135368054247,1.6351771062488538,1.7942273178080068,1.9666396414770624,1.6351771062488538,2.2330135368054247,0.5978364305565709
Algoritmos y Programación,2526-3,1,anon_125,4,3.1502293902540117,3.1957062577078474,2.732267450078538,3.0019552247515264,3.4438711566670674,2.732267450078538,3.4438711566670674,0.7116037065885292
Algoritmos y Programación,2526-3,1,anon_125,6,2.5694134121763668,3.2826669849183965,2.4010261216415074,2.5286093497359374,3.0503589874688997,2.4010261216415074,3.2826669849183965,0.8816408632768891
Algoritmos y Programación,2526-3,1,anon_125,8,1.6920570818011669,2.2139697258664235,1.652463529320146,1.7982545584523733,1.9557777518556838,1.652463529320146,2.2139697258664235,0.5615061965462775
Algoritmos y Programación,2526-3,1,anon_126,4,3.112346291194825,3.1672500472473857,2.7556843738384202,2.9989176207547104,3.4168129453570675,2.7556843738384202,3.4168129453570675,0.6611285715186472
Algoritmos y Programación,2526-3,1,anon_126,6,2.5620124384938947,3.252341452194285,2.4382026852237004,2.528814401933772,3.02815733289743,2.4382026852237004,3.252341452194285,0.8141387669705846
Algoritmos y Programación,2526-3,1,anon_126,8,2.7046011463628084,3.1906560985762944,2.688647153693129,2.8043115350697168,2.972859618779655,2.688647153693129,3.1906560985762944,0.5020089448831655
Algoritmos y Programación,2526-3,1,anon_127,4,6.806285317644807,7.053192101210456,6.43845004944978,6.636461727895252,6.968749271031314,6.43845004944978,7.053192101210456,0.6147420517606763
Algoritmos y Programación,2526-3,1,anon_127,6,7.869755357634771,8.199907419075618,7.828422200512453,8.18062047121554,8.365976084416413,7.828422200512453,8.365976084416413,0.5375538839039606
Algoritmos y Programación,2526-3,1,anon_127,8,6.825992745782333,7.1217852329707,6.832938478164939,6.810018816326472,7.075385249884426,6.810018816326472,7.1217852329707,0.311766416644228
Algoritmos y Programación,2526-3,1,anon_128,4,4.404948184687502,4.590714827037516,4.1133415999664535,4.313078739798613,4.627511051913892,4.1133415999664535,4.627511051913892,0.5141694519474385
Algoritmos y Programación,2526-3,1,anon_128,6,3.6257719425048087,4.190830254736046,3.58608257373961,3.6920108751864813,4.057062912274753,3.58608257373961,4.190830254736046,0.6047476809964358
Algoritmos y Programación,2526-3,1,anon_128,8,2.7116291241356727,3.1434725811054065,2.731217237860717,2.8139856466399404,2.9463734090013958,2.7116291241356727,3.1434725811054065,0.4318434569697338
Algoritmos y Programación,2526-3,1,anon_129,4,5.398752037569896,5.631108726982482,5.220682523508344,5.3864865245855675,5.6899558839701285,5.220682523508344,5.6899558839701285,0.46927336046178425
Algoritmos y Programación,2526-3,1,anon_129,6,4.66847690740371,5.1765698524857555,4.701247401168594,4.836526458030049,5.118956419852701,4.66847690740371,5.1765698524857555,0.5080929450820459
Algoritmos y Programación,2526-3,1,anon_129,8,3.7330237841188243,4.120991105631612,3.782035948468713,3.822047209569547,3.96959442662478,3.7330237841188243,4.120991105631612,0.3879673215127877
Algoritmos y Programación,2526-3,1,anon_130,4,2.9666672199078334,3.0247058470668193,2.85227592882309,2.984822249131085,3.308204186279074,2.85227592882309,3.308204186279074,0.45592825745598375
Algoritmos y Programación,2526-3,1,anon_130,6,2.535089303141742,3.1123297500795744,2.5967561212674184,2.5296989087346944,2.9382143008738404,2.5296989087346944,3.1123297500795744,0.58263084134488
Algoritmos y Programación,2526-3,1,anon_130,8,1.67683330466169,2.0979605669354093,1.747159585165404,1.8220770999954015,1.8992941293499241,1.67683330466169,2.0979605669354093,0.42112726227371944
Algoritmos y Programación,2526-3,1,anon_131,4,5.294092869227644,5.426554621388893,5.2480596029823765,5.309273786248429,5.6330832058200215,5.2480596029823765,5.6330832058200215,0.38502360283764503
Algoritmos y Programación,2526-3,1,anon_131,6,4.666828442827711,5.097043502312751,4.797212083050438,4.805459286733885,5.082671650179183,4.666828442827711,5.097043502312751,0.4302150594850396
Algoritmos y Programación,2526-3,1,anon_131,8,3.7325789587158322,4.066417630347478,3.8276144612136367,3.8392693077362363,3.9525666555685937,3.7325789587158322,4.066417630347478,0.3338386716316455
Algoritmos y Programación,2526-3,1,anon_132,4,9.03743304163305,9.492864321175915,8.928007108447247,8.912120533766881,9.132053306865743,8.912120533766881,9.492864321175915,0.580743787409034
Algoritmos y Programación,2526-3,1,anon_132,6,7.864356877265912,8.11864621118283,8.059394621139555,8.215704816534384,8.273327952321612,7.864356877265912,8.273327952321612,0.40897107505569963
Algoritmos y Programación,2526-3,1,anon_132,8,6.810889228674749,7.046870285235519,6.931625631852899,6.852473169761643,7.0223345634428345,6.810889228674749,7.046870285235519,0.23598105656077006
Algoritmos y Programación,2526-3,1,anon_133,4,8.721805764662236,9.363187404761135,8.346901589344565,8.06625376110955,8.31331242487504,8.06625376110955,9.363187404761135,1.2969336436515846
Algoritmos y Programación,2526-3,1,anon_133,6,9.28097084239408,8.602390575331448,8.691815720985273,8.453684827593055,8.840453273865018,8.453684827593055,9.28097084239408,0.8272860148010253
Algoritmos y Programación,2526-3,1,anon_133,8,11.076473757100388,10.652281118053974,10.757443170288933,10.501904992017554,10.825740550846717,10.501904992017554,11.076473757100388,0.5745687650828337
Algoritmos y Programación,2526-3,1,anon_134,4,6.464993829322641,6.778976815590205,6.561678855317915,6.549660387745735,6.726817895816069,6.464993829322641,6.778976815590205,0.3139829862675638
Algoritmos y Programación,2526-3,1,anon_134,6,5.705254297251862,6.020239792902815,5.991038876205867,5.9650979879357955,6.090944738682548,5.705254297251862,6.090944738682548,0.3856904414306861
Algoritmos y Programación,2526-3,1,anon_134,8,5.754489811305003,6.003482094505996,5.927155173928156,5.862071473349874,5.966119236770065,5.754489811305003,6.003482094505996,0.24899228320099276
Algoritmos y Programación,2526-3,1,anon_135,4,3.869416683879521,3.743120149839882,3.7624633067125046,3.272285007203834,3.6916687963447146,3.272285007203834,3.869416683879521,0.5971316766756871
Algoritmos y Programación,2526-3,1,anon_135,6,6.099129738912785,5.4069771946921215,5.6399926163788745,5.011528887327074,5.657662274455479,5.011528887327074,6.099129738912785,1.0876008515857105
Algoritmos y Programación,2526-3,1,anon_135,8,4.992674182725055,4.545884657129829,4.745374893637882,4.541342925440375,4.694428526617525,4.541342925440375,4.992674182725055,0.4513312572846795
Algoritmos y Programación,2526-3,1,anon_136,4,1.3423591707906724,1.0622909709362318,1.56400689880968,1.3337478666644245,1.639285166837226,1.0622909709362318,1.639285166837226,0.5769941959009941
Algoritmos y Programación,2526-3,1,anon_136,6,1.5231347833890716,1.617951239209475,1.6845881765704682,1.0892240301871468,1.5936076230963323,1.0892240301871468,1.6845881765704682,0.5953641463833215
Algoritmos y Programación,2526-3,1,anon_136,8,0.6818062886091276,0.7472558561388372,0.7816030831703076,0.7717856667285146,0.7076177089915365,0.6818062886091276,0.7816030831703076,0.09979679456117996
Algoritmos y Programación,2526-3,1,anon_137,4,6.738530827247743,7.069642177645548,6.875598884325356,6.715859907911735,6.845825823125608,6.715859907911735,7.069642177645548,0.3537822697338129
Algoritmos y Programación,2526-3,1,anon_137,6,5.723185862554169,5.885029359553406,6.1130065743095425,5.972831684333616,6.037898685933875,5.723185862554169,6.1130065743095425,0.38982071175537314
Algoritmos y Programación,2526-3,1,anon_137,8,4.746829403659667,4.9032652356958515,4.966753749333446,4.891531898527998,4.914833927172293,4.746829403659667,4.966753749333446,0.21992434567377828
Algoritmos y Programación,2526-3,1,anon_138,4,2.717859161514113,2.6010815646791627,3.0497712381448494,2.957806780552005,3.095539641170383,2.6010815646791627,3.095539641170383,0.4944580764912203
Algoritmos y Programación,2526-3,1,anon_138,6,2.5011717913386278,2.761879488961867,2.926453404591354,2.5408587050889153,2.7664830316055777,2.5011717913386278,2.926453404591354,0.4252816132527264
Algoritmos y Programación,2526-3,1,anon_138,8,1.6653359459636317,1.8505798881562505,1.9083474514948626,1.87623315189248,1.808405008727477,1.6653359459636317,1.9083474514948626,0.24301150553123096
Algoritmos y Programación,2526-3,1,anon_139,4,4.640726295274433,4.350109325176504,4.776275477874421,4.249382637567265,4.583130008778596,4.249382637567265,4.776275477874421,0.5268928403071556
Algoritmos y Programación,2526-3,1,anon_139,6,5.029270224279967,4.229686032695639,4.747229557678974,3.936200924400424,4.497123627623754,3.936200924400424,5.029270224279967,1.0930692998795433
Algoritmos y Programación,2526-3,1,anon_139,8,3.9568627084155974,3.4375512493993767,3.790076286146923,3.6007439454725034,3.606555789123881,3.4375512493993767,3.9568627084155974,0.5193114590162207
Algoritmos y Programación,2526-3,1,anon_140,4,6.452090988460838,6.648627678594757,6.809648135889624,6.602029231492896,6.661717159481029,6.452090988460838,6.809648135889624,0.3575571474287864
Algoritmos y Programación,2526-3,1,anon_140,6,5.6835502703060765,5.757862889724425,6.216738650591502,5.959155989672443,5.9761356107652155,5.6835502703060765,6.216738650591502,0.5331883802854254
Algoritmos y Programación,2526-3,1,anon_140,8,7.759411374671208,7.83088364170931,8.053462555218015,7.905757533139744,7.9293612562828555,7.759411374671208,8.053462555218015,0.29405118054680734
Algoritmos y Programación,2526-3,1,anon_141,4,9.635528582132324,9.77086349200625,9.944392823337381,9.71227440935165,9.79259962271707,9.635528582132324,9.944392823337381,0.3088642412050575
Algoritmos y Programación,2526-3,1,anon_141,6,8.841395648874565,8.8045150899474,9.375999403709127,9.159716681709632,9.134418571386348,8.8045150899474,9.375999403709127,0.5714843137617276
Algoritmos y Programación,2526-3,1,anon_141,8,9.826176730746477,9.82261752755019,10.120148901819482,9.92844959337649,9.991718712001393,9.82261752755019,10.120148901819482,0.2975313742692922
Algoritmos y Programación,2526-3,1,anon_142,4,1.307523049707072,0.8474398607203284,1.8309046584921305,1.6659091026844806,1.7335859919995613,0.8474398607203284,1.8309046584921305,0.9834647977718021
Algoritmos y Programación,2526-3,1,anon_142,6,1.4322488064417591,1.5490125500108718,2.006706547559237,1.41600366102535,1.616388154596505,1.41600366102535,2.006706547559237,0.590702886533887
Algoritmos y Programación,2526-3,1,anon_142,8,0.6449873230224252,0.7062670236934494,0.9615302449633918,0.9011027263332012,0.7373285562361538,0.6449873230224252,0.9615302449633918,0.31654292194096656
Algoritmos y Programación,2526-3,1,anon_143,4,13.078003828155431,13.636973988938564,13.018561495995101,12.485853358167532,12.592814031575756,12.485853358167532,13.636973988938564,1.1511206307710324
Algoritmos y Programación,2526-3,1,anon_143,6,11.053514948105946,10.78888655270077,11.609064295894768,11.487644324282577,11.2849908708587,10.78888655270077,11.609064295894768,0.820177743193998
Algoritmos y Programación,2526-3,1,anon_143,8,11.90717356870502,11.785211946373224,12.212272531946141,11.968034636208671,12.04825716558696,11.785211946373224,12.212272531946141,0.42706058557291726
Algoritmos y Programación,2526-3,1,anon_144,4,1.2796540175456528,0.7300183101994548,1.8849903899385652,1.6742054121323662,1.6927333710883374,0.7300183101994548,1.8849903899385652,1.1549720797391103
Algoritmos y Programación,2526-3,1,anon_144,6,1.4359519041718691,1.4536664734339553,2.0766172619177157,1.429394052753242,1.5881440848323223,1.429394052753242,2.0766172619177157,0.6472232091644736
Algoritmos y Programación,2526-3,1,anon_144,8,1.656233952291105,1.644343778908027,2.0115337529739916,1.9233183482794909,1.7431179746914314,1.644343778908027,2.0115337529739916,0.36718997406596454
Algoritmos y Programación,2526-3,1,anon_145,4,20.44552527144708,21.256852991172764,19.968972484956055,19.09161523188544,19.444248464427744,19.09161523188544,21.256852991172764,2.165237759287322
Algoritmos y Programación,2526-3,1,anon_145,6,19.457736202546133,18.901255671011175,19.928928344570117,19.907549996784994,19.573865967740755,18.901255671011175,19.928928344570117,1.0276726735589428
Algoritmos y Programación,2526-3,1,anon_145,8,19.069627039827054,18.782933330065983,19.347865181864407,19.002929844545193,19.15574252715156,18.782933330065983,19.347865181864407,0.5649318517984234
Algoritmos y Programación,2526-3,1,anon_146,4,2.314922597959111,1.7270404773971677,3.0410335302636398,2.7991303011444444,2.7432801839516685,1.7270404773971677,3.0410335302636398,1.313993052866472
Algoritmos y Programación,2526-3,1,anon_146,6,2.4719452674722575,2.3908726086215104,3.195607440974122,2.558139243302069,2.635766931704815,2.3908726086215104,3.195607440974122,0.8047348323526116
Algoritmos y Programación,2526-3,1,anon_146,8,3.6861220962834853,3.598627872494541,4.074602561362472,3.950199641695588,3.7862083037373164,3.598627872494541,4.074602561362472,0.4759746888679306
Algoritmos y Programación,2526-3,1,anon_147,4,1.2455410457727396,0.5522776222668995,1.965063448107017,1.6888160626714779,1.6381977852998943,0.5522776222668995,1.965063448107017,1.4127858258401176
Algoritmos y Programación,2526-3,1,anon_147,6,1.4449725641999898,1.3148236117122423,2.171509170478153,1.4516400729513244,1.5563765425957108,1.3148236117122423,2.171509170478153,0.8566855587659106
Algoritmos y Programación,2526-3,1,anon_147,8,3.66813240725976,3.549498575837479,4.065377553686601,3.9427174479688647,3.725844062519016,3.549498575837479,4.065377553686601,0.5158789778491224
Computación Emergente,2425-3,1,anon_148,4,2.4058223989282297,2.4058079339724685,1.994593468119346,1.9075827648081045,1.9049121841684702,1.9049121841684702,2.4058223989282297,0.5009102147597595
Computación Emergente,2425-3,1,anon_148,6,2.6201643360810696,2.4115737373723074,2.295902905591854,2.2607341650943296,2.4998593729082517,2.2607341650943296,2.6201643360810696,0.35943017098674
Computación Emergente,2425-3,1,anon_148,8,2.2911377034749236,2.197632357879293,2.1729299941195315,1.9482530970449368,2.150837383606607,1.9482530970449368,2.2911377034749236,0.34288460642998686
Computación Emergente,2425-3,1,anon_149,4,2.344567092967395,2.363815505602389,1.9743879812137024,1.8772454863603736,1.8792666921191898,1.8772454863603736,2.363815505602389,0.4865700192420155
Computación Emergente,2425-3,1,anon_149,6,2.585389200133294,2.392221880673574,2.3003883979049418,2.2506404389402332,2.4778273439543304,2.2506404389402332,2.585389200133294,0.33474876119306085
Computación Emergente,2425-3,1,anon_149,8,3.479406290042025,3.380439833216638,3.304772955341722,3.1661610240582583,3.4320134977459524,3.1661610240582583,3.479406290042025,0.3132452659837668
Computación Emergente,2425-3,1,anon_150,4,2.283759018857726,2.322468327709892,1.9527482183105818,1.8468448173712186,1.8540738799150338,1.8468448173712186,2.322468327709892,0.4756235103386732
Computación Emergente,2425-3,1,anon_150,6,2.5516616370598824,2.3743567964793666,2.303181655515332,2.240813298203048,2.456405222881693,2.240813298203048,2.5516616370598824,0.31084833885683416
Computación Emergente,2425-3,1,anon_150,8,2.255563860673444,2.1775724662862572,2.1806885984681763,1.9483963118538394,2.091772435274562,1.9483963118538394,2.255563860673444,0.3071675488196046
Computación Emergente,2425-3,1,anon_151,4,1.343720755313539,1.1925658202035905,0.9930271916542388,1.121888533679332,0.9273035379539216,0.9273035379539216,1.343720755313539,0.41641721735961745
Computación Emergente,2425-3,1,anon_151,6,0.8913250619232471,0.6377144796085474,0.37099004690907833,0.6588280113904332,0.567027485667225,0.37099004690907833,0.8913250619232471,0.5203350150141688
Computación Emergente,2425-3,1,anon_151,8,2.013984702760423,1.8153279899991577,1.5782647381941697,1.8222406164655327,1.852991815851028,1.5782647381941697,2.013984702760423,0.4357199645662533
Computación Emergente,2425-3,1,anon_152,4,1.2897092959321874,1.1601598758153955,0.9715444633362118,1.0821461149965756,0.9003073452071177,0.9003073452071177,1.2897092959321874,0.38940195072506967
Computación Emergente,2425-3,1,anon_152,6,1.9621287194429513,1.7848181947328712,1.476399246100577,1.793660280230867,1.6761701686480919,1.476399246100577,1.9621287194429513,0.48572947334237426
Computación Emergente,2425-3,1,anon_152,8,2.048320814500819,1.8499024203117127,1.5994983466044568,1.8517590971935558,1.8588835464601399,1.5994983466044568,2.048320814500819,0.4488224678963624
Computación Emergente,2425-3,1,anon_153,4,1.237223298494925,1.1287654383663437,0.9503167625878959,1.0436143091146164,0.8739652426330835,0.8739652426330835,1.237223298494925,0.36325805586184146
Computación Emergente,2425-3,1,anon_153,6,0.8213265825192977,0.6128204329935869,0.3635342969821096,0.6133998454808065,0.5281757719734301,0.3635342969821096,0.8213265825192977,0.4577922855371881
Computación Emergente,2425-3,1,anon_153,8,0.8231739443700032,0.6496894766644714,0.48021794846615684,0.6324711189726777,0.6297723812242015,0.48021794846615684,0.8231739443700032,0.3429559959038464
Computación Emergente,2425-3,1,anon_154,4,1.1863152575552576,1.0984065215738426,0.9294101271321615,1.0064271768652802,0.8482738739839135,0.8482738739839135,1.1863152575552576,0.33804138357134406
Computación Emergente,2425-3,1,anon_154,6,0.7888455809985473,0.6027929325317771,0.36051724721895795,0.5927712486301431,0.5099551479418025,0.36051724721895795,0.7888455809985473,0.42832833377958934
Computación Emergente,2425-3,1,anon_154,8,0.8010311868809037,0.6449064622061003,0.477438530518592,0.625052578107482,0.6141392563921393,0.477438530518592,0.8010311868809037,0.3235926563623117
Computación Emergente,2425-3,1,anon_155,4,4.044657337732701,4.085131134832245,3.6103049697265845,3.6242173263608137,3.4693783419215514,3.4693783419215514,4.085131134832245,0.6157527929106941
Computación Emergente,2425-3,1,anon_155,6,4.273167672589437,4.114823621112947,3.80883362646318,3.8241411925182263,3.834089670855363,3.80883362646318,4.273167672589437,0.4643340461262575
Computación Emergente,2425-3,1,anon_155,8,3.693580171355471,3.5065451636981777,3.3772608452640327,3.271168103967078,3.2593943463952044,3.2593943463952044,3.693580171355471,0.4341858249602666
Computación Emergente,2425-3,1,anon_156,4,1.9335053363939672,2.0921446570618,1.7969204997832806,1.6698664263485847,1.7120832746222057,1.6698664263485847,2.0921446570618,0.42227823071321513
Computación Emergente,2425-3,1,anon_156,6,1.1925968499193242,1.1071948935377165,1.1181995345621907,1.0263387243474469,1.1678326372368577,1.0263387243474469,1.1925968499193242,0.16625812557187736
Computación Emergente,2425-3,1,anon_156,8,0.8943753785389177,0.8854808970057757,1.0144157924110555,0.7176425091197862,0.6505608147856075,0.6505608147856075,1.0144157924110555,0.36385497762544805
Computación Emergente,2425-3,1,anon_157,4,1.8783476001751875,2.0572818919357747,1.767582118709499,1.642255862968483,1.6898627416033019,1.642255862968483,2.0572818919357747,0.4150260289672918
Computación Emergente,2425-3,1,anon_157,6,1.1695187957115145,1.1009601226853505,1.1101477741780723,1.0200474913145179,1.1526095151715054,1.0200474913145179,1.1695187957115145,0.14947130439699663
Computación Emergente,2425-3,1,anon_157,8,0.884475583185826,0.8815445887766522,1.0080148268291058,0.719980072792487,0.6351051657454843,0.6351051657454843,1.0080148268291058,0.37290966108362156
Computación Emergente,2425-3,1,anon_158,4,1.8243053791272947,2.023531321186054,1.73762045935503,1.6154039416105128,1.6680259616301374,1.6154039416105128,2.023531321186054,0.4081273795755411
Computación Emergente,2425-3,1,anon_158,6,1.1476384543376046,1.0969896348422505,1.100975411929241,1.0144901004414741,1.1379832345004708,1.0144901004414741,1.1476384543376046,0.13314835389613044
Computación Emergente,2425-3,1,anon_158,8,0.875707340815489,0.8792301200116661,1.0005682990879112,0.7228454815635617,0.6215717218751475,0.6215717218751475,1.0005682990879112,0.3789965772127637
Computación Emergente,2425-3,1,anon_159,4,1.7714399956812077,1.9909061570843214,1.707178613547108,1.58936531948088,1.6465606290759016,1.58936531948088,1.9909061570843214,0.4015408376034415
Computación Emergente,2425-3,1,anon_159,6,2.300757302847373,2.296969371900074,2.2564342210508475,2.174349241203167,2.289734163084197,2.174349241203167,2.300757302847373,0.12640806164420582
Computación Emergente,2425-3,1,anon_159,8,2.1437784052778106,2.1440000980398217,2.152289030748584,1.9675433724880644,1.909775053827043,1.909775053827043,2.152289030748584,0.24251397692154075
Computación Emergente,2425-3,1,anon_160,4,0.9160232832861581,0.9384593750937,0.8141019759443253,0.8162135758588747,0.7074174437583096,0.7074174437583096,0.9384593750937,0.23104193133539042
Computación Emergente,2425-3,1,anon_160,6,1.7133310913925186,1.7483180332244075,1.4696913396247737,1.6427272742617092,1.529881769072972,1.4696913396247737,1.7483180332244075,0.27862669359963377
Computación Emergente,2425-3,1,anon_160,8,1.8819181906311755,1.8454928356573976,1.5917640931319372,1.80365983126904,1.7580627583742792,1.5917640931319372,1.8819181906311755,0.29015409749923826
Computación Emergente,2425-3,1,anon_161,4,0.877004490560239,0.9154103662391009,0.797050156656752,0.7903279229999711,0.6860628201138539,0.6860628201138539,0.9154103662391009,0.229347546125247
Computación Emergente,2425-3,1,anon_161,6,0.6099431468620864,0.5804966447850148,0.35749030930350756,0.4884492476292053,0.40301910170417443,0.35749030930350756,0.6099431468620864,0.25245283755857884
Computación Emergente,2425-3,1,anon_161,8,0.6826473551972478,0.6407694284319025,0.46686453820470497,0.597578928652239,0.5422574658557036,0.46686453820470497,0.6826473551972478,0.21578281699254287
Computación Emergente,2425-3,1,anon_162,4,2.393649051419956,3.235952406902193,2.5187709187542,2.381803670784464,2.60953870524002,2.381803670784464,3.235952406902193,0.8541487361177289
Computación Emergente,2425-3,1,anon_162,6,1.5463779568899652,1.775359613479857,1.7840250417359442,1.5467978398276507,1.9805103556276222,1.5463779568899652,1.9805103556276222,0.4341323987376571
Computación Emergente,2425-3,1,anon_162,8,0.6997775513621372,1.0485261509984145,1.3179145370679493,0.720184095971516,0.46745285904230194,0.46745285904230194,1.3179145370679493,0.8504616780256473
Computación Emergente,2425-3,1,anon_163,4,2.352566544401011,3.198030587259261,2.471153891605688,2.359670397625962,2.601373568610512,2.352566544401011,3.198030587259261,0.84546404285825
Computación Emergente,2425-3,1,anon_163,6,1.5405451726660297,1.7687752673609296,1.7568278034788278,1.5537470920038885,1.9813603628035885,1.5405451726660297,1.9813603628035885,0.44081519013755877
Computación Emergente,2425-3,1,anon_163,8,0.7019768208692974,1.0417590849623117,1.29967695814344,0.7290115724502044,0.46661836839622595,0.46661836839622595,1.29967695814344,0.833058589747214
Computación Emergente,2425-3,1,anon_164,4,5.059146118126904,5.370924909109803,4.821752842163825,4.862227962854092,4.719503284322627,4.719503284322627,5.370924909109803,0.6514216247871758
Computación Emergente,2425-3,1,anon_164,6,5.779681377314034,5.994553087202348,5.225896488041272,5.332678561621677,5.13622847946592,5.13622847946592,5.994553087202348,0.8583246077364279
Computación Emergente,2425-3,1,anon_164,8,6.301620745301776,6.201217414734529,5.6779177061837345,5.93053569089291,5.997070313489004,5.6779177061837345,6.301620745301776,0.6237030391180411
Computación Emergente,2425-3,1,anon_165,4,2.945739379991121,3.353967896079247,2.9595724866307958,2.9377369032072806,2.9501503878896287,2.9377369032072806,3.353967896079247,0.4162309928719665
Computación Emergente,2425-3,1,anon_165,6,3.800365171862758,4.067004641236803,3.621325570773296,3.6577667772896927,3.619467719906309,3.619467719906309,4.067004641236803,0.44753692133049405
Computación Emergente,2425-3,1,anon_165,8,4.788445679124649,4.811609544666588,4.442557530338483,4.563364119351185,4.595947082710872,4.442557530338483,4.811609544666588,0.36905201432810486
Computación Emergente,2425-3,1,anon_166,4,1.4382374234385633,1.791815959890228,1.4927032526067663,1.4319801482944197,1.5056108620687603,1.4319801482944197,1.791815959890228,0.35983581159580824
Computación Emergente,2425-3,1,anon_166,6,1.0106818323069895,1.1484825618596783,1.0055811245014574,0.9948492386023666,1.0409265741744633,0.9948492386023666,1.1484825618596783,0.15363332325731172
Computación Emergente,2425-3,1,anon_166,8,2.0290699042045883,2.133780850849252,2.0435713498835533,1.9530582830735153,1.845294335298366,1.845294335298366,2.133780850849252,0.2884865155508862
Computación Emergente,2425-3,1,anon_167,4,2.1951929782689277,3.055309406788993,2.281808235216051,2.273363395504063,2.569047606918879,2.1951929782689277,3.055309406788993,0.8601164285200653
Computación Emergente,2425-3,1,anon_167,6,1.517841860734256,1.775509805372966,1.643859174175228,1.5801289316180842,1.9853244732039244,1.517841860734256,1.9853244732039244,0.46748261246966827
Computación Emergente,2425-3,1,anon_167,8,0.712100987236673,1.0395583759662426,1.2216986395917608,0.7634394530423008,0.4887018028842327,0.4887018028842327,1.2216986395917608,0.7329968367075281
Computación Emergente,2425-3,1,anon_168,4,4.038740036320043,5.000365095502872,3.9663465253387074,4.07144738122436,4.230946586786878,3.9663465253387074,5.000365095502872,1.0340185701641644
Computación Emergente,2425-3,1,anon_168,6,4.43067679839956,4.992325344655043,4.263303534374849,4.385964484860132,4.5511053530893975,4.263303534374849,4.992325344655043,0.7290218102801944
Computación Emergente,2425-3,1,anon_168,8,4.593339623470264,5.01024717703104,4.646570386339462,4.634299012936303,4.530844745844178,4.530844745844178,5.01024717703104,0.47940243118686254
Computación Emergente,2425-3,1,anon_169,4,1.3167949019594563,1.7181194092951801,1.4071624204292377,1.3776282424706103,1.4494274139461112,1.3167949019594563,1.7181194092951801,0.4013245073357239
Computación Emergente,2425-3,1,anon_169,6,0.9739180144351316,1.1988621992594712,0.9701189697032113,0.9969624780079265,1.0127311310974747,0.9701189697032113,1.1988621992594712,0.22874322955625992
Computación Emergente,2425-3,1,anon_169,8,0.8323850217028674,0.9635692590362801,0.8802520883168414,0.7818323304535262,0.6271099117142125,0.6271099117142125,0.9635692590362801,0.3364593473220676
Computación Emergente,2425-3,1,anon_170,4,2.084449726036725,2.9562747562723644,2.1449509870896364,2.2115862166294917,2.5442865334637617,2.084449726036725,2.9562747562723644,0.8718250302356392
Computación Emergente,2425-3,1,anon_170,6,1.500926358552202,1.8165581430171258,1.558998448717972,1.597606261579541,1.987868636624789,1.500926358552202,1.987868636624789,0.48694227807258716
Computación Emergente,2425-3,1,anon_170,8,0.7202018257721616,1.067267080769783,1.1603778343538913,0.7873805651723682,0.5373970630971829,0.5373970630971829,1.1603778343538913,0.6229807712567084
Computación Emergente,2425-3,1,anon_171,4,2.658274507427707,3.1781285848694836,2.7498722709758656,2.790737085728604,2.8074812115352326,2.658274507427707,3.1781285848694836,0.5198540774417766
Computación Emergente,2425-3,1,anon_171,6,3.6748923715479513,4.133397642722109,3.5087472118840584,3.6301966559784535,3.524422093714202,3.5087472118840584,4.133397642722109,0.6246504308380505
Computación Emergente,2425-3,1,anon_171,8,3.527199202904633,3.6332109199015648,3.2102483368982355,3.34605011055066,3.350926525472662,3.2102483368982355,3.6332109199015648,0.42296258300332923
Computación Emergente,2425-3,1,anon_172,4,1.2086174776153626,1.6468530599013187,1.3292871166542888,1.3301141954074769,1.3951886514935907,1.2086174776153626,1.6468530599013187,0.43823558228595605
Computación Emergente,2425-3,1,anon_172,6,0.9436448960633719,1.2542706372396237,0.9403213551258176,1.0026639533858948,0.988261319453617,0.9403213551258176,1.2542706372396237,0.3139492821138061
Computación Emergente,2425-3,1,anon_172,8,0.8289652777964847,1.007646180028038,0.8474394261134028,0.8023550922859952,0.6893096023537129,0.6893096023537129,1.007646180028038,0.3183365776743252
Computación Emergente,2425-3,1,anon_173,4,4.5267420548005575,5.028234034954281,4.4448365590866175,4.530302892014866,4.45173241948363,4.4448365590866175,5.028234034954281,0.5833974758676632
Computación Emergente,2425-3,1,anon_173,6,5.523991790205095,5.98598961493677,5.025765603512596,5.2095884320891415,4.955643646845488,4.955643646845488,5.98598961493677,1.0303459680912823
Computación Emergente,2425-3,1,anon_173,8,6.231835240597846,6.18520075500097,5.537306502591207,5.90216984506489,6.210800579877805,5.537306502591207,6.231835240597846,0.694528738006639
Computación Emergente,2425-3,1,anon_174,4,3.3542385231110536,4.371634542821852,3.3705317831009154,3.5737937196258542,3.864243507899012,3.3542385231110536,4.371634542821852,1.017396019710798
Computación Emergente,2425-3,1,anon_174,6,4.15950053672902,4.9665297312128445,4.015441458481824,4.2692995769788595,4.461942803593317,4.015441458481824,4.9665297312128445,0.9510882727310204
Computación Emergente,2425-3,1,anon_174,8,4.51249159488583,5.102223429834389,4.525340966098554,4.649293279973534,4.796297053085212,4.51249159488583,5.102223429834389,0.5897318349485587
Computación Emergente,2425-3,1,anon_175,4,0.496035656315037,0.6614040413132045,0.6408961375628479,0.5770245654531294,0.4390208514048979,0.4390208514048979,0.6614040413132045,0.22238318990830663
Computación Emergente,2425-3,1,anon_175,6,0.4707548561060477,0.7018465426066882,0.45977127933878137,0.4478995969263977,0.2703400403470795,0.2703400403470795,0.7018465426066882,0.43150650225960874
Computación Emergente,2425-3,1,anon_175,8,0.6264651583233718,0.7327562279288911,0.5178110214308962,0.6435618935398972,0.594345526871872,0.5178110214308962,0.7327562279288911,0.21494520649799487
Computación Emergente,2425-3,1,anon_176,4,4.365301378002524,4.89438261408926,4.319244864316719,4.435069972224177,4.362466435757721,4.319244864316719,4.89438261408926,0.5751377497725407
Computación Emergente,2425-3,1,anon_176,6,5.440748338531272,5.932231802480629,4.9528534429291895,5.174127689884081,4.899439721554302,4.899439721554302,5.932231802480629,1.0327920809263276
Computación Emergente,2425-3,1,anon_176,8,6.19853764841757,6.142902675259691,5.476449224252054,5.886765042672842,6.337081126555148,5.476449224252054,6.337081126555148,0.8606319023030942
Computación Emergente,2425-3,1,anon_177,4,0.4624583341367696,0.6284974960050391,0.6310329285776106,0.5636870253615669,0.4098304761366336,0.4098304761366336,0.6310329285776106,0.22120245244097703
Computación Emergente,2425-3,1,anon_177,6,0.4661131579920976,0.7162605603781671,0.483421994669321,0.45452067046814904,0.2570842658940222,0.2570842658940222,0.7162605603781671,0.4591762944841449
Computación Emergente,2425-3,1,anon_177,8,0.6300933929859154,0.7416787680257266,0.5308183579125778,0.6565195074365562,0.6174530516208163,0.5308183579125778,0.7416787680257266,0.21086041011314882
Computación Emergente,2425-3,1,anon_178,4,1.8194540055044985,2.696987493445107,1.8256750237170447,2.063734136720562,2.46850803374992,1.8194540055044985,2.696987493445107,0.8775334879406085
Computación Emergente,2425-3,1,anon_178,6,2.6087111343999005,3.2454970494277333,2.508425130251042,2.7876969530811664,3.084745523694508,2.508425130251042,3.2454970494277333,0.7370719191766915
Computación Emergente,2425-3,1,anon_178,8,3.105042596049948,3.7232709434213547,3.26130534534456,3.294131978045936,3.5413401913847693,3.105042596049948,3.7232709434213547,0.6182283473714065
Computación Emergente,2425-3,1,anon_179,4,1.006478276921417,1.4711288183600573,1.184133649145668,1.240728828525441,1.273613014604603,1.006478276921417,1.4711288183600573,0.4646505414386404
Computación Emergente,2425-3,1,anon_179,6,0.894894352528226,1.3417941034482912,0.9026275939224355,1.0244463480411312,0.9419816506811216,0.894894352528226,1.3417941034482912,0.4468997509200652
Computación Emergente,2425-3,1,anon_179,8,0.8221471930618396,1.074170456656038,0.7910139728189591,0.8464153243824342,0.931119302157775,0.7910139728189591,1.074170456656038,0.2831564838370788
Computación Emergente,2425-3,1,anon_180,4,0.9830610262191719,1.4436059310475962,1.1677328001384453,1.2300287320343344,1.2565654024446857,0.9830610262191719,1.4436059310475962,0.46054490482842425
Computación Emergente,2425-3,1,anon_180,6,0.8901711394780989,1.3450692890360274,0.9012052787720357,1.0281053383133916,0.9362210125767945,0.8901711394780989,1.3450692890360274,0.4548981495579285
Computación Emergente,2425-3,1,anon_180,8,0.8210204230820732,1.076106506153419,0.7856577607590585,0.8517538324492593,0.9722096793795139,0.7856577607590585,1.076106506153419,0.2904487453943605
Computación Emergente,2425-3,1,anon_181,4,0.9609278948739615,1.4153285497517878,1.1523804713395194,1.2197987938765635,1.2395537163186852,0.9609278948739615,1.4153285497517878,0.4544006548778263
Computación Emergente,2425-3,1,anon_181,6,0.8859595759891441,1.3456110392961091,0.9007524595623551,1.0318376380172953,0.9305988501515081,0.8859595759891441,1.3456110392961091,0.45965146330696505
Computación Emergente,2425-3,1,anon_181,8,0.8198337336595944,1.0758933700346436,0.7809828226691709,0.8567806882997866,1.0136953138745817,0.7809828226691709,1.0758933700346436,0.29491054736547273
Computación Emergente,2425-3,1,anon_182,4,0.9400468330818441,1.3862823513301628,1.1380509000008843,1.2100337196892355,1.2225668002476482,0.9400468330818441,1.3862823513301628,0.44623551824831864
Computación Emergente,2425-3,1,anon_182,6,0.8822436665208784,1.3434164823019497,0.9012436265223371,1.0356282071901024,0.9250941822417715,0.8822436665208784,1.3434164823019497,0.4611728157810713
Computación Emergente,2425-3,1,anon_182,8,1.9865880057441458,2.235518513079903,1.871927185590402,2.037270380033144,2.326364554894141,1.871927185590402,2.326364554894141,0.4544373693037391
Computación Emergente,2425-3,1,anon_183,4,4.033233406636285,4.546236655310075,4.05296067548651,4.241233230697276,4.154528205936458,4.033233406636285,4.546236655310075,0.5130032486737903
Computación Emergente,2425-3,1,anon_183,6,5.255712840251803,5.710453592133369,4.800951896597056,5.099225185502256,4.7751727357107825,4.7751727357107825,5.710453592133369,0.9352808564225867
Computación Emergente,2425-3,1,anon_183,8,6.101902360722519,5.979614302486858,5.332767630961822,5.838558153446073,6.641161745892134,5.332767630961822,6.641161745892134,1.3083941149303122
Computación Emergente,2425-3,1,anon_184,4,0.37375865815602083,0.5055458447459458,0.6164602892568709,0.5367384346097026,0.3152947104883168,0.3152947104883168,0.6164602892568709,0.3011655787685541
Computación Emergente,2425-3,1,anon_184,6,1.5144769418224158,1.8611743405963281,1.6643386205009207,1.597667379704923,1.298142533237339,1.298142533237339,1.8611743405963281,0.5630318073589891
Computación Emergente,2425-3,1,anon_184,8,1.8048916782041449,1.8881796806343765,1.6694958748341406,1.8826996323831962,1.945693811935147,1.6694958748341406,1.945693811935147,0.2761979371010064
Computación Emergente,2425-3,1,anon_185,4,0.3642100855941379,0.4867524636931648,0.6165284541791181,0.5348091120461831,0.3026253946276043,0.3026253946276043,0.6165284541791181,0.31390305955151376
Computación Emergente,2425-3,1,anon_185,6,0.46660731632588437,0.7234062876477694,0.587747984168665,0.49865623051929475,0.2123156979083234,0.2123156979083234,0.7234062876477694,0.511090589739446
Computación Emergente,2425-3,1,anon_185,8,0.6515928881882234,0.7368027574223226,0.5833825972718181,0.7117244261141138,0.7228464593837169,0.5833825972718181,0.7368027574223226,0.15342016015050453
Computación Emergente,2425-3,2,anon_185,4,0.10278068572350207,-0.221263253238547,0.14384206256197274,0.20538950390386645,-0.1080780942996995,-0.221263253238547,0.20538950390386645,0.42665275714241346
Computación Emergente,2425-3,2,anon_185,6,0.2915443935614235,0.010045898015597743,0.13268565960309786,0.1987213165593218,-0.12009622907399375,-0.12009622907399375,0.2915443935614235,0.41164062263541723
Computación Emergente,2425-3,2,anon_185,8,0.24691455566614096,0.006100104729696909,0.15581364975981415,0.11678494181657939,0.07548567238758963,0.006100104729696909,0.24691455566614096,0.24081445093644405
Computación Emergente,2425-3,2,anon_186,4,0.5164550685713252,0.6280662890558446,0.6502943880354479,0.7712471336758568,0.5202893218121787,0.5164550685713252,0.7712471336758568,0.2547920651045317
Computación Emergente,2425-3,2,anon_186,6,0.259142912727647,0.32911280789301856,0.12468963432952052,0.3904222604253107,0.3075054501522132,0.12468963432952052,0.3904222604253107,0.2657326260957902
Computación Emergente,2425-3,2,anon_186,8,0.16730350112073467,0.24413463303720562,0.12839871539401315,0.3195895906166477,0.21138471190414165,0.12839871539401315,0.3195895906166477,0.19119087522263456
Computación Emergente,2425-3,2,anon_187,4,5.026677775890327,5.8029097514808115,4.9627257483730745,5.22261401593088,5.126583349102852,4.9627257483730745,5.8029097514808115,0.840184003107737
Computación Emergente,2425-3,2,anon_187,6,6.640322245876263,6.755091786077415,6.17118608921578,6.958220691908096,6.81831314193947,6.17118608921578,6.958220691908096,0.7870346026923158
Computación Emergente,2425-3,2,anon_187,8,6.557863459454033,6.526273709031436,6.335800353077239,6.8868531325120514,6.616377502190083,6.335800353077239,6.8868531325120514,0.5510527794348121
Computación Emergente,2425-3,2,anon_188,4,0.44833363573365403,0.5460398738751167,0.6077746978465441,0.7076404687951765,0.46442641900004134,0.44833363573365403,0.7076404687951765,0.25930683306152247
Computación Emergente,2425-3,2,anon_188,6,0.21932315723317686,0.28585089518026763,0.12312996526525666,0.3555743343816218,0.2586844846920826,0.12312996526525666,0.3555743343816218,0.23244436911636512
Computación Emergente,2425-3,2,anon_188,8,0.14060278265440118,0.21343899448258696,0.12836480998194233,0.2931886528843748,0.18516555122548795,0.12836480998194233,0.2931886528843748,0.16482384290243246
Computación Emergente,2425-3,2,anon_189,4,0.9851133481777588,1.453460560328681,1.1472492882742742,1.261583891214066,1.1044104236366792,0.9851133481777588,1.453460560328681,0.46834721215092223
Computación Emergente,2425-3,2,anon_189,6,1.5868978523521236,1.812868473086617,1.5383933077655527,1.8723165017221,1.871340358284037,1.5383933077655527,1.8723165017221,0.33392319395654724
Computación Emergente,2425-3,2,anon_189,8,2.3462467229646222,2.6088396890810586,2.465623549654776,2.646254506291741,2.549521895382407,2.3462467229646222,2.646254506291741,0.30000778332711864
Computación Emergente,2425-3,2,anon_190,4,0.3866108186209303,0.46766099110107007,0.5646187386885373,0.6482803556656407,0.41054956406813403,0.3866108186209303,0.6482803556656407,0.2616695370447104
Computación Emergente,2425-3,2,anon_190,6,0.1847292486817338,0.24523452022287273,0.12003730021982051,0.3257008136939348,0.21224116284435723,0.12003730021982051,0.3257008136939348,0.20566351347411427
Computación Emergente,2425-3,2,anon_190,8,0.11713376840382494,0.18449652724874,0.1272344154723335,0.26970624163741874,0.16153655298047198,0.11713376840382494,0.26970624163741874,0.1525724732335938
Computación Emergente,2425-3,2,anon_191,4,0.35816505767668616,0.42986670887854217,0.5429849319436713,0.6202336573244551,0.3843987203536088,0.35816505767668616,0.6202336573244551,0.26206859964776896
Computación Emergente,2425-3,2,anon_191,6,0.1694637695942447,0.2258967011689208,0.11801022899857827,0.3125191588362597,0.18996814133829787,0.11801022899857827,0.3125191588362597,0.19450892983768142
Computación Emergente,2425-3,2,anon_191,8,0.10665947360066852,0.17066032043624446,0.12633571559189605,0.2589022981390947,0.1506447031634366,0.10665947360066852,0.2589022981390947,0.1522428245384262
Computación Emergente,2425-3,2,anon_192,4,3.3330422617138797,3.386127609393286,3.540627092812036,3.5993246424246186,3.0482838426440324,3.0482838426440324,3.5993246424246186,0.5510407997805862
Computación Emergente,2425-3,2,anon_192,6,4.02640374518084,4.078567342359959,3.8780962929281486,4.098085142404491,3.7514367896969176,3.7514367896969176,4.098085142404491,0.34664835270757344
Computación Emergente,2425-3,2,anon_192,8,3.75095155699367,3.623216501401579,3.4873469628051375,3.682153868577175,3.5638985012423667,3.4873469628051375,3.75095155699367,0.26360459418853255
Computación Emergente,2425-3,2,anon_193,4,0.8751692374802644,1.2324380453194195,1.0161680482508118,1.1332298153336566,0.9850431978694267,0.8751692374802644,1.2324380453194195,0.35726880783915504
Computación Emergente,2425-3,2,anon_193,6,0.4468335876336198,0.5860600184056679,0.3948219896359504,0.691318028579456,0.6109300509364743,0.3948219896359504,0.691318028579456,0.2964960389435056
Computación Emergente,2425-3,2,anon_193,8,0.0755186143170441,0.2667496805288181,0.26773206575650477,0.275507232830126,0.10902546574556737,0.0755186143170441,0.275507232830126,0.19998861851308192
Computación Emergente,2425-3,2,anon_194,4,0.2824283456128214,0.3221729387660517,0.47871618807478455,0.5425550485852,0.3093055570078249,0.2824283456128214,0.5425550485852,0.2601267029723786
Computación Emergente,2425-3,2,anon_194,6,0.1320342879571328,0.17173289281251414,0.11053769414081671,0.27923248063745376,0.12723712149905708,0.11053769414081671,0.27923248063745376,0.16869478649663705
Computación Emergente,2425-3,2,anon_194,8,0.0805395516314995,0.13164436716764527,0.12273398817133341,0.22946019634848014,0.12139112280475572,0.0805395516314995,0.22946019634848014,0.14892064471698063
Computación Emergente,2425-3,2,anon_195,4,0.2603358201401562,0.2881989175395887,0.45773179166405953,0.5187517821027399,0.28545085957154726,0.2603358201401562,0.5187517821027399,0.25841596196258365
Computación Emergente,2425-3,2,anon_195,6,0.12238777218683339,0.1549719761038446,0.10774383410097954,0.2699873075192798,0.10777516043221169,0.10774383410097954,0.2699873075192798,0.16224347341830025
Computación Emergente,2425-3,2,anon_195,8,0.07367239810360715,0.11947397591870512,0.12135772207405537,0.22043920037178566,0.11270922682889406,0.07367239810360715,0.22043920037178566,0.1467668022681785
Computación Emergente,2425-3,2,anon_196,4,0.23978508877568316,0.2552002881339632,0.43707470033075424,0.4959500010868041,0.2622111591106062,0.23978508877568316,0.4959500010868041,0.25616491231112093
Computación Emergente,2425-3,2,anon_196,6,1.1712919975511937,1.2332868901533374,1.220571307953172,1.3378639888648394,1.1831746483341945,1.1712919975511937,1.3378639888648394,0.16657199131364564
Computación Emergente,2425-3,2,anon_196,8,1.1784531972379568,1.2196734610924054,1.2135344710218554,1.3178510091754951,1.2352374675167752,1.1784531972379568,1.3178510091754951,0.1393978119375383
Computación Emergente,2425-3,2,anon_197,4,0.2207491124517702,0.2231843302981531,0.4168053265371654,0.4741219101322045,0.23960129874954106,0.2207491124517702,0.4741219101322045,0.2533727976804343
Computación Emergente,2425-3,2,anon_197,6,0.10737805555964286,0.12344921132518749,0.10200554820647056,0.25384751634366154,0.07118234942952029,0.07118234942952029,0.25384751634366154,0.18266516691414125
Computación Emergente,2425-3,2,anon_197,8,0.06281248085328528,0.09642462716773892,0.11857252323079237,0.20330311147839453,0.09685025708354544,0.06281248085328528,0.20330311147839453,0.14049063062510925
Computación Emergente,2425-3,2,anon_198,4,0.20319688132861558,0.1921600255406375,0.39698011197342,0.4532393356649749,0.21763413622680616,0.1921600255406375,0.4532393356649749,0.2610793101243374
Computación Emergente,2425-3,2,anon_198,6,0.10201876010744115,0.10871910505501603,0.09916474021664357,0.24682061308907777,0.054103100691804684,0.054103100691804684,0.24682061308907777,0.19271751239727308
Computación Emergente,2425-3,2,anon_198,8,1.134251688767879,1.1727695674039467,1.1978503045511886,1.2780690413467681,1.2030283354122346,1.134251688767879,1.2780690413467681,0.14381735257888906
Computación Emergente,2425-3,2,anon_199,4,2.21160685453491,2.4037724682315194,2.31890832181125,2.4647511437311955,2.246535137401736,2.21160685453491,2.4647511437311955,0.2531442891962854
Computación Emergente,2425-3,2,anon_199,6,1.8175648884130773,1.8207063710171312,1.7050996616192577,2.0012932394336254,1.7902528977330654,1.7050996616192577,2.0012932394336254,0.2961935778143676
Computación Emergente,2425-3,2,anon_199,8,1.2865059374573278,1.328473405020823,1.4069520233910762,1.3957714270099437,1.2381729696481898,1.2381729696481898,1.4069520233910762,0.16877905374288638
Computación Emergente,2425-3,2,anon_200,4,3.5613930140290053,3.710713806929765,3.70829163959928,3.857565973136154,3.60805645315029,3.5613930140290053,3.857565973136154,0.2961729591071487
Computación Emergente,2425-3,2,anon_200,6,4.528609217263704,4.463742553875512,4.352542003064616,4.714240715613608,4.38836535586306,4.352542003064616,4.714240715613608,0.3616987125489919
Computación Emergente,2425-3,2,anon_200,8,3.8109273232940595,3.69740779991453,3.750961415485441,3.8531238014994376,3.706556354107611,3.69740779991453,3.8531238014994376,0.15571600158490773
Computación Emergente,2425-3,2,anon_201,4,0.7146970036517715,0.8409669913962361,0.7575532640531577,0.9205200882261906,0.7699558763831362,0.7146970036517715,0.9205200882261906,0.2058230845744191
Computación Emergente,2425-3,2,anon_201,6,0.4665739126517323,0.3783369440670441,0.3452054018374966,0.6185761685686231,0.4572735653056057,0.3452054018374966,0.6185761685686231,0.2733707667311265
Computación Emergente,2425-3,2,anon_201,8,0.10060366419599731,0.1125347447150844,0.2533769547349145,0.21747970293521135,0.08837821679755109,0.08837821679755109,0.2533769547349145,0.16499873793736342
Computación Emergente,2425-3,2,anon_202,4,0.7002045361119826,0.7975908434671979,0.727700809796687,0.8989632388276618,0.7455330749000026,0.7002045361119826,0.8989632388276618,0.1987587027156792
Computación Emergente,2425-3,2,anon_202,6,1.6629607604890069,1.5506599346138685,1.54577751400236,1.8244553102378234,1.6485864615141566,1.54577751400236,1.8244553102378234,0.2786777962354634
Computación Emergente,2425-3,2,anon_202,8,1.262766781033175,1.2402032110413508,1.382558616390293,1.380763074774464,1.2564075204844762,1.2402032110413508,1.382558616390293,0.1423554053489422
Computación Emergente,2425-3,2,anon_203,4,0.13641860944845519,0.052219898264297626,0.3062726434077021,0.3622078709986454,0.1177408534995692,0.052219898264297626,0.3622078709986454,0.30998797273434775
Computación Emergente,2425-3,2,anon_203,6,0.09659465155613844,0.04630915933747559,0.08727668834205105,0.2198908535063282,-0.01829678712755367,-0.01829678712755367,0.2198908535063282,0.23818764063388187
Computación Emergente,2425-3,2,anon_203,8,0.05431493121801978,0.03868600441735737,0.11255222504255258,0.1578460933989554,0.061139232709546576,0.03868600441735737,0.1578460933989554,0.11916008898159802
Computación Emergente,2425-3,2,anon_204,4,3.6276682091654764,3.6658712268393394,3.641432589538624,3.804088476251663,3.5211619421961107,3.5211619421961107,3.804088476251663,0.28292653405555246
Computación Emergente,2425-3,2,anon_204,6,3.2937529647302566,3.1535050992511344,3.060410388888826,3.3521044912755764,3.0077406055604143,3.0077406055604143,3.3521044912755764,0.3443638857151621
Computación Emergente,2425-3,2,anon_204,8,2.584056232201087,2.444637521866799,2.572346660923513,2.566085411790966,2.419450205190138,2.419450205190138,2.584056232201087,0.16460602701094906
Computación Emergente,2425-3,2,anon_205,4,0.6637065219184848,0.6755730800055488,0.6436425883135826,0.8413057360791925,0.6757779529410683,0.6436425883135826,0.8413057360791925,0.1976631477656099
Computación Emergente,2425-3,2,anon_205,6,0.5032169122593686,0.30028543709979516,0.3222626449740602,0.5998048824757873,0.39990125926254905,0.30028543709979516,0.5998048824757873,0.2995194453759922
Computación Emergente,2425-3,2,anon_205,8,0.14204401500809638,0.05536269562324492,0.24639877130551824,0.214812140731393,0.08904090931710584,0.05536269562324492,0.24639877130551824,0.19103607568227332
Computación Emergente,2425-3,2,anon_206,4,1.370119067293679,1.3412151548748028,1.6303660279374839,1.6076649343587093,1.2974678342900887,1.2974678342900887,1.6303660279374839,0.33289819364739515
Computación Emergente,2425-3,2,anon_206,6,1.3550319816920933,1.3210385083382192,1.3649686607214448,1.4296670904932682,1.1291839241898742,1.1291839241898742,1.4296670904932682,0.300483166303394
Computación Emergente,2425-3,2,anon_206,8,1.2372768849348539,1.1494175015909462,1.2347731606559407,1.2467678310277073,1.1578208593304318,1.1494175015909462,1.2467678310277073,0.09735032943676103
Computación Emergente,2425-3,2,anon_207,4,0.10555152836042225,-0.04090491967303933,0.2462163215577391,0.30457750186000254,0.049789029358862535,-0.04090491967303933,0.30457750186000254,0.3454824215330419
Computación Emergente,2425-3,2,anon_207,6,0.11717920873689991,0.011643956377021425,0.08337228077723324,0.20587767982467398,-0.06026891916819466,-0.06026891916819466,0.20587767982467398,0.26614659899286863
Computación Emergente,2425-3,2,anon_207,8,0.07007888322534583,0.01146651938230292,0.11299065551311926,0.13368681267394678,0.0482376499150412,0.01146651938230292,0.13368681267394678,0.12222029329164386
Computación Emergente,2425-3,2,anon_208,4,1.34955774720342,1.2935907534351188,1.5922749777663654,1.5695739787297853,1.2588116108801444,1.2588116108801444,1.5922749777663654,0.333463366886221
Computación Emergente,2425-3,2,anon_208,6,1.3671468794135393,1.304633731299738,1.362874948339332,1.417603627782519,1.1079399352726185,1.1079399352726185,1.417603627782519,0.30966369250990056
Computación Emergente,2425-3,2,anon_208,8,1.2475294410958746,1.1361882888267552,1.2364247533808737,1.2346553404959977,1.1521921938856785,1.1361882888267552,1.2475294410958746,0.11134115226911945
Computación Emergente,2425-3,2,anon_209,4,0.6301868704788731,0.5325897340298837,0.5467145269751938,0.7801847745767674,0.5911241156325033,0.5325897340298837,0.7801847745767674,0.24759504054688364
Computación Emergente,2425-3,2,anon_209,6,0.5510507243639609,0.2423726064289795,0.30496652163550664,0.5921998131397359,0.35612865256636894,0.2423726064289795,0.5921998131397359,0.3498272067107564
Computación Emergente,2425-3,2,anon_209,8,1.2960870379949974,1.1030682986087612,1.3349244258186985,1.3378133137435313,1.2182576922078567,1.1030682986087612,1.3378133137435313,0.23474501513477009
Computación Emergente,2425-3,2,anon_210,4,0.6242891393004797,0.500483961109282,0.5254708958671017,0.7675389997224897,0.5714548956897119,0.500483961109282,0.7675389997224897,0.2670550386132078
Computación Emergente,2425-3,2,anon_210,6,0.5641674830288181,0.23133759465101633,0.30183114641963726,0.591899346259801,0.34724294286705515,0.23133759465101633,0.591899346259801,0.3605617516087847
Computación Emergente,2425-3,2,anon_210,8,0.21556769462311465,0.00421626681409748,0.2398137346637199,0.22967528237255053,0.09732144596306824,0.00421626681409748,0.2398137346637199,0.23559746784962243
Computación Emergente,2425-3,2,anon_211,4,0.6193153689891062,0.469864769655274,0.5054686983152195,0.7558800562945862,0.5523774153424057,0.469864769655274,0.7558800562945862,0.2860152866393122
Computación Emergente,2425-3,2,anon_211,6,0.5776235964330709,0.2217610437902593,0.2992336368325894,0.592185105551863,0.3391389788553596,0.2217610437902593,0.592185105551863,0.3704240617616037
Computación Emergente,2425-3,2,anon_211,8,0.23210302916514536,-0.003088766622866501,0.23889934378067323,0.23450957934018035,0.10027176737472487,-0.003088766622866501,0.23889934378067323,0.24198811040353974
Computación Emergente,2425-3,2,anon_212,4,0.089841640981831,-0.13265055607675436,0.18957807820836337,0.2508793316757334,-0.02126642594346606,-0.13265055607675436,0.2508793316757334,0.38352988775248775
Computación Emergente,2425-3,2,anon_212,6,0.16977204728355844,-0.0094949189884872,0.08967003666693074,0.19593144501789084,-0.0948352406056614,-0.0948352406056614,0.19593144501789084,0.29076668562355223
Computación Emergente,2425-3,2,anon_212,8,0.11642450755781297,-0.006836484599869408,0.12126839347148177,0.11475717795014617,0.04633330358375076,-0.006836484599869408,0.12126839347148177,0.12810487807135118
Computación Emergente,2425-3,2,anon_213,4,1.4671118900353122,1.3092323813492683,1.6062496377067816,1.557525616002664,1.234360352196461,1.234360352196461,1.6062496377067816,0.37188928551032063
Computación Emergente,2425-3,2,anon_213,6,1.4738267477222848,1.313152083677096,1.3882843421858624,1.4051710627817613,1.0760439966118298,1.0760439966118298,1.4738267477222848,0.397782751110455
Computación Emergente,2425-3,2,anon_213,8,1.3088237735018566,1.119792567503847,1.2502820650506798,1.205495493231851,1.1439843772371887,1.119792567503847,1.3088237735018566,0.1890312059980097
Computación Emergente,2425-3,2,anon_214,4,0.08931806630859285,-0.16146947506275922,0.17298251955153177,0.23498206166760838,-0.04582224829428583,-0.16146947506275922,0.23498206166760838,0.3964515367303676
Computación Emergente,2425-3,2,anon_214,6,0.19711544738851927,-0.010577962493208304,0.09641932381369855,0.1943321402507152,-0.10411049364931557,-0.10411049364931557,0.19711544738851927,0.30122594103783484
Computación Emergente,2425-3,2,anon_214,8,0.1434282183669282,-0.008616633433899068,0.127396097031383,0.11150427711682909,0.05007441482281294,-0.008616633433899068,0.1434282183669282,0.15204485180082727
Computación Emergente,2425-3,2,anon_215,4,0.09009577040069416,-0.17418313121270046,0.16599348782182233,0.22819676836708425,-0.057347130890363474,-0.17418313121270046,0.22819676836708425,0.4023798995797847
Computación Emergente,2425-3,2,anon_215,6,0.2117597178492403,-0.00954377809396334,0.10077866947797531,0.1940795353516549,-0.1079366269329114,-0.1079366269329114,0.2117597178492403,0.3196963447821517
Computación Emergente,2425-3,2,anon_215,8,0.15859719691859198,-0.008249225396195214,0.13109669612043362,0.11084773253396918,0.0528669086058855,-0.008249225396195214,0.15859719691859198,0.1668464223147872
Computación Emergente,2425-3,2,anon_216,4,1.9510482828179754,1.754024949353763,1.7787660744058371,2.0616659121092127,1.7846157781494156,1.754024949353763,2.0616659121092127,0.3076409627554497
Computación Emergente,2425-3,2,anon_216,6,1.9808339044840757,1.5706030913946805,1.5929748282362937,1.8870378831520078,1.5465190423310489,1.5465190423310489,1.9808339044840757,0.43431486215302684
Computación Emergente,2425-3,2,anon_216,8,1.513549652519064,1.139612873086282,1.372474463226574,1.4042678296420945,1.2572253337052643,1.139612873086282,1.513549652519064,0.3739367794327819
Computación Emergente,2425-3,2,anon_217,4,0.09351706333589505,-0.19625646461987856,0.15460796042046354,0.21689320904837217,-0.07897479239258587,-0.19625646461987856,0.21689320904837217,0.4131496736682507
Computación Emergente,2425-3,2,anon_217,6,0.24256480219592902,-0.004446975693120692,0.11151554100007388,0.19472658612434657,-0.1141282721462602,-0.1141282721462602,0.24256480219592902,0.3566930743421892
Computación Emergente,2425-3,2,anon_217,8,0.1918109661112446,-0.0049774678316723,0.1397682231881383,0.11143577809081862,0.06021938209167388,-0.0049774678316723,0.1918109661112446,0.1967884339429169
Computación Emergente,2425-3,2,anon_218,4,1.311380569093096,1.1195623034191442,1.451623420476281,1.4338838067235926,1.1027192332970657,1.1027192332970657,1.451623420476281,0.34890418717921534
Computación Emergente,2425-3,2,anon_218,6,1.4991845403706847,1.2805586563575204,1.3805502283076265,1.381827544922217,1.04402748896797,1.04402748896797,1.4991845403706847,0.4551570514027148
Computación Emergente,2425-3,2,anon_218,8,1.3785115076602885,1.1187458583414873,1.2655006400170237,1.2108486485284509,1.1640126115442584,1.1187458583414873,1.3785115076602885,0.2597656493188012
Computación Emergente,2425-3,2,anon_219,4,0.09918411155966567,-0.21397197011296498,0.14660817808916704,0.20851762149386843,-0.09880520677702975,-0.21397197011296498,0.20851762149386843,0.4224895916068334
Computación Emergente,2425-3,2,anon_219,6,0.2749232404844051,0.004386551152045115,0.12495919034680725,0.1969763485066025,-0.11852808445061669,-0.11852808445061669,0.2749232404844051,0.3934513249350218
Computación Emergente,2425-3,2,anon_219,8,1.3033177456301281,1.0797156363541411,1.2272128960858915,1.1909841603860372,1.1556371948006472,1.0797156363541411,1.3033177456301281,0.223602109275987
Computación Emergente,2526-1,1,anon_174,4,2.7108292270600316,2.74444067897052,2.083737563320973,1.872616263259145,2.5793563932668775,1.872616263259145,2.74444067897052,0.8718244157113748
Computación Emergente,2526-1,1,anon_174,6,1.1875450219926975,1.1381168076502206,1.3292741420342145,0.8234269008518957,1.8521627204459605,0.8234269008518957,1.8521627204459605,1.0287358195940648
Computación Emergente,2526-1,1,anon_174,8,0.07897958151536955,0.28658989808532453,0.5052829028505403,-0.07127856059361193,-0.07950404109006826,-0.07950404109006826,0.5052829028505403,0.5847869439406086
Computación Emergente,2526-1,1,anon_205,4,0.8151584849680589,0.9665623260406235,1.3033977293787018,1.0956734012725349,1.2265186167073843,0.8151584849680589,1.3033977293787018,0.4882392444106429
Computación Emergente,2526-1,1,anon_205,6,0.10901009925123617,0.11369625250367221,0.7490917603683549,0.348383570317516,0.839329251731769,0.10901009925123617,0.839329251731769,0.7303191524805328
Computación Emergente,2526-1,1,anon_205,8,-0.12027660668878326,-0.09944290091443975,0.2715330964382794,-0.07032654800840277,-0.00529642645781081,-0.12027660668878326,0.2715330964382794,0.39180970312706265
Computación Emergente,2526-1,1,anon_212,4,0.9640593018766879,0.7779592317537407,1.880261752787952,1.6091426288590185,1.5310705355061813,0.7779592317537407,1.880261752787952,1.1023025210342112
Computación Emergente,2526-1,1,anon_212,6,0.8742148426992742,0.9205254638812761,1.6925582023026386,1.2458163424278794,1.4609173909745508,0.8742148426992742,1.6925582023026386,0.8183433596033645
Computación Emergente,2526-1,1,anon_212,8,0.9137029476633742,0.9863828459070874,1.291971086138048,1.0877862714301116,1.1269887732852872,0.9137029476633742,1.291971086138048,0.3782681384746738
Computación Emergente,2526-1,1,anon_220,4,2.5219407217056746,3.301148968303991,2.340615611476805,2.5625208905918253,2.58250545602443,2.340615611476805,3.301148968303991,0.9605333568271863
Computación Emergente,2526-1,1,anon_220,6,1.4135809778587003,2.0727099623958516,1.3953548696417641,1.3344797479671655,1.9361960429148972,1.3344797479671655,2.0727099623958516,0.7382302144286861
Computación Emergente,2526-1,1,anon_220,8,1.0034820471803094,1.4577954827975041,1.1562969968723529,0.9623852467411282,1.0325622465481707,0.9623852467411282,1.4577954827975041,0.4954102360563759
Computación Emergente,2526-1,1,anon_221,4,11.386503819699044,11.382985715556657,9.21184369415333,10.063646365714106,10.99725885628797,9.21184369415333,11.386503819699044,2.1746601255457136
Computación Emergente,2526-1,1,anon_221,6,12.455944530142347,12.027254406319827,10.040179182345383,11.66779032270992,12.271398038386224,10.040179182345383,12.455944530142347,2.415765347796963
Computación Emergente,2526-1,1,anon_221,8,12.584976945321188,12.418757474908901,11.378278466427403,11.969906893966197,12.225034796771105,11.378278466427403,12.584976945321188,1.2066984788937845
Computación Emergente,2526-1,1,anon_222,4,1.9059753388528335,2.640156376272606,2.108394715340232,2.158357145250335,2.312183346430828,1.9059753388528335,2.640156376272606,0.7341810374197726
Computación Emergente,2526-1,1,anon_222,6,1.1994795467250867,1.7498268904808505,1.3643811050499792,1.2245054630686028,1.8501542856873883,1.1994795467250867,1.8501542856873883,0.6506747389623015
Computación Emergente,2526-1,1,anon_222,8,0.9443273802646317,1.3427225788347386,1.1591726713213042,0.959987643190388,1.0328246808608164,0.9443273802646317,1.3427225788347386,0.39839519857010686
Computación Emergente,2526-1,1,anon_223,4,2.0210342768159215,2.7244856502273924,2.2045104228722288,2.296975099936347,2.3470844956878274,2.0210342768159215,2.7244856502273924,0.7034513734114709
Computación Emergente,2526-1,1,anon_223,6,3.500232102858334,4.301256540284599,3.63973531880103,3.786724073768166,4.21400241456889,3.500232102858334,4.301256540284599,0.801024437426265
Computación Emergente,2526-1,1,anon_223,8,3.0962717545926104,3.622099343307914,3.313046075487602,3.206145660477393,3.1823112110344702,3.0962717545926104,3.622099343307914,0.5258275887153037
Computación Emergente,2526-1,1,anon_224,4,11.540412839841935,11.474934806762974,9.471123393605026,10.21019054890408,11.139591373796577,9.471123393605026,11.540412839841935,2.0692894462369082
Computación Emergente,2526-1,1,anon_224,6,11.167680793456128,10.846688768347974,8.96703843094707,10.221458405686974,10.8213578149701,8.96703843094707,11.167680793456128,2.2006423625090576
Computación Emergente,2526-1,1,anon_224,8,8.799581794724993,9.148604840664035,8.169001187290778,8.225362947502262,8.069724190842114,8.069724190842114,9.148604840664035,1.0788806498219206
Computación Emergente,2526-1,1,anon_225,4,3.9116038529894084,4.276578322392716,2.9734686056431165,3.219148835853339,3.4747557128613202,2.9734686056431165,4.276578322392716,1.3031097167495993
Computación Emergente,2526-1,1,anon_225,6,1.9138482786105797,2.600795543844182,1.8764858536029223,1.7566768456655169,2.5256172306428812,1.7566768456655169,2.600795543844182,0.844118698178665
Computación Emergente,2526-1,1,anon_225,8,1.016565085867562,1.6125849065912714,1.3103314402759558,0.9645741874852405,0.9759785182939282,0.9645741874852405,1.6125849065912714,0.6480107191060309
Computación Emergente,2526-1,1,anon_226,4,2.7297691093861474,3.351666743136155,3.1892532507920848,3.233653290687748,3.2991900817406012,2.7297691093861474,3.351666743136155,0.6218976337500077
Computación Emergente,2526-1,1,anon_226,6,3.2580526400695646,4.001311229223312,3.665896461503415,3.632477415013753,4.0773735557041775,3.2580526400695646,4.0773735557041775,0.8193209156346128
Computación Emergente,2526-1,1,anon_226,8,4.058671891369432,4.641402528271097,4.379484648042871,4.293371164019987,4.267229770152511,4.058671891369432,4.641402528271097,0.5827306369016654
Computación Emergente,2526-1,1,anon_227,4,4.023808286616358,4.744913252201281,4.426574107434163,4.7264471407725965,4.578267436706341,4.023808286616358,4.744913252201281,0.7211049655849227
Computación Emergente,2526-1,1,anon_227,6,3.453802408380163,4.317398180295416,3.8454303663406684,3.9694700077750333,4.170616567577538,3.453802408380163,4.317398180295416,0.8635957719152527
Computación Emergente,2526-1,1,anon_227,8,4.09115607482088,4.688153543649412,4.417891565597621,4.360944604397012,4.263547431353047,4.09115607482088,4.688153543649412,0.5969974688285324
Computación Emergente,2526-1,1,anon_228,4,12.813277874477023,12.547181682800613,10.934143602170309,11.45325777467113,12.428339497110613,10.934143602170309,12.813277874477023,1.8791342723067146
Computación Emergente,2526-1,1,anon_228,6,15.242990932142447,14.456279231633602,13.216768263936132,14.370826650405036,14.655857709133016,13.216768263936132,15.242990932142447,2.026222668206316
Computación Emergente,2526-1,1,anon_228,8,15.155298275960135,14.630277328655282,13.993271255652587,14.81497327580081,15.185962532509535,13.993271255652587,15.185962532509535,1.192691276856948
Computación Emergente,2526-1,1,anon_229,4,0.24583191299483076,0.42205865811772725,0.7700634654004972,0.585305138102143,0.726609320160982,0.24583191299483076,0.7700634654004972,0.5242315524056664
Computación Emergente,2526-1,1,anon_229,6,0.8515259371406501,0.9520706639634682,1.3034803905106074,0.9777532699508242,1.5593312625238482,0.8515259371406501,1.5593312625238482,0.7078053253831982
Computación Emergente,2526-1,1,anon_229,8,0.8421486723963127,0.9890356347107883,1.172123483489493,0.9385384096645666,1.0429913953087322,0.8421486723963127,1.172123483489493,0.32997481109318016
Computación Emergente,2526-1,1,anon_230,4,1.7475548597297603,2.1318973376441264,2.2777302326336475,2.1520087314306764,2.1208523039563225,1.7475548597297603,2.2777302326336475,0.5301753729038872
Computación Emergente,2526-1,1,anon_230,6,1.0533501885239147,1.3339899105066522,1.569023313650952,1.2227358992757118,1.661618381494165,1.0533501885239147,1.661618381494165,0.6082681929702503
Computación Emergente,2526-1,1,anon_230,8,0.8802223855462401,1.0554962067857971,1.2246235136143717,0.9666419588203148,1.0235473526280465,0.8802223855462401,1.2246235136143717,0.3444011280681316
Computación Emergente,2526-1,1,anon_231,4,7.918028317861626,7.702531865028561,6.33079477288733,6.570282631169945,7.4151667049359276,6.33079477288733,7.918028317861626,1.5872335449742963
Computación Emergente,2526-1,1,anon_231,6,6.323149018334519,6.068563829815517,5.30971868745258,5.3685334173255015,6.433640063057837,5.30971868745258,6.433640063057837,1.1239213756052564
Computación Emergente,2526-1,1,anon_231,8,4.7611303694569385,5.255810420462982,4.9415298924079405,4.395116671751943,4.38044416202845,4.38044416202845,5.255810420462982,0.8753662584345321
Computación Emergente,2526-1,1,anon_232,4,9.835774737351556,9.39958427999963,8.038320761251441,8.334727558658955,9.166114599651223,8.038320761251441,9.835774737351556,1.7974539761001154
Computación Emergente,2526-1,1,anon_232,6,12.285478767259633,11.309156843893106,10.5734216429518,11.059825006337391,11.705856219123973,10.5734216429518,12.285478767259633,1.712057124307833
Computación Emergente,2526-1,1,anon_232,8,9.95414422660236,9.874879062316225,9.537132525158768,9.293553292034503,9.422172302781991,9.293553292034503,9.95414422660236,0.6605909345678569
Computación Emergente,2526-1,1,anon_233,4,1.005643847512605,1.2969573260037777,1.3347210238263791,1.1738915623159016,1.3556259811581608,1.005643847512605,1.3556259811581608,0.34998213364555575
Computación Emergente,2526-1,1,anon_233,6,0.14024677236296412,0.2815389129345647,0.6993205351629435,0.32533860818242033,0.8979110283696521,0.14024677236296412,0.8979110283696521,0.757664256006688
Computación Emergente,2526-1,1,anon_233,8,-0.13775216262400392,-0.009007119174270883,0.25277757678729174,-0.09520009051300349,-0.043681482133195004,-0.13775216262400392,0.25277757678729174,0.39052973941129565
Computación Emergente,2526-1,1,anon_234,4,7.101609228883854,7.699357193550689,7.3279952644013875,8.027483464472006,7.202567174899102,7.101609228883854,8.027483464472006,0.925874235588152
Computación Emergente,2526-1,1,anon_234,6,6.182737302632589,7.2743897318823585,6.656004110275296,7.0521512654377645,6.498969356107648,6.182737302632589,7.2743897318823585,1.0916524292497698
Computación Emergente,2526-1,1,anon_234,8,5.2681980243018245,5.891337770190232,5.662982032675672,5.697397726359675,5.419422998276257,5.2681980243018245,5.891337770190232,0.6231397458884071
Computación Emergente,2526-1,1,anon_235,4,7.032006477164003,6.710489840145797,6.016798400189828,6.035886752889503,6.673295806316261,6.016798400189828,7.032006477164003,1.0152080769741758
Computación Emergente,2526-1,1,anon_235,6,8.717251548728072,7.8643201386802986,7.85440489782988,7.8205548442311965,8.460457729216628,7.8205548442311965,8.717251548728072,0.8966967044968754
Computación Emergente,2526-1,1,anon_235,8,11.86626332548002,11.53622831966338,11.644010000106682,11.482456033683665,12.257891389193837,11.482456033683665,12.257891389193837,0.7754353555101723
Computación Emergente,2526-1,1,anon_236,4,0.7098401820350162,0.7694226584060573,1.284541335953275,1.0463235102407111,1.1494498996649618,0.7098401820350162,1.284541335953275,0.5747011539182587
Computación Emergente,2526-1,1,anon_236,6,0.10096671055908502,0.026652177317309622,0.783196703943311,0.36549796769743637,0.8094597195424882,0.026652177317309622,0.8094597195424882,0.7828075422251786
Computación Emergente,2526-1,1,anon_236,8,0.9243203425751219,0.9413858219567715,1.3490653684187102,1.0154448767456117,1.1143163158329763,0.9243203425751219,1.3490653684187102,0.4247450258435883
Computación Emergente,2526-1,1,anon_237,4,10.089456762986174,9.549529693615483,8.80948837554412,8.9105138955929,9.527339316971492,8.80948837554412,10.089456762986174,1.2799683874420538
Computación Emergente,2526-1,1,anon_237,6,12.016838442731995,11.01330947604977,10.641471740884313,10.903252845277862,11.152326095186908,10.641471740884313,12.016838442731995,1.3753667018476818
Computación Emergente,2526-1,1,anon_237,8,12.364365669606869,12.07912875152033,11.840372804133793,11.999130422843272,12.61873297170635,11.840372804133793,12.61873297170635,0.7783601675725578
Computación Emergente,2526-1,1,anon_238,4,-0.06113052043056655,-0.32173778137767783,0.6502175252313052,0.43348360961419985,0.4312985504145104,-0.32173778137767783,0.6502175252313052,0.971955306608983
Computación Emergente,2526-1,1,anon_238,6,-0.2426448368541685,-0.43814308048402495,0.35038604579858657,-0.01702362519880296,0.3167669096388792,-0.43814308048402495,0.35038604579858657,0.7885291262826115
Computación Emergente,2526-1,1,anon_238,8,-0.16964949340184177,-0.2487176484329936,0.13958158284131272,-0.043292510436934606,0.022384337349855343,-0.2487176484329936,0.13958158284131272,0.3882992312743063
Computación Emergente,2526-1,1,anon_239,4,1.911799988914865,1.9237522967723564,2.580768656822271,2.3192807471510033,2.3613840262441546,1.911799988914865,2.580768656822271,0.6689686679074063
Computación Emergente,2526-1,1,anon_239,6,1.3386676712936918,1.3284492214706844,2.145230813893436,1.6853174158210216,2.0319789596561364,1.3284492214706844,2.145230813893436,0.8167815924227515
Computación Emergente,2526-1,1,anon_239,8,0.9879780060787766,1.0042251675582676,1.4362639862082958,1.0774456713100058,1.1611139970330129,0.9879780060787766,1.4362639862082958,0.44828598012951915
Computación Emergente,2526-1,1,anon_240,4,-0.08872927785412799,-0.40359524965680293,0.6403110159209788,0.4232364647770268,0.39234111557283313,-0.40359524965680293,0.6403110159209788,1.0439062655777818
Computación Emergente,2526-1,1,anon_240,6,-0.23340614504590462,-0.43687839411438745,0.3799081631579426,0.016613625391165954,0.30370183526586914,-0.43687839411438745,0.3799081631579426,0.8167865572723301
Computación Emergente,2526-1,1,anon_240,8,-0.15137039296458,-0.23404867147909414,0.15152752852076645,-0.02037148839444214,0.03452311719295409,-0.23404867147909414,0.15152752852076645,0.3855761999998606
Computación Emergente,2526-1,1,anon_241,4,0.5110993477941008,0.3645095952663695,1.2535442593477804,0.9334458970606292,0.98547563386715,0.3645095952663695,1.2535442593477804,0.8890346640814109
Computación Emergente,2526-1,1,anon_241,6,0.10629991458421273,-0.10025560993970828,0.8794999119922693,0.4127935817983399,0.7575447595374527,-0.10025560993970828,0.8794999119922693,0.9797555219319776
Computación Emergente,2526-1,1,anon_241,8,-0.062468842590647,-0.18296895237109823,0.3361847528411417,-0.004214894280888615,0.09498316541342078,-0.18296895237109823,0.3361847528411417,0.5191537052122399
Computación Emergente,2526-1,1,anon_242,4,1.7695006557165343,1.678037227763454,2.54936868865484,2.226361062140221,2.2400154131256116,1.678037227763454,2.54936868865484,0.871331460891386
Computación Emergente,2526-1,1,anon_242,6,1.3370642949343932,1.2777308109875136,2.1969710901323367,1.693072884784474,1.9870563359194975,1.2777308109875136,2.1969710901323367,0.9192402791448231
Computación Emergente,2526-1,1,anon_242,8,1.013912067663238,1.0123387464308529,1.4673638057204759,1.1048104586996317,1.2079575583576379,1.0123387464308529,1.4673638057204759,0.455025059289623
Computación Emergente,2526-1,1,anon_243,4,0.42717424172087703,0.1824395752691217,1.2492049144327169,0.8740948599817671,0.9036459137221158,0.1824395752691217,1.2492049144327169,1.0667653391635952
Computación Emergente,2526-1,1,anon_243,6,0.11846101241219742,-0.11228824488152611,0.948086629147852,0.44331290685296665,0.7365297353568288,-0.11228824488152611,0.948086629147852,1.0603748740293781
Computación Emergente,2526-1,1,anon_243,8,-0.03785140294149869,-0.1572502979715793,0.37717768067825475,0.028372290050260318,0.13567846888232893,-0.1572502979715793,0.37717768067825475,0.534427978649834
Computación Emergente,2526-1,1,anon_244,4,-0.13260366314827365,-0.5453423618969566,0.6392833422665731,0.4091316202347599,0.3087295114166295,-0.5453423618969566,0.6392833422665731,1.1846257041635297
Computación Emergente,2526-1,1,anon_244,6,-0.1905462397350135,-0.3746910564641439,0.4813267035065891,0.1091436308541276,0.2810668575294457,-0.3746910564641439,0.4813267035065891,0.856017759970733
Computación Emergente,2526-1,1,anon_244,8,-0.10010990616570581,-0.150483346635788,0.204193782337029,0.03834089412020347,0.07038550009797007,-0.150483346635788,0.204193782337029,0.354677128972817
Computación Emergente,2526-2,1,anon_174,4,0.43836595762347486,0.5321056779939539,0.6281118583936021,0.37684820253065965,0.8268994910208036,0.37684820253065965,0.8268994910208036,0.450051288490144
Computación Emergente,2526-2,1,anon_174,6,0.05756063024769276,0.1138693367157586,0.4914279911889139,0.0502674116307773,0.31639415122533165,0.0502674116307773,0.4914279911889139,0.4411605795581366
Computación Emergente,2526-2,1,anon_174,8,-0.05039805709218825,-0.031068485322350625,0.1989470689294741,-0.09093663405550245,-0.17224658373429236,-0.17224658373429236,0.1989470689294741,0.37119365266376647
Computación Emergente,2526-2,1,anon_222,4,0.2606551836732365,0.4153638416973564,0.13761475729349115,-0.08682841249115825,0.6461111795546302,-0.08682841249115825,0.6461111795546302,0.7329395920457884
Computación Emergente,2526-2,1,anon_222,6,-0.2836198442932556,-0.10979194344153598,-0.19922537845437205,-0.5496668139196856,0.16238368636091138,-0.5496668139196856,0.16238368636091138,0.712050500280597
Computación Emergente,2526-2,1,anon_222,8,-0.16761975669005125,-0.010888387802893362,-0.039778184653712856,-0.2118845338519364,0.016207771457267484,-0.2118845338519364,0.016207771457267484,0.22809230530920388
Computación Emergente,2526-2,1,anon_244,4,-0.17722776804494345,-0.5194731593798991,-0.06324410573120076,-0.465815358712689,-0.13141375508807585,-0.5194731593798991,-0.06324410573120076,0.45622905364869837
Computación Emergente,2526-2,1,anon_244,6,-0.15346849380109973,-0.38468939103135824,-0.11711416176561329,-0.4857888515075075,-0.39558945861324446,-0.4857888515075075,-0.11711416176561329,0.3686746897418942
Computación Emergente,2526-2,1,anon_244,8,0.04958505741395314,-0.18816918921244508,-0.09305106547728315,-0.06312602949525115,0.00870375591996364,-0.18816918921244508,0.04958505741395314,0.2377542466263982
Computación Emergente,2526-2,1,anon_245,4,3.093966106981375,3.3596162249485033,2.601516721382251,2.9508306898858283,3.4732064499197612,2.601516721382251,3.4732064499197612,0.8716897285375103
Computación Emergente,2526-2,1,anon_245,6,1.6231080167889687,2.0678210189275745,1.7781623049237822,1.6614482886558832,2.6246972852931627,1.6231080167889687,2.6246972852931627,1.001589268504194
Computación Emergente,2526-2,1,anon_245,8,1.0598923944437324,1.4584477605287773,1.3805897626038313,0.9240868127409669,1.136064137209619,0.9240868127409669,1.4584477605287773,0.5343609477878104
Computación Emergente,2526-2,1,anon_246,4,0.29549029520736525,0.46281201648645975,0.1601706340614868,-0.05962578686262532,0.6826202551848866,-0.05962578686262532,0.6826202551848866,0.7422460420475119
Computación Emergente,2526-2,1,anon_246,6,-0.2746950805470476,-0.08806725737261445,-0.18757480842238294,-0.5439493014543757,0.19381662683171186,-0.5439493014543757,0.19381662683171186,0.7377659282860876
Computación Emergente,2526-2,1,anon_246,8,-0.16665287894447545,0.001413633523490887,-0.028349812659740792,-0.21544143639077618,0.027759377465883972,-0.21544143639077618,0.027759377465883972,0.24320081385666015
Computación Emergente,2526-2,1,anon_247,4,3.9066353379127605,4.292798320324756,3.871740003000724,4.069306717727926,4.514745398907528,3.871740003000724,4.514745398907528,0.6430053959068038
Computación Emergente,2526-2,1,anon_247,6,4.77081453528179,5.330679080211089,4.8389150711003985,5.3876183095922405,5.445030830397547,4.77081453528179,5.445030830397547,0.6742162951157571
Computación Emergente,2526-2,1,anon_247,8,5.632358242396159,5.911223821991202,5.633506472804202,5.814184628619337,5.613677759688936,5.613677759688936,5.911223821991202,0.2975460623022661
Computación Emergente,2526-2,1,anon_248,4,0.19603559372049517,0.3235504185401723,0.09415238688305294,-0.14043156776993726,0.5737965167635224,-0.14043156776993726,0.5737965167635224,0.7142280845334597
Computación Emergente,2526-2,1,anon_248,6,-0.29803261565898254,-0.1504382321369775,-0.22089588741994248,-0.5611875915660391,0.10036785414213512,-0.5611875915660391,0.10036785414213512,0.6615554457081743
Computación Emergente,2526-2,1,anon_248,8,-0.16730896472608947,-0.03418613154838113,-0.061927548880753136,-0.20492286726739195,-0.005612448755975663,-0.20492286726739195,-0.005612448755975663,0.1993104185114163
Computación Emergente,2526-2,1,anon_249,4,0.16620497871095807,0.27923697929468716,0.07344235192081783,-0.16662259191713247,0.5380976677402813,-0.16662259191713247,0.5380976677402813,0.7047202596574138
Computación Emergente,2526-2,1,anon_249,6,-0.30353441683548965,-0.16931296990722444,-0.23077024616169695,-0.566885992476486,0.06989331660086151,-0.566885992476486,0.06989331660086151,0.6367793090773475
Computación Emergente,2526-2,1,anon_249,8,-0.16603863583648604,-0.04514854499703347,-0.07250897377482346,-0.201501861657583,-0.015845918785167612,-0.201501861657583,-0.015845918785167612,0.18565594287241538
Computación Emergente,2526-2,1,anon_250,4,8.854491594640805,8.871947109098969,8.705517487967342,8.98307767706656,9.294885019792204,8.705517487967342,9.294885019792204,0.5893675318248626
Computación Emergente,2526-2,1,anon_250,6,9.788317616205418,9.919052783151784,9.809852350037744,10.485012729996953,10.343732139451987,9.788317616205418,10.485012729996953,0.6966951137915345
Computación Emergente,2526-2,1,anon_250,8,8.978352874341425,9.127955848271284,8.952186980487419,9.122585304407465,8.456227926380716,8.456227926380716,9.127955848271284,0.6717279218905681
Computación Emergente,2526-2,1,anon_251,4,4.300370980585306,4.539559990991052,4.227829038358578,4.483857809909594,4.843913343474348,4.227829038358578,4.843913343474348,0.6160843051157698
Computación Emergente,2526-2,1,anon_251,6,3.1158695867432264,3.510704847918203,3.541996445976733,3.5846288926246093,4.043788921513691,3.1158695867432264,4.043788921513691,0.9279193347704648
Computación Emergente,2526-2,1,anon_251,8,2.2922265925518808,2.635558713717103,2.6501847583444187,2.2381253001987425,2.178807621200402,2.178807621200402,2.6501847583444187,0.4713771371440165
Computación Emergente,2526-2,1,anon_252,4,10.72913358046874,10.583496813261746,10.551208573905726,10.723752238756802,11.014391773214356,10.551208573905726,11.014391773214356,0.46318319930863083
Computación Emergente,2526-2,1,anon_252,6,11.8263208364869,11.779145874462785,11.50794559870809,12.232508849426154,11.932648221248996,11.50794559870809,12.232508849426154,0.724563250718063
Computación Emergente,2526-2,1,anon_252,8,10.547644104423114,10.508428710252929,10.246430809352404,10.632858544464625,9.940349908343613,9.940349908343613,10.632858544464625,0.692508636121012
Computación Emergente,2526-2,1,anon_253,4,0.06266359632387264,0.11306744374017796,-0.0005372934579384037,-0.2647993665607089,0.39963986753178204,-0.2647993665607089,0.39963986753178204,0.664439234092491
Computación Emergente,2526-2,1,anon_253,6,-0.31452572131841805,-0.2347878273687911,-0.2623294059883108,-0.5878158040505355,-0.04709640461936715,-0.5878158040505355,-0.04709640461936715,0.5407193994311683
Computación Emergente,2526-2,1,anon_253,8,-0.15376909763831037,-0.08408801609794381,-0.11003056550545409,-0.18793657698078192,-0.051798043213878486,-0.18793657698078192,-0.051798043213878486,0.13613853376690344
Computación Emergente,2526-2,1,anon_254,4,0.7866047568376757,1.0931058243538274,0.7061834790354666,0.6099876469936163,1.3315863828249555,0.6099876469936163,1.3315863828249555,0.7215987358313392
Computación Emergente,2526-2,1,anon_254,6,0.035751271681355945,0.2535193792560335,0.33421301713624985,-0.06341617678556588,0.6914565042584968,-0.06341617678556588,0.6914565042584968,0.7548726810440627
Computación Emergente,2526-2,1,anon_254,8,-0.11315702071540557,0.048920667329788614,0.16267231546465766,-0.20495580919684642,-0.10259064450220023,-0.20495580919684642,0.16267231546465766,0.3676281246615041
Computación Emergente,2526-2,1,anon_255,4,0.7513629247827325,1.04393499623842,0.6959748128714622,0.5839775766067277,1.2905802658991803,0.5839775766067277,1.2905802658991803,0.7066026892924526
Computación Emergente,2526-2,1,anon_255,6,0.03461396797956695,0.23508628459055814,0.34371212465295287,-0.05900589467289308,0.6577845204949071,-0.05900589467289308,0.6577845204949071,0.7167904151678002
Computación Emergente,2526-2,1,anon_255,8,-0.10949184108253718,0.037212059534830644,0.1625709662694419,-0.198416147998266,-0.11206608311294275,-0.198416147998266,0.1625709662694419,0.3609871142677079
Computación Emergente,2526-2,1,anon_256,4,0.0004085066560151063,0.00040567039017957995,-0.04476810282541521,-0.32868890168738574,0.30189817606737535,-0.32868890168738574,0.30189817606737535,0.6305870777547611
Computación Emergente,2526-2,1,anon_256,6,-0.3119825550221549,-0.2732745103647005,-0.2761483896538124,-0.5995960002807266,-0.1279819889853826,-0.5995960002807266,-0.1279819889853826,0.47161401129534397
Computación Emergente,2526-2,1,anon_256,8,-0.1376217713099237,-0.10789668091084792,-0.1315872502830615,-0.17741901722013864,-0.07285179006574793,-0.17741901722013864,-0.07285179006574793,0.10456722715439071
Computación Emergente,2526-2,1,anon_257,4,3.9056979598004284,4.182985311944044,4.121114536296901,4.179896145738184,4.579031073575543,3.9056979598004284,4.579031073575543,0.6733331137751142
Computación Emergente,2526-2,1,anon_257,6,4.255271044042991,4.640748083098092,5.028441055005999,5.027017244168697,5.377327142280322,4.255271044042991,5.377327142280322,1.1220560982373309
Computación Emergente,2526-2,1,anon_257,8,3.425052948364499,3.74534832060797,3.904377463629779,3.5011683273973286,3.285396923085777,3.285396923085777,3.904377463629779,0.6189805405440021
Computación Emergente,2526-2,1,anon_258,4,0.6543625386655378,0.9020563758056923,0.669191009164642,0.513274858232144,1.1688289223416817,0.513274858232144,1.1688289223416817,0.6555540641095376
Computación Emergente,2526-2,1,anon_258,6,1.092611388054081,1.288385835198568,1.5217025221538591,1.147550377694479,1.807471993196149,1.092611388054081,1.807471993196149,0.7148606051420678
Computación Emergente,2526-2,1,anon_258,8,0.971270896350287,1.1318106367391536,1.3213950652794502,0.9595593981074799,0.9923378107979133,0.9595593981074799,1.3213950652794502,0.36183566717197024
Computación Emergente,2526-2,1,anon_259,4,0.624905365324345,0.8567524179882469,0.6616446511982517,0.49236080121414005,1.1288464610270452,0.49236080121414005,1.1288464610270452,0.6364856598129052
Computación Emergente,2526-2,1,anon_259,6,0.034946841409052354,0.17425354071152555,0.38638066513406244,-0.03494162191385897,0.5301432649997295,-0.03494162191385897,0.5301432649997295,0.5650848869135885
Computación Emergente,2526-2,1,anon_259,8,-0.09285570790678577,-0.0004979159873599315,0.1669020959107108,-0.1688698983248358,-0.14353782985509866,-0.1688698983248358,0.1669020959107108,0.3357719942355466
Computación Emergente,2526-2,1,anon_260,4,5.4671531299962055,5.66447148237841,5.702670899324161,5.877263035755231,5.801690703023196,5.4671531299962055,5.877263035755231,0.4101099057590254
Computación Emergente,2526-2,1,anon_260,6,5.353092789766399,5.726340905747181,5.468397775491871,5.930851930142762,5.360324757927321,5.353092789766399,5.930851930142762,0.5777591403763624
Computación Emergente,2526-2,1,anon_260,8,4.783873345073442,4.817089654877994,4.635866684053402,4.776578451144012,4.400692620933544,4.400692620933544,4.817089654877994,0.4163970339444498
Computación Emergente,2526-2,1,anon_261,4,-0.07801783629967929,-0.16458861114428203,-0.0937231856529337,-0.41067891812322443,0.15477756911742802,-0.41067891812322443,0.15477756911742802,0.5654564872406525
Computación Emergente,2526-2,1,anon_261,6,-0.2907605859398501,-0.3186366998631911,-0.2775079690480311,-0.6061783521504509,-0.24480693536520448,-0.6061783521504509,-0.24480693536520448,0.3613714167852464
Computación Emergente,2526-2,1,anon_261,8,-0.10018395668679148,-0.13756396235294233,-0.15197298252092395,-0.15757540453441266,-0.0940896997377152,-0.15757540453441266,-0.0940896997377152,0.06348570479669746
Computación Emergente,2526-2,1,anon_262,4,1.250214321879497,1.259784828230508,1.3572567908139561,1.0842122205514784,1.5282059070122997,1.0842122205514784,1.5282059070122997,0.4439936864608214
Computación Emergente,2526-2,1,anon_262,6,0.99562406943474,1.0646393008878405,1.078846415304497,0.813437771610495,1.0410740889918841,0.813437771610495,1.078846415304497,0.26540864369400197
Computación Emergente,2526-2,1,anon_262,8,1.0567138194122485,1.0296858838973506,1.0009205598245394,0.9969846874565995,0.9900217821086912,0.9900217821086912,1.0567138194122485,0.06669203730355733
Computación Emergente,2526-2,1,anon_263,4,-0.10174981796747318,-0.2229515877482413,-0.10435861528299029,-0.43408813273893543,0.10249081935511128,-0.43408813273893543,0.10249081935511128,0.5365789520940467
Computación Emergente,2526-2,1,anon_263,6,-0.2775840828926164,-0.33125215413461717,-0.2700729094565446,-0.6028876747778895,-0.2838314008962186,-0.6028876747778895,-0.2700729094565446,0.3328147653213449
Computación Emergente,2526-2,1,anon_263,8,-0.08244211250845979,-0.146388086715028,-0.1542828632734512,-0.14833404631932012,-0.09666274888488147,-0.1542828632734512,-0.08244211250845979,0.07184075076499141
Computación Emergente,2526-2,1,anon_264,4,-0.11217725476959117,-0.2506013979568422,-0.10779144236592231,-0.44376547176975123,0.07789623470453932,-0.44376547176975123,0.07789623470453932,0.5216617064742906
Computación Emergente,2526-2,1,anon_264,6,-0.27019705146943807,-0.3366364607955745,-0.2646354228168377,-0.5998075568836896,-0.3014555782286834,-0.5998075568836896,-0.2646354228168377,0.33517213406685187
Computación Emergente,2526-2,1,anon_264,8,-0.07312853897726512,-0.15028285049133672,-0.15417440265892424,-0.14336247601892183,-0.09643711043215575,-0.15417440265892424,-0.07312853897726512,0.08104586368165911
Computación Emergente,2526-2,1,anon_265,4,1.03595864080728,1.0175104333066827,1.1708624108394758,0.8465087516481873,1.327208256046056,0.8465087516481873,1.327208256046056,0.4806995043978688
Computación Emergente,2526-2,1,anon_265,6,0.9361324581447974,0.9849842513738594,1.0294498596681194,0.7560045578730268,0.9494432406383737,0.7560045578730268,1.0294498596681194,0.27344530179509263
Computación Emergente,2526-2,1,anon_265,8,1.0625130212800968,1.006754951747947,0.9861328909883298,1.0130597067086349,0.9964081119308972,0.9861328909883298,1.0625130212800968,0.07638013029176705
Computación Emergente,2526-2,1,anon_266,4,2.2164962459376767,2.300082607327944,2.4977580455788413,2.305575981540386,2.6705698823191106,2.2164962459376767,2.6705698823191106,0.45407363638143394
Computación Emergente,2526-2,1,anon_266,6,1.5368182663636816,1.6635503935033924,2.067921873926336,1.7004855921661424,1.9100774441955117,1.5368182663636816,2.067921873926336,0.5311036075626543
Computación Emergente,2526-2,1,anon_266,8,1.1235900195359037,1.18855389018659,1.4015763409533033,1.0832426250517493,0.9272786012483323,0.9272786012483323,1.4015763409533033,0.474297739704971
Computación Emergente,2526-2,1,anon_267,4,0.4208238425151336,0.4960831164966848,0.6272520916766595,0.36880483624769056,0.7920806407441319,0.36880483624769056,0.7920806407441319,0.4232758044964413
Computación Emergente,2526-2,1,anon_267,6,0.062405575592926255,0.11074052590351613,0.5059937380872626,0.06454590355016165,0.294123290155909,0.062405575592926255,0.5059937380872626,0.4435881624943363
Computación Emergente,2526-2,1,anon_267,8,-0.04417010546006139,-0.031427451417130214,0.2048970787668445,-0.07937236513249957,-0.17202709321826148,-0.17202709321826148,0.2048970787668445,0.37692417198510597
Computación Emergente,2526-2,1,anon_268,4,1.135978515532976,1.0158752315103072,1.317133745256072,0.9523148923049405,1.3251131064733528,0.9523148923049405,1.3251131064733528,0.3727982141684123
Computación Emergente,2526-2,1,anon_268,6,1.0347415999285658,0.9823850799124756,1.1247629229877347,0.8012023879996946,0.909613929366472,0.8012023879996946,1.1247629229877347,0.32356053498804016
Computación Emergente,2526-2,1,anon_268,8,1.1223389144185028,0.9799952314413929,1.0065882233751928,1.0304181306857814,1.0153914264004662,0.9799952314413929,1.1223389144185028,0.14234368297710986
Computación Emergente,2526-2,1,anon_269,4,0.3892855118460261,0.42667628798235313,0.6276073812436564,0.35664652094834537,0.7248724855055002,0.35664652094834537,0.7248724855055002,0.36822596455715484
Computación Emergente,2526-2,1,anon_269,6,0.07344482515044604,0.10580716884361152,0.5357628099729368,0.09528210320562636,0.25283310824901406,0.07344482515044604,0.5357628099729368,0.46231798482249076
Computación Emergente,2526-2,1,anon_269,8,-0.03103889264199111,-0.03093038614733956,0.21780788346639213,-0.055142245495126474,-0.1683677862413404,-0.1683677862413404,0.21780788346639213,0.38617566970773254
Computación Emergente,2526-2,1,anon_270,4,0.3752296401605193,0.39317223600483686,0.6287763954788659,0.35243239716992036,0.692567890349828,0.35243239716992036,0.692567890349828,0.34013549317990766
Computación Emergente,2526-2,1,anon_270,6,0.07963888008158193,0.10361490731337852,0.5508989952370911,0.11164849094694773,0.23387502748082056,0.07963888008158193,0.5508989952370911,0.47126011515550914
Computación Emergente,2526-2,1,anon_270,8,-0.024124299065274357,-0.030356976350233822,0.2247033909112801,-0.04251988913886606,-0.16471389311912077,-0.16471389311912077,0.2247033909112801,0.3894172840304009
Computación Emergente,2526-2,1,anon_271,4,-0.16638491284011536,-0.44046160024014114,-0.09377178034091571,-0.47596900131948416,-0.07922192568905473,-0.47596900131948416,-0.07922192568905473,0.39674707563042944
Computación Emergente,2526-2,1,anon_271,6,-0.19689077738726724,-0.3684045182262139,-0.18182322753318658,-0.5390419527278283,-0.3899392520585394,-0.5390419527278283,-0.18182322753318658,0.3572187251946417
Computación Emergente,2526-2,1,anon_271,8,0.0077272433482242775,-0.1751853892346773,-0.12466467356466637,-0.09404161736714656,-0.04857423037955044,-0.1751853892346773,0.0077272433482242775,0.18291263258290158
Computación Emergente,2526-2,1,anon_272,4,0.35039378382953856,0.32822657002320454,0.6329653710335492,0.3474574923522127,0.630768115890767,0.32822657002320454,0.6329653710335492,0.3047388010103447
Computación Emergente,2526-2,1,anon_272,6,0.09337360671825223,0.09880411348574825,0.5814998352278948,0.14609897974320063,0.19950954355685013,0.09337360671825223,0.5814998352278948,0.4881262285096426
Computación Emergente,2526-2,1,anon_272,8,-0.009570297703593411,-0.02929191513803886,0.2392050430508057,-0.01639368159262844,-0.15304465047105964,-0.15304465047105964,0.2392050430508057,0.39224969352186534
Computación Emergente,2526-2,1,anon_273,4,-0.1729945467432259,-0.48097311967529777,-0.08016810397178631,-0.4728129937820995,-0.10740741197179204,-0.48097311967529777,-0.08016810397178631,0.40080501570351146
Computación Emergente,2526-2,1,anon_273,6,-0.17561197220267388,-0.3761013230256083,-0.15116945684478367,-0.5141382672417194,-0.39600908188306505,-0.5141382672417194,-0.15116945684478367,0.36296881039693574
Computación Emergente,2526-2,1,anon_273,8,0.028681063288740205,-0.18138480342931018,-0.11008874150343217,-0.07905588403308883,-0.022311621222911526,-0.18138480342931018,0.028681063288740205,0.2100658667180504
Computación Emergente,2526-2,1,anon_274,4,-0.17539818749663993,-0.5004527825180816,-0.07209665865704551,-0.4697742185659166,-0.11991666789718636,-0.5004527825180816,-0.07209665865704551,0.42835612386103605
Computación Emergente,2526-2,1,anon_274,6,-0.16464094258664375,-0.38026365348736135,-0.134545561675111,-0.5003732944921353,-0.3965879127142671,-0.5003732944921353,-0.134545561675111,0.3658277328170243
Computación Emergente,2526-2,1,anon_274,8,0.03914650322785107,-0.18469165928914322,-0.10186252692498243,-0.07120267486754273,-0.007306526476277497,-0.18469165928914322,0.03914650322785107,0.2238381625169943
Computación Emergente,2526-2,1,anon_275,4,3.237922910734355,3.1606609494463385,3.8300155504095397,3.579106321416069,3.7279313601615494,3.1606609494463385,3.8300155504095397,0.6693546009632012
Computación Emergente,2526-2,1,anon_275,6,2.9043626322759977,2.923547268063036,3.6215816656084616,3.3676462361979835,3.245244976947796,2.9043626322759977,3.6215816656084616,0.717219033332464
Computación Emergente,2526-2,1,anon_275,8,2.3546069304469324,2.321095146905016,2.6395919551794504,2.456463032219208,2.169589615968725,2.169589615968725,2.6395919551794504,0.4700023392107253
Computación Emergente,2526-2,1,anon_276,4,3.8486532718105124,3.5725218043548423,4.389166408245018,3.961823303998237,3.94629923930297,3.5725218043548423,4.389166408245018,0.8166446038901753
Computación Emergente,2526-2,1,anon_276,6,3.9304641552365815,3.6169165377630534,4.1718437786809,3.887647749486433,3.5119248844984554,3.5119248844984554,4.1718437786809,0.6599188941824448
Computación Emergente,2526-2,1,anon_276,8,3.660534121568321,3.2066996171016733,3.437534750959083,3.5021252262158065,3.492032378768478,3.2066996171016733,3.660534121568321,0.45383450446664764
Computación Emergente,2526-2,1,anon_277,4,1.0562589298984761,0.7252763501963955,1.3431137512251041,0.8920663661735233,1.1287422559646032,0.7252763501963955,1.3431137512251041,0.6178374010287087
Computación Emergente,2526-2,1,anon_277,6,1.1229063600733582,0.8574466968372434,1.2603525910567654,0.8776652261955178,0.8506531207394232,0.8506531207394232,1.2603525910567654,0.4096994703173422
Computación Emergente,2526-2,1,anon_277,8,1.2233819056827606,0.9058192740951014,1.0704864822521891,1.1005431941917898,1.1777897706364087,0.9058192740951014,1.2233819056827606,0.3175626315876592
Computación Emergente,2526-2,1,anon_278,4,0.29467222159820494,0.11535933561967227,0.6638153399843745,0.359969490001248,0.44807610279578824,0.11535933561967227,0.6638153399843745,0.5484560043647022
Computación Emergente,2526-2,1,anon_278,6,0.15532628771226342,0.06136499297748799,0.6883489654377541,0.2776965763761936,0.12156132207957882,0.06136499297748799,0.6883489654377541,0.6269839724602662
Computación Emergente,2526-2,1,anon_278,8,0.04933450605357592,-0.0385399718513213,0.29385125364368037,0.08082868817665556,-0.042578340417591676,-0.042578340417591676,0.29385125364368037,0.33642959406127204
Computación Emergente,2526-2,1,anon_279,4,6.870155176304787,6.445914485988874,7.575798014149626,7.196422972219601,6.876347678227912,6.445914485988874,7.575798014149626,1.129883528160752
Computación Emergente,2526-2,1,anon_279,6,8.47314433517974,7.774401584472056,8.674479247664792,8.605334140732339,7.795983224707513,7.774401584472056,8.674479247664792,0.9000776631927359
Computación Emergente,2526-2,1,anon_279,8,10.92304860512158,9.997120522425405,10.39770961679308,10.936535618305832,11.399378994926252,9.997120522425405,11.399378994926252,1.4022584725008471
Computación Emergente,2526-2,1,anon_280,4,1.494817574680873,1.3324008915377377,1.9998694466269598,1.7286069021889432,1.7672132073201823,1.3324008915377377,1.9998694466269598,0.6674685550892221
Computación Emergente,2526-2,1,anon_280,6,1.4191079564313966,1.3326499412295973,2.0568444635793774,1.748519203112771,1.5461424616065287,1.3326499412295973,2.0568444635793774,0.7241945223497801
Computación Emergente,2526-2,1,anon_280,8,1.1866834492673703,1.0842402424807993,1.449671466196575,1.2944844911232494,1.1665758423447627,1.0842402424807993,1.449671466196575,0.36543122371577574
Computación Emergente,2526-2,1,anon_281,4,1.2679522534367678,1.1499421336007174,1.4568269715199644,1.4642174057720467,1.7152372565192118,1.1499421336007174,1.7152372565192118,0.5652951229184944
Computación Emergente,2526-2,1,anon_281,6,0.9001163356134221,0.6879316687920038,1.4074592117644986,1.3121527336219394,1.3724118036735686,0.6879316687920038,1.4074592117644986,0.7195275429724948
Computación Emergente,2526-2,1,anon_281,8,3.320728748230053,3.2267090864377863,3.717887362742191,3.5366717900876896,3.0732873720980614,3.0732873720980614,3.717887362742191,0.6445999906441298
Computación Emergente,2526-2,1,anon_282,4,0.2817845132681569,-0.0011718606675401588,0.6895998326951442,0.38234327850260286,0.3700451352975662,-0.0011718606675401588,0.6895998326951442,0.6907716933626844
Computación Emergente,2526-2,1,anon_282,6,0.1999381409480847,0.018866794615810534,0.7461355767527564,0.3542254740768698,0.11189611022300028,0.018866794615810534,0.7461355767527564,0.7272687821369459
Computación Emergente,2526-2,1,anon_282,8,0.08852948356831902,-0.057620506304893127,0.32486534614306706,0.1371849886533134,0.08956536502127577,-0.057620506304893127,0.32486534614306706,0.3824858524479602
Computación Emergente,2526-3,1,anon_174,4,0.5782583410915834,0.6246011285423876,0.677365883640185,0.528700079063043,0.9939624975846009,0.528700079063043,0.9939624975846009,0.4652624185215579
Computación Emergente,2526-3,1,anon_174,6,0.06752572732818862,0.10163528260442689,0.43948594263220286,0.10105711652295923,0.4513346911787508,0.06752572732818862,0.4513346911787508,0.3838089638505622
Computación Emergente,2526-3,1,anon_174,8,-0.04810772127273566,-0.04418570470242145,0.17945677908320334,-0.0966582526326718,-0.1172599884970964,-0.1172599884970964,0.17945677908320334,0.29671676758029975
Computación Emergente,2526-3,1,anon_283,4,3.039927494426113,3.288028761153541,2.762378319492555,2.971623075170953,3.4125302426073603,2.762378319492555,3.4125302426073603,0.6501519231148052
Computación Emergente,2526-3,1,anon_283,6,2.387362500491726,2.80933674084163,2.3751738986434816,2.5141265356186864,2.950810856653014,2.3751738986434816,2.950810856653014,0.5756369580095324
Computación Emergente,2526-3,1,anon_283,8,3.268794741202221,3.6091523621301285,3.3698652376011697,3.2736416552041128,3.3739452882606287,3.268794741202221,3.6091523621301285,0.34035762092790733
Computación Emergente,2526-3,1,anon_284,4,17.061684087052868,16.677759580180464,16.479688766472094,16.751050580214354,17.083861416874015,16.479688766472094,17.083861416874015,0.6041726504019209
Computación Emergente,2526-3,1,anon_284,6,17.803707000708044,17.59331071840637,16.850407687266795,17.872351052528217,17.426948123259052,16.850407687266795,17.872351052528217,1.0219433652614214
Computación Emergente,2526-3,1,anon_284,8,18.859487900041103,18.4545882762081,17.984255152769123,19.07596280724303,19.90197095236462,17.984255152769123,19.90197095236462,1.9177157995954985
Computación Emergente,2526-3,1,anon_285,4,18.075530339129045,17.322604243535665,17.237517781144987,17.835543298059378,17.989819898254552,17.237517781144987,18.075530339129045,0.838012557984058
Computación Emergente,2526-3,1,anon_285,6,20.58001073809598,20.080326339767424,19.39315094073436,20.44846673691032,19.982272762574155,19.39315094073436,20.58001073809598,1.1868597973616204
Computación Emergente,2526-3,1,anon_285,8,25.968250589308354,25.334400885356843,24.960774622607275,26.213248986446388,27.876475809851996,24.960774622607275,27.876475809851996,2.9157011872447214
Computación Emergente,2526-3,1,anon_286,4,15.801519850829266,15.440776711883785,15.212980697712766,15.549369389181749,15.774388888184177,15.212980697712766,15.801519850829266,0.5885391531164998
Computación Emergente,2526-3,1,anon_286,6,15.42834143870229,15.25745256261365,14.462681103950445,15.488901801377665,15.006269895610018,14.462681103950445,15.488901801377665,1.0262206974272203
Computación Emergente,2526-3,1,anon_286,8,18.798260690257393,18.40094394989586,17.899739008223847,19.015132735817758,19.85382545074455,17.899739008223847,19.85382545074455,1.9540864425207047
Computación Emergente,2526-3,1,anon_287,4,21.38851607533124,20.63569359798305,20.62258740264147,21.197917498508758,21.21170515398842,20.62258740264147,21.38851607533124,0.7659286726897676
Computación Emergente,2526-3,1,anon_287,6,23.26761888920612,22.90613031028019,22.117095309449724,23.226762041032316,22.594137667075927,22.117095309449724,23.26761888920612,1.1505235797563955
Computación Emergente,2526-3,1,anon_287,8,24.076017129310543,23.570432103904324,23.13116092593468,24.358081528542044,25.683561631269697,23.13116092593468,25.683561631269697,2.5524007053350175
Computación Emergente,2526-3,1,anon_288,4,14.784307498895402,15.053478580906301,14.606304211395326,14.492933371586446,15.229041167112712,14.492933371586446,15.229041167112712,0.7361077955262658
Computación Emergente,2526-3,1,anon_288,6,15.273392928868958,15.556539422100002,14.767681244698878,15.637928720577236,15.491566118313017,14.767681244698878,15.637928720577236,0.870247475878358
Computación Emergente,2526-3,1,anon_288,8,19.729003724588722,19.505836558893833,19.03963301370881,20.19934657461411,21.660480258191768,19.03963301370881,21.660480258191768,2.6208472444829596
Computación Emergente,2526-3,1,anon_289,4,0.25328949584056915,0.2666498206010104,0.08698854663568056,-0.06830967651345077,0.5666659553686202,-0.06830967651345077,0.5666659553686202,0.634975631882071
Computación Emergente,2526-3,1,anon_289,6,-0.2629944880975472,-0.20096602563381794,-0.2530180902715671,-0.522674318580755,0.08574327689229477,-0.522674318580755,0.08574327689229477,0.6084175954730497
Computación Emergente,2526-3,1,anon_289,8,-0.15579819202835665,-0.06547940460588819,-0.07997522996959106,-0.20546205049155475,-0.0006564776979374187,-0.20546205049155475,-0.0006564776979374187,0.20480557279361733
Computación Emergente,2526-3,1,anon_290,4,8.944829119599376,8.638059552250795,8.182570007647612,9.117701034949818,8.513108995373017,8.182570007647612,9.117701034949818,0.9351310273022051
Computación Emergente,2526-3,1,anon_290,6,7.961570532007016,8.076086470184507,7.2018258170660445,8.271528874836676,7.485684755824899,7.2018258170660445,8.271528874836676,1.0697030577706315
Computación Emergente,2526-3,1,anon_290,8,6.267976177819339,6.329190587048288,5.918800282245231,6.044241268522731,5.663033773986177,5.663033773986177,6.329190587048288,0.6661568130621109
Computación Emergente,2526-3,1,anon_291,4,2.3945237085325353,2.72492301016554,2.1115299431589065,2.2568016829528688,2.776597315591772,2.1115299431589065,2.776597315591772,0.6650673724328655
Computación Emergente,2526-3,1,anon_291,6,1.0607178771878303,1.1096864794092784,1.539600615227064,1.0411461700945264,1.9981741271161404,1.0411461700945264,1.9981741271161404,0.957027957021614
Computación Emergente,2526-3,1,anon_291,8,0.13171594016200316,0.3317713142563612,0.7356947924690123,-0.11441340204713413,-0.11084200138892442,-0.11441340204713413,0.7356947924690123,0.8501081945161464
Computación Emergente,2526-3,1,anon_292,4,8.269187884069169,8.122549158684677,7.8935776068670265,8.253357171765984,8.410252590749295,7.8935776068670265,8.410252590749295,0.5166749838822682
Computación Emergente,2526-3,1,anon_292,6,8.836972144950806,8.749194269151417,8.549558124612545,9.256320540756235,9.106904909149492,8.549558124612545,9.256320540756235,0.7067624161436896
Computación Emergente,2526-3,1,anon_292,8,7.720903253711846,7.871194154229784,7.649885041820475,7.618645264988238,7.113690426033303,7.113690426033303,7.871194154229784,0.7575037281964807
Computación Emergente,2526-3,1,anon_293,4,0.9480491680523926,1.180896288049901,0.7531557284173687,0.7768151962219676,1.4473496837727478,0.7531557284173687,1.4473496837727478,0.6941939553553791
Computación Emergente,2526-3,1,anon_293,6,0.06451399556291193,0.27633566748250615,0.3038814838815824,0.025730418716889858,0.8009215908605327,0.025730418716889858,0.8009215908605327,0.7751911721436429
Computación Emergente,2526-3,1,anon_293,8,-0.09986619094389226,0.05885669651127401,0.1463284386825343,-0.19063423654633027,-0.06476752859277468,-0.19063423654633027,0.1463284386825343,0.3369626752288646
Computación Emergente,2526-3,1,anon_294,4,0.9059091593166713,1.124216540677132,0.7425589665448697,0.7474314821659149,1.4046594158293857,0.7425589665448697,1.4046594158293857,0.662100449284516
Computación Emergente,2526-3,1,anon_294,6,0.06170891787130728,0.25278973332884647,0.31378525779908273,0.028634627212632324,0.76525627192472,0.028634627212632324,0.76525627192472,0.7366216447120877
Computación Emergente,2526-3,1,anon_294,8,-0.09636902432726657,0.043927166329837064,0.14675585792319978,-0.18398749113696056,-0.07339868115084158,-0.18398749113696056,0.14675585792319978,0.33074334906016034
Computación Emergente,2526-3,1,anon_295,4,2.2311221320780135,2.4972233344907337,2.0227041242551227,2.1155815016338586,2.640480569203916,2.0227041242551227,2.640480569203916,0.6177764449487935
Computación Emergente,2526-3,1,anon_295,6,1.0424807590534186,0.9861104801412068,1.5420964181047534,1.080374215231691,1.8950308520348145,0.9861104801412068,1.8950308520348145,0.9089203718936076
Computación Emergente,2526-3,1,anon_295,8,2.248862625756164,2.373581642393141,2.87862360770467,2.063784267772192,2.052767991057273,2.052767991057273,2.87862360770467,0.8258556166473969
Computación Emergente,2526-3,1,anon_296,4,0.8268471146450409,1.0141889019507815,0.7234090668765631,0.6922462578040793,1.319642040147352,0.6922462578040793,1.319642040147352,0.6273957823432728
Computación Emergente,2526-3,1,anon_296,6,0.05809483975297525,0.20995924319370118,0.33514075848427893,0.036491969072876884,0.6958029288498118,0.036491969072876884,0.6958029288498118,0.6593109597769349
Computación Emergente,2526-3,1,anon_296,8,-0.08859748178348781,0.017112894555147307,0.14913134725388844,-0.16965233796956625,-0.08856977018823642,-0.16965233796956625,0.14913134725388844,0.3187836852234547
Computación Emergente,2526-3,1,anon_297,4,14.559822730545164,14.952597899499523,14.431280893866443,14.119514015200053,15.075931595766662,14.119514015200053,15.075931595766662,0.9564175805666082
Computación Emergente,2526-3,1,anon_297,6,15.056333527604835,15.538846110795163,14.588647190115012,15.243113246093571,15.274205917794092,14.588647190115012,15.538846110795163,0.9501989206801511
Computación Emergente,2526-3,1,anon_297,8,17.490465432513233,17.503143395580494,16.89567898423877,17.91961178458871,19.065683716289897,16.89567898423877,19.065683716289897,2.170004732051126
Computación Emergente,2526-3,1,anon_298,4,10.235329318426295,9.920734115468719,9.95881684592672,10.037226738540568,10.17664433110781,9.920734115468719,10.235329318426295,0.3145952029575767
Computación Emergente,2526-3,1,anon_298,6,9.274621765693155,9.053791072998521,8.893719170774972,9.342068935616595,9.017258754221658,8.893719170774972,9.342068935616595,0.44834976484162326
Computación Emergente,2526-3,1,anon_298,8,7.877682246168327,7.908668856473085,7.706021209459358,7.677225650384443,7.0710978876524155,7.0710978876524155,7.908668856473085,0.8375709688206694
Computación Emergente,2526-3,1,anon_299,4,0.7211966849826581,0.8582090295791787,0.7002341278188666,0.6196223474947047,1.1940124103219034,0.6196223474947047,1.1940124103219034,0.5743900628271987
Computación Emergente,2526-3,1,anon_299,6,0.05733577865004236,0.15719082762345238,0.3709109416906884,0.05410251903578711,0.5972235761635147,0.05410251903578711,0.5972235761635147,0.5431210571277276
Computación Emergente,2526-3,1,anon_299,8,-0.0751367120304991,-0.01484710847287829,0.15664265773100183,-0.1453235760643281,-0.10575848358453044,-0.1453235760643281,0.15664265773100183,0.30196623379532994
Computación Emergente,2526-3,1,anon_300,4,19.94308090403061,19.25154861871303,19.393214802834677,19.678864589349985,19.49057889277418,19.25154861871303,19.94308090403061,0.691532285317578
Computación Emergente,2526-3,1,anon_300,6,22.083870761880974,21.761616044652385,21.0425143777519,21.944936405523464,21.153565474126424,21.0425143777519,22.083870761880974,1.0413563841290738
Computación Emergente,2526-3,1,anon_300,8,22.937229385389656,22.42412020307144,22.067617136900253,23.078393352723225,24.280687523177022,22.067617136900253,24.280687523177022,2.213070386276769
Computación Emergente,2526-3,1,anon_301,4,8.822612325254184,8.828905337347855,8.94216244289673,9.376785390663557,8.994614925126037,8.822612325254184,9.376785390663557,0.5541730654093726
Computación Emergente,2526-3,1,anon_301,6,8.956855794516002,9.201843658745048,8.835021626512841,9.62597426413953,8.58432364515928,8.58432364515928,9.62597426413953,1.041650618980249
Computación Emergente,2526-3,1,anon_301,8,9.81108311611706,9.761349795145236,9.418561720497383,9.96436778652464,9.364862567436262,9.364862567436262,9.96436778652464,0.5995052190883783
Computación Emergente,2526-3,1,anon_302,4,-0.03094187413039151,-0.2403085892397172,-0.08110066817850736,-0.34123162554963926,0.16026243453236333,-0.34123162554963926,0.16026243453236333,0.5014940600820026
Computación Emergente,2526-3,1,anon_302,6,-0.25003502583858506,-0.3644869818541423,-0.2915277071333122,-0.5642067186721107,-0.24046711672437482,-0.5642067186721107,-0.24046711672437482,0.3237396019477359
Computación Emergente,2526-3,1,anon_302,8,-0.07680775792825756,-0.16705992740982367,-0.15156575053507737,-0.152742759251268,-0.053851178789209087,-0.16705992740982367,-0.053851178789209087,0.11320874862061459
Computación Emergente,2526-3,1,anon_303,4,10.620333666680395,11.012048261296655,10.63307398372919,10.516311537234188,11.356838350339245,10.516311537234188,11.356838350339245,0.8405268131050576
Computación Emergente,2526-3,1,anon_303,6,10.240219969814945,10.734532857914928,10.356785829985796,10.80376953412329,11.033564875548194,10.240219969814945,11.033564875548194,0.7933449057332496
Computación Emergente,2526-3,1,anon_303,8,11.176525741043797,11.636401224164842,11.256449376878024,11.763272431566136,11.847083857397735,11.176525741043797,11.847083857397735,0.6705581163539378
Computación Emergente,2526-3,1,anon_304,4,1.8484102352102658,1.9497085213080023,1.802942270320881,1.8201153990617946,2.314483104876551,1.802942270320881,2.314483104876551,0.51154083455567
Computación Emergente,2526-3,1,anon_304,6,0.9971533442754072,0.7641869388832703,1.501412882650758,1.1942790614424332,1.6858702563956172,0.7641869388832703,1.6858702563956172,0.9216833175123469
Computación Emergente,2526-3,1,anon_304,8,0.17916236632371962,0.09154431243514694,0.6658221500280677,0.06578087903402974,-0.19213102973090201,-0.19213102973090201,0.6658221500280677,0.8579531797589697
Computación Emergente,2526-3,1,anon_305,4,15.852756425894881,16.257012420782672,15.675400563342862,15.174103812820817,16.40195127750974,15.174103812820817,16.40195127750974,1.2278474646889208
Computación Emergente,2526-3,1,anon_305,6,16.37259353172888,16.95375231650067,15.746370697714468,16.2532051441859,16.447228640530057,15.746370697714468,16.95375231650067,1.2073816187862008
Computación Emergente,2526-3,1,anon_305,8,15.354430129026653,15.54247789455411,14.774362208240646,15.778603259117247,16.791887649591217,14.774362208240646,16.791887649591217,2.017525441350571
Computación Emergente,2526-3,1,anon_306,4,6.3884738312561495,6.6463040097815025,6.504341719506627,6.537099077231844,7.208491984273294,6.3884738312561495,7.208491984273294,0.8200181530171449
Computación Emergente,2526-3,1,anon_306,6,6.859562192456551,7.041269039534882,7.375491744793621,7.688780151417603,8.036431798435203,6.859562192456551,8.036431798435203,1.176869605978652
Computación Emergente,2526-3,1,anon_306,8,9.455476639340581,9.847995695073905,9.841249481554428,10.001699618059973,9.877718583227,9.455476639340581,10.001699618059973,0.546222978719392
Computación Emergente,2526-3,1,anon_307,4,0.4914503598809361,0.4618130836591874,0.6730540977748234,0.4832577114728238,0.8467303781162201,0.4618130836591874,0.8467303781162201,0.3849172944570327
Computación Emergente,2526-3,1,anon_307,6,0.08537683360122372,0.08344839462181852,0.5007327425020307,0.15459090831861744,0.3545896738375873,0.08344839462181852,0.5007327425020307,0.4172843478802122
Computación Emergente,2526-3,1,anon_307,8,-0.02225752855602181,-0.04728527415936412,0.2056844275849059,-0.050619841614448546,-0.10645971540873944,-0.10645971540873944,0.2056844275849059,0.31214414299364535
Computación Emergente,2526-3,1,anon_308,4,11.761438648335385,11.493957224424904,11.67428435906622,11.444214983285832,11.91136120230425,11.444214983285832,11.91136120230425,0.46714621901841724
Computación Emergente,2526-3,1,anon_308,6,11.748974878268967,11.570319398658825,11.394214563779457,11.602740905078349,11.466973748830242,11.394214563779457,11.748974878268967,0.3547603144895106
Computación Emergente,2526-3,1,anon_308,8,11.613727450113757,11.423032768438546,11.187521830503897,11.662767797683799,11.62002605713775,11.187521830503897,11.662767797683799,0.47524596717990164
Computación Emergente,2526-3,1,anon_309,4,0.45639269602091304,0.3878115990334976,0.6751879151050844,0.46890422095897577,0.7786528128568051,0.3878115990334976,0.7786528128568051,0.3908412138233075
Computación Emergente,2526-3,1,anon_309,6,0.0974062278880865,0.08017275721199724,0.5328030117806577,0.18596078065836963,0.3139659035393976,0.08017275721199724,0.5328030117806577,0.45263025456866046
Computación Emergente,2526-3,1,anon_309,8,2.0464125844390395,2.0779903142689946,2.305393500106881,2.107553585468647,2.0728606410592647,2.0464125844390395,2.305393500106881,0.2589809156678413
Computación Emergente,2526-3,1,anon_310,4,13.592925714969454,13.262700796414236,13.474707129594492,13.158985740015822,13.643261870174484,13.158985740015822,13.643261870174484,0.484276130158662
Computación Emergente,2526-3,1,anon_310,6,13.441945233111397,13.233733318436862,12.929507611128969,13.1561546978119,12.982775004468579,12.929507611128969,13.441945233111397,0.5124376219824285
Computación Emergente,2526-3,1,anon_310,8,10.550138515036735,10.339255110378645,10.167637751548284,10.469712124797269,10.448371994207719,10.167637751548284,10.550138515036735,0.3825007634884514
Computación Emergente,2526-3,1,anon_311,4,0.42646791698563646,0.3180752909712723,0.6798943200903622,0.45953187504767357,0.7148302136038467,0.3180752909712723,0.7148302136038467,0.3967549226325744
Computación Emergente,2526-3,1,anon_311,6,0.11143967643663899,0.07849243607094536,0.565446295330311,0.2197353851622026,0.2791298598972105,0.07849243607094536,0.565446295330311,0.48695385925936563
Computación Emergente,2526-3,1,anon_311,8,0.007515965374494726,-0.039240469593536886,0.2369478785614305,0.0004419383648333053,-0.06926772649315183,-0.06926772649315183,0.2369478785614305,0.30621560505458234
Computación Emergente,2526-3,1,anon_312,4,7.091219084906008,7.345904128246346,7.325415322019282,7.395889531909717,8.07459338685321,7.091219084906008,8.07459338685321,0.983374301947201
Computación Emergente,2526-3,1,anon_312,6,6.69422123455724,6.962086211613453,7.216486765893734,7.5771806365122245,7.904578356248194,6.69422123455724,7.904578356248194,1.2103571216909543
Computación Emergente,2526-3,1,anon_312,8,7.138126891531012,7.465737408043903,7.542501325577852,7.683966450049219,7.388723076789951,7.138126891531012,7.683966450049219,0.5458395585182068
Computación Emergente,2526-3,1,anon_313,4,1.8556766223568317,1.7642022275091875,2.269929603435102,2.0811201431016713,2.2564538899262523,1.7642022275091875,2.269929603435102,0.5057273759259147
Computación Emergente,2526-3,1,anon_313,6,1.5001140266867665,1.5125755913946861,2.075512318768231,1.8068246515954485,1.7648255971905655,1.5001140266867665,2.075512318768231,0.5753982920814646
Computación Emergente,2526-3,1,anon_313,8,1.1752127757985278,1.1532169723484849,1.433752577008514,1.213929774175309,1.0904572287631495,1.0904572287631495,1.433752577008514,0.34329534824536445
Computación Emergente,2526-3,1,anon_314,4,0.8990513325888685,0.5750244112218326,1.0718400508081345,0.7184108851149205,1.04284471608716,0.5750244112218326,1.0718400508081345,0.4968156395863019
Computación Emergente,2526-3,1,anon_314,6,0.992276971428474,0.8284026176306156,1.0691188831603213,0.7994394717041473,0.87067421942659,0.7994394717041473,1.0691188831603213,0.269679411456174
Computación Emergente,2526-3,1,anon_314,8,1.1533176792219564,0.931490488445796,1.0284547825142702,1.0780383507594387,1.1972628554359588,0.931490488445796,1.1972628554359588,0.2657723669901628
Computación Emergente,2526-3,1,anon_315,4,1.4787310311993238,1.3780726184918564,1.8795004044955022,1.66470195668456,1.8205815197877797,1.3780726184918564,1.8795004044955022,0.5014277860036458
Computación Emergente,2526-3,1,anon_315,6,1.343129139135911,1.3821314186445406,1.9408795787152542,1.6977893672435407,1.6476802414387777,1.343129139135911,1.9408795787152542,0.5977504395793432
Computación Emergente,2526-3,1,anon_315,8,1.1478355090150139,1.1344315847363902,1.4173279053269905,1.2404053129901627,1.161325091486244,1.1344315847363902,1.4173279053269905,0.2828963205906003
Computación Emergente,2526-3,1,anon_316,4,12.335666949467765,12.481890445533935,12.202703563435847,11.87689357628021,12.976092749779383,11.87689357628021,12.976092749779383,1.0991991734991728
Computación Emergente,2526-3,1,anon_316,6,11.668185848801869,11.808528145096773,11.400799242273251,11.74024538475723,12.045723480564675,11.400799242273251,12.045723480564675,0.6449242382914235
Computación Emergente,2526-3,1,anon_316,8,11.226502777237435,11.315239801484594,11.008352144365041,11.618661949273488,12.044183771506482,11.008352144365041,12.044183771506482,1.035831627141441
Computación Emergente,2526-3,1,anon_317,4,1.4465419152627899,1.328311039402541,1.575455078228253,1.6052376303496523,1.9214818855351012,1.328311039402541,1.9214818855351012,0.5931708461325602
Computación Emergente,2526-3,1,anon_317,6,0.9552934302992995,0.7095565593070532,1.434313605346114,1.3473782141446422,1.4983060189664643,0.7095565593070532,1.4983060189664643,0.7887494596594111
Computación Emergente,2526-3,1,anon_317,8,0.22828607808013857,0.10657317308631775,0.6217651066002876,0.2800989156989324,-0.1119967123645651,-0.1119967123645651,0.6217651066002876,0.7337618189648527
Computación Emergente,2526-3,1,anon_318,4,-0.13448713274745216,-0.6180447422277808,0.006395107497255026,-0.36455026874300245,-0.1103618555504653,-0.6180447422277808,0.006395107497255026,0.6244398497250359
Computación Emergente,2526-3,1,anon_318,6,-0.08790372893795961,-0.40709960026384806,-0.05088215435660004,-0.36520557631699546,-0.30529251369546273,-0.40709960026384806,-0.05088215435660004,0.356217445907248
Computación Emergente,2526-3,1,anon_318,8,0.08933114698525202,-0.20172327913884658,-0.038166507637171776,-0.020035462361956746,0.13190102058459274,-0.20172327913884658,0.13190102058459274,0.3336242997234393
Computación Emergente,2526-3,1,anon_319,4,7.588018538212964,7.166164553779872,7.864992754790563,7.735750454992662,7.858913502598696,7.166164553779872,7.864992754790563,0.6988282010106914
Computación Emergente,2526-3,1,anon_319,6,9.03083546007909,8.627038801215512,9.134525450270075,9.319511673975484,9.149051062903212,8.627038801215512,9.319511673975484,0.6924728727599714
Computación Emergente,2526-3,1,anon_319,8,16.594593235914417,16.01754927414003,15.880845130197201,16.68773704612829,18.07855118035181,15.880845130197201,18.07855118035181,2.1977060501546077
Computación Emergente,2526-3,1,anon_320,4,0.9747841684227581,0.5435218175022527,1.2573180332911562,0.8587767358931728,1.0649747748110485,0.5435218175022527,1.2573180332911562,0.7137962157889035
Computación Emergente,2526-3,1,anon_320,6,1.1137443637656972,0.7997932847502653,1.242859951077989,0.933326881890892,0.9193601575969268,0.7997932847502653,1.242859951077989,0.4430666663277236
Computación Emergente,2526-3,1,anon_320,8,2.251888603493267,1.9276628931718847,2.1193932268994295,2.1831494867908248,2.377372028886011,1.9276628931718847,2.377372028886011,0.4497091357141265
Computación Emergente,2526-3,1,anon_321,4,5.135942345000643,4.605450610278352,5.621018869378091,5.4032291065326135,5.437380110747213,4.605450610278352,5.621018869378091,1.015568259099739
Computación Emergente,2526-3,1,anon_321,6,4.749019694645785,4.275426723391224,5.181743478309599,5.054939849026585,4.8091013959655555,4.275426723391224,5.181743478309599,0.9063167549183753
Computación Emergente,2526-3,1,anon_321,8,3.738598104047622,3.4381979252199457,3.85883645051225,3.7753511348712103,3.8547399174180326,3.4381979252199457,3.85883645051225,0.42063852529230417
Estructura de Datos,2425-3,2,anon_011,4,2.2726308046501345,2.416071923303491,1.6625746847266782,2.0126730420913646,1.89277973259982,1.6625746847266782,2.416071923303491,0.7534972385768128
Estructura de Datos,2425-3,2,anon_011,6,1.479955790990985,1.683045868615249,1.3029009648813101,1.5541070290769028,1.6499985815712677,1.3029009648813101,1.683045868615249,0.38014490373393883
Estructura de Datos,2425-3,2,anon_011,8,1.136700075935508,1.3650460010447176,1.126763166071683,1.2015361100121567,1.4352327575770474,1.126763166071683,1.4352327575770474,0.30846959150536435
Estructura de Datos,2425-3,2,anon_037,4,8.266633181312727,7.303463037302208,7.548462458625863,8.48051338076084,8.523190451461232,7.303463037302208,8.523190451461232,1.2197274141590242
Estructura de Datos,2425-3,2,anon_037,6,6.205193906343624,6.1660667569071705,6.303100648303811,6.334770916505249,6.69763111140567,6.1660667569071705,6.69763111140567,0.5315643544984994
Estructura de Datos,2425-3,2,anon_037,8,5.412196477720329,5.567031531838893,5.5039819132393575,5.541787869722469,5.6325429795191155,5.412196477720329,5.6325429795191155,0.22034650179878668
Estructura de Datos,2425-3,2,anon_050,4,3.1705881594535867,2.911857457903011,3.373771872247403,3.3556027132003123,3.0922821806303773,2.911857457903011,3.373771872247403,0.46191441434439184
Estructura de Datos,2425-3,2,anon_050,6,2.156846272708904,1.7831145349883002,2.131326753752788,2.5724908147879475,2.1448765032755333,1.7831145349883002,2.5724908147879475,0.7893762797996473
Estructura de Datos,2425-3,2,anon_050,8,1.7771754109631956,1.5056906154674152,2.0000880228494964,2.226375001309073,1.912328106961212,1.5056906154674152,2.226375001309073,0.7206843858416576
Estructura de Datos,2425-3,2,anon_052,4,11.12179764171151,10.073609956169093,11.442528600510514,10.830897212817945,11.705508241931057,10.073609956169093,11.705508241931057,1.631898285761963
Estructura de Datos,2425-3,2,anon_052,6,9.964819831930818,9.30211467369503,10.097933689812244,10.107874539585282,10.344682353430414,9.30211467369503,10.344682353430414,1.0425676797353844
Estructura de Datos,2425-3,2,anon_052,8,9.096412029946592,8.765317695719975,9.427211578867315,9.483052956463254,9.354790989932454,8.765317695719975,9.483052956463254,0.7177352607432788
Estructura de Datos,2425-3,2,anon_055,4,3.1753612077158095,2.6351681970047593,3.186923061735797,3.415827279445409,3.241074526072566,2.6351681970047593,3.415827279445409,0.7806590824406499
Estructura de Datos,2425-3,2,anon_055,6,2.287368084007447,1.6046938064550318,2.0151064516176973,2.7958247415841306,2.3936151633420764,1.6046938064550318,2.7958247415841306,1.1911309351290988
Estructura de Datos,2425-3,2,anon_055,8,1.9788629562728204,1.4313144429231386,2.032176568557901,2.5145007741827783,2.2001790930873,1.4313144429231386,2.5145007741827783,1.0831863312596397
Estructura de Datos,2425-3,2,anon_301,4,14.89486712221742,13.984225357648938,15.918796076461149,14.81387815308426,15.088025095934427,13.984225357648938,15.918796076461149,1.9345707188122105
Estructura de Datos,2425-3,2,anon_301,6,15.53148635632121,15.313055085194605,16.766576808037655,15.149768180138793,15.35313440472558,15.149768180138793,16.766576808037655,1.6168086278988625
Estructura de Datos,2425-3,2,anon_301,8,15.525927492217079,15.43526176614057,16.380633298234955,15.287416057330688,14.900796532549833,14.900796532549833,16.380633298234955,1.4798367656851212
Estructura de Datos,2425-3,2,anon_322,4,12.73225031445736,11.13233048753591,11.788471363573535,12.618851633227678,12.975346695920052,11.13233048753591,12.975346695920052,1.8430162083841424
Estructura de Datos,2425-3,2,anon_322,6,15.966872083891502,15.180171869387934,16.332150430571858,15.579016258832837,16.45299302158358,15.180171869387934,16.45299302158358,1.2728211521956467
Estructura de Datos,2425-3,2,anon_322,8,19.287403979922203,18.57522639064979,19.73910985516028,18.964176081871926,19.10879474463553,18.57522639064979,19.73910985516028,1.1638834645104907
Estructura de Datos,2425-3,2,anon_323,4,13.965152695412598,11.803898394378393,13.59108447123117,14.02846093495873,14.490186696438286,11.803898394378393,14.490186696438286,2.686288302059893
Estructura de Datos,2425-3,2,anon_323,6,16.22871067215422,15.233798356157365,16.610414362351605,15.693702936030661,16.499083898938466,15.233798356157365,16.610414362351605,1.37661600619424
Estructura de Datos,2425-3,2,anon_323,8,18.307981119438352,17.52267778550936,18.688352701199506,17.92337262345012,18.01174836379522,17.52267778550936,18.688352701199506,1.165674915690147
Estructura de Datos,2425-3,2,anon_324,4,2.817061025731107,3.233677193939087,1.4583265708904491,1.6887769982697591,2.2162492640086384,1.4583265708904491,3.233677193939087,1.775350623048638
Estructura de Datos,2425-3,2,anon_324,6,1.7542751260635043,2.388432785084593,0.9856662693209302,1.0628324817701724,1.7101197022742127,0.9856662693209302,2.388432785084593,1.4027665157636626
Estructura de Datos,2425-3,2,anon_324,8,1.2750117310850015,1.798331105901152,0.5869150287387015,0.6455242068000473,1.3769312556955526,0.5869150287387015,1.798331105901152,1.2114160771624505
Estructura de Datos,2425-3,2,anon_325,4,8.866204190798726,7.617554526904996,8.074122904866499,8.766790016215054,8.832356858863932,7.617554526904996,8.866204190798726,1.2486496638937297
Estructura de Datos,2425-3,2,anon_325,6,6.331574552416285,6.137353771059097,6.096259235907432,6.030704422218335,6.4205993701094,6.030704422218335,6.4205993701094,0.38989494789106516
Estructura de Datos,2425-3,2,anon_325,8,5.411825933941543,5.414341267361749,5.043759773262153,5.114660786499442,5.3834595592409045,5.043759773262153,5.414341267361749,0.3705814940995964
Estructura de Datos,2425-3,2,anon_326,4,2.8176735958057577,2.927333830959462,1.7626744833269186,2.2804840523196503,2.4174127236797176,1.7626744833269186,2.927333830959462,1.1646593476325435
Estructura de Datos,2425-3,2,anon_326,6,1.9041167538908095,2.2584423260153415,1.542330490087373,1.717336116157668,2.188694748651498,1.542330490087373,2.2584423260153415,0.7161118359279683
Estructura de Datos,2425-3,2,anon_326,8,1.4926972181626716,1.8507707746326645,1.2032175625643902,1.2821058557252414,1.8344154160083477,1.2032175625643902,1.8507707746326645,0.6475532120682743
Estructura de Datos,2425-3,2,anon_327,4,9.262282231574773,8.417134725710639,8.700635679196012,9.260302684312819,9.370691584004817,8.417134725710639,9.370691584004817,0.9535568582941778
Estructura de Datos,2425-3,2,anon_327,6,8.639387878223445,8.44659642271128,8.821239643803224,8.57385932825504,8.963342874171147,8.44659642271128,8.963342874171147,0.5167464514598663
Estructura de Datos,2425-3,2,anon_327,8,10.067948495446586,9.892464438140166,10.21307597398797,9.991319160745746,10.031228991787117,9.892464438140166,10.21307597398797,0.320611535847803
Estructura de Datos,2425-3,2,anon_328,4,14.375983586391612,12.557671258137134,14.291578267544992,14.456008039144763,15.135998299190305,12.557671258137134,15.135998299190305,2.5783270410531713
Estructura de Datos,2425-3,2,anon_328,6,12.447764668801312,11.935796702926268,13.017063124836369,12.480081515795604,13.004660602345751,11.935796702926268,13.017063124836369,1.081266421910101
Estructura de Datos,2425-3,2,anon_328,8,11.239243897341964,11.095919305221429,11.753941795331741,11.496328891595226,11.274169641791445,11.095919305221429,11.753941795331741,0.6580224901103122
Estructura de Datos,2425-3,2,anon_329,4,20.018609582982208,17.908691421057938,20.553647417119464,19.675281640173125,20.89896782190135,17.908691421057938,20.89896782190135,2.9902764008434133
Estructura de Datos,2425-3,2,anon_329,6,20.765141309903356,19.748037724485698,21.848079288521262,20.122854399502785,21.074293896518157,19.748037724485698,21.848079288521262,2.100041564035564
Estructura de Datos,2425-3,2,anon_329,8,19.332964708500526,18.734276327796806,20.23703781457732,19.025766081107292,18.972631026441547,18.734276327796806,20.23703781457732,1.5027614867805141
Estructura de Datos,2425-3,2,anon_330,4,20.663098000042737,18.47288760946185,20.957428510747377,20.283518954307056,21.660038478155002,18.47288760946185,21.660038478155002,3.187150868693152
Estructura de Datos,2425-3,2,anon_330,6,18.297232152595683,17.608993682226725,19.340463668340874,18.014057849784763,18.94033128587884,17.608993682226725,19.340463668340874,1.7314699861141492
Estructura de Datos,2425-3,2,anon_330,8,16.802104513378197,16.586881524185458,17.710135681653753,16.947256121327598,16.77523358496711,16.586881524185458,17.710135681653753,1.1232541574682955
Estructura de Datos,2425-3,2,anon_331,4,2.186966955404955,2.487683259324001,1.5076622376373052,1.73508293924192,1.7488304037267426,1.5076622376373052,2.487683259324001,0.9800210216866958
Estructura de Datos,2425-3,2,anon_331,6,1.304848133200018,1.6907664262691497,1.0026894431420459,1.163692160288214,1.38508518552878,1.0026894431420459,1.6907664262691497,0.6880769831271039
Estructura de Datos,2425-3,2,anon_331,8,0.920844214334636,1.2903874881990092,0.6800555927941332,0.7773298391745129,1.1591009790559639,0.6800555927941332,1.2903874881990092,0.610331895404876
Estructura de Datos,2425-3,2,anon_332,4,2.0148396891833045,2.341776207415535,1.442444746090814,1.337840655995933,1.3789728657147862,1.337840655995933,2.341776207415535,1.0039355514196018
Estructura de Datos,2425-3,2,anon_332,6,1.0751681167994604,1.4545613553665078,0.7247894244993631,0.7085522728226863,0.8896624819338257,0.7085522728226863,1.4545613553665078,0.7460090825438215
Estructura de Datos,2425-3,2,anon_332,8,0.6994666524401794,1.0083707044279606,0.3711238444423657,0.33914104848736315,0.7128332953776351,0.33914104848736315,1.0083707044279606,0.6692296559405975
Estructura de Datos,2425-3,2,anon_333,4,3.4750029749965847,3.756818987843957,3.1095428551600435,2.5477920042303595,2.586906412986764,2.5477920042303595,3.756818987843957,1.2090269836135974
Estructura de Datos,2425-3,2,anon_333,6,2.4032975957386213,2.6829839882661375,2.057718236245286,1.6631482830885744,1.8255734609825112,1.6631482830885744,2.6829839882661375,1.019835705177563
Estructura de Datos,2425-3,2,anon_333,8,3.052919204339915,3.2071351293218697,2.6591816615593586,2.341990207021979,2.700072405491909,2.341990207021979,3.2071351293218697,0.8651449222998906
Estructura de Datos,2425-3,2,anon_334,4,3.773661895999197,3.6833568634112908,3.565728205684536,3.796069184976318,3.5833226192294205,3.565728205684536,3.796069184976318,0.23034097929178188
Estructura de Datos,2425-3,2,anon_334,6,2.6234035727002123,2.5887399961304567,2.5653759287648157,2.8244021889983237,2.7028769616875223,2.5653759287648157,2.8244021889983237,0.25902626023350805
Estructura de Datos,2425-3,2,anon_334,8,3.2749892277892627,3.3296796588503454,3.46741827990083,3.5514964153121618,3.5470554633354325,3.2749892277892627,3.5514964153121618,0.27650718752289905
Estructura de Datos,2425-3,2,anon_335,4,1.9561880202857083,2.0700287442766694,1.5644874558136053,0.9602722182191883,1.000806754737141,0.9602722182191883,2.0700287442766694,1.109756526057481
Estructura de Datos,2425-3,2,anon_335,6,2.1255009944325707,2.3377506548674774,1.852387019279945,1.4873388108139949,1.6107602850569833,1.4873388108139949,2.3377506548674774,0.8504118440534825
Estructura de Datos,2425-3,2,anon_335,8,1.8110550931198475,1.850204218345823,1.4432729775370206,1.1296684119568,1.4594745111852205,1.1296684119568,1.850204218345823,0.720535806389023
Estructura de Datos,2425-3,2,anon_336,4,6.963689419092134,6.439404920858522,6.84463605623796,7.167227550786265,7.25520811933302,6.439404920858522,7.25520811933302,0.815803198474498
Estructura de Datos,2425-3,2,anon_336,6,5.368420932112116,5.0560831844282985,5.307262032292227,5.692148435112244,5.673069322119581,5.0560831844282985,5.692148435112244,0.6360652506839459
Estructura de Datos,2425-3,2,anon_336,8,4.774295828801716,4.633996697260034,4.931959151157628,5.152442089022188,4.993736468036545,4.633996697260034,5.152442089022188,0.5184453917621532
Estructura de Datos,2425-3,2,anon_337,4,4.7510628276528735,4.836075423994856,5.13276916330787,4.584393109803216,4.322695253434631,4.322695253434631,5.13276916330787,0.810073909873239
Estructura de Datos,2425-3,2,anon_337,6,3.537539093081108,3.5659424567447218,3.618629968262521,3.2970401872668376,3.123162074692516,3.123162074692516,3.618629968262521,0.4954678935700052
Estructura de Datos,2425-3,2,anon_337,8,3.0263928019111432,3.000341276723219,2.9177540764512457,2.7320599224180455,2.699329114814475,2.699329114814475,3.0263928019111432,0.32706368709666833
Estructura de Datos,2425-3,2,anon_338,4,1.6117789200055768,1.7041355320639013,1.5432988291956917,1.4901317437372654,1.2160603274239747,1.2160603274239747,1.7041355320639013,0.4880752046399266
Estructura de Datos,2425-3,2,anon_338,6,0.8041085062547921,0.839667190734545,0.7633069029135271,0.9716134782222525,0.7264817654465645,0.7264817654465645,0.9716134782222525,0.24513171277568802
Estructura de Datos,2425-3,2,anon_338,8,0.4933367782039113,0.5353161780799667,0.5974729036723545,0.6570848160025662,0.6001472813645421,0.4933367782039113,0.6570848160025662,0.16374803779865488
Estructura de Datos,2425-3,2,anon_339,4,3.3968846273047575,3.249759832597192,3.443939866722303,3.5217290936341215,3.2684297636444626,3.249759832597192,3.5217290936341215,0.2719692610369293
Estructura de Datos,2425-3,2,anon_339,6,2.3346720681350916,2.1200341096459283,2.3054504982472466,2.6697596065637583,2.355872874074848,2.1200341096459283,2.6697596065637583,0.54972549691783
Estructura de Datos,2425-3,2,anon_339,8,3.009741044982462,2.9228920667021043,3.2708733802441543,3.4340337620470933,3.2542028181137894,2.9228920667021043,3.4340337620470933,0.511141695344989
Estructura de Datos,2425-3,2,anon_340,4,1.6700196068388777,1.578705408119049,1.5750662387740704,1.7181363864451669,1.3684192582666128,1.3684192582666128,1.7181363864451669,0.34971712817855405
Estructura de Datos,2425-3,2,anon_340,6,0.9456942720442925,0.7498694512660649,0.8646081520449229,1.3286838138523223,0.9540528113738418,0.7498694512660649,1.3286838138523223,0.5788143625862574
Estructura de Datos,2425-3,2,anon_340,8,0.6662723503817176,0.5366483312235175,0.8557983068634627,1.0641300944918726,0.8564173310896024,0.5366483312235175,1.0641300944918726,0.527481763268355
Estructura de Datos,2425-3,2,anon_341,4,1.4956136298001184,1.4676415104383977,1.5815106794887015,1.448873492979601,1.1264412253726732,1.1264412253726732,1.5815106794887015,0.4550694541160283
Estructura de Datos,2425-3,2,anon_341,6,0.7025074602157417,0.5971545440529553,0.7040575865794381,0.939903656983418,0.5887737089029628,0.5887737089029628,0.939903656983418,0.3511299480804553
Estructura de Datos,2425-3,2,anon_341,8,0.4119489144209183,0.31254960156741163,0.5790194667932269,0.6477636256850872,0.4862278349598341,0.31254960156741163,0.6477636256850872,0.33521402411767554
Estructura de Datos,2425-3,2,anon_342,4,1.500283523852886,1.414131286016982,1.6539754490281666,1.1946241960943098,0.9470594881545367,0.9470594881545367,1.6539754490281666,0.70691596087363
Estructura de Datos,2425-3,2,anon_342,6,0.6536447211159242,0.5024051170046846,0.600222549718012,0.5735544810963518,0.3346235257056236,0.3346235257056236,0.6536447211159242,0.3190211954103006
Estructura de Datos,2425-3,2,anon_342,8,0.3766156977073365,0.14411437380596226,0.34785826923109653,0.2622468148506698,0.2519375777300752,0.14411437380596226,0.3766156977073365,0.23250132390137423
Estructura de Datos,2425-3,2,anon_343,4,6.4336906517390275,5.883281793116161,6.968752149223064,6.536413730546201,6.682813094501853,5.883281793116161,6.968752149223064,1.085470356106903
Estructura de Datos,2425-3,2,anon_343,6,4.7820769749442285,4.194991335342614,4.859253201617907,5.071646292986692,4.763887742310441,4.194991335342614,5.071646292986692,0.8766549576440781
Estructura de Datos,2425-3,2,anon_343,8,4.169066372112297,3.7589966296935984,4.43870583178845,4.564167187104463,4.233129819262864,3.7589966296935984,4.564167187104463,0.8051705574108645
Estructura de Datos,2425-3,2,anon_344,4,1.561248479027654,1.1943049248247917,1.8808735135366987,0.9972560266398887,0.7602364253259566,0.7602364253259566,1.8808735135366987,1.1206370882107421
Estructura de Datos,2425-3,2,anon_344,6,0.6761904562922467,0.236032037531146,0.5913397436953289,0.2935595370876172,0.09201438976720056,0.09201438976720056,0.6761904562922467,0.5841760665250462
Estructura de Datos,2425-3,2,anon_344,8,0.4203556001745028,-0.16569694392330803,0.24993305338657024,-0.011440785776244411,0.06728088333119331,-0.16569694392330803,0.4203556001745028,0.5860525440978108
Estructura de Datos,2425-3,2,anon_345,4,4.6628939536306575,4.0730022338420895,5.1386257394627535,4.797489374041874,4.785779358453809,4.0730022338420895,5.1386257394627535,1.065623505620664
Estructura de Datos,2425-3,2,anon_345,6,6.54270208709476,5.916910619782271,6.660400935932717,7.035764854462133,6.652815003465815,5.916910619782271,7.035764854462133,1.118854234679862
Estructura de Datos,2425-3,2,anon_345,8,6.219853373101685,5.740943531166636,6.569012923014508,6.750948488993167,6.510233593285207,5.740943531166636,6.750948488993167,1.0100049578265313
Estructura de Datos,2526-1,2,anon_012,4,2.4475260694050576,2.397339870862254,1.8199190209124936,2.2363180707616266,2.0441919660938765,1.8199190209124936,2.4475260694050576,0.627607048492564
Estructura de Datos,2526-1,2,anon_012,6,1.7111935546430175,1.7322130653309493,1.5274132005949,1.9042087556414096,1.8898077970415734,1.5274132005949,1.9042087556414096,0.37679555504650963
Estructura de Datos,2526-1,2,anon_012,8,1.404189513560567,1.4955549662419898,1.497272337516268,1.6179621384596308,1.6656777969319556,1.404189513560567,1.6656777969319556,0.2614882833713885
Estructura de Datos,2526-1,2,anon_060,4,2.692239530335314,2.302705612955151,2.985093840546483,3.0187029042399445,2.6597912375835904,2.302705612955151,3.0187029042399445,0.7159972912847934
Estructura de Datos,2526-1,2,anon_060,6,2.9632963814064084,2.4870586644599513,2.9881768794749064,3.599113032117849,3.0607686697806713,2.4870586644599513,3.599113032117849,1.1120543676578976
Estructura de Datos,2526-1,2,anon_060,8,2.705871751343409,2.3107409450707337,3.00180047644551,3.3473844283904697,2.982630186327299,2.3107409450707337,3.3473844283904697,1.036643483319736
Estructura de Datos,2526-1,2,anon_324,4,2.634737329641922,3.062620193509872,1.4402225984376855,1.6076806245159787,2.0215936742649774,1.4402225984376855,3.062620193509872,1.6223975950721865
Estructura de Datos,2526-1,2,anon_324,6,1.6008913127458264,2.2120938185657586,0.9276209272907749,0.982029279356766,1.5379424332904819,0.9276209272907749,2.2120938185657586,1.2844728912749837
Estructura de Datos,2526-1,2,anon_324,8,1.1420600042849003,1.6563409552837864,0.5364832021442965,0.577331352426171,1.2440367313290253,0.5364832021442965,1.6563409552837864,1.11985775313949
Estructura de Datos,2526-1,2,anon_333,4,2.100858856454238,2.332433231501625,1.5115006858750348,0.9992560085709101,1.1270385716188684,0.9992560085709101,2.332433231501625,1.3331772229307148
Estructura de Datos,2526-1,2,anon_333,6,1.1055331977493594,1.3705230545998077,0.6606772259719946,0.3409619629309475,0.5805402529050525,0.3409619629309475,1.3705230545998077,1.0295610916688602
Estructura de Datos,2526-1,2,anon_333,8,0.7405346950664295,0.860453341767311,0.295946470641411,-0.012042866961536447,0.47093954694989293,-0.012042866961536447,0.860453341767311,0.8724962087288475
Estructura de Datos,2526-1,2,anon_336,4,4.709408941267384,4.5211519777103035,4.300660222823922,4.707924730383638,4.512408228032143,4.300660222823922,4.709408941267384,0.40874871844346217
Estructura de Datos,2526-1,2,anon_336,6,5.098100850785464,4.994831566431376,5.11841694880774,5.513167445362161,5.518475771595227,4.994831566431376,5.518475771595227,0.5236442051638512
Estructura de Datos,2526-1,2,anon_336,8,6.926939132729885,6.923505570424112,7.299078914490352,7.364516767476118,7.3076258130866165,6.923505570424112,7.364516767476118,0.4410111970520063
Estructura de Datos,2526-1,2,anon_342,4,6.2901033458286975,6.348961650099909,6.770709842401629,6.252051294647799,6.058268919182751,6.058268919182751,6.770709842401629,0.7124409232188782
Estructura de Datos,2526-1,2,anon_342,6,5.713439417674866,5.708478849556425,6.160256492658716,5.652898077440856,5.500310993300033,5.500310993300033,6.160256492658716,0.6599454993586829
Estructura de Datos,2526-1,2,anon_342,8,5.29846068979721,5.160138281324578,5.530722883396837,5.146241158597363,4.962542454152043,4.962542454152043,5.530722883396837,0.5681804292447943
Estructura de Datos,2526-1,2,anon_346,4,3.4176101202173754,3.303173235191025,2.1621212586719594,2.7957215503861335,3.0281699060122236,2.1621212586719594,3.4176101202173754,1.255488861545416
Estructura de Datos,2526-1,2,anon_346,6,2.353016157731986,2.723939881727617,2.12850544540867,2.1733182849247275,2.8266127017115323,2.12850544540867,2.8266127017115323,0.6981072563028623
Estructura de Datos,2526-1,2,anon_346,8,1.876113957443355,2.3302385304452855,1.7478173048885282,1.6885854963036486,2.300096860777316,1.6885854963036486,2.3302385304452855,0.6416530341416369
Estructura de Datos,2526-1,2,anon_347,4,3.2322473188403933,3.2363649659615987,1.8263796458850265,2.4701759792080225,2.8434141675665785,1.8263796458850265,3.2363649659615987,1.4099853200765722
Estructura de Datos,2526-1,2,anon_347,6,2.19561282209862,2.592637086888125,1.6386609364369882,1.8176067504364575,2.560256029190608,1.6386609364369882,2.592637086888125,0.9539761504511368
Estructura de Datos,2526-1,2,anon_347,8,2.8263644947711377,3.180542096040398,2.304889865653223,2.415001927521196,3.202076753412996,2.304889865653223,3.202076753412996,0.8971868877597728
Estructura de Datos,2526-1,2,anon_348,4,3.12640319172246,3.162554246509302,1.8114636452842205,2.423111503320058,2.7321522375079894,1.8114636452842205,3.162554246509302,1.3510906012250814
Estructura de Datos,2526-1,2,anon_348,6,2.123529340283998,2.514216041730972,1.6202609012296882,1.793830714252966,2.4680231326554143,1.6202609012296882,2.514216041730972,0.8939551405012836
Estructura de Datos,2526-1,2,anon_348,8,1.6689070919964255,2.0584895966145567,1.1973188664981365,1.309827162175651,2.026460430231971,1.1973188664981365,2.0584895966145567,0.8611707301164202
Estructura de Datos,2526-1,2,anon_349,4,3.1500278352399675,3.102282476178658,2.085834061675314,2.6530327545091836,2.7260869007739075,2.085834061675314,3.1500278352399675,1.0641937735646536
Estructura de Datos,2526-1,2,anon_349,6,2.19138207207725,2.5133872229481398,2.025199997265314,2.1266777864664905,2.568839132779452,2.025199997265314,2.568839132779452,0.5436391355141379
Estructura de Datos,2526-1,2,anon_349,8,1.7639978826704166,2.159300453609518,1.7468067285620563,1.7046518265840938,2.1329225519505286,1.7046518265840938,2.159300453609518,0.4546486270254242
Estructura de Datos,2526-1,2,anon_350,4,4.7255295632442085,4.5746534945971575,3.688113502634252,4.165563680657613,4.279094492457489,3.688113502634252,4.7255295632442085,1.0374160606099565
Estructura de Datos,2526-1,2,anon_350,6,3.1944361507273475,3.4884427661065907,2.637833818182834,2.7607547386603635,3.1982932882999346,2.637833818182834,3.4884427661065907,0.8506089479237566
Estructura de Datos,2526-1,2,anon_350,8,2.5772152825146506,2.895323103776761,1.9780757081086051,2.15281820576034,2.6683729927954634,1.9780757081086051,2.895323103776761,0.9172473956681557
Estructura de Datos,2526-1,2,anon_351,4,2.7190335273557196,2.845036353335871,1.7455955956132811,2.2333560246108846,2.319693809241926,1.7455955956132811,2.845036353335871,1.09944075772259
Estructura de Datos,2526-1,2,anon_351,6,1.8309785742734626,2.1672230233003393,1.5091746526294543,1.6905660158153353,2.0959248747585852,1.5091746526294543,2.1672230233003393,0.6580483706708851
Estructura de Datos,2526-1,2,anon_351,8,1.432732767313027,1.7754008901199114,1.1986938755685372,1.270641082236743,1.7684254847898835,1.1986938755685372,1.7754008901199114,0.5767070145513742
Estructura de Datos,2526-1,2,anon_352,4,2.436958811597947,2.869443251311303,1.4663915626008475,1.1493440755093616,1.4760844617878774,1.1493440755093616,2.869443251311303,1.7200991758019413
Estructura de Datos,2526-1,2,anon_352,6,1.3840002482322973,1.9136972018035898,0.7980595367999683,0.5365887665920184,0.9386579882356045,0.5365887665920184,1.9136972018035898,1.3771084352115714
Estructura de Datos,2526-1,2,anon_352,8,0.9624866942374268,1.3465811289243987,0.44881550255882985,0.18261641125516803,0.7700777980498401,0.18261641125516803,1.3465811289243987,1.1639647176692307
Estructura de Datos,2526-1,2,anon_353,4,5.78867555151794,5.421288891951008,5.1540714066858015,5.806542727025544,5.692339246789288,5.1540714066858015,5.806542727025544,0.6524713203397425
Estructura de Datos,2526-1,2,anon_353,6,4.508141816276154,4.559481784781827,4.528763718166182,4.741025282301834,4.899100192925054,4.508141816276154,4.899100192925054,0.3909583766489
Estructura de Datos,2526-1,2,anon_353,8,3.9650198497329967,4.134874148962098,4.13708487483369,4.218345377306534,4.234659479888663,3.9650198497329967,4.234659479888663,0.26963963015566605
Estructura de Datos,2526-1,2,anon_354,4,2.440790271178855,2.590018202026897,1.694521265483445,2.096968013725018,2.050744138383834,1.694521265483445,2.590018202026897,0.8954969365434522
Estructura de Datos,2526-1,2,anon_354,6,1.6161927012805961,1.88061136944291,1.391907706584405,1.6085711836765455,1.8235311089287194,1.391907706584405,1.88061136944291,0.4887036628585051
Estructura de Datos,2526-1,2,anon_354,8,1.2531583557056223,1.5344598730084407,1.1648642881611408,1.2310115719702637,1.5681438774684917,1.1648642881611408,1.5681438774684917,0.40327958930735086
Estructura de Datos,2526-1,2,anon_355,4,2.354839355702609,2.5032438919952256,1.6782082691664755,2.0540066559085517,1.9695743632987615,1.6782082691664755,2.5032438919952256,0.8250356228287501
Estructura de Datos,2526-1,2,anon_355,6,1.5471890579764143,1.7821712283207631,1.3481850988349038,1.58121219655132,1.7357658161430152,1.3481850988349038,1.7821712283207631,0.43398612948585935
Estructura de Datos,2526-1,2,anon_355,8,1.1944087549806568,1.4503617914940676,1.1472126820015092,1.2164842258242743,1.501462369877224,1.1472126820015092,1.501462369877224,0.35424968787571487
Estructura de Datos,2526-1,2,anon_356,4,2.2726308046501345,2.416071923303491,1.6625746847266782,2.0126730420913646,1.89277973259982,1.6625746847266782,2.416071923303491,0.7534972385768128
Estructura de Datos,2526-1,2,anon_356,6,1.479955790990985,1.683045868615249,1.3029009648813101,1.5541070290769028,1.6499985815712677,1.3029009648813101,1.683045868615249,0.38014490373393883
Estructura de Datos,2526-1,2,anon_356,8,1.136700075935508,1.3650460010447176,1.126763166071683,1.2015361100121567,1.4352327575770474,1.126763166071683,1.4352327575770474,0.30846959150536435
Estructura de Datos,2526-1,2,anon_357,4,1.8869580588597046,2.1298526275306813,1.5082046554930457,1.6042047690461914,1.4623417381462787,1.4623417381462787,2.1298526275306813,0.6675108893844026
Estructura de Datos,2526-1,2,anon_357,6,1.0450428733756851,1.2965261867283147,0.8899218440484731,1.0605964755064008,1.0524983060121968,0.8899218440484731,1.2965261867283147,0.4066043426798416
Estructura de Datos,2526-1,2,anon_357,8,0.695816397559355,0.9461716999163059,0.6408498159145495,0.7069337600276242,0.8804049001529677,0.6408498159145495,0.9461716999163059,0.3053218840017564
Estructura de Datos,2526-1,2,anon_358,4,5.163137738049869,5.017097615576432,5.152568211994492,5.350423380482141,5.167807938622673,5.017097615576432,5.350423380482141,0.33332576490570887
Estructura de Datos,2526-1,2,anon_358,6,7.57214363789582,7.511737143287711,7.924942686364879,7.842828880201182,7.909420386558345,7.511737143287711,7.924942686364879,0.4132055430771686
Estructura de Datos,2526-1,2,anon_358,8,7.025450116181673,7.100273312237107,7.491564500231249,7.338741891196648,7.20830927459366,7.025450116181673,7.491564500231249,0.4661143840495754
Estructura de Datos,2526-1,2,anon_359,4,1.7088930499776325,1.8702393117537213,1.5247119446435136,1.5288982726874565,1.2995684825598346,1.2995684825598346,1.8702393117537213,0.5706708291938867
Estructura de Datos,2526-1,2,anon_359,6,0.8891620226421821,1.0153969271088954,0.8105221446372042,1.0016939410575105,0.8428480611177775,0.8105221446372042,1.0153969271088954,0.20487478247169122
Estructura de Datos,2526-1,2,anon_359,8,0.5636438932725412,0.6947134737919782,0.6133644268827538,0.6717072372616713,0.699737950914681,0.5636438932725412,0.699737950914681,0.1360940576421399
Estructura de Datos,2526-1,2,anon_360,4,1.8091245295853469,1.8174949787289734,1.5853386651758683,1.78178596670341,1.4795474025468138,1.4795474025468138,1.8174949787289734,0.33794757618215954
Estructura de Datos,2526-1,2,anon_360,6,1.076153163781754,1.0083567383825027,0.982205756444003,1.3840826923819023,1.1258901005870854,0.982205756444003,1.3840826923819023,0.4018769359378993
Estructura de Datos,2526-1,2,anon_360,8,0.7822258534271356,0.7704710024900692,0.9380577668282655,1.098647999490609,1.0055776205393698,0.7704710024900692,1.098647999490609,0.3281769970005399
Estructura de Datos,2526-1,2,anon_361,4,1.6117789200055768,1.7041355320639013,1.5432988291956917,1.4901317437372654,1.2160603274239747,1.2160603274239747,1.7041355320639013,0.4880752046399266
Estructura de Datos,2526-1,2,anon_361,6,0.8041085062547921,0.839667190734545,0.7633069029135271,0.9716134782222525,0.7264817654465645,0.7264817654465645,0.9716134782222525,0.24513171277568802
Estructura de Datos,2526-1,2,anon_361,8,0.4933367782039113,0.5353161780799667,0.5974729036723545,0.6570848160025662,0.6001472813645421,0.4933367782039113,0.6570848160025662,0.16374803779865488
Estructura de Datos,2526-1,2,anon_362,4,1.6028198706541161,1.6501080652990368,1.5772414684270188,1.2073255690002043,1.0153781450787847,1.0153781450787847,1.6501080652990368,0.6347299202202521
Estructura de Datos,2526-1,2,anon_362,6,0.7362488463817414,0.7373026703016734,0.6144117610061812,0.5809705496430979,0.4394068277438663,0.4394068277438663,0.7373026703016734,0.2978958425578071
Estructura de Datos,2526-1,2,anon_362,8,0.4375232543376626,0.3591538745872924,0.3293732543006058,0.2500113165969253,0.3351433301310749,0.2500113165969253,0.4375232543376626,0.18751193774073727
Estructura de Datos,2526-1,2,anon_363,4,3.334241004935393,3.1641497674009997,3.423876127767244,3.4756368993004116,3.218101135458255,3.1641497674009997,3.4756368993004116,0.3114871318994119
Estructura de Datos,2526-1,2,anon_363,6,2.285689473254756,2.0321651475934175,2.258351207386383,2.6429077548798006,2.2969829361346825,2.0321651475934175,2.6429077548798006,0.6107426072863831
Estructura de Datos,2526-1,2,anon_363,8,1.8840222656015584,1.731642903301207,2.0867551912859597,2.2689121052417605,2.0337360102339375,1.731642903301207,2.2689121052417605,0.5372692019405534
Estructura de Datos,2526-1,2,anon_364,4,6.827404317199694,6.238520496593566,7.9292124926378165,6.149455725810071,6.013799786943565,6.013799786943565,7.9292124926378165,1.9154127056942514
Estructura de Datos,2526-1,2,anon_364,6,14.046525007351477,13.904082112125785,15.171159193360296,13.439734334238654,13.562092127793633,13.439734334238654,15.171159193360296,1.731424859121642
Estructura de Datos,2526-1,2,anon_364,8,16.544739840517337,16.465695466805272,17.351283977593454,16.11780594992416,15.82908370857529,15.82908370857529,17.351283977593454,1.522200269018164
Estructura de Datos,2526-1,2,anon_365,4,1.4357191243298075,1.31902147012579,1.6128895034000834,1.4320879653751035,1.0882826686965927,1.0882826686965927,1.6128895034000834,0.5246068347034907
Estructura de Datos,2526-1,2,anon_365,6,0.6500820505532374,0.45019850869873324,0.6730900775997668,0.927225144986636,0.5199155237832827,0.45019850869873324,0.927225144986636,0.47702663628790276
Estructura de Datos,2526-1,2,anon_365,8,0.3714394151350575,0.175831221720415,0.5708222872475233,0.6492411847395658,0.4319070821661626,0.175831221720415,0.6492411847395658,0.47340996301915084
Estructura de Datos,2526-1,2,anon_366,4,6.684726433436026,5.994371744999874,7.17779121209162,6.58181617306019,6.839735413902076,5.994371744999874,7.17779121209162,1.1834194670917455
Estructura de Datos,2526-1,2,anon_366,6,8.478823064323496,7.958500550637605,8.761632477767925,8.632053893042709,8.581559654132832,7.958500550637605,8.761632477767925,0.8031319271303206
Estructura de Datos,2526-1,2,anon_366,8,7.8068637235597365,7.519940486944336,8.241076695951136,8.120009279607643,7.897449927500254,7.519940486944336,8.241076695951136,0.7211362090068008
Estructura de Datos,2526-1,2,anon_367,4,6.2258342249081124,5.649708830803917,6.370260253741208,6.455996033021506,6.616496462975533,5.649708830803917,6.616496462975533,0.9667876321716165
Estructura de Datos,2526-1,2,anon_367,6,11.817008430651626,11.266444888008323,11.944898390399715,12.080116054185844,12.21977940379628,11.266444888008323,12.21977940379628,0.953334515787958
Estructura de Datos,2526-1,2,anon_367,8,12.333319121475938,12.077030161638724,12.800948202886246,12.740837441272873,12.628284139003881,12.077030161638724,12.800948202886246,0.7239180412475221
Estructura de Datos,2526-1,2,anon_368,4,4.7664817458941116,4.2488476289699975,5.194943810022124,4.888024306874129,4.8663089357916505,4.2488476289699975,5.194943810022124,0.9460961810521269
Estructura de Datos,2526-1,2,anon_368,6,3.4086775646150613,2.82572877593509,3.4277688962211883,3.7750942262976217,3.37602955540639,2.82572877593509,3.7750942262976217,0.9493654503625315
Estructura de Datos,2526-1,2,anon_368,8,2.917398272593445,2.476250219833787,3.163191490722653,3.364479930378131,3.012191176545784,2.476250219833787,3.364479930378131,0.8882297105443442
Estructura de Datos,2526-1,2,anon_369,4,3.1753612077158095,2.6351681970047593,3.186923061735797,3.415827279445409,3.241074526072566,2.6351681970047593,3.415827279445409,0.7806590824406499
Estructura de Datos,2526-1,2,anon_369,6,2.287368084007447,1.6046938064550318,2.0151064516176973,2.7958247415841306,2.3936151633420764,1.6046938064550318,2.7958247415841306,1.1911309351290988
Estructura de Datos,2526-1,2,anon_369,8,1.9788629562728204,1.4313144429231386,2.032176568557901,2.5145007741827783,2.2001790930873,1.4313144429231386,2.5145007741827783,1.0831863312596397
Estructura de Datos,2526-2,2,anon_031,4,9.160732509099944,8.205483006297527,7.494775351708995,8.430629410973552,9.23704733376917,7.494775351708995,9.23704733376917,1.7422719820601742
Estructura de Datos,2526-2,2,anon_031,6,6.834851934991789,6.468332202376587,5.552009252384721,6.1195488579065085,6.510946947183726,5.552009252384721,6.834851934991789,1.2828426826070682
Estructura de Datos,2526-2,2,anon_031,8,6.317539105390296,5.965332103041419,5.318534718451701,5.599471842352017,5.740792015039517,5.318534718451701,6.317539105390296,0.9990043869385943
Estructura de Datos,2526-2,2,anon_064,4,4.520895763098451,3.704985119133994,3.3021573051836413,3.3152891139587837,3.464099891472472,3.3021573051836413,4.520895763098451,1.2187384579148102
Estructura de Datos,2526-2,2,anon_064,6,3.103750757541441,2.645304664430867,2.1546338048047815,2.270072776994933,2.5938322121446795,2.1546338048047815,3.103750757541441,0.9491169527366594
Estructura de Datos,2526-2,2,anon_064,8,2.950001221380802,2.4959999050668955,2.2431215583702198,2.0680692863292407,2.435848123459891,2.0680692863292407,2.950001221380802,0.8819319350515613
Estructura de Datos,2526-2,2,anon_067,4,7.552856523150012,6.249599129628564,6.072326822428977,6.362692516902371,6.852842412623431,6.072326822428977,7.552856523150012,1.4805297007210356
Estructura de Datos,2526-2,2,anon_067,6,6.805440220804741,6.017435196944895,5.73013566349163,5.957731650506183,6.342020459206651,5.73013566349163,6.805440220804741,1.0753045573131104
Estructura de Datos,2526-2,2,anon_067,8,6.421610815830377,5.7345972616279255,5.6546003008514845,5.6157509048372845,5.750765433746778,5.6157509048372845,6.421610815830377,0.8058599109930924
Estructura de Datos,2526-2,2,anon_077,4,2.5037026094464636,2.0352625061432263,2.8618488342688693,2.6427253439539413,2.517666436207378,2.0352625061432263,2.8618488342688693,0.8265863281256429
Estructura de Datos,2526-2,2,anon_077,6,1.729951488154466,1.2641944758537278,2.161930403339089,1.9478289537749767,1.778780405628357,1.2641944758537278,2.161930403339089,0.8977359274853614
Estructura de Datos,2526-2,2,anon_077,8,1.835654356199619,1.319699027548296,2.449927580583349,1.8918545013741266,1.8508726426986897,1.319699027548296,2.449927580583349,1.130228553035053
Estructura de Datos,2526-2,2,anon_080,4,10.931822038381597,9.232238080004436,10.62247972934756,9.87928046050888,10.274515241865629,9.232238080004436,10.931822038381597,1.6995839583771613
Estructura de Datos,2526-2,2,anon_080,6,13.175151908730854,11.779355072735996,13.222207552688985,12.359202475002789,12.27892064208551,11.779355072735996,13.222207552688985,1.4428524799529896
Estructura de Datos,2526-2,2,anon_080,8,12.680839130978484,11.553081376869272,12.89938946062648,12.031975849420519,11.592534532636279,11.553081376869272,12.89938946062648,1.346308083757208
Estructura de Datos,2526-2,2,anon_087,4,1.9787441349576511,1.5593987327836203,2.664100927359158,2.3228335961442212,2.4015200685054765,1.5593987327836203,2.664100927359158,1.1047021945755375
Estructura de Datos,2526-2,2,anon_087,6,1.3193882202387215,0.8703794944474481,1.9939768460774783,1.7398335122317583,1.6332484685680377,0.8703794944474481,1.9939768460774783,1.1235973516300302
Estructura de Datos,2526-2,2,anon_087,8,1.4136242170062019,0.9765602763745846,2.285937986428337,1.7067835384797823,1.7330619555074787,0.9765602763745846,2.285937986428337,1.3093777100537523
Estructura de Datos,2526-2,2,anon_205,4,2.2637553739645,2.379188571715929,3.597754111461086,2.855336693495616,2.2411765359405535,2.2411765359405535,3.597754111461086,1.3565775755205323
Estructura de Datos,2526-2,2,anon_205,6,1.3112158573081274,1.4385005548119807,2.21375627429601,1.743760914704577,1.4480019753781477,1.3112158573081274,2.21375627429601,0.9025404169878826
Estructura de Datos,2526-2,2,anon_205,8,1.2353616583664717,1.2221224554220171,2.1960394706163413,1.7404625695278817,1.5913800515206429,1.2221224554220171,2.1960394706163413,0.9739170151943242
Estructura de Datos,2526-2,2,anon_347,4,9.373304726250353,8.288571188114702,7.8409786976719715,8.677731641482978,9.345886958591109,7.8409786976719715,9.373304726250353,1.5323260285783817
Estructura de Datos,2526-2,2,anon_347,6,11.37428696603692,10.773116571695738,10.053308731160229,10.753596391950069,11.189053289794657,10.053308731160229,11.37428696603692,1.3209782348766907
Estructura de Datos,2526-2,2,anon_347,8,10.76653629721261,10.304489606802576,9.755157090916583,10.267894631870575,10.168774905418672,9.755157090916583,10.76653629721261,1.0113792062960272
Estructura de Datos,2526-2,2,anon_355,4,3.018204275514478,2.755446861120049,3.268056787699095,3.1080806193973416,2.721129654404706,2.721129654404706,3.268056787699095,0.546927133294389
Estructura de Datos,2526-2,2,anon_355,6,1.9994687428067577,1.8024699352881797,2.203730130413268,2.1100400146390426,1.940901110160775,1.8024699352881797,2.203730130413268,0.40126019512508826
Estructura de Datos,2526-2,2,anon_355,8,1.9962981718843338,1.706689381333276,2.3531416399839316,2.0374635714264144,1.9526478367306268,1.706689381333276,2.3531416399839316,0.6464522586506556
Estructura de Datos,2526-2,2,anon_360,4,2.5299323054460956,2.30714287636971,3.19282066834063,2.9469487888211177,2.501927694960557,2.30714287636971,3.19282066834063,0.8856777919709202
Estructura de Datos,2526-2,2,anon_360,6,1.6434704724158173,1.4486528369839675,2.246428138143079,2.0447154454473933,1.7492443324089209,1.4486528369839675,2.246428138143079,0.7977753011591115
Estructura de Datos,2526-2,2,anon_360,8,1.6840608569174385,1.4017273172932363,2.448069406344999,2.0017729247427525,1.8229754013906856,1.4017273172932363,2.448069406344999,1.0463420890517625
Estructura de Datos,2526-2,2,anon_370,4,33.14223924437374,31.556187201268585,33.1674860327912,32.46470735675575,34.717588752162555,31.556187201268585,34.717588752162555,3.16140155089397
Estructura de Datos,2526-2,2,anon_370,6,36.87521065673383,36.33904429373774,37.30082199739388,35.87048288920829,36.71039138639162,35.87048288920829,37.30082199739388,1.430339108185592
Estructura de Datos,2526-2,2,anon_370,8,40.15938581261838,39.98662638511911,39.95071888849469,39.89542351743802,39.219613562109885,39.219613562109885,40.15938581261838,0.9397722505084971
Estructura de Datos,2526-2,2,anon_371,4,3.9632861204634082,3.2391421192266137,3.237964183162859,3.181227998839688,3.0946222748278274,3.0946222748278274,3.9632861204634082,0.8686638456355809
Estructura de Datos,2526-2,2,anon_371,6,7.4910772143209385,6.772122157426111,6.859194138371592,6.853167716667386,7.187095494537743,6.772122157426111,7.4910772143209385,0.7189550568948277
Estructura de Datos,2526-2,2,anon_371,8,7.32013175782663,6.6438400536218865,6.867896399448256,6.68644629355407,6.717361100928088,6.6438400536218865,7.32013175782663,0.6762917042047434
Estructura de Datos,2526-2,2,anon_372,4,2.7232703494669295,2.988774111862753,3.467813729098225,2.9320954920023468,2.5925478505801607,2.5925478505801607,3.467813729098225,0.8752658785180643
Estructura de Datos,2526-2,2,anon_372,6,5.89856035516404,6.185493613634854,6.349579137343831,6.184986934817028,6.306151083205227,5.89856035516404,6.349579137343831,0.45101878217979063
Estructura de Datos,2526-2,2,anon_372,8,5.939792134007959,6.10253234937997,6.367900130122166,6.213197997568642,6.232025702548228,5.939792134007959,6.367900130122166,0.4281079961142069
Estructura de Datos,2526-2,2,anon_373,4,3.191620683268951,2.9123848283681113,3.2835281208664924,3.154644456110475,2.8111472018508294,2.8111472018508294,3.2835281208664924,0.4723809190156629
Estructura de Datos,2526-2,2,anon_373,6,2.125259974617723,1.927025347246591,2.17881740102807,2.128046070417515,2.01360720984681,1.927025347246591,2.17881740102807,0.25179205378147884
Estructura de Datos,2526-2,2,anon_373,8,3.1635076257184522,2.861882917805069,3.3541912692327287,3.112683276601871,3.0770130874597896,2.861882917805069,3.3541912692327287,0.49230835142765983
Estructura de Datos,2526-2,2,anon_374,4,3.1964831536430154,2.609275323289836,3.0828587408414734,2.9391687279188687,2.7382049456165873,2.609275323289836,3.1964831536430154,0.5872078303531794
Estructura de Datos,2526-2,2,anon_374,6,2.23122675014195,1.7328164066076042,2.2493964266959416,2.107155544042518,2.0008613104647583,1.7328164066076042,2.2493964266959416,0.5165800200883375
Estructura de Datos,2526-2,2,anon_374,8,2.2898901736407993,1.7306022836483237,2.484769501567584,2.0132425241128544,2.0149247897212277,1.7306022836483237,2.484769501567584,0.7541672179192602
Estructura de Datos,2526-2,2,anon_375,4,2.6635128175833813,2.1708408137019433,2.919165945581639,2.7204613589875066,2.5617962075318133,2.1708408137019433,2.919165945581639,0.748325131879696
Estructura de Datos,2526-2,2,anon_375,6,1.8497310912861593,1.375049295097412,2.194570563348261,1.992314547803586,1.8268079647084363,1.375049295097412,2.194570563348261,0.819521268250849
Estructura de Datos,2526-2,2,anon_375,8,1.9506160094373968,1.4170807284772096,2.474159328764813,1.92814368851473,1.887449599257529,1.4170807284772096,2.474159328764813,1.0570786002876034
Estructura de Datos,2526-2,2,anon_376,4,7.002199452076184,6.020077516519272,7.295133784451423,6.693676001101039,6.912081090190213,6.020077516519272,7.295133784451423,1.2750562679321504
Estructura de Datos,2526-2,2,anon_376,6,5.507242551518278,4.7458778839608975,5.972187655849147,5.398644585760305,5.3506817097525285,4.7458778839608975,5.972187655849147,1.2263097718882499
Estructura de Datos,2526-2,2,anon_376,8,5.318171413495321,4.610668759331466,5.9648265394882,5.194957476487659,5.066875982192265,4.610668759331466,5.9648265394882,1.3541577801567346
Estructura de Datos,2526-2,2,anon_377,4,1.8685196934823125,1.6685672740388782,2.992154384167975,2.618529714913336,2.282159736052563,1.6685672740388782,2.992154384167975,1.3235871101290968
Estructura de Datos,2526-2,2,anon_377,6,3.2804803130366267,3.056948022719297,4.3695414860370185,4.05504434641734,3.6896283317058476,3.056948022719297,4.3695414860370185,1.3125934633177216
Estructura de Datos,2526-2,2,anon_377,8,3.50289973510802,3.1902613293841853,4.696691745109121,4.092042115471621,3.834970497303239,3.1902613293841853,4.696691745109121,1.5064304157249353
Estructura de Datos,2526-3,2,anon_004,4,3.3388643055771468,3.307587164579047,1.8404076375068144,2.516577063999364,2.957348962556594,1.8404076375068144,3.3388643055771468,1.4984566680703324
Estructura de Datos,2526-3,2,anon_004,6,4.731595032009963,4.9869052906783295,4.319754950478583,4.40060734225856,5.27147497174326,4.319754950478583,5.27147497174326,0.951720021264677
Estructura de Datos,2526-3,2,anon_004,8,4.246216522135214,4.483990803606645,3.77329744831734,3.864273604473528,4.5455037985572915,3.77329744831734,4.5455037985572915,0.7722063502399514
Estructura de Datos,2526-3,2,anon_007,4,2.6231375488761444,2.7612018974043337,1.7284128180421021,2.1868864428088273,2.225912246840153,1.7284128180421021,2.7612018974043337,1.0327890793622316
Estructura de Datos,2526-3,2,anon_007,6,1.7583942473991172,2.073576739440068,1.4728182312521483,1.6634092026551457,2.0039197112919123,1.4728182312521483,2.073576739440068,0.6007585081879196
Estructura de Datos,2526-3,2,anon_007,8,1.3726209041397226,1.697348976007591,1.1907604933987557,1.258223459407695,1.7018780757279872,1.1907604933987557,1.7018780757279872,0.5111175823292315
Estructura de Datos,2526-3,2,anon_081,4,4.563519340566302,4.225813261303188,4.860487006618172,4.8082797171311995,4.657638933263797,4.225813261303188,4.860487006618172,0.6346737453149842
Estructura de Datos,2526-3,2,anon_081,6,3.426573928420993,2.9848612264483165,3.44154028131495,3.84180171500887,3.4611814505269223,2.9848612264483165,3.84180171500887,0.8569404885605536
Estructura de Datos,2526-3,2,anon_081,8,2.969212189714952,2.6452504953847438,3.211837216571354,3.427223105495834,3.097634983995718,2.6452504953847438,3.427223105495834,0.7819726101110902
Estructura de Datos,2526-3,2,anon_087,4,3.7594406560775724,3.4308934363600656,4.03164916621995,4.112465176314117,3.7081352507099155,3.4308934363600656,4.112465176314117,0.6815717399540517
Estructura de Datos,2526-3,2,anon_087,6,3.1169293851579383,2.68333733744754,3.1257133085871303,3.7020573383560595,3.232175725238413,2.68333733744754,3.7020573383560595,1.0187200009085196
Estructura de Datos,2526-3,2,anon_087,8,2.8141084598836272,2.4471073502920717,3.07900881202832,3.403177075073259,3.0333685613140062,2.4471073502920717,3.403177075073259,0.9560697247811873
Estructura de Datos,2526-3,2,anon_324,4,2.7700528064870866,3.308423964277381,1.4873987293574373,1.3268660943649593,1.8586030755383263,1.3268660943649593,3.308423964277381,1.9815578699124217
Estructura de Datos,2526-3,2,anon_324,6,1.6653307370785981,2.351055385183855,0.9514991211600261,0.7510011216099173,1.2872909303915065,0.7510011216099173,2.351055385183855,1.6000542635739379
Estructura de Datos,2526-3,2,anon_324,8,1.195306841056052,1.7170015329978554,0.6010626252121938,0.3919125883757886,1.0533636050893307,0.3919125883757886,1.7170015329978554,1.3250889446220668
Estructura de Datos,2526-3,2,anon_326,4,5.920333263469274,5.789682490270934,4.931189183777178,5.496593344842836,5.775685804562158,4.931189183777178,5.920333263469274,0.9891440796920961
Estructura de Datos,2526-3,2,anon_326,6,7.0819319039010935,7.252854560615816,6.855251872018478,6.8226196714282565,7.350006015912854,6.8226196714282565,7.350006015912854,0.5273863444845972
Estructura de Datos,2526-3,2,anon_326,8,10.948541497106163,10.847083421196345,10.680537001530382,10.642916526757602,10.93765273455125,10.642916526757602,10.948541497106163,0.3056249703485605
Estructura de Datos,2526-3,2,anon_339,4,1.658258392187463,1.7863998697629313,1.5332721092547672,1.50837009457382,1.255351128243774,1.255351128243774,1.7863998697629313,0.5310487415191574
Estructura de Datos,2526-3,2,anon_339,6,0.8448041729576801,0.9262112519993622,0.7862229754463641,0.985739832931884,0.782209349871323,0.782209349871323,0.985739832931884,0.2035304830605611
Estructura de Datos,2526-3,2,anon_339,8,0.5267719547006777,0.6140244186472898,0.605108497474049,0.6635224371513857,0.6476216818196576,0.5267719547006777,0.6635224371513857,0.13675048245070798
Estructura de Datos,2526-3,2,anon_341,4,1.6028198706541161,1.6501080652990368,1.5772414684270188,1.2073255690002043,1.0153781450787847,1.0153781450787847,1.6501080652990368,0.6347299202202521
Estructura de Datos,2526-3,2,anon_341,6,0.7362488463817414,0.7373026703016734,0.6144117610061812,0.5809705496430979,0.4394068277438663,0.4394068277438663,0.7373026703016734,0.2978958425578071
Estructura de Datos,2526-3,2,anon_341,8,0.4375232543376626,0.3591538745872924,0.3293732543006058,0.2500113165969253,0.3351433301310749,0.2500113165969253,0.4375232543376626,0.18751193774073727
Estructura de Datos,2526-3,2,anon_349,4,9.062003347858308,8.258386527759853,7.998072302833862,8.713114559425094,9.18477614743756,7.998072302833862,9.18477614743756,1.1867038446036986
Estructura de Datos,2526-3,2,anon_349,6,8.803509553912463,8.623631913180063,8.79958120670149,8.601581598691894,9.30196335540191,8.601581598691894,9.30196335540191,0.7003817567100157
Estructura de Datos,2526-3,2,anon_349,8,9.171510865556542,8.967271897625153,9.012446031122835,8.900151647892926,9.167781613092075,8.900151647892926,9.171510865556542,0.2713592176636155
Estructura de Datos,2526-3,2,anon_356,4,2.3624039432368704,2.667164901639211,1.5159165361219493,1.8118926098572956,1.9199648719863944,1.5159165361219493,2.667164901639211,1.1512483655172616
Estructura de Datos,2526-3,2,anon_356,6,1.4536257496809597,1.8888090513560414,1.057885139985892,1.2241722185072774,1.5667716219315437,1.057885139985892,1.8888090513560414,0.8309239113701494
Estructura de Datos,2526-3,2,anon_356,8,1.0505677935285291,1.4588888357839522,0.6993809405864795,0.8204014094948064,1.305047073991986,0.6993809405864795,1.4588888357839522,0.7595078951974727
Estructura de Datos,2526-3,2,anon_362,4,11.040608249344132,10.468771499671902,12.45154498717784,10.56182460699074,10.71425301570821,10.468771499671902,12.45154498717784,1.9827734875059377
Estructura de Datos,2526-3,2,anon_362,6,11.254056645443441,11.03584436462102,12.412108739274203,10.609256038744256,10.564788945837837,10.564788945837837,12.412108739274203,1.847319793436366
Estructura de Datos,2526-3,2,anon_362,8,12.53632355545578,12.312506457955436,13.144102690630405,12.016718575158833,11.686966465480854,11.686966465480854,13.144102690630405,1.4571362251495508
Estructura de Datos,2526-3,2,anon_363,4,2.572047629459348,2.5161099298300087,2.870129781927517,2.6885407734953333,2.317567502552265,2.317567502552265,2.870129781927517,0.5525622793752518
Estructura de Datos,2526-3,2,anon_363,6,5.262633579475072,5.311674055312999,5.608959219127819,5.788245548249396,5.408191024465559,5.262633579475072,5.788245548249396,0.5256119687743244
Estructura de Datos,2526-3,2,anon_363,8,7.222694768261547,7.310026544523211,7.695914213867823,7.687402693048994,7.369285642944007,7.222694768261547,7.695914213867823,0.4732194456062757
Estructura de Datos,2526-3,2,anon_365,4,15.424904434087466,14.97544470532398,16.769428007018178,15.357075718788792,15.51825294498235,14.97544470532398,16.769428007018178,1.7939833016941975
Estructura de Datos,2526-3,2,anon_365,6,17.22996397890148,17.182437729377384,18.861540123804076,16.75449779811443,16.900222398775696,16.75449779811443,18.861540123804076,2.1070423256896476
Estructura de Datos,2526-3,2,anon_365,8,19.420703550088888,19.414465468653333,20.79297256884348,19.091364197539917,18.665520221815882,18.665520221815882,20.79297256884348,2.1274523470275994
Estructura de Datos,2526-3,2,anon_372,4,9.493362089996253,9.782733515211476,8.900071553440284,9.300606270566504,9.569123543827118,8.900071553440284,9.782733515211476,0.8826619617711913
Estructura de Datos,2526-3,2,anon_372,6,11.43355966600636,11.969149864693364,11.393785559881792,11.341686525760352,11.61205546973163,11.341686525760352,11.969149864693364,0.627463338933012
Estructura de Datos,2526-3,2,anon_372,8,10.616831482674627,11.053147936210024,10.23776949830605,10.39327650398269,10.32567434800815,10.23776949830605,11.053147936210024,0.8153784379039735
Estructura de Datos,2526-3,2,anon_375,4,7.656590754983085,7.352625093466202,7.590917815532407,7.744582521728489,7.671541821476012,7.352625093466202,7.744582521728489,0.3919574282622875
Estructura de Datos,2526-3,2,anon_375,6,6.530205136659582,6.4194500817649995,6.790973021680678,6.728257209128017,6.800169669718244,6.4194500817649995,6.800169669718244,0.38071958795324434
Estructura de Datos,2526-3,2,anon_375,8,5.904508749767459,5.921892755546644,6.236715620183233,6.1451707443711,6.050426361510972,5.904508749767459,6.236715620183233,0.33220687041577435
Estructura de Datos,2526-3,2,anon_378,4,4.580081474003009,4.659699849012441,3.584382361167286,3.766055356089339,3.932903315339942,3.584382361167286,4.659699849012441,1.0753174878451546
Estructura de Datos,2526-3,2,anon_378,6,4.220706681406465,4.685633394834596,3.6704147509825447,3.6540456508769736,4.041313514208856,3.6540456508769736,4.685633394834596,1.0315877439576226
Estructura de Datos,2526-3,2,anon_378,8,3.5979959942402413,4.022197970305534,2.976516738529682,3.066923021014759,3.4825121556967105,2.976516738529682,4.022197970305534,1.045681231775852
Estructura de Datos,2526-3,2,anon_379,4,17.908487194609734,16.668898589935452,18.441122565574005,18.050055312365657,18.514573593981368,16.668898589935452,18.514573593981368,1.8456750040459156
Estructura de Datos,2526-3,2,anon_379,6,17.21689867399263,16.91973997912541,18.175643138347795,16.8017237927414,17.22125177547781,16.8017237927414,18.175643138347795,1.3739193456063958
Estructura de Datos,2526-3,2,anon_379,8,17.93228560713021,17.829211070704105,18.300729917597437,17.59579723553776,17.35650211944312,17.35650211944312,18.300729917597437,0.9442277981543157
Estructura de Datos,2526-3,2,anon_380,4,2.440790271178855,2.590018202026897,1.694521265483445,2.096968013725018,2.050744138383834,1.694521265483445,2.590018202026897,0.8954969365434522
Estructura de Datos,2526-3,2,anon_380,6,1.6161927012805961,1.88061136944291,1.391907706584405,1.6085711836765455,1.8235311089287194,1.391907706584405,1.88061136944291,0.4887036628585051
Estructura de Datos,2526-3,2,anon_380,8,1.2531583557056223,1.5344598730084407,1.1648642881611408,1.2310115719702637,1.5681438774684917,1.1648642881611408,1.5681438774684917,0.40327958930735086
Estructura de Datos,2526-3,2,anon_381,4,7.919875036450094,7.858459292475686,7.728332464192249,7.943548355349321,8.000861553422965,7.728332464192249,8.000861553422965,0.2725290892307157
Estructura de Datos,2526-3,2,anon_381,6,6.808773211142494,6.9591106532988505,7.016033394471435,6.7468618746195546,6.949551099844918,6.7468618746195546,7.016033394471435,0.2691715198518807
Estructura de Datos,2526-3,2,anon_381,8,6.114080002139488,6.289308549997088,6.084697202353695,5.981012480408516,6.021500158316691,5.981012480408516,6.289308549997088,0.3082960695885717
Estructura de Datos,2526-3,2,anon_382,4,5.163592797695344,5.250481296657767,4.883711355403307,5.0622582853033435,5.0313318032264505,4.883711355403307,5.250481296657767,0.3667699412544607
Estructura de Datos,2526-3,2,anon_382,6,4.022220517501731,4.241712556373702,3.991839517713931,3.9536085468907167,4.081586457824569,3.9536085468907167,4.241712556373702,0.28810400948298565
Estructura de Datos,2526-3,2,anon_382,8,3.4526824504240388,3.693644325048256,3.3243499709438282,3.3460263099056817,3.500679082083238,3.3243499709438282,3.693644325048256,0.36929435410442757
Estructura de Datos,2526-3,2,anon_383,4,5.682335906475316,6.10496891994768,5.414082036098989,4.992676819282906,5.1507519809732685,4.992676819282906,6.10496891994768,1.1122921006647744
Estructura de Datos,2526-3,2,anon_383,6,4.869318001036799,5.318462296753225,4.751829576877093,4.30690501710972,4.490022857781447,4.30690501710972,5.318462296753225,1.0115572796435046
Estructura de Datos,2526-3,2,anon_383,8,4.381301878316194,4.6655867280873995,4.034940434880696,3.739188903561825,3.966444599070485,3.739188903561825,4.6655867280873995,0.9263978245255746
Estructura de Datos,2526-3,2,anon_384,4,2.381021071099269,2.3144255472095097,1.7924899733159236,2.197043944631787,1.9884411210784947,1.7924899733159236,2.381021071099269,0.5885310977833456
Estructura de Datos,2526-3,2,anon_384,6,1.6601681524514795,1.6378241188711158,1.4655197511143498,1.8759229488954716,1.825199579491887,1.4655197511143498,1.8759229488954716,0.4104031977811218
Estructura de Datos,2526-3,2,anon_384,8,3.518154084581031,3.5438230012861602,3.6578020892928613,3.7564117148137335,3.794414889865969,3.518154084581031,3.794414889865969,0.276260805284938
Estructura de Datos,2526-3,2,anon_385,4,1.8918121918887891,2.1623099932754712,1.4643441722375883,1.2911681987993688,1.2608634210942,1.2608634210942,2.1623099932754712,0.9014465721812712
Estructura de Datos,2526-3,2,anon_385,6,0.9725437303915925,1.265787115434371,0.687113392868028,0.6611906596676249,0.7532543850906421,0.6611906596676249,1.265787115434371,0.604596455766746
Estructura de Datos,2526-3,2,anon_385,8,0.6176631333764533,0.8395995533427083,0.34708591835357083,0.29989068465818036,0.5967574142693763,0.29989068465818036,0.8395995533427083,0.5397088686845279
Estructura de Datos,2526-3,2,anon_386,4,4.817025510276267,4.764035756876012,4.742971046091327,4.978693510808164,4.815578459838221,4.742971046091327,4.978693510808164,0.23572246471683655
Estructura de Datos,2526-3,2,anon_386,6,3.8334775169112323,3.7851361945444495,3.9125819384123517,4.137859971001059,4.035295697494671,3.7851361945444495,4.137859971001059,0.35272377645660935
Estructura de Datos,2526-3,2,anon_386,8,3.357126467056929,3.390622963723203,3.575760803763494,3.658403219727022,3.56620557785895,3.357126467056929,3.658403219727022,0.301276752670093
Estructura de Datos,2526-3,2,anon_387,4,8.188742886893237,7.777672217872919,8.64163441398,8.12873517335629,8.103469176349904,7.777672217872919,8.64163441398,0.8639621961070816
Estructura de Datos,2526-3,2,anon_387,6,6.483558186427032,6.323290318108608,6.850948589725306,6.411962496539967,6.3093080202218825,6.3093080202218825,6.850948589725306,0.5416405695034232
Estructura de Datos,2526-3,2,anon_387,8,5.717843773918878,5.696209822065213,5.95630792696798,5.700997624446849,5.507521054409686,5.507521054409686,5.95630792696798,0.4487868725582942
Estructura de Datos,2526-3,2,anon_388,4,9.026876685397383,8.521898045112437,9.004753622232329,9.295109344587217,9.36006478193758,8.521898045112437,9.36006478193758,0.8381667368251442
Estructura de Datos,2526-3,2,anon_388,6,8.876046629499484,8.627629306370515,9.070857872203156,9.255716487398132,9.420144636144428,8.627629306370515,9.420144636144428,0.7925153297739129
Estructura de Datos,2526-3,2,anon_388,8,11.486528955053998,11.408389171866446,11.925780331432946,11.885757931457647,11.732442925133768,11.408389171866446,11.925780331432946,0.5173911595665004
Estructura de Datos,2526-3,2,anon_389,4,1.7131379846524624,1.5722233676133328,1.7203745548788447,0.9505757225304023,0.8331468341284562,0.8331468341284562,1.7203745548788447,0.8872277207503885
Estructura de Datos,2526-3,2,anon_389,6,0.7943991173295757,0.6051845664349571,0.5800613336433287,0.24762321889478756,0.2162635805985076,0.2162635805985076,0.7943991173295757,0.5781355367310681
Estructura de Datos,2526-3,2,anon_389,8,0.5065276961047118,0.16232620187349767,0.21024982895963262,-0.08703108718572139,0.16863100636774675,-0.08703108718572139,0.5065276961047118,0.5935587832904332
Estructura de Datos,2526-3,2,anon_390,4,1.464038960020389,1.392412338867416,1.5966764734841945,1.4394509853336785,1.1053629459677268,1.1053629459677268,1.5966764734841945,0.49131352751646773
Estructura de Datos,2526-3,2,anon_390,6,0.674887725359909,0.5222101038126254,0.6877060586035384,0.9327524930151583,0.5522285918249565,0.5222101038126254,0.9327524930151583,0.41054238920253283
Estructura de Datos,2526-3,2,anon_390,8,0.3904584243560407,0.24300056955243576,0.5745019170598482,0.6477799917183518,0.4571559898060684,0.24300056955243576,0.6477799917183518,0.404779422165916
Estructura de Datos,2526-3,2,anon_391,4,2.995184725348281,2.6625951193957462,3.5527222744708524,3.0654165577293497,2.7918316500172295,2.6625951193957462,3.5527222744708524,0.8901271550751062
Estructura de Datos,2526-3,2,anon_391,6,1.925009671032086,1.5041258000965172,2.0435010607077473,2.186712972791099,1.7253866249780145,1.5041258000965172,2.186712972791099,0.682587172694582
Estructura de Datos,2526-3,2,anon_391,8,1.5446783883910769,1.159305619631482,1.7966587539228271,1.8342824809201659,1.5154291396331416,1.159305619631482,1.8342824809201659,0.674976861288684
Estructura de Datos,2526-3,2,anon_392,4,1.336401728338842,0.9792995107591196,1.7056282437699792,1.4232088564490368,1.0523645691371257,0.9792995107591196,1.7056282437699792,0.7263287330108597
Estructura de Datos,2526-3,2,anon_392,6,0.5620304391242144,0.13123828039066154,0.624443998450019,0.9216587477810663,0.40856301647987436,0.13123828039066154,0.9216587477810663,0.7904204673904047
Estructura de Datos,2526-3,2,anon_392,8,0.3068574742158887,-0.12601686681045976,0.5638285356991162,0.675437433920365,0.34719554979434974,-0.12601686681045976,0.675437433920365,0.8014543007308248
Matemáticas Discretas,2526-2,1,anon_md_2526_2_1_001,4,9.632284768975353,9.824543754169412,9.345870080357386,9.32802953603931,9.416341979504907,9.32802953603931,9.824543754169412,0.4965142181301019
Matemáticas Discretas,2526-2,1,anon_md_2526_2_1_001,6,7.815679231622795,7.628017891837061,7.8468930231533705,7.694502778528772,8.882263884685187,7.628017891837061,8.882263884685187,1.2542459928481264
Matemáticas Discretas,2526-2,1,anon_md_2526_2_1_001,8,6.942136112499455,7.061054868205673,6.828104597556262,7.088560310736696,7.084651316961413,6.828104597556262,7.088560310736696,0.26045571318043415
Matemáticas Discretas,2526-2,1,anon_md_2526_2_1_002,4,6.8116269488151175,5.600400876253865,6.144862309162889,6.739704136939906,6.872136617237388,5.600400876253865,6.872136617237388,1.271735740983523
Matemáticas Discretas,2526-2,1,anon_md_2526_2_1_002,6,9.304650600339244,9.5424420194621,9.036911354284456,10.717835367968291,11.404408031278308,9.036911354284456,11.404408031278308,2.367496676993852
Matemáticas Discretas,2526-2,1,anon_md_2526_2_1_002,8,10.340094910253313,10.728971034012574,10.701964211331898,10.952553903000677,10.783828999205525,10.340094910253313,10.952553903000677,0.6124589927473636
Matemáticas Discretas,2526-2,1,anon_md_2526_2_1_003,4,6.602281101740431,5.525193752489827,5.972557307115984,6.560785812120102,6.629320384628926,5.525193752489827,6.629320384628926,1.1041266321390992
Matemáticas Discretas,2526-2,1,anon_md_2526_2_1_003,6,4.154605175545914,3.8412450823767657,4.346916116014093,3.3501080039622337,3.3960970743460166,3.3501080039622337,4.346916116014093,0.996808112051859
Matemáticas Discretas,2526-2,1,anon_md_2526_2_1_003,8,4.275542813603838,4.213763115165053,4.28128953576331,4.339369659541251,4.350692597391017,4.213763115165053,4.350692597391017,0.13692948222596435
Matemáticas Discretas,2526-2,1,anon_md_2526_2_1_004,4,4.65944242105757,6.993974696498817,5.069582725439318,4.258848267312814,5.246908729529906,4.258848267312814,6.993974696498817,2.7351264291860033
Matemáticas Discretas,2526-2,1,anon_md_2526_2_1_004,6,5.1874720687929905,4.830478075768127,5.54539509681063,3.7557264037853884,4.031744740499931,3.7557264037853884,5.54539509681063,1.7896686930252415
Matemáticas Discretas,2526-2,1,anon_md_2526_2_1_004,8,3.94493285865782,3.758107481660687,3.5120528096705215,3.7272496622659546,3.660220547108189,3.5120528096705215,3.94493285865782,0.4328800489872986
Matemáticas Discretas,2526-2,1,anon_md_2526_2_1_005,4,6.356752019552971,5.453845549437567,5.608271045930373,6.236558179680685,5.910751275287062,5.453845549437567,6.356752019552971,0.9029064701154041
Matemáticas Discretas,2526-2,1,anon_md_2526_2_1_005,6,8.851287378358421,8.63623857695103,8.750712052765266,9.250743536112793,9.734898189710748,8.63623857695103,9.734898189710748,1.0986596127597181
Matemáticas Discretas,2526-2,1,anon_md_2526_2_1_005,8,9.249129026268662,9.274958545287646,9.330167427344378,9.354003200586078,9.605611162513242,9.249129026268662,9.605611162513242,0.3564821362445798
Matemáticas Discretas,2526-2,1,anon_md_2526_2_1_006,4,2.718262597021827,3.506199295085688,2.6992608042723774,2.426513458126429,2.7332569351311946,2.426513458126429,3.506199295085688,1.0796858369592588
Matemáticas Discretas,2526-2,1,anon_md_2526_2_1_006,6,1.9817291722746546,1.7862390499811056,2.1128793132125026,1.253591205647865,1.3896370973711782,1.253591205647865,2.1128793132125026,0.8592881075646375
Matemáticas Discretas,2526-2,1,anon_md_2526_2_1_006,8,1.4876388183630311,1.379958572599108,1.167834667596992,1.394170257256377,1.4530034054216827,1.167834667596992,1.4876388183630311,0.3198041507660392
Matemáticas Discretas,2526-2,1,anon_md_2526_2_1_007,4,10.454920265177861,10.4296426594602,10.417311289442381,10.41086686038858,10.625304691141224,10.41086686038858,10.625304691141224,0.21443783075264378
Matemáticas Discretas,2526-2,1,anon_md_2526_2_1_007,6,9.51317791377619,9.408129615489145,9.545239352380577,9.200683710701867,9.647157169170555,9.200683710701867,9.647157169170555,0.446473458468688
Matemáticas Discretas,2526-2,1,anon_md_2526_2_1_007,8,10.303995224354352,10.428676678922784,10.368435217016355,10.526550775053437,10.500748237098776,10.303995224354352,10.526550775053437,0.2225555506990844
Matemáticas Discretas,2526-2,1,anon_md_2526_2_1_008,4,5.0448802132098525,5.458276441453943,4.726169951766298,5.080929883467782,4.627586669853046,4.627586669853046,5.458276441453943,0.8306897716008974
Matemáticas Discretas,2526-2,1,anon_md_2526_2_1_008,6,4.214747310570484,3.854922329999553,4.278429462876179,3.8994432292337216,3.8371074188484826,3.8371074188484826,4.278429462876179,0.4413220440276966
Matemáticas Discretas,2526-2,1,anon_md_2526_2_1_008,8,2.8574713034297226,2.8512301797585096,2.7857217451006875,2.892457979668457,2.7980215645822213,2.7857217451006875,2.892457979668457,0.10673623456776937
Matemáticas Discretas,2526-2,1,anon_md_2526_2_1_009,4,1.804305757907656,2.6848101651217533,2.1415336720370277,1.892688535196001,2.048348205189029,1.804305757907656,2.6848101651217533,0.8805044072140973
Matemáticas Discretas,2526-2,1,anon_md_2526_2_1_009,6,1.564629033680717,1.4536269939339377,1.7962007500518098,1.1113553018201685,1.2764676403656097,1.1113553018201685,1.7962007500518098,0.6848454482316413
Matemáticas Discretas,2526-2,1,anon_md_2526_2_1_009,8,1.3781042154018621,1.3269133110569697,1.060321158289483,1.3273149294978168,1.2451381068379987,1.060321158289483,1.3781042154018621,0.3177830571123792
Matemáticas Discretas,2526-2,1,anon_md_2526_2_1_010,4,3.523032862659919,3.4847619392261997,3.123713162410585,3.598444128030871,3.0640530062592575,3.0640530062592575,3.598444128030871,0.5343911217716135
Matemáticas Discretas,2526-2,1,anon_md_2526_2_1_010,6,2.5943446632427793,2.1595971286878637,2.5596002634390516,2.076877939639971,2.0034301082630037,2.0034301082630037,2.5943446632427793,0.5909145549797756
Matemáticas Discretas,2526-2,1,anon_md_2526_2_1_010,8,1.5131589925508777,1.5125050481746456,1.5214929216320598,1.5992473766703483,1.4847773990534563,1.4847773990534563,1.5992473766703483,0.11446997761689204
Matemáticas Discretas,2526-2,1,anon_md_2526_2_1_011,4,1.6341480659781524,2.5202749219649334,1.9353450732477029,1.737402559908574,1.875032709707142,1.6341480659781524,2.5202749219649334,0.886126855986781
Matemáticas Discretas,2526-2,1,anon_md_2526_2_1_011,6,1.5130442520146516,1.4315954184357906,1.695300778835417,1.0794927766139608,1.2717224337077084,1.0794927766139608,1.695300778835417,0.6158080022214563
Matemáticas Discretas,2526-2,1,anon_md_2526_2_1_011,8,2.5306282127777777,2.6134723073184105,2.421493394197192,2.620541101629719,2.565014071252584,2.421493394197192,2.620541101629719,0.19904770743252698
Matemáticas Discretas,2526-2,1,anon_md_2526_2_1_012,4,8.471019678398306,8.386824354809576,8.38386330087188,8.625233618155846,8.59964265674894,8.38386330087188,8.625233618155846,0.24137031728396607
Matemáticas Discretas,2526-2,1,anon_md_2526_2_1_012,6,9.589998909359565,9.916183985694147,9.509653229693242,9.862419938388882,10.114562394649909,9.509653229693242,10.114562394649909,0.6049091649566662
Matemáticas Discretas,2526-2,1,anon_md_2526_2_1_012,8,8.0565327277058,8.398326486652138,8.249092671118547,8.3413506301805,8.036247939675917,8.036247939675917,8.398326486652138,0.3620785469762211
Matemáticas Discretas,2526-2,1,anon_md_2526_2_1_013,4,8.318257946991508,8.322731363207296,8.249813697918214,8.483913904087117,8.457369364114953,8.249813697918214,8.483913904087117,0.23410020616890392
Matemáticas Discretas,2526-2,1,anon_md_2526_2_1_013,6,5.979070248393896,5.963691050621549,6.296036030235001,5.056924945077685,4.807324702582385,4.807324702582385,6.296036030235001,1.4887113276526165
Matemáticas Discretas,2526-2,1,anon_md_2526_2_1_013,8,4.1052916099518795,4.158514841569547,4.051052312132276,4.021452270251089,3.883205879262391,3.883205879262391,4.158514841569547,0.2753089623071556
Matemáticas Discretas,2526-2,1,anon_md_2526_2_1_014,4,8.041292237281738,8.059330456659538,7.986266756143749,8.63610759733072,8.334798796300802,7.986266756143749,8.63610759733072,0.6498408411869718
Matemáticas Discretas,2526-2,1,anon_md_2526_2_1_014,6,7.987617352426156,8.068809564024605,7.959031392277836,8.014613678101568,7.8800983183418225,7.8800983183418225,8.068809564024605,0.1887112456827822
Matemáticas Discretas,2526-2,1,anon_md_2526_2_1_014,8,9.019738218265175,9.49331515766221,9.299959232095034,9.43558904827205,9.053428193519053,9.019738218265175,9.49331515766221,0.4735769393970344
Matemáticas Discretas,2526-2,1,anon_md_2526_2_1_015,4,11.15150200473252,11.94206083562571,11.534548887691159,11.11489732195028,11.441668262438071,11.11489732195028,11.94206083562571,0.8271635136754298
Matemáticas Discretas,2526-2,1,anon_md_2526_2_1_015,6,13.53600147984639,13.519664096580641,13.316316616273582,12.816066843941087,13.266103737666299,12.816066843941087,13.53600147984639,0.7199346359053038
Matemáticas Discretas,2526-2,1,anon_md_2526_2_1_015,8,13.435842393129803,13.247098191717157,13.221124067235607,13.527607845875622,13.598028912841897,13.221124067235607,13.598028912841897,0.37690484560629045
Matemáticas Discretas,2526-2,1,anon_md_2526_2_1_016,4,4.976704713375058,5.058146375258696,4.844547749632905,5.359688365301601,5.073680039599012,4.844547749632905,5.359688365301601,0.5151406156686962
Matemáticas Discretas,2526-2,1,anon_md_2526_2_1_016,6,3.8875710126700618,3.6734692279151275,4.102188341365547,3.223496350292308,2.9649523534883997,2.9649523534883997,4.102188341365547,1.1372359878771476
Matemáticas Discretas,2526-2,1,anon_md_2526_2_1_016,8,2.6909085325225064,2.6745776931228136,2.7069869644730247,2.7064084203520764,2.627400201717549,2.627400201717549,2.7069869644730247,0.0795867627554756
Matemáticas Discretas,2526-2,1,anon_md_2526_2_1_017,4,7.76932115443212,8.061572439804138,7.753609318786218,7.9860189219630655,7.984006449187433,7.753609318786218,8.061572439804138,0.3079631210179201
Matemáticas Discretas,2526-2,1,anon_md_2526_2_1_017,6,9.343509663873988,9.732645603505716,9.305452247818522,9.749887924249379,9.996304127954545,9.305452247818522,9.996304127954545,0.690851880136023
Matemáticas Discretas,2526-2,1,anon_md_2526_2_1_017,8,10.202473386143751,10.530003210093753,10.310600205203428,10.446401526393544,10.293055910776403,10.202473386143751,10.530003210093753,0.32752982395000174
Matemáticas Discretas,2526-2,1,anon_md_2526_2_1_018,4,3.3258732989575073,3.167984879683896,3.0008700047610333,3.702522771254213,3.114614464448575,3.0008700047610333,3.702522771254213,0.7016527664931798
Matemáticas Discretas,2526-2,1,anon_md_2526_2_1_018,6,6.999221973795443,6.912749217833621,6.8608997294099225,8.883199488559455,8.606959656827598,6.8608997294099225,8.883199488559455,2.022299759149533
Matemáticas Discretas,2526-2,1,anon_md_2526_2_1_018,8,7.971700022756622,8.011885016757546,8.020740756362187,8.152087348956343,8.194053093202598,7.971700022756622,8.194053093202598,0.2223530704459762
Matemáticas Discretas,2526-2,1,anon_md_2526_2_1_019,4,1.2762138744317326,2.0004919616571613,1.4480199690596436,1.4897817868503864,1.5485401430862282,1.2762138744317326,2.0004919616571613,0.7242780872254286
Matemáticas Discretas,2526-2,1,anon_md_2526_2_1_019,6,1.3953009019926412,1.409806107468853,1.431140719413463,1.0379399489447962,1.2704631599591778,1.0379399489447962,1.431140719413463,0.39320077046866686
Matemáticas Discretas,2526-2,1,anon_md_2526_2_1_019,8,1.2855649522523578,1.3945821871915953,1.080085806828592,1.270674502269955,1.1939833946156426,1.080085806828592,1.3945821871915953,0.3144963803630034
Matemáticas Discretas,2526-2,1,anon_md_2526_2_1_020,4,-0.671186419765661,-0.4926632599762968,-0.7428036496899324,-0.8070106561206671,-0.7409657158481195,-0.8070106561206671,-0.4926632599762968,0.31434739614437035
Matemáticas Discretas,2526-2,1,anon_md_2526_2_1_020,6,-0.4554783260286399,-0.5100533601248003,-0.5738469917508837,-0.5340958148676123,-0.26871063291125097,-0.5738469917508837,-0.26871063291125097,0.30513635883963275
Matemáticas Discretas,2526-2,1,anon_md_2526_2_1_020,8,-0.15428003228920772,-0.0017397729122876626,-0.42673506436619846,-0.0827471172342058,-0.10013857330592657,-0.42673506436619846,-0.0017397729122876626,0.4249952914539108
Matemáticas Discretas,2526-2,1,anon_md_2526_2_1_021,4,-0.6794750756875203,-0.5102037750136503,-0.743994142184448,-0.7938782208795487,-0.7377725602953547,-0.7938782208795487,-0.5102037750136503,0.2836744458658984
Matemáticas Discretas,2526-2,1,anon_md_2526_2_1_021,6,-0.45208550745002185,-0.4945024305328616,-0.5720870193854921,-0.5399391573004664,-0.26767006632582024,-0.5720870193854921,-0.26767006632582024,0.30441695305967187
Matemáticas Discretas,2526-2,1,anon_md_2526_2_1_021,8,-0.1572304239000175,0.009964873635240679,-0.414794598425658,-0.08684179942196124,-0.09815909244180432,-0.414794598425658,0.009964873635240679,0.4247594720608987
Matemáticas Discretas,2526-2,1,anon_md_2526_2_1_022,4,8.511625801621292,9.812219602622875,8.704732494468473,8.580616063265921,8.932259819812558,8.511625801621292,9.812219602622875,1.3005938010015825
Matemáticas Discretas,2526-2,1,anon_md_2526_2_1_022,6,10.405672958355638,10.605477912312779,10.529870469668822,10.955749212701335,11.425453581551096,10.405672958355638,11.425453581551096,1.0197806231954587
Matemáticas Discretas,2526-2,1,anon_md_2526_2_1_022,8,11.21048985977174,11.137394488399678,11.062593277954832,11.308938057521814,11.280184720387396,11.062593277954832,11.308938057521814,0.2463447795669822
Matemáticas Discretas,2526-2,1,anon_md_2526_2_1_023,4,2.858678799101753,2.8955216914363007,2.714424869001377,3.20744178406758,2.8068086228145503,2.714424869001377,3.20744178406758,0.49301691506620315
Matemáticas Discretas,2526-2,1,anon_md_2526_2_1_023,6,2.2144431422136392,1.9808652162536902,2.2371764903138427,1.612832984541285,1.4922932773497735,1.4922932773497735,2.2371764903138427,0.7448832129640692
Matemáticas Discretas,2526-2,1,anon_md_2526_2_1_023,8,1.349670982918795,1.40453404272359,1.3190492682153376,1.4525385322801867,1.351995022571117,1.3190492682153376,1.4525385322801867,0.13348926406484907
Matemáticas Discretas,2526-2,1,anon_md_2526_2_1_024,4,7.06597432031203,7.590204044018549,7.087321098238604,7.375121178075702,7.4574213753193845,7.06597432031203,7.590204044018549,0.5242297237065188
Matemáticas Discretas,2526-2,1,anon_md_2526_2_1_024,6,5.585482244974884,5.726930858772505,5.900664148600711,4.983656677648242,4.679697259381356,4.679697259381356,5.900664148600711,1.2209668892193548
Matemáticas Discretas,2526-2,1,anon_md_2526_2_1_024,8,6.52168342150658,6.867662016891856,6.678503032561359,6.595477447568413,6.528333397967458,6.52168342150658,6.867662016891856,0.34597859538527587
Matemáticas Discretas,2526-2,1,anon_md_2526_2_1_025,4,1.243391855690291,1.7353136453729547,1.3819576304204162,1.590596437487477,1.5563124006779105,1.243391855690291,1.7353136453729547,0.49192178968266376
Matemáticas Discretas,2526-2,1,anon_md_2526_2_1_025,6,1.3999483943603366,1.4360158400777436,1.398813877087889,1.1089958014060244,1.210627026782788,1.1089958014060244,1.4360158400777436,0.32702003867171925
Matemáticas Discretas,2526-2,1,anon_md_2526_2_1_025,8,1.2591462515628962,1.4450578487905545,1.128158645697681,1.2325908522484497,1.2064185677446346,1.128158645697681,1.4450578487905545,0.31689920309287345
Matemáticas Discretas,2526-2,1,anon_md_2526_2_1_026,4,1.2533799988765537,1.6995570404218512,1.3919261541719123,1.6248253177728884,1.5713560650077056,1.2533799988765537,1.6995570404218512,0.44617704154529747
Matemáticas Discretas,2526-2,1,anon_md_2526_2_1_026,6,1.4083304962333045,1.4415115370900935,1.406770134229646,1.1291769386695307,1.1949532922127162,1.1291769386695307,1.4415115370900935,0.31233459842056277
Matemáticas Discretas,2526-2,1,anon_md_2526_2_1_026,8,1.2578714574089673,1.4523475454713974,1.139240771434828,1.2260765147332933,1.2108833225367022,1.139240771434828,1.4523475454713974,0.3131067740365694
Matemáticas Discretas,2526-2,1,anon_md_2526_2_1_027,4,6.570024808742993,7.0471229123809564,6.337077753361395,7.02977451973311,7.013202575470601,6.337077753361395,7.0471229123809564,0.7100451590195611
Matemáticas Discretas,2526-2,1,anon_md_2526_2_1_027,6,7.078985410109141,7.285277003859051,6.905171899775922,8.28246611103745,8.49985754634099,6.905171899775922,8.49985754634099,1.5946856465650683
Matemáticas Discretas,2526-2,1,anon_md_2526_2_1_027,8,6.5743118215292355,7.000011881207129,6.701174625861476,6.594418012846333,6.5054230915348015,6.5054230915348015,7.000011881207129,0.4945887896723278
Matemáticas Discretas,2526-2,1,anon_md_2526_2_1_028,4,2.9778209169626955,2.766883813420584,2.8127681186694033,3.3753962689994985,3.005562751450391,2.766883813420584,3.3753962689994985,0.6085124555789143
Matemáticas Discretas,2526-2,1,anon_md_2526_2_1_028,6,3.628295813978049,3.6778123214508156,3.636463529861949,5.610593384820504,5.604233313609058,3.628295813978049,5.610593384820504,1.982297570842455
Matemáticas Discretas,2526-2,1,anon_md_2526_2_1_028,8,6.521049284981196,6.773380478005663,6.728589669599948,6.7221514252072865,6.763982997756031,6.521049284981196,6.773380478005663,0.2523311930244674
Matemáticas Discretas,2526-2,1,anon_md_2526_2_1_029,4,1.3084293564964753,1.6045038404018754,1.4535896674652662,1.7514156486461019,1.6348730596194798,1.3084293564964753,1.7514156486461019,0.4429862921496266
Matemáticas Discretas,2526-2,1,anon_md_2526_2_1_029,6,1.446125575207219,1.4574190332360217,1.4513076386204773,1.2000421019025111,1.1447314924719478,1.1447314924719478,1.4574190332360217,0.3126875407640739
Matemáticas Discretas,2526-2,1,anon_md_2526_2_1_029,8,1.2587515617941563,1.4701521949420737,1.177807961255624,1.206255458651853,1.2279570378569673,1.177807961255624,1.4701521949420737,0.2923442336864497
Matemáticas Discretas,2526-2,1,anon_md_2526_2_1_030,4,2.286340185368495,2.2547544686508587,2.3065371903821443,2.7160207064217303,2.4097026565000874,2.2547544686508587,2.7160207064217303,0.4612662377708716
Matemáticas Discretas,2526-2,1,anon_md_2526_2_1_030,6,1.911370771241451,1.8931441985674837,1.9947299122242015,1.4613751377586084,1.3847725705529115,1.3847725705529115,1.9947299122242015,0.60995734167129
Matemáticas Discretas,2526-2,1,anon_md_2526_2_1_030,8,1.3005707442468974,1.4977288805251163,1.3086130577461574,1.3088836835272843,1.3265218003260202,1.3005707442468974,1.4977288805251163,0.19715813627821888
Matemáticas Discretas,2526-2,1,anon_md_2526_2_1_031,4,1.366055893453094,1.5502664682566802,1.5188935113528572,1.852686358597012,1.6905915140005447,1.366055893453094,1.852686358597012,0.48663046514391795
Matemáticas Discretas,2526-2,1,anon_md_2526_2_1_031,6,1.4815631052649394,1.4665648677709555,1.4967287534044829,1.2530280590966072,1.1126973748388593,1.1126973748388593,1.4967287534044829,0.3840313785656235
Matemáticas Discretas,2526-2,1,anon_md_2526_2_1_031,8,1.262775816067787,1.4777800108217463,1.2076760809751903,1.1928042161367927,1.2422918083363754,1.1928042161367927,1.4777800108217463,0.2849757946849536
Matemáticas Discretas,2526-2,1,anon_md_2526_2_1_032,4,3.39562416074123,2.8966538808935383,3.0148256233618156,3.931881268907315,3.697844736248914,2.8966538808935383,3.931881268907315,1.0352273880137766
Matemáticas Discretas,2526-2,1,anon_md_2526_2_1_032,6,2.5688974784578136,2.1772163673212788,2.5133407711964963,2.178881273857968,1.9589866242555445,1.9589866242555445,2.5688974784578136,0.6099108542022691
Matemáticas Discretas,2526-2,1,anon_md_2526_2_1_032,8,1.4119471105248351,1.3694823388592852,1.2314811235182503,1.5688240257736297,1.3742434370330656,1.2314811235182503,1.5688240257736297,0.33734290225537933
Matemáticas Discretas,2526-2,1,anon_md_2526_2_1_033,4,3.408331608485618,2.8832467735656877,3.021872239500645,3.947672461465068,3.751432249321655,2.8832467735656877,3.947672461465068,1.06442568789938
Matemáticas Discretas,2526-2,1,anon_md_2526_2_1_033,6,2.5778642979040214,2.198768571287303,2.5258724895226905,2.2070609042545755,1.9946924852813765,1.9946924852813765,2.5778642979040214,0.5831718126226448
Matemáticas Discretas,2526-2,1,anon_md_2526_2_1_033,8,1.4152585674662177,1.3745627673034164,1.2312290828811285,1.5662049469602266,1.3819025542079046,1.2312290828811285,1.5662049469602266,0.3349758640790981
Matemáticas Discretas,2526-2,1,anon_md_2526_2_1_034,4,1.234635848831772,0.5646808299618868,0.9898998730403008,1.3000799901868447,0.7787673617788045,0.5646808299618868,1.3000799901868447,0.7353991602249579
Matemáticas Discretas,2526-2,1,anon_md_2526_2_1_034,6,0.793722487048143,0.4692416259946697,0.6999845133078963,0.045028904640531664,0.05286277498228742,0.045028904640531664,0.793722487048143,0.7486935824076113
Matemáticas Discretas,2526-2,1,anon_md_2526_2_1_034,8,0.04786112345469462,0.1804428129872946,0.04748363309553838,0.141133277085558,0.14396262071896615,0.04748363309553838,0.1804428129872946,0.1329591798917562
Matemáticas Discretas,2526-2,1,anon_md_2526_2_1_035,4,3.194743475092924,2.6198648386411705,2.989618351466902,3.5900907140926064,3.360155299787994,2.6198648386411705,3.5900907140926064,0.9702258754514359
Matemáticas Discretas,2526-2,1,anon_md_2526_2_1_035,6,3.712111500936544,3.7453493094747685,3.7282447784256405,5.86142736170612,5.920724602662915,3.712111500936544,5.920724602662915,2.208613101726371
Matemáticas Discretas,2526-2,1,anon_md_2526_2_1_035,8,6.511952346073436,6.733894546263457,6.615530043568917,6.647576700826555,6.72984380000824,6.511952346073436,6.733894546263457,0.2219422001900213
Matemáticas Discretas,2526-2,2,anon_md_2526_2_2_001,4,4.848661329682508,5.009215851992728,5.077725368077198,5.00803655738315,5.653942683909882,4.848661329682508,5.653942683909882,0.8052813542273745
Matemáticas Discretas,2526-2,2,anon_md_2526_2_2_001,6,8.111494159922188,8.022631655327999,7.850617704890013,8.298972895256895,7.696249059522344,7.696249059522344,8.298972895256895,0.602723835734551
Matemáticas Discretas,2526-2,2,anon_md_2526_2_2_001,8,6.953085289245934,6.907912140410588,6.9504401667767866,7.05970467379646,7.023772580248703,6.907912140410588,7.05970467379646,0.15179253338587273
Matemáticas Discretas,2526-2,2,anon_md_2526_2_2_002,4,5.212335351136385,5.222441627381514,4.908938399063002,5.307697233348172,4.9815648499353316,4.908938399063002,5.307697233348172,0.3987588342851698
Matemáticas Discretas,2526-2,2,anon_md_2526_2_2_002,6,4.512710677333914,4.817186593510215,4.2206957551072115,5.033192744054745,5.2592261789403665,4.2206957551072115,5.2592261789403665,1.038530423833155
Matemáticas Discretas,2526-2,2,anon_md_2526_2_2_002,8,5.878318477620255,6.003229230478539,5.858594585975894,5.927830605470476,6.113594336683988,5.858594585975894,6.113594336683988,0.25499975070809455
Matemáticas Discretas,2526-2,2,anon_md_2526_2_2_003,4,0.5379328771707748,1.761992836404481,1.4208714824634825,0.9654797846931444,1.4083761235852563,0.5379328771707748,1.761992836404481,1.2240599592337063
Matemáticas Discretas,2526-2,2,anon_md_2526_2_2_003,6,0.8843729819425761,1.10442437864819,1.2407537254487266,0.3689006195482136,0.45854992629799085,0.3689006195482136,1.2407537254487266,0.871853105900513
Matemáticas Discretas,2526-2,2,anon_md_2526_2_2_003,8,0.26326465426339496,0.4441631534370458,-0.09920271348872234,0.4200325040618438,0.34751681800378265,-0.09920271348872234,0.4441631534370458,0.5433658669257682
Matemáticas Discretas,2526-2,2,anon_md_2526_2_2_004,4,5.386799323908146,5.735495584286866,5.152713554681807,5.2629463206351375,5.157849682087988,5.152713554681807,5.735495584286866,0.5827820296050596
Matemáticas Discretas,2526-2,2,anon_md_2526_2_2_004,6,4.247111335901639,4.508004849116787,4.169378015026684,4.615908467689962,4.140993451209203,4.140993451209203,4.615908467689962,0.4749150164807592
Matemáticas Discretas,2526-2,2,anon_md_2526_2_2_004,8,5.5909456069275905,5.683410121932127,5.7033139552668,5.7251744048476425,5.761474084829132,5.5909456069275905,5.761474084829132,0.17052847790154146
Matemáticas Discretas,2526-2,2,anon_md_2526_2_2_005,4,6.432085051307578,6.489268022458365,6.423077093231363,6.5205010983449725,6.3190274106536215,6.3190274106536215,6.5205010983449725,0.201473687691351
Matemáticas Discretas,2526-2,2,anon_md_2526_2_2_005,6,5.664075270393127,5.690495137513409,5.468162613945246,5.688323886955075,5.170631948291986,5.170631948291986,5.690495137513409,0.5198631892214234
Matemáticas Discretas,2526-2,2,anon_md_2526_2_2_005,8,5.568474170737581,5.458778822583525,5.539571011258069,5.515584967345433,5.423733232253433,5.423733232253433,5.568474170737581,0.14474093848414782
Matemáticas Discretas,2526-2,2,anon_md_2526_2_2_006,4,7.909176999542652,7.6288052819217995,7.327042457557141,7.646496644500047,7.252057162968271,7.252057162968271,7.909176999542652,0.6571198365743811
Matemáticas Discretas,2526-2,2,anon_md_2526_2_2_006,6,8.185519983174103,8.292589684855471,7.988286685336803,8.857878702076931,9.297943162492714,7.988286685336803,9.297943162492714,1.3096564771559116
Matemáticas Discretas,2526-2,2,anon_md_2526_2_2_006,8,7.981248792599558,7.939803106330288,7.999587520419013,8.034887882098175,7.977718593404063,7.939803106330288,8.034887882098175,0.09508477576788721
Matemáticas Discretas,2526-2,2,anon_md_2526_2_2_007,4,3.4556284204931274,3.2220795944767673,3.2569745175547027,3.698862503103478,3.372367102307141,3.2220795944767673,3.698862503103478,0.4767829086267108
Matemáticas Discretas,2526-2,2,anon_md_2526_2_2_007,6,3.0138026839886103,3.2290082825934476,2.712061249864334,3.025962975191047,3.1659187061250584,2.712061249864334,3.2290082825934476,0.5169470327291137
Matemáticas Discretas,2526-2,2,anon_md_2526_2_2_007,8,2.1495400510753466,2.372002074890208,2.122938856295039,2.0483925522064763,1.9121299368396851,1.9121299368396851,2.372002074890208,0.45987213805052285
Matemáticas Discretas,2526-2,2,anon_md_2526_2_2_008,4,7.274668886635919,7.632179363172533,7.452005163166408,7.451021276276215,7.151911841646982,7.151911841646982,7.632179363172533,0.4802675215255512
Matemáticas Discretas,2526-2,2,anon_md_2526_2_2_008,6,6.802464702065208,6.7655334397195475,6.690038556689487,6.605985797578256,5.806957803543714,5.806957803543714,6.802464702065208,0.9955068985214943
Matemáticas Discretas,2526-2,2,anon_md_2526_2_2_008,8,6.65088938047478,6.369927915759586,6.4969985598765945,6.546372195798462,6.427796205577074,6.369927915759586,6.65088938047478,0.2809614647151939
Matemáticas Discretas,2526-2,2,anon_md_2526_2_2_009,4,3.19489719151343,3.325900830947333,3.3866369789060773,3.244824858669734,3.1712010788180613,3.1712010788180613,3.3866369789060773,0.21543590008801594
Matemáticas Discretas,2526-2,2,anon_md_2526_2_2_009,6,2.5803565350269366,2.6892011937900975,2.5659104669082424,2.3507260712415103,1.9029389758671158,1.9029389758671158,2.6892011937900975,0.7862622179229817
Matemáticas Discretas,2526-2,2,anon_md_2526_2_2_009,8,1.7136151359952123,1.7519153477769613,1.7382254736431513,1.696756250267164,1.5323641711957805,1.5323641711957805,1.7519153477769613,0.21955117658118084
Matemáticas Discretas,2526-2,2,anon_md_2526_2_2_010,4,0.15213298031856937,0.8753738287474704,1.0371382894660286,0.5333787621478336,0.69812352606084,0.15213298031856937,1.0371382894660286,0.8850053091474592
Matemáticas Discretas,2526-2,2,anon_md_2526_2_2_010,6,0.46965171934957084,0.5277246741282227,0.8509583885989969,-0.05765362056038725,-0.050379690737543115,-0.05765362056038725,0.8509583885989969,0.9086120091593841
Matemáticas Discretas,2526-2,2,anon_md_2526_2_2_010,8,0.13403725716855774,0.23291160901011665,-0.0002448100129299746,0.26693073694598013,0.21311663734131514,-0.0002448100129299746,0.26693073694598013,0.2671755469589101
Matemáticas Discretas,2526-2,2,anon_md_2526_2_2_011,4,2.537725021022254,2.3837337433404144,2.98931758183015,2.6209246582965804,2.6148077442410766,2.3837337433404144,2.98931758183015,0.6055838384897356
Matemáticas Discretas,2526-2,2,anon_md_2526_2_2_011,6,3.694907234402905,3.5815327655680633,3.65114785497142,4.7993754111141556,5.425798098559625,3.5815327655680633,5.425798098559625,1.8442653329915615
Matemáticas Discretas,2526-2,2,anon_md_2526_2_2_011,8,3.1712904468511454,3.0653406675136576,3.4165314074376667,3.1348346475843236,3.132203377364779,3.0653406675136576,3.4165314074376667,0.35119073992400907
Matemáticas Discretas,2526-2,2,anon_md_2526_2_2_012,4,3.1207405866821887,2.9858327722742395,3.3057973884268392,3.193001926351627,2.9482978784139036,2.9482978784139036,3.3057973884268392,0.3574995100129357
Matemáticas Discretas,2526-2,2,anon_md_2526_2_2_012,6,4.9993252851801735,4.932102749687488,4.851592847983863,6.969246787082028,8.209391813314994,4.851592847983863,8.209391813314994,3.3577989653311313
Matemáticas Discretas,2526-2,2,anon_md_2526_2_2_012,8,8.169197419426723,7.940998343025669,8.221562448395517,8.117682579282373,8.588844428124219,7.940998343025669,8.588844428124219,0.6478460850985499
Matemáticas Discretas,2526-2,2,anon_md_2526_2_2_013,4,2.3687823458807244,2.891423173004661,3.1124358280167,2.7208717042122714,2.6082561486520888,2.3687823458807244,3.1124358280167,0.7436534821359757
Matemáticas Discretas,2526-2,2,anon_md_2526_2_2_013,6,2.001874415915154,2.0820957572835255,2.339457912989701,1.6894818301269368,1.1731591025009038,1.1731591025009038,2.339457912989701,1.1662988104887972
Matemáticas Discretas,2526-2,2,anon_md_2526_2_2_013,8,1.3862936205342677,1.4044461301016185,1.4410011112718095,1.4059148455607584,1.289077055386585,1.289077055386585,1.4410011112718095,0.15192405588522462
Matemáticas Discretas,2526-2,2,anon_md_2526_2_2_014,4,2.366366193980319,2.779226288778837,3.106489427209109,2.715289142120646,2.5436639719973044,2.366366193980319,3.106489427209109,0.7401232332287897
Matemáticas Discretas,2526-2,2,anon_md_2526_2_2_014,6,1.9708886011629403,2.008898693393121,2.3087188233354397,1.5917639157105725,1.0578356099367738,1.0578356099367738,2.3087188233354397,1.2508832133986658
Matemáticas Discretas,2526-2,2,anon_md_2526_2_2_014,8,1.3626562110993063,1.358633342560097,1.4544985313486194,1.3756380564575537,1.273992031988655,1.273992031988655,1.4544985313486194,0.18050649935996432
Matemáticas Discretas,2526-2,2,anon_md_2526_2_2_015,4,0.2405670272619176,0.4800368506196264,1.086502638228822,0.6613182067947605,0.4814922054834909,0.2405670272619176,1.086502638228822,0.8459356109669045
Matemáticas Discretas,2526-2,2,anon_md_2526_2_2_015,6,0.33799558287185505,0.25143480041322164,0.6896730769260273,-0.37985276233229115,-0.49815925890555945,-0.49815925890555945,0.6896730769260273,1.1878323358315868
Matemáticas Discretas,2526-2,2,anon_md_2526_2_2_015,8,0.04028425369345712,0.08865804147336576,0.12997420233112678,0.141371052809518,0.11274699654524056,0.04028425369345712,0.141371052809518,0.10108679911606089
Matemáticas Discretas,2526-2,2,anon_md_2526_2_2_016,4,4.030164319569138,4.000382387771481,3.984664212827081,4.943332216789983,4.380121892123766,3.984664212827081,4.943332216789983,0.9586680039629023
Matemáticas Discretas,2526-2,2,anon_md_2526_2_2_016,6,4.926129580368698,4.880805970785833,4.684996377823431,6.914411506794977,7.319100188123883,4.684996377823431,7.319100188123883,2.634103810300452
Matemáticas Discretas,2526-2,2,anon_md_2526_2_2_016,8,7.919578067908105,7.661579261856872,7.812581356026001,7.956660484053231,8.371492473205194,7.661579261856872,8.371492473205194,0.7099132113483222
Matemáticas Discretas,2526-2,2,anon_md_2526_2_2_017,4,2.9299189101737895,2.468418164630755,2.987881892673304,3.447656359318138,2.9586753563268786,2.468418164630755,3.447656359318138,0.9792381946873832
Matemáticas Discretas,2526-2,2,anon_md_2526_2_2_017,6,2.4181729767261686,2.2330462842955825,2.2755009131066686,1.6367728462490163,1.313895558939521,1.313895558939521,2.4181729767261686,1.1042774177866477
Matemáticas Discretas,2526-2,2,anon_md_2526_2_2_017,8,1.5287527435090524,1.3708966031070418,1.5175489176841879,1.5788786701941788,1.4375747606441323,1.3708966031070418,1.5788786701941788,0.20798206708713707
Matemáticas Discretas,2526-2,2,anon_md_2526_2_2_018,4,2.6482506440572777,2.325728329185992,2.6454518206344204,3.6023983464452476,3.094101419955077,2.325728329185992,3.6023983464452476,1.2766700172592556
Matemáticas Discretas,2526-2,2,anon_md_2526_2_2_018,6,2.4077854319242533,2.293928908247608,2.2025969920868818,1.8298505685947077,1.6195323376105932,1.6195323376105932,2.4077854319242533,0.7882530943136601
Matemáticas Discretas,2526-2,2,anon_md_2526_2_2_018,8,1.327985054361264,1.417195172077065,1.3274438843127996,1.6689289505383158,1.4746561171099941,1.3274438843127996,1.6689289505383158,0.3414850662255162
Matemáticas Discretas,2526-2,2,anon_md_2526_2_2_019,4,4.832874430069509,5.255214552457186,4.943080404389043,6.07700738468202,5.529043419944642,4.832874430069509,6.07700738468202,1.2441329546125104
Matemáticas Discretas,2526-2,2,anon_md_2526_2_2_019,6,4.831060928963861,4.837049832234872,4.713077875751701,4.570960142094506,4.031629183942755,4.031629183942755,4.837049832234872,0.8054206482921167
Matemáticas Discretas,2526-2,2,anon_md_2526_2_2_019,8,3.5380693620795043,3.505235037073966,3.297481534652576,3.8645759638084094,3.5642720104699066,3.297481534652576,3.8645759638084094,0.5670944291558335
Matemáticas Discretas,2526-2,2,anon_md_2526_2_2_020,4,4.757982420340284,5.193116172541341,4.889334073380034,6.067562986726752,5.51494370955173,4.757982420340284,6.067562986726752,1.3095805663864688
Matemáticas Discretas,2526-2,2,anon_md_2526_2_2_020,6,4.780190900846037,4.773302548685098,4.670604254683781,4.506226620268301,3.902782577245702,3.902782577245702,4.780190900846037,0.8774083236003349
Matemáticas Discretas,2526-2,2,anon_md_2526_2_2_020,8,3.462863476426705,3.4366910288953108,3.2339218094033413,3.8289146590693584,3.535603855245512,3.2339218094033413,3.8289146590693584,0.5949928496660171
Matemáticas Discretas,2526-2,2,anon_md_2526_2_2_021,4,7.225512115194736,7.487654000043051,7.174663583955201,7.276120308358379,6.7073495831171375,6.7073495831171375,7.487654000043051,0.7803044169259135
Matemáticas Discretas,2526-2,2,anon_md_2526_2_2_021,6,8.778136492265446,8.553694260020727,8.666845700518437,9.935424400363274,9.408765424452866,8.553694260020727,9.935424400363274,1.3817301403425475
Matemáticas Discretas,2526-2,2,anon_md_2526_2_2_021,8,9.766221610956961,9.29004401486295,9.511851717300303,9.678227230654599,9.797211197392414,9.29004401486295,9.797211197392414,0.5071671825294644
Matemáticas Discretas,2526-3,1,anon_md_2526_3_1_001,4,11.05870133435036,8.623613347793139,10.283592993424861,11.8894481712058,11.054305100250588,8.623613347793139,11.8894481712058,3.2658348234126606
Matemáticas Discretas,2526-3,1,anon_md_2526_3_1_001,6,10.346207989157676,10.343240875917559,9.617407976851382,11.674166101962271,12.069450654063303,9.617407976851382,12.069450654063303,2.452042677211921
Matemáticas Discretas,2526-3,1,anon_md_2526_3_1_001,8,11.360954207471565,11.73531883885579,11.835705189978711,12.062038823307148,11.692103162161402,11.360954207471565,12.062038823307148,0.7010846158355832
Matemáticas Discretas,2526-3,1,anon_md_2526_3_1_002,4,2.610328889842302,2.496991209520404,2.309387421083361,2.38466904317281,2.512553007389819,2.309387421083361,2.610328889842302,0.3009414687589409
Matemáticas Discretas,2526-3,1,anon_md_2526_3_1_002,6,1.2465333654127875,1.1139341675507808,1.2072358421065132,1.0907266751451061,1.1514641215889299,1.0907266751451061,1.2465333654127875,0.15580669026768135
Matemáticas Discretas,2526-3,1,anon_md_2526_3_1_002,8,0.3957140469156428,0.2450147764744912,0.19185131993758375,0.26186563309427413,0.4135793018888094,0.19185131993758375,0.4135793018888094,0.22172798195122567
Matemáticas Discretas,2526-3,1,anon_md_2526_3_1_003,4,2.4170382416580587,2.350550452799583,2.1470232257091197,2.0389752503971543,2.2659238024156245,2.0389752503971543,2.4170382416580587,0.37806299126090437
Matemáticas Discretas,2526-3,1,anon_md_2526_3_1_003,6,1.5735695736389488,1.4728684809725578,1.4051355067973503,1.4905830642200968,1.55871916211467,1.4051355067973503,1.5735695736389488,0.16843406684159845
Matemáticas Discretas,2526-3,1,anon_md_2526_3_1_003,8,3.097877897682236,3.097877016314387,3.368662597583686,2.8657915993296115,3.3185003157484445,2.8657915993296115,3.368662597583686,0.5028709982540747
Matemáticas Discretas,2526-3,1,anon_md_2526_3_1_004,4,2.2286022236361234,2.2659503164159105,2.0379891424388745,2.0431599740339124,2.160358842407927,2.0379891424388745,2.2659503164159105,0.22796117397703597
Matemáticas Discretas,2526-3,1,anon_md_2526_3_1_004,6,2.915701507136145,2.856920158601678,2.787070610658912,3.3701972774673763,3.616481441427325,2.787070610658912,3.616481441427325,0.8294108307684134
Matemáticas Discretas,2526-3,1,anon_md_2526_3_1_004,8,3.0627675108945853,2.9484078118824844,3.3239293786702504,3.0087373290600166,3.288724265854114,2.9484078118824844,3.3239293786702504,0.37552156678776605
Matemáticas Discretas,2526-3,1,anon_md_2526_3_1_005,4,2.173107773226061,2.16761669137626,1.9817900581782801,1.8874364483333892,2.031638414694985,1.8874364483333892,2.173107773226061,0.28567132489267166
Matemáticas Discretas,2526-3,1,anon_md_2526_3_1_005,6,1.4864622323616317,1.3285223457456397,1.3220571027339645,1.3148894598530347,1.3508264339932197,1.3148894598530347,1.4864622323616317,0.17157277250859693
Matemáticas Discretas,2526-3,1,anon_md_2526_3_1_005,8,1.6547412716920533,1.6132428052440844,1.77534899311663,1.497605020321977,1.6448520187503917,1.497605020321977,1.77534899311663,0.2777439727946529
Matemáticas Discretas,2526-3,1,anon_md_2526_3_1_006,4,2.205826743662726,2.049762978094659,1.969833493400106,2.1048220066152084,1.9220881644558219,1.9220881644558219,2.205826743662726,0.28373857920690426
Matemáticas Discretas,2526-3,1,anon_md_2526_3_1_006,6,1.7485473964365283,1.5872486333669755,1.5502560382286035,1.5218500340698071,1.7548030799317438,1.5218500340698071,1.7548030799317438,0.23295304586193666
Matemáticas Discretas,2526-3,1,anon_md_2526_3_1_006,8,3.0112306219070035,3.105235502991647,3.341161454905059,2.872622291861802,2.997991768665087,2.872622291861802,3.341161454905059,0.46853916304325693
Matemáticas Discretas,2526-3,1,anon_md_2526_3_1_007,4,1.7436999345527298,1.2246187392158774,1.621174158278329,2.305994600764045,1.1390153510046304,1.1390153510046304,2.305994600764045,1.1669792497594145
Matemáticas Discretas,2526-3,1,anon_md_2526_3_1_007,6,0.25593105168979946,0.029723863790280802,0.6119500711116643,0.31600624336505234,0.4470553245876374,0.029723863790280802,0.6119500711116643,0.5822262073213835
Matemáticas Discretas,2526-3,1,anon_md_2526_3_1_007,8,0.07719744721158861,-0.1323102727166514,-0.09636807145899695,0.16794854236091794,0.11848393704997306,-0.1323102727166514,0.16794854236091794,0.30025881507756935
Matemáticas Discretas,2526-3,1,anon_md_2526_3_1_008,4,11.559788734057946,10.900556846822042,11.069526452414124,11.437520416592605,11.920795588213423,10.900556846822042,11.920795588213423,1.0202387413913812
Matemáticas Discretas,2526-3,1,anon_md_2526_3_1_008,6,12.387852119052354,11.785260218518488,11.950986721347306,11.428729349062905,11.713800824159762,11.428729349062905,12.387852119052354,0.9591227699894489
Matemáticas Discretas,2526-3,1,anon_md_2526_3_1_008,8,11.424341041973278,11.11975531192168,11.072150851287034,11.316953308442962,11.528154151292824,11.072150851287034,11.528154151292824,0.4560033000057899
Matemáticas Discretas,2526-3,1,anon_md_2526_3_1_009,4,1.2730952160109794,1.0026963717332933,1.234029774877591,1.8173703568342248,0.8452233847364141,0.8452233847364141,1.8173703568342248,0.9721469720978106
Matemáticas Discretas,2526-3,1,anon_md_2526_3_1_009,6,0.15591092726339184,-0.006467641439655836,0.45702190340321636,0.2081583818761601,0.4106099852315026,-0.006467641439655836,0.45702190340321636,0.4634895448428722
Matemáticas Discretas,2526-3,1,anon_md_2526_3_1_009,8,1.1964436438102126,1.1444973511780603,1.2703406217881792,1.4159745030793616,1.4582867624447644,1.1444973511780603,1.4582867624447644,0.3137894112667041
Matemáticas Discretas,2526-3,1,anon_md_2526_3_1_010,4,7.7282308383662155,6.356938589272261,6.994692933197982,7.645967844012986,7.3101332799300565,6.356938589272261,7.7282308383662155,1.3712922490939548
Matemáticas Discretas,2526-3,1,anon_md_2526_3_1_010,6,8.227215858650624,8.342838348579221,7.801983061439529,8.526464548175397,8.594234775052541,7.801983061439529,8.594234775052541,0.7922517136130125
Matemáticas Discretas,2526-3,1,anon_md_2526_3_1_010,8,9.14420064528123,9.30399090412351,9.420425119525888,9.377633559078248,9.363110002662367,9.14420064528123,9.420425119525888,0.2762244742446569
Matemáticas Discretas,2526-3,1,anon_md_2526_3_1_011,4,0.8817303405228358,0.8068816416213025,0.9078767540404442,1.3861438798480847,0.6102101344948352,0.6102101344948352,1.3861438798480847,0.7759337453532495
Matemáticas Discretas,2526-3,1,anon_md_2526_3_1_011,6,1.87455771391447,2.147658143015775,2.0806591063106197,3.4921882021700625,3.480616063264378,1.87455771391447,3.4921882021700625,1.6176304882555925
Matemáticas Discretas,2526-3,1,anon_md_2526_3_1_011,8,2.690018116642946,2.768872885568747,3.0851233204110216,3.013086884489079,2.9828783835630244,2.690018116642946,3.0851233204110216,0.39510520376807534
Matemáticas Discretas,2526-3,1,anon_md_2526_3_1_012,4,11.294040528720473,10.911381592320993,11.092166169600716,10.78153091858539,11.241056579332252,10.78153091858539,11.294040528720473,0.5125096101350834
Matemáticas Discretas,2526-3,1,anon_md_2526_3_1_012,6,11.24141951888339,10.896651442713562,10.894645302821061,9.99239461940752,10.523451992911589,9.99239461940752,11.24141951888339,1.2490248994758701
Matemáticas Discretas,2526-3,1,anon_md_2526_3_1_012,8,12.374460553308325,12.034364971138558,12.163876036220842,12.299361980559397,12.466558745342866,12.034364971138558,12.466558745342866,0.4321937742043076
Matemáticas Discretas,2526-3,1,anon_md_2526_3_1_013,4,1.6079524175912212,1.5667402216074535,1.5615806804418568,1.686528624009398,1.5651713146376522,1.5615806804418568,1.686528624009398,0.12494794356754113
Matemáticas Discretas,2526-3,1,anon_md_2526_3_1_013,6,1.2292773841834759,0.859212249178114,1.0745024787604507,0.7050943712970081,0.7512063163552796,0.7050943712970081,1.2292773841834759,0.5241830128864677
Matemáticas Discretas,2526-3,1,anon_md_2526_3_1_013,8,0.1618835088534638,0.08867083913831664,0.1908685081776298,0.29237534785096386,0.15701607594128575,0.08867083913831664,0.29237534785096386,0.20370450871264723
Matemáticas Discretas,2526-3,1,anon_md_2526_3_1_014,4,0.7159298289125786,1.0929627998482374,0.8558358331440701,0.918355753273886,0.8318966060377022,0.7159298289125786,1.0929627998482374,0.3770329709356588
Matemáticas Discretas,2526-3,1,anon_md_2526_3_1_014,6,0.3315396094754419,0.3069912985854728,0.3647114504133242,0.061205568110835884,0.2827468638048458,0.061205568110835884,0.3647114504133242,0.3035058823024883
Matemáticas Discretas,2526-3,1,anon_md_2526_3_1_014,8,0.007841194877499902,-0.04026702097623058,-0.1197946454774268,0.14257525602174326,0.17316363158529668,-0.1197946454774268,0.17316363158529668,0.2929582770627235
Matemáticas Discretas,2526-3,1,anon_md_2526_3_1_015,4,1.0999230719651933,1.3225149989314389,1.211792811370735,1.2259434212406362,1.2042588558758638,1.0999230719651933,1.3225149989314389,0.22259192696624552
Matemáticas Discretas,2526-3,1,anon_md_2526_3_1_015,6,0.7678588665399388,0.5500569197033656,0.6922790236527021,0.2918545047370458,0.38488924225177357,0.2918545047370458,0.7678588665399388,0.4760043618028931
Matemáticas Discretas,2526-3,1,anon_md_2526_3_1_015,8,0.0500673756811949,-0.01264917092949247,0.012579428433326711,0.2109672002260936,0.19176874646882425,-0.01264917092949247,0.2109672002260936,0.22361637115558608
Matemáticas Discretas,2526-3,1,anon_md_2526_3_1_016,4,1.5285918039603956,1.3992598421675595,1.485637365151554,1.7182785146764488,1.5286095725050899,1.3992598421675595,1.7182785146764488,0.31901867250888927
Matemáticas Discretas,2526-3,1,anon_md_2526_3_1_016,6,1.1749340904688665,0.7390721808882006,1.0249457216424673,0.552965069826854,0.6169938569559008,0.552965069826854,1.1749340904688665,0.6219690206420125
Matemáticas Discretas,2526-3,1,anon_md_2526_3_1_016,8,0.10029291221708547,0.015283648399858407,0.11519575229549162,0.28842282571208955,0.14748165252530043,0.015283648399858407,0.28842282571208955,0.27313917731223114
Matemáticas Discretas,2526-3,1,anon_md_2526_3_1_017,4,0.11723555853903633,0.36234856063823884,0.2747298307717472,0.513161304798885,0.19081972934316127,0.11723555853903633,0.513161304798885,0.39592574625984867
Matemáticas Discretas,2526-3,1,anon_md_2526_3_1_017,6,-0.11646465974223474,-0.03285663307451614,0.034375398546586666,-0.1304542515815399,0.24250781243409847,-0.1304542515815399,0.24250781243409847,0.37296206401563836
Matemáticas Discretas,2526-3,1,anon_md_2526_3_1_017,8,-0.10277481077201855,-0.04676880536780459,-0.16394699712691363,0.04553928467468893,0.08769047279204756,-0.16394699712691363,0.08769047279204756,0.2516374699189612
Matemáticas Discretas,2526-3,1,anon_md_2526_3_1_018,4,1.7791540115215128,1.3631318561234451,1.5186491001254083,2.158396112302988,1.7970485092851973,1.3631318561234451,2.158396112302988,0.7952642561795429
Matemáticas Discretas,2526-3,1,anon_md_2526_3_1_018,6,4.287528566004848,3.6944057342779573,3.911378599407376,4.964164497963466,5.128913370015738,3.6944057342779573,5.128913370015738,1.4345076357377806
Matemáticas Discretas,2526-3,1,anon_md_2526_3_1_018,8,6.605816901169462,6.373436574936207,6.722957800369876,6.671870907620381,6.7118650370832,6.373436574936207,6.722957800369876,0.34952122543366926
Matemáticas Discretas,2526-3,1,anon_md_2526_3_1_019,4,0.42185634226436264,0.7994977007667927,0.6586060975717913,0.723905684412216,0.646354871094104,0.42185634226436264,0.7994977007667927,0.3776413585024301
Matemáticas Discretas,2526-3,1,anon_md_2526_3_1_019,6,0.245856582916133,0.32884751805354995,0.28765808718119956,-0.08583603881120894,0.2074201580802537,-0.08583603881120894,0.32884751805354995,0.4146835568647589
Matemáticas Discretas,2526-3,1,anon_md_2526_3_1_019,8,-0.09315593907011532,-0.0028319761777453323,-0.11958499201084294,0.10467990285397377,0.17404846377027638,-0.11958499201084294,0.17404846377027638,0.2936334557811193
Matemáticas Discretas,2526-3,1,anon_md_2526_3_1_020,4,0.3908881750193558,0.7552716079337642,0.6473950713147474,0.719376371316244,0.6302049297680838,0.3908881750193558,0.7552716079337642,0.36438343291440844
Matemáticas Discretas,2526-3,1,anon_md_2526_3_1_020,6,0.23769277002813283,0.341228378618581,0.28854169757437376,-0.10573337251571502,0.19547322702365477,-0.10573337251571502,0.341228378618581,0.44696175113429604
Matemáticas Discretas,2526-3,1,anon_md_2526_3_1_020,8,-0.10829826666206088,0.0058893471880168136,-0.11529826333503479,0.09764281740677916,0.1779283571227097,-0.11529826333503479,0.1779283571227097,0.2932266204577445
Matemáticas Discretas,2526-3,1,anon_md_2526_3_1_021,4,12.708545139348246,13.147981239250157,12.697152910953122,12.392919518519932,12.233416475291733,12.233416475291733,13.147981239250157,0.914564763958424
Matemáticas Discretas,2526-3,1,anon_md_2526_3_1_021,6,13.951192704963546,13.88878184902768,13.365195506639395,12.439185196293067,13.077140191177136,12.439185196293067,13.951192704963546,1.5120075086704787
Matemáticas Discretas,2526-3,1,anon_md_2526_3_1_021,8,13.35099583083641,13.177969933452289,13.117745589441654,13.236518109409516,13.182989715637035,13.117745589441654,13.35099583083641,0.23325024139475659
Matemáticas Discretas,2526-3,1,anon_md_2526_3_1_022,4,10.796212178639024,10.91174880891134,10.598476039542959,10.585712671782261,10.329292212053247,10.329292212053247,10.91174880891134,0.5824565968580941
Matemáticas Discretas,2526-3,1,anon_md_2526_3_1_022,6,11.13547158004144,11.222480510064997,10.66831754022678,10.549293728764212,10.69008956649759,10.549293728764212,11.222480510064997,0.6731867813007852
Matemáticas Discretas,2526-3,1,anon_md_2526_3_1_022,8,10.095984831225365,10.267827392927373,10.041015192140804,10.042324629655269,9.975992131342537,9.975992131342537,10.267827392927373,0.2918352615848363
Matemáticas Discretas,2526-3,1,anon_md_2526_3_1_023,4,1.7509785597621246,1.1865232570248878,1.420699812409275,2.2534799445536606,1.9474807104469747,1.1865232570248878,2.2534799445536606,1.0669566875287728
Matemáticas Discretas,2526-3,1,anon_md_2526_3_1_023,6,1.4186680996346013,0.687351770114617,1.1696129828266777,0.7044276559616947,0.7408958557223855,0.687351770114617,1.4186680996346013,0.7313163295199843
Matemáticas Discretas,2526-3,1,anon_md_2526_3_1_023,8,0.13131233269949405,-0.07969312159694653,-0.011711925377866805,0.3649709581796259,0.123653867634971,-0.07969312159694653,0.3649709581796259,0.4446640797765724
Matemáticas Discretas,2526-3,1,anon_md_2526_3_1_024,4,1.0279521369481017,0.9613395286903739,1.2001363684177875,1.4057731243320504,1.1824773964158055,0.9613395286903739,1.4057731243320504,0.4444335956416765
Matemáticas Discretas,2526-3,1,anon_md_2526_3_1_024,6,0.7146029056652026,0.5643771510524687,0.7326433890703754,0.10843864874132692,0.3012929245717544,0.10843864874132692,0.7326433890703754,0.6242047403290485
Matemáticas Discretas,2526-3,1,anon_md_2526_3_1_024,8,-0.07019350456907603,-0.016727387331769705,-0.02862481399145622,0.1815258051945392,0.2203077838506573,-0.07019350456907603,0.2203077838506573,0.29050128841973333
Matemáticas Discretas,2526-3,1,anon_md_2526_3_1_025,4,7.500657797230744,8.490416080911174,7.723243801348758,7.631859805808148,7.695077326406221,7.500657797230744,8.490416080911174,0.9897582836804304
Matemáticas Discretas,2526-3,1,anon_md_2526_3_1_025,6,5.630242080739293,5.757799513951369,5.905622835195061,5.183692984300958,5.112337372171376,5.112337372171376,5.905622835195061,0.7932854630236852
Matemáticas Discretas,2526-3,1,anon_md_2526_3_1_025,8,5.000835377211657,5.237152957032091,5.165289269208538,4.98161927062435,5.110252233503899,4.98161927062435,5.237152957032091,0.2555336864077411
Matemáticas Discretas,2526-3,1,anon_md_2526_3_1_026,4,-0.2780397849493994,0.015291494779816617,0.06049985497422483,0.2205703810985966,0.05798634625601551,-0.2780397849493994,0.2205703810985966,0.498610166047996
Matemáticas Discretas,2526-3,1,anon_md_2526_3_1_026,6,1.4263994157514617,2.014581385726885,1.479874920145562,2.9218508339930906,2.854721552223868,1.4263994157514617,2.9218508339930906,1.495451418241629
Matemáticas Discretas,2526-3,1,anon_md_2526_3_1_026,8,1.2446709513103968,1.5396980483505303,1.5513196731034569,1.4260849844457155,1.6410324456021854,1.2446709513103968,1.6410324456021854,0.3963614942917886
Matemáticas Discretas,2526-3,1,anon_md_2526_3_1_027,4,1.5539223451341257,1.0536330516125219,1.417042546170876,2.0007973573256947,1.770457974694736,1.0536330516125219,2.0007973573256947,0.9471643057131729
Matemáticas Discretas,2526-3,1,anon_md_2526_3_1_027,6,4.017361388605014,3.7052024315339764,3.7223081474211455,5.025441882072215,5.394374660392145,3.7052024315339764,5.394374660392145,1.689172228858169
Matemáticas Discretas,2526-3,1,anon_md_2526_3_1_027,8,5.342411957949718,5.197153539362178,5.442326120068536,5.458532569425458,5.578681898054803,5.197153539362178,5.578681898054803,0.38152835869262525
Matemáticas Discretas,2526-3,1,anon_md_2526_3_1_028,4,1.7621171236728372,1.0817930484398062,1.3571254402052588,2.363635250757465,2.1743991855017697,1.0817930484398062,2.363635250757465,1.2818422023176588
Matemáticas Discretas,2526-3,1,anon_md_2526_3_1_028,6,2.722169730459413,2.074933132540181,2.4571360272231004,3.2506413343316822,3.3948878037704446,2.074933132540181,3.3948878037704446,1.3199546712302634
Matemáticas Discretas,2526-3,1,anon_md_2526_3_1_028,8,2.6454987491562534,2.4163172685641925,2.660901309521165,2.906649510041273,2.7915716025823194,2.4163172685641925,2.906649510041273,0.49033224147708054
Matemáticas Discretas,2526-3,1,anon_md_2526_3_1_029,4,1.5854460570343392,1.0343458516139208,1.4249455691461677,2.0610748315883924,1.8584615971517664,1.0343458516139208,2.0610748315883924,1.0267289799744717
Matemáticas Discretas,2526-3,1,anon_md_2526_3_1_029,6,1.1214903676128074,0.6594171921034331,1.0524929970069508,0.4284465371009105,0.551430634867387,0.4284465371009105,1.1214903676128074,0.6930438305118969
Matemáticas Discretas,2526-3,1,anon_md_2526_3_1_029,8,0.012884942116357934,-0.07338265006931977,-0.053480813822488926,0.2710638121285882,0.25238174822777637,-0.07338265006931977,0.2710638121285882,0.344446462197908
Matemáticas Discretas,2526-3,1,anon_md_2526_3_1_030,4,1.7735437786233064,1.0611963437150393,1.3397429911800813,2.409908057832464,2.2807710410364948,1.0611963437150393,2.409908057832464,1.3487117141174245
Matemáticas Discretas,2526-3,1,anon_md_2526_3_1_030,6,2.703708350764259,2.084360122172612,2.4511886978280586,3.274490886986964,3.46172723582184,2.084360122172612,3.46172723582184,1.3773671136492283
Matemáticas Discretas,2526-3,1,anon_md_2526_3_1_030,8,3.851105056091633,3.6179376327070045,3.89000166351423,4.080453390316181,4.012371315687988,3.6179376327070045,4.080453390316181,0.46251575760917607
Matemáticas Discretas,2526-3,1,anon_md_2526_3_1_031,4,1.2187868622315108,0.8741868529440922,1.3661032750455462,1.685920884254152,1.402197667434848,0.8741868529440922,1.685920884254152,0.8117340313100598
Matemáticas Discretas,2526-3,1,anon_md_2526_3_1_031,6,3.8247062766440436,3.9073653612974883,3.6344915411835714,4.982967320103498,5.351330191325701,3.6344915411835714,5.351330191325701,1.7168386501421296
Matemáticas Discretas,2526-3,1,anon_md_2526_3_1_031,8,3.9597788734357238,3.9409772797518396,4.10416294964407,4.090052843905042,4.286924257976015,3.9409772797518396,4.286924257976015,0.3459469782241751
