materia,trimestre,seccion,estudiante_id,hito,evidencia_anio_que_cursa,evidencia_tamano_grupo,evidencia_participaciones_semana,evidencia_participaciones_semana_anterior,respaldo,valores_ausentes,total_trimestre_real,prediccion_bayes,prediccion_lstm,prediccion_extrapolacion,distancia_cercana,combinaciones_cercanas,filas_cercanas,prediccion_cercana,cercana_descripcion,prediccion_omitiendo_ausente
Algoritmos y Programación,2425-2,1,anon_001,4,1,mediano,0,0,712,,2.0,2.840077038318065,3.6251254,6.0,,,,,,
Algoritmos y Programación,2425-2,1,anon_001,6,1,mediano,0,0,712,,2.0,2.840077038318065,3.39099,4.0,,,,,,
Algoritmos y Programación,2425-2,1,anon_001,8,1,mediano,0,0,712,,2.0,2.840077038318065,3.0046492,3.0,,,,,,
Algoritmos y Programación,2425-2,1,anon_002,4,1,mediano,0,0,712,,2.0,2.840077038318065,1.4907298,0.0,,,,,,
Algoritmos y Programación,2425-2,1,anon_002,6,1,mediano,0,0,712,,2.0,2.840077038318065,1.2296295,0.0,,,,,,
Algoritmos y Programación,2425-2,1,anon_002,8,1,mediano,0,0,712,,2.0,2.840077038318065,0.902009,0.0,,,,,,
Algoritmos y Programación,2425-2,1,anon_003,4,1,mediano,2,2,6,,17.0,8.677506321734416,7.7929273,18.0,,,,,,
Algoritmos y Programación,2425-2,1,anon_003,6,1,mediano,2,1,8,,17.0,9.067694765911643,10.772118,18.0,,,,,,
Algoritmos y Programación,2425-2,1,anon_003,8,1,mediano,3 o más,2,4,,17.0,8.672535372959825,16.439438,22.5,,,,,,
Algoritmos y Programación,2425-2,1,anon_004,4,1,mediano,0,0,712,,2.0,2.840077038318065,3.6297455,6.0,,,,,,
Algoritmos y Programación,2425-2,1,anon_004,6,1,mediano,0,0,712,,2.0,2.840077038318065,3.376535,4.0,,,,,,
Algoritmos y Programación,2425-2,1,anon_004,8,1,mediano,0,0,712,,2.0,2.840077038318065,2.9854894,3.0,,,,,,
Algoritmos y Programación,2425-2,1,anon_005,4,1,mediano,3 o más,0,18,,10.0,6.892618631739804,8.815488,21.0,,,,,,
Algoritmos y Programación,2425-2,1,anon_005,6,1,mediano,1,1,16,,10.0,6.666761295024926,10.754456,18.0,,,,,,
Algoritmos y Programación,2425-2,1,anon_005,8,1,mediano,0,1,94,,10.0,4.034893119480472,11.30912,15.0,,,,,,
Algoritmos y Programación,2425-2,1,anon_006,4,1,mediano,0,0,712,,0.0,2.840077038318065,1.4842309,0.0,,,,,,
Algoritmos y Programación,2425-2,1,anon_006,6,1,mediano,0,0,712,,0.0,2.840077038318065,1.2122827,0.0,,,,,,
Algoritmos y Programación,2425-2,1,anon_006,8,1,mediano,0,0,712,,0.0,2.840077038318065,0.88378954,0.0,,,,,,
Algoritmos y Programación,2425-2,1,anon_007,4,1,mediano,0,0,712,,0.0,2.840077038318065,1.4830023,0.0,,,,,,
Algoritmos y Programación,2425-2,1,anon_007,6,1,mediano,0,0,712,,0.0,2.840077038318065,1.2082539,0.0,,,,,,
Algoritmos y Programación,2425-2,1,anon_007,8,1,mediano,0,0,712,,0.0,2.840077038318065,0.87917423,0.0,,,,,,
Algoritmos y Programación,2425-2,1,anon_008,4,1,mediano,3 o más,2,4,,16.0,8.672535372959825,6.674368,15.0,,,,,,
Algoritmos y Programación,2425-2,1,anon_008,6,1,mediano,1,1,16,,16.0,6.666761295024926,8.606867,14.0,,,,,,
Algoritmos y Programación,2425-2,1,anon_008,8,1,mediano,3 o más,2,4,,16.0,8.672535372959825,16.339153,22.5,,,,,,
Algoritmos y Programación,2425-2,1,anon_009,4,2,mediano,2,0,0,,9.0,5.799326981246219,5.7726855,12.0,1.0,2.0,46.0,6.966053157631711,Año que cursa=1; Tamaño del grupo=mediano; Participaciones de la semana=2; Participaciones de la semana anterior=0 | Año que cursa=2; Tamaño del grupo=mediano; Participaciones de la semana=1; Participaciones de la semana anterior=0,5.799326981246219
Algoritmos y Programación,2425-2,1,anon_009,6,2,mediano,0,0,122,,9.0,1.0121530565491046,5.622361,8.0,,,,,,
Algoritmos y Programación,2425-2,1,anon_009,8,2,mediano,1,1,0,,9.0,5.799326981246219,7.2020135,9.0,1.0,3.0,22.0,5.487718610790298,Año que cursa=1; Tamaño del grupo=mediano; Participaciones de la semana=1; Participaciones de la semana anterior=1 | Año que cursa=2; Tamaño del grupo=mediano; Participaciones de la semana=0; Participaciones de la semana anterior=1 | Año que cursa=2; Tamaño del grupo=mediano; Participaciones de la semana=1; Participaciones de la semana anterior=0,5.799326981246219
Algoritmos y Programación,2425-2,1,anon_010,4,2,mediano,1,3 o más,0,,22.0,5.799326981246219,9.979415,24.0,1.0,2.0,6.0,9.20577485380117,Año que cursa=1; Tamaño del grupo=mediano; Participaciones de la semana=1; Participaciones de la semana anterior=3 o más | Año que cursa=2; Tamaño del grupo=mediano; Participaciones de la semana=0; Participaciones de la semana anterior=3 o más,5.799326981246219
Algoritmos y Programación,2425-2,1,anon_010,6,2,mediano,3 o más,1,2,,22.0,4.278994689443125,13.9613085,24.0,,,,,,
Algoritmos y Programación,2425-2,1,anon_010,8,2,mediano,3 o más,2,0,,22.0,5.799326981246219,21.539494,30.0,1.0,2.0,6.0,7.212719298245613,Año que cursa=1; Tamaño del grupo=mediano; Participaciones de la semana=3 o más; Participaciones de la semana anterior=2 | Año que cursa=2; Tamaño del grupo=mediano; Participaciones de la semana=3 o más; Participaciones de la semana anterior=1,5.799326981246219
Algoritmos y Programación,2425-2,1,anon_011,4,2,mediano,2,0,0,,6.0,5.799326981246219,5.743093,12.0,1.0,2.0,46.0,6.966053157631711,Año que cursa=1; Tamaño del grupo=mediano; Participaciones de la semana=2; Participaciones de la semana anterior=0 | Año que cursa=2; Tamaño del grupo=mediano; Participaciones de la semana=1; Participaciones de la semana anterior=0,5.799326981246219
Algoritmos y Programación,2425-2,1,anon_011,6,2,mediano,0,1,4,,6.0,1.4022119854307913,6.643888,10.0,,,,,,
Algoritmos y Programación,2425-2,1,anon_011,8,2,mediano,0,1,4,,6.0,1.4022119854307913,7.2154694,9.0,,,,,,
Algoritmos y Programación,2425-2,1,anon_012,4,1,mediano,0,0,712,,0.0,2.840077038318065,1.4801692,0.0,,,,,,
Algoritmos y Programación,2425-2,1,anon_012,6,1,mediano,0,0,712,,0.0,2.840077038318065,1.1914396,0.0,,,,,,
Algoritmos y Programación,2425-2,1,anon_012,8,1,mediano,0,0,712,,0.0,2.840077038318065,0.8573233,0.0,,,,,,
Algoritmos y Programación,2425-2,1,anon_013,4,1,mediano,0,0,712,,0.0,2.840077038318065,1.4803839,0.0,,,,,,
Algoritmos y Programación,2425-2,1,anon_013,6,1,mediano,0,0,712,,0.0,2.840077038318065,1.1889834,0.0,,,,,,
Algoritmos y Programación,2425-2,1,anon_013,8,1,mediano,0,0,712,,0.0,2.840077038318065,0.8535104,0.0,,,,,,
Algoritmos y Programación,2425-2,1,anon_014,4,1,mediano,1,3 o más,4,,23.0,11.64662863720853,17.190775,45.0,,,,,,
Algoritmos y Programación,2425-2,1,anon_014,6,1,mediano,1,1,16,,23.0,6.666761295024926,19.017448,34.0,,,,,,
Algoritmos y Programación,2425-2,1,anon_014,8,1,mediano,3 o más,1,6,,23.0,10.66366549128459,23.486847,33.0,,,,,,
Algoritmos y Programación,2425-2,1,anon_015,4,1,mediano,3 o más,2,4,,24.0,8.672535372959825,10.876711,27.0,,,,,,
Algoritmos y Programación,2425-2,1,anon_015,6,1,mediano,2,1,8,,24.0,9.067694765911643,13.850195,24.0,,,,,,
Algoritmos y Programación,2425-2,1,anon_015,8,1,mediano,3 o más,3 o más,6,,24.0,14.635983830384934,23.489586,33.0,,,,,,
Algoritmos y Programación,2425-2,1,anon_016,4,5 o más,mediano,0,0,0,,1.0,5.799326981246219,1.9563302,0.0,1.0,2.0,106.0,2.044330491159584,Año que cursa=4; Tamaño del grupo=mediano; Participaciones de la semana=0; Participaciones de la semana anterior=0 | Año que cursa=5 o más; Tamaño del grupo=pequeño; Participaciones de la semana=0; Participaciones de la semana anterior=0,5.799326981246219
Algoritmos y Programación,2425-2,1,anon_016,6,5 o más,mediano,0,0,0,,1.0,5.799326981246219,1.8581188,0.0,1.0,2.0,106.0,2.044330491159584,Año que cursa=4; Tamaño del grupo=mediano; Participaciones de la semana=0; Participaciones de la semana anterior=0 | Año que cursa=5 o más; Tamaño del grupo=pequeño; Participaciones de la semana=0; Participaciones de la semana anterior=0,5.799326981246219
Algoritmos y Programación,2425-2,1,anon_016,8,5 o más,mediano,0,1,0,,1.0,5.799326981246219,2.2738986,1.5,1.0,2.0,12.0,5.292542599314377,Año que cursa=4; Tamaño del grupo=mediano; Participaciones de la semana=0; Participaciones de la semana anterior=1 | Año que cursa=5 o más; Tamaño del grupo=pequeño; Participaciones de la semana=0; Participaciones de la semana anterior=1,5.799326981246219
Algoritmos y Programación,2425-2,1,anon_017,4,1,mediano,0,0,712,,1.0,2.840077038318065,1.4842528,0.0,,,,,,
Algoritmos y Programación,2425-2,1,anon_017,6,1,mediano,0,0,712,,1.0,2.840077038318065,1.1832802,0.0,,,,,,
Algoritmos y Programación,2425-2,1,anon_017,8,1,mediano,0,1,94,,1.0,4.034893119480472,1.8624187,1.5,,,,,,
Algoritmos y Programación,2425-2,1,anon_018,4,1,mediano,0,3 o más,22,,17.0,7.761698312634749,7.7518396,18.0,,,,,,
Algoritmos y Programación,2425-2,1,anon_018,6,1,mediano,3 o más,0,18,,17.0,6.892618631739804,11.63996,20.0,,,,,,
Algoritmos y Programación,2425-2,1,anon_018,8,1,mediano,1,3 o más,4,,17.0,11.64662863720853,16.339226,22.5,,,,,,
Algoritmos y Programación,2425-2,1,anon_019,4,1,mediano,0,0,712,,0.0,2.840077038318065,1.4880561,0.0,,,,,,
Algoritmos y Programación,2425-2,1,anon_019,6,1,mediano,0,0,712,,0.0,2.840077038318065,1.1832464,0.0,,,,,,
Algoritmos y Programación,2425-2,1,anon_019,8,1,mediano,0,0,712,,0.0,2.840077038318065,0.8383462,0.0,,,,,,
Algoritmos y Programación,2425-2,1,anon_020,4,1,mediano,3 o más,2,4,,24.0,8.672535372959825,13.039015,33.0,,,,,,
Algoritmos y Programación,2425-2,1,anon_020,6,1,mediano,2,1,8,,24.0,9.067694765911643,15.966515,28.0,,,,,,
Algoritmos y Programación,2425-2,1,anon_020,8,1,mediano,2,3 o más,6,,24.0,10.66366549128459,23.532566,33.0,,,,,,
Algoritmos y Programación,2425-2,1,anon_021,4,2,mediano,0,1,4,,4.0,1.4022119854307913,5.7945623,12.0,,,,,,
Algoritmos y Programación,2425-2,1,anon_021,6,2,mediano,0,0,122,,4.0,1.0121530565491046,5.614144,8.0,,,,,,
Algoritmos y Programación,2425-2,1,anon_021,8,2,mediano,0,0,122,,4.0,1.0121530565491046,5.11349,6.0,,,,,,
Algoritmos y Programación,2425-2,1,anon_022,4,1,mediano,0,0,712,,2.0,2.840077038318065,1.4960237,0.0,,,,,,
Algoritmos y Programación,2425-2,1,anon_022,6,1,mediano,1,1,16,,2.0,6.666761295024926,3.216179,4.0,,,,,,
Algoritmos y Programación,2425-2,1,anon_022,8,1,mediano,0,0,712,,2.0,2.840077038318065,2.8748903,3.0,,,,,,
Algoritmos y Programación,2425-2,1,anon_023,4,1,mediano,3 o más,2,4,,19.0,8.672535372959825,12.883434,33.0,,,,,,
Algoritmos y Programación,2425-2,1,anon_023,6,1,mediano,1,3 o más,4,,19.0,11.64662863720853,16.893055,30.0,,,,,,
Algoritmos y Programación,2425-2,1,anon_023,8,1,mediano,2,1,8,,19.0,9.067694765911643,19.42479,27.0,,,,,,
Algoritmos y Programación,2425-2,1,anon_024,4,2,mediano,0,1,4,,7.0,1.4022119854307913,5.8066106,12.0,,,,,,
Algoritmos y Programación,2425-2,1,anon_024,6,2,mediano,1,1,0,,7.0,5.799326981246219,7.668876,12.0,1.0,3.0,22.0,5.487718610790298,Año que cursa=1; Tamaño del grupo=mediano; Participaciones de la semana=1; Participaciones de la semana anterior=1 | Año que cursa=2; Tamaño del grupo=mediano; Participaciones de la semana=0; Participaciones de la semana anterior=1 | Año que cursa=2; Tamaño del grupo=mediano; Participaciones de la semana=1; Participaciones de la semana anterior=0,5.799326981246219
Algoritmos y Programación,2425-2,1,anon_024,8,2,mediano,0,0,122,,7.0,1.0121530565491046,7.1875687,9.0,,,,,,
Algoritmos y Programación,2425-2,1,anon_025,4,1,mediano,2,0,44,,5.0,7.088301723207444,6.731132,15.0,,,,,,
Algoritmos y Programación,2425-2,1,anon_025,6,1,mediano,0,0,712,,5.0,2.840077038318065,6.504658,10.0,,,,,,
Algoritmos y Programación,2425-2,1,anon_025,8,1,mediano,0,0,712,,5.0,2.840077038318065,6.03627,7.5,,,,,,
Algoritmos y Programación,2425-2,1,anon_026,4,1,mediano,0,0,712,,0.0,2.840077038318065,1.5103396,0.0,,,,,,
Algoritmos y Programación,2425-2,1,anon_026,6,1,mediano,0,0,712,,0.0,2.840077038318065,1.1987386,0.0,,,,,,
Algoritmos y Programación,2425-2,1,anon_026,8,1,mediano,0,0,712,,0.0,2.840077038318065,0.84255415,0.0,,,,,,
Algoritmos y Programación,2425-2,1,anon_027,4,2,mediano,0,1,4,,10.0,1.4022119854307913,4.724168,9.0,,,,,,
Algoritmos y Programación,2425-2,1,anon_027,6,2,mediano,1,1,0,,10.0,5.799326981246219,6.566862,10.0,1.0,3.0,22.0,5.487718610790298,Año que cursa=1; Tamaño del grupo=mediano; Participaciones de la semana=1; Participaciones de la semana anterior=1 | Año que cursa=2; Tamaño del grupo=mediano; Participaciones de la semana=0; Participaciones de la semana anterior=1 | Año que cursa=2; Tamaño del grupo=mediano; Participaciones de la semana=1; Participaciones de la semana anterior=0,5.799326981246219
Algoritmos y Programación,2425-2,1,anon_027,8,2,mediano,3 o más,0,0,,10.0,5.799326981246219,10.175827,13.5,1.0,3.0,22.0,6.817783094098883,Año que cursa=1; Tamaño del grupo=mediano; Participaciones de la semana=3 o más; Participaciones de la semana anterior=0 | Año que cursa=2; Tamaño del grupo=mediano; Participaciones de la semana=3 o más; Participaciones de la semana anterior=1 | Año que cursa=2; Tamaño del grupo=pequeño; Participaciones de la semana=3 o más; Participaciones de la semana anterior=0,5.799326981246219
Algoritmos y Programación,2425-2,1,anon_028,4,1,mediano,2,3 o más,6,,18.0,10.66366549128459,14.082435,36.0,,,,,,
Algoritmos y Programación,2425-2,1,anon_028,6,1,mediano,1,0,48,,18.0,4.1689449899151345,14.937108,26.0,,,,,,
Algoritmos y Programación,2425-2,1,anon_028,8,1,mediano,0,3 o más,22,,18.0,7.761698312634749,18.44593,25.5,,,,,,
Algoritmos y Programación,2425-2,1,anon_029,4,1,mediano,0,0,712,,0.0,2.840077038318065,1.5231873,0.0,,,,,,
Algoritmos y Programación,2425-2,1,anon_029,6,1,mediano,0,0,712,,0.0,2.840077038318065,1.2117484,0.0,,,,,,
Algoritmos y Programación,2425-2,1,anon_029,8,1,mediano,0,0,712,,0.0,2.840077038318065,0.85124034,0.0,,,,,,
Algoritmos y Programación,2425-2,1,anon_030,4,1,mediano,2,3 o más,6,,15.0,10.66366549128459,10.854623,27.0,,,,,,
Algoritmos y Programación,2425-2,1,anon_030,6,1,mediano,1,0,48,,15.0,4.1689449899151345,11.717243,20.0,,,,,,
Algoritmos y Programación,2425-2,1,anon_030,8,1,mediano,2,1,8,,15.0,9.067694765911643,14.26135,19.5,,,,,,
Algoritmos y Programación,2425-2,2,anon_031,4,2,mediano,0,0,122,,1.0,1.0121530565491046,2.700526,3.0,,,,,,
Algoritmos y Programación,2425-2,2,anon_031,6,2,mediano,0,0,122,,1.0,1.0121530565491046,2.504644,2.0,,,,,,
Algoritmos y Programación,2425-2,2,anon_031,8,2,mediano,0,0,122,,1.0,1.0121530565491046,2.089667,1.5,,,,,,
Algoritmos y Programación,2425-2,2,anon_032,4,1,mediano,0,0,712,,3.0,2.840077038318065,4.768057,9.0,,,,,,
Algoritmos y Programación,2425-2,2,anon_032,6,1,mediano,0,0,712,,3.0,2.840077038318065,4.555123,6.0,,,,,,
Algoritmos y Programación,2425-2,2,anon_032,8,1,mediano,0,0,712,,3.0,2.840077038318065,4.1173944,4.5,,,,,,
Algoritmos y Programación,2425-2,2,anon_033,4,4,mediano,3 o más,3 o más,0,,20.0,5.799326981246219,14.147841,36.0,2.0,1.0,2.0,14.666666666666666,Año que cursa=4; Tamaño del grupo=mediano; Participaciones de la semana=2; Participaciones de la semana anterior=2,5.799326981246219
Algoritmos y Programación,2425-2,2,anon_033,6,4,mediano,0,3 o más,0,,20.0,5.799326981246219,17.144516,30.0,1.0,1.0,6.0,10.680555555555554,Año que cursa=4; Tamaño del grupo=mediano; Participaciones de la semana=0; Participaciones de la semana anterior=2,5.799326981246219
Algoritmos y Programación,2425-2,2,anon_033,8,4,mediano,1,3 o más,0,,20.0,5.799326981246219,21.591824,30.0,1.0,1.0,8.0,10.570997807017545,Año que cursa=4; Tamaño del grupo=mediano; Participaciones de la semana=1; Participaciones de la semana anterior=2,5.799326981246219
Algoritmos y Programación,2425-2,2,anon_034,4,2,mediano,1,0,2,,4.0,4.278994689443125,5.8727565,12.0,,,,,,
Algoritmos y Programación,2425-2,2,anon_034,6,2,mediano,0,0,122,,4.0,1.0121530565491046,5.704003,8.0,,,,,,
Algoritmos y Programación,2425-2,2,anon_034,8,2,mediano,0,0,122,,4.0,1.0121530565491046,5.2185473,6.0,,,,,,
Algoritmos y Programación,2425-2,2,anon_035,4,1,mediano,0,2,50,,2.0,7.642953842709721,3.670145,6.0,,,,,,
Algoritmos y Programación,2425-2,2,anon_035,6,1,mediano,0,0,712,,2.0,2.840077038318065,3.4675853,4.0,,,,,,
Algoritmos y Programación,2425-2,2,anon_035,8,1,mediano,0,0,712,,2.0,2.840077038318065,3.0699363,3.0,,,,,,
Algoritmos y Programación,2425-2,2,anon_036,4,3,mediano,0,2,0,,8.0,5.799326981246219,6.953112,15.0,1.0,2.0,8.0,9.076206140350877,Año que cursa=3; Tamaño del grupo=pequeño; Participaciones de la semana=0; Participaciones de la semana anterior=2 | Año que cursa=4; Tamaño del grupo=mediano; Participaciones de la semana=0; Participaciones de la semana anterior=2,5.799326981246219
Algoritmos y Programación,2425-2,2,anon_036,6,3,mediano,0,0,66,,8.0,0.001830017980828722,6.8333488,10.0,,,,,,
Algoritmos y Programación,2425-2,2,anon_036,8,3,mediano,3 o más,0,0,,8.0,5.799326981246219,9.324718,12.0,2.0,5.0,32.0,6.849026864035088,Año que cursa=1; Tamaño del grupo=mediano; Participaciones de la semana=3 o más; Participaciones de la semana anterior=0 | Año que cursa=2; Tamaño del grupo=mediano; Participaciones de la semana=3 o más; Participaciones de la semana anterior=1 | Año que cursa=2; Tamaño del grupo=pequeño; Participaciones de la semana=3 o más; Participaciones de la semana anterior=0 | Año que cursa=3; Tamaño del grupo=pequeño; Participaciones de la semana=2; Participaciones de la semana anterior=0 | Año que cursa=4; Tamaño del grupo=mediano; Participaciones de la semana=2; Participaciones de la semana anterior=0,5.799326981246219
Algoritmos y Programación,2425-2,2,anon_037,4,1,mediano,0,0,712,,0.0,2.840077038318065,1.5621145,0.0,,,,,,
Algoritmos y Programación,2425-2,2,anon_037,6,1,mediano,0,0,712,,0.0,2.840077038318065,1.3154894,0.0,,,,,,
Algoritmos y Programación,2425-2,2,anon_037,8,1,mediano,0,0,712,,0.0,2.840077038318065,0.9642471,0.0,,,,,,
Algoritmos y Programación,2425-2,2,anon_038,4,3,mediano,1,0,0,,1.0,5.799326981246219,2.741889,3.0,1.0,4.0,72.0,0.6442495126705653,Año que cursa=2; Tamaño del grupo=mediano; Participaciones de la semana=1; Participaciones de la semana anterior=0 | Año que cursa=3; Tamaño del grupo=mediano; Participaciones de la semana=0; Participaciones de la semana anterior=0 | Año que cursa=3; Tamaño del grupo=pequeño; Participaciones de la semana=1; Participaciones de la semana anterior=0 | Año que cursa=4; Tamaño del grupo=mediano; Participaciones de la semana=1; Participaciones de la semana anterior=0,5.799326981246219
Algoritmos y Programación,2425-2,2,anon_038,6,3,mediano,0,0,66,,1.0,0.001830017980828722,2.5932252,2.0,,,,,,
Algoritmos y Programación,2425-2,2,anon_038,8,3,mediano,0,0,66,,1.0,0.001830017980828722,2.1330612,1.5,,,,,,
Algoritmos y Programación,2425-2,2,anon_039,4,2,mediano,1,2,0,,7.0,5.799326981246219,4.7538605,9.0,1.0,1.0,12.0,6.475328947368421,Año que cursa=1; Tamaño del grupo=mediano; Participaciones de la semana=1; Participaciones de la semana anterior=2,5.799326981246219
Algoritmos y Programación,2425-2,2,anon_039,6,2,mediano,2,0,0,,7.0,5.799326981246219,6.6681848,10.0,1.0,2.0,46.0,6.966053157631711,Año que cursa=1; Tamaño del grupo=mediano; Participaciones de la semana=2; Participaciones de la semana anterior=0 | Año que cursa=2; Tamaño del grupo=mediano; Participaciones de la semana=1; Participaciones de la semana anterior=0,5.799326981246219
Algoritmos y Programación,2425-2,2,anon_039,8,2,mediano,0,2,0,,7.0,5.799326981246219,8.306154,10.5,1.0,4.0,58.0,7.131114796503745,Año que cursa=1; Tamaño del grupo=mediano; Participaciones de la semana=0; Participaciones de la semana anterior=2 | Año que cursa=2; Tamaño del grupo=mediano; Participaciones de la semana=0; Participaciones de la semana anterior=1 | Año que cursa=2; Tamaño del grupo=mediano; Participaciones de la semana=0; Participaciones de la semana anterior=3 o más | Año que cursa=2; Tamaño del grupo=pequeño; Participaciones de la semana=0; Participaciones de la semana anterior=2,5.799326981246219
Algoritmos y Programación,2425-2,2,anon_040,4,5 o más,mediano,0,0,0,,2.0,5.799326981246219,1.9710857,0.0,1.0,2.0,106.0,2.044330491159584,Año que cursa=4; Tamaño del grupo=mediano; Participaciones de la semana=0; Participaciones de la semana anterior=0 | Año que cursa=5 o más; Tamaño del grupo=pequeño; Participaciones de la semana=0; Participaciones de la semana anterior=0,5.799326981246219
Algoritmos y Programación,2425-2,2,anon_040,6,5 o más,mediano,0,0,0,,2.0,5.799326981246219,1.8773801,0.0,1.0,2.0,106.0,2.044330491159584,Año que cursa=4; Tamaño del grupo=mediano; Participaciones de la semana=0; Participaciones de la semana anterior=0 | Año que cursa=5 o más; Tamaño del grupo=pequeño; Participaciones de la semana=0; Participaciones de la semana anterior=0,5.799326981246219
Algoritmos y Programación,2425-2,2,anon_040,8,5 o más,mediano,0,0,0,,2.0,5.799326981246219,1.2810856,0.0,1.0,2.0,106.0,2.044330491159584,Año que cursa=4; Tamaño del grupo=mediano; Participaciones de la semana=0; Participaciones de la semana anterior=0 | Año que cursa=5 o más; Tamaño del grupo=pequeño; Participaciones de la semana=0; Participaciones de la semana anterior=0,5.799326981246219
Algoritmos y Programación,2425-2,2,anon_041,4,2,mediano,0,0,122,,0.0,1.0121530565491046,1.6262006,0.0,,,,,,
Algoritmos y Programación,2425-2,2,anon_041,6,2,mediano,0,0,122,,0.0,1.0121530565491046,1.3982403,0.0,,,,,,
Algoritmos y Programación,2425-2,2,anon_041,8,2,mediano,0,0,122,,0.0,1.0121530565491046,1.002726,0.0,,,,,,
Algoritmos y Programación,2425-2,2,anon_042,4,2,mediano,1,0,2,,8.0,4.278994689443125,2.6538584,3.0,,,,,,
Algoritmos y Programación,2425-2,2,anon_042,6,2,mediano,0,1,4,,8.0,1.4022119854307913,3.505046,4.0,,,,,,
Algoritmos y Programación,2425-2,2,anon_042,8,2,mediano,1,3 o más,0,,8.0,5.799326981246219,8.227854,10.5,1.0,2.0,6.0,9.20577485380117,Año que cursa=1; Tamaño del grupo=mediano; Participaciones de la semana=1; Participaciones de la semana anterior=3 o más | Año que cursa=2; Tamaño del grupo=mediano; Participaciones de la semana=0; Participaciones de la semana anterior=3 o más,5.799326981246219
Algoritmos y Programación,2425-2,2,anon_043,4,2,mediano,2,2,0,,9.0,5.799326981246219,7.910879,18.0,1.0,1.0,6.0,8.6875,Año que cursa=1; Tamaño del grupo=mediano; Participaciones de la semana=2; Participaciones de la semana anterior=2,5.799326981246219
Algoritmos y Programación,2425-2,2,anon_043,6,2,mediano,1,0,2,,9.0,4.278994689443125,8.830896,14.0,,,,,,
Algoritmos y Programación,2425-2,2,anon_043,8,2,mediano,0,2,0,,9.0,5.799326981246219,10.391027,13.5,1.0,4.0,58.0,7.131114796503745,Año que cursa=1; Tamaño del grupo=mediano; Participaciones de la semana=0; Participaciones de la semana anterior=2 | Año que cursa=2; Tamaño del grupo=mediano; Participaciones de la semana=0; Participaciones de la semana anterior=1 | Año que cursa=2; Tamaño del grupo=mediano; Participaciones de la semana=0; Participaciones de la semana anterior=3 o más | Año que cursa=2; Tamaño del grupo=pequeño; Participaciones de la semana=0; Participaciones de la semana anterior=2,5.799326981246219
Algoritmos y Programación,2425-2,2,anon_044,4,2,mediano,2,3 o más,0,,13.0,5.799326981246219,10.002889,24.0,1.0,1.0,6.0,10.680555555555554,Año que cursa=1; Tamaño del grupo=mediano; Participaciones de la semana=2; Participaciones de la semana anterior=3 o más,5.799326981246219
Algoritmos y Programación,2425-2,2,anon_044,6,2,mediano,0,0,122,,13.0,1.0121530565491046,9.898203,16.0,,,,,,
Algoritmos y Programación,2425-2,2,anon_044,8,2,mediano,2,2,0,,13.0,5.799326981246219,13.440392,18.0,1.0,1.0,6.0,8.6875,Año que cursa=1; Tamaño del grupo=mediano; Participaciones de la semana=2; Participaciones de la semana anterior=2,5.799326981246219
Algoritmos y Programación,2425-2,2,anon_045,4,4,mediano,0,1,6,,10.0,9.193987836941117,7.0874867,15.0,,,,,,
Algoritmos y Programación,2425-2,2,anon_045,6,4,mediano,0,3 o más,0,,10.0,5.799326981246219,10.053891,16.0,1.0,1.0,6.0,10.680555555555554,Año que cursa=4; Tamaño del grupo=mediano; Participaciones de la semana=0; Participaciones de la semana anterior=2,5.799326981246219
Algoritmos y Programación,2425-2,2,anon_045,8,4,mediano,1,1,4,,10.0,14.620721901457234,11.473342,15.0,,,,,,
Algoritmos y Programación,2425-2,2,anon_046,4,2,mediano,0,0,122,,0.0,1.0121530565491046,1.63492,0.0,,,,,,
Algoritmos y Programación,2425-2,2,anon_046,6,2,mediano,0,0,122,,0.0,1.0121530565491046,1.3963791,0.0,,,,,,
Algoritmos y Programación,2425-2,2,anon_046,8,2,mediano,0,0,122,,0.0,1.0121530565491046,0.99164706,0.0,,,,,,
Algoritmos y Programación,2425-2,2,anon_047,4,1,mediano,0,2,50,,5.0,7.642953842709721,6.8898354,15.0,,,,,,
Algoritmos y Programación,2425-2,2,anon_047,6,1,mediano,0,0,712,,5.0,2.840077038318065,6.6754794,10.0,,,,,,
Algoritmos y Programación,2425-2,2,anon_047,8,1,mediano,0,0,712,,5.0,2.840077038318065,6.164987,7.5,,,,,,
Algoritmos y Programación,2425-2,2,anon_048,4,2,mediano,0,1,4,,3.0,1.4022119854307913,2.6831555,3.0,,,,,,
Algoritmos y Programación,2425-2,2,anon_048,6,2,mediano,1,0,2,,3.0,4.278994689443125,3.4928484,4.0,,,,,,
Algoritmos y Programación,2425-2,2,anon_048,8,2,mediano,1,0,2,,3.0,4.278994689443125,4.1025124,4.5,,,,,,
Algoritmos y Programación,2425-2,2,anon_049,4,2,mediano,0,0,122,,1.0,1.0121530565491046,1.6426239,0.0,,,,,,
Algoritmos y Programación,2425-2,2,anon_049,6,2,mediano,0,1,4,,1.0,1.4022119854307913,2.4357328,2.0,,,,,,
Algoritmos y Programación,2425-2,2,anon_049,8,2,mediano,0,0,122,,1.0,1.0121530565491046,2.0311167,1.5,,,,,,
Algoritmos y Programación,2425-2,2,anon_050,4,2,mediano,1,0,2,,3.0,4.278994689443125,4.7949514,9.0,,,,,,
Algoritmos y Programación,2425-2,2,anon_050,6,2,mediano,0,0,122,,3.0,1.0121530565491046,4.6293426,6.0,,,,,,
Algoritmos y Programación,2425-2,2,anon_050,8,2,mediano,0,0,122,,3.0,1.0121530565491046,4.154351,4.5,,,,,,
Algoritmos y Programación,2425-2,2,anon_051,4,2,mediano,0,0,122,,2.0,1.0121530565491046,1.6484748,0.0,,,,,,
Algoritmos y Programación,2425-2,2,anon_051,6,2,mediano,0,0,122,,2.0,1.0121530565491046,1.4030433,0.0,,,,,,
Algoritmos y Programación,2425-2,2,anon_051,8,2,mediano,0,0,122,,2.0,1.0121530565491046,0.99089396,0.0,,,,,,
Algoritmos y Programación,2425-2,2,anon_052,4,1,mediano,3 o más,1,6,,17.0,10.66366549128459,10.983269,27.0,,,,,,
Algoritmos y Programación,2425-2,2,anon_052,6,1,mediano,2,1,8,,17.0,9.067694765911643,13.939306,24.0,,,,,,
Algoritmos y Programación,2425-2,2,anon_052,8,1,mediano,2,1,8,,17.0,9.067694765911643,16.470757,22.5,,,,,,
Algoritmos y Programación,2425-2,2,anon_053,4,1,mediano,0,0,712,,3.0,2.840077038318065,1.5899196,0.0,,,,,,
Algoritmos y Programación,2425-2,2,anon_053,6,1,mediano,0,0,712,,3.0,2.840077038318065,1.3085241,0.0,,,,,,
Algoritmos y Programación,2425-2,2,anon_053,8,1,mediano,0,2,50,,3.0,7.642953842709721,2.9886224,3.0,,,,,,
Algoritmos y Programación,2425-2,2,anon_054,4,1,mediano,0,0,712,,3.0,2.840077038318065,3.7061453,6.0,,,,,,
Algoritmos y Programación,2425-2,2,anon_054,6,1,mediano,0,0,712,,3.0,2.840077038318065,3.4562237,4.0,,,,,,
Algoritmos y Programación,2425-2,2,anon_054,8,1,mediano,1,0,48,,3.0,4.1689449899151345,4.036498,4.5,,,,,,
Algoritmos y Programación,2425-2,2,anon_055,4,1,mediano,0,2,50,,10.0,7.642953842709721,6.872341,15.0,,,,,,
Algoritmos y Programación,2425-2,2,anon_055,6,1,mediano,2,0,44,,10.0,7.088301723207444,8.733222,14.0,,,,,,
Algoritmos y Programación,2425-2,2,anon_055,8,1,mediano,0,2,50,,10.0,7.642953842709721,10.316278,13.5,,,,,,
Algoritmos y Programación,2425-2,2,anon_056,4,2,mediano,0,0,122,,0.0,1.0121530565491046,1.6640468,0.0,,,,,,
Algoritmos y Programación,2425-2,2,anon_056,6,2,mediano,0,0,122,,0.0,1.0121530565491046,1.4131572,0.0,,,,,,
Algoritmos y Programación,2425-2,2,anon_056,8,2,mediano,0,0,122,,0.0,1.0121530565491046,0.99637115,0.0,,,,,,
Algoritmos y Programación,2425-2,2,anon_057,4,5 o más,mediano,3 o más,2,0,,11.0,5.799326981246219,6.9894757,15.0,2.0,1.0,2.0,14.666666666666666,Año que cursa=4; Tamaño del grupo=mediano; Participaciones de la semana=2; Participaciones de la semana anterior=2,5.799326981246219
Algoritmos y Programación,2425-2,2,anon_057,6,5 o más,mediano,0,2,0,,11.0,5.799326981246219,8.99914,14.0,1.0,1.0,6.0,10.680555555555554,Año que cursa=4; Tamaño del grupo=mediano; Participaciones de la semana=0; Participaciones de la semana anterior=2,5.799326981246219
Algoritmos y Programación,2425-2,2,anon_057,8,5 o más,mediano,0,3 o más,0,,11.0,5.799326981246219,12.473566,16.5,2.0,1.0,6.0,10.680555555555554,Año que cursa=4; Tamaño del grupo=mediano; Participaciones de la semana=0; Participaciones de la semana anterior=2,5.799326981246219
Algoritmos y Programación,2425-2,2,anon_058,4,2,mediano,0,0,122,,0.0,1.0121530565491046,1.6701283,0.0,,,,,,
Algoritmos y Programación,2425-2,2,anon_058,6,2,mediano,0,0,122,,0.0,1.0121530565491046,1.4168034,0.0,,,,,,
Algoritmos y Programación,2425-2,2,anon_058,8,2,mediano,0,0,122,,0.0,1.0121530565491046,0.99865335,0.0,,,,,,
Algoritmos y Programación,2425-2,2,anon_059,4,5 o más,mediano,2,0,0,,5.0,5.799326981246219,5.0155888,9.0,1.0,1.0,8.0,7.581414473684211,Año que cursa=4; Tamaño del grupo=mediano; Participaciones de la semana=2; Participaciones de la semana anterior=0,5.799326981246219
Algoritmos y Programación,2425-2,2,anon_059,6,5 o más,mediano,0,0,0,,5.0,5.799326981246219,4.9731503,6.0,1.0,2.0,106.0,2.044330491159584,Año que cursa=4; Tamaño del grupo=mediano; Participaciones de la semana=0; Participaciones de la semana anterior=0 | Año que cursa=5 o más; Tamaño del grupo=pequeño; Participaciones de la semana=0; Participaciones de la semana anterior=0,5.799326981246219
Algoritmos y Programación,2425-2,2,anon_059,8,5 o más,mediano,0,1,0,,5.0,5.799326981246219,5.41947,6.0,1.0,2.0,12.0,5.292542599314377,Año que cursa=4; Tamaño del grupo=mediano; Participaciones de la semana=0; Participaciones de la semana anterior=1 | Año que cursa=5 o más; Tamaño del grupo=pequeño; Participaciones de la semana=0; Participaciones de la semana anterior=1,5.799326981246219
Algoritmos y Programación,2425-2,2,anon_060,4,2,mediano,0,1,4,,2.0,1.4022119854307913,2.7111464,3.0,,,,,,
Algoritmos y Programación,2425-2,2,anon_060,6,2,mediano,0,0,122,,2.0,1.0121530565491046,2.486857,2.0,,,,,,
Algoritmos y Programación,2425-2,2,anon_060,8,2,mediano,0,1,4,,2.0,1.4022119854307913,3.0782382,3.0,,,,,,
Algoritmos y Programación,2526-1,1,anon_061,4,4,pequeño,0,2,0,Tamaño del grupo,9.0,6.508035817949612,7.2778053,12.0,1.0,1.0,6.0,11.861742424242424,Año que cursa=4; Tamaño del grupo=mediano; Participaciones de la semana=0; Participaciones de la semana anterior=2,11.837053210973465
Algoritmos y Programación,2526-1,1,anon_061,6,4,pequeño,0,0,0,Tamaño del grupo,9.0,6.508035817949612,6.5947776,8.0,1.0,1.0,38.0,8.752480949849371,Año que cursa=4; Tamaño del grupo=mediano; Participaciones de la semana=0; Participaciones de la semana anterior=0,8.74865930257462
Algoritmos y Programación,2526-1,1,anon_061,8,4,pequeño,2,1,0,Tamaño del grupo,9.0,6.508035817949612,8.102495,10.5,1.0,1.0,4.0,18.3125,Año que cursa=4; Tamaño del grupo=mediano; Participaciones de la semana=2; Participaciones de la semana anterior=1,18.237768745356583
Algoritmos y Programación,2526-1,1,anon_062,4,1,pequeño,2,3 o más,0,Tamaño del grupo,13.0,6.508035817949612,10.039121,18.0,1.0,1.0,16.0,15.89346590909091,Año que cursa=1; Tamaño del grupo=mediano; Participaciones de la semana=2; Participaciones de la semana anterior=3 o más,15.870431349884276
Algoritmos y Programación,2526-1,1,anon_062,6,1,pequeño,1,0,0,Tamaño del grupo,13.0,6.508035817949612,9.765017,14.0,1.0,1.0,72.0,6.963835352245314,Año que cursa=1; Tamaño del grupo=mediano; Participaciones de la semana=1; Participaciones de la semana anterior=0,6.963177024827704
Algoritmos y Programación,2526-1,1,anon_062,8,1,pequeño,0,0,0,Tamaño del grupo,13.0,6.508035817949612,8.235935,10.5,1.0,1.0,1114.0,2.810176743184544,Año que cursa=1; Tamaño del grupo=mediano; Participaciones de la semana=0; Participaciones de la semana anterior=0,2.8145183289746725
Algoritmos y Programación,2526-1,1,anon_064,4,1,pequeño,0,0,0,Tamaño del grupo,2.0,6.508035817949612,4.1683855,3.0,1.0,1.0,1114.0,2.810176743184544,Año que cursa=1; Tamaño del grupo=mediano; Participaciones de la semana=0; Participaciones de la semana anterior=0,2.8145183289746725
Algoritmos y Programación,2526-1,1,anon_064,6,1,pequeño,0,0,0,Tamaño del grupo,2.0,6.508035817949612,3.568756,2.0,1.0,1.0,1114.0,2.810176743184544,Año que cursa=1; Tamaño del grupo=mediano; Participaciones de la semana=0; Participaciones de la semana anterior=0,2.8145183289746725
Algoritmos y Programación,2526-1,1,anon_064,8,1,pequeño,0,0,0,Tamaño del grupo,2.0,6.508035817949612,2.1699555,1.5,1.0,1.0,1114.0,2.810176743184544,Año que cursa=1; Tamaño del grupo=mediano; Participaciones de la semana=0; Participaciones de la semana anterior=0,2.8145183289746725
Algoritmos y Programación,2526-1,1,anon_066,4,1,pequeño,0,0,0,Tamaño del grupo,2.0,6.508035817949612,5.409233,6.0,1.0,1.0,1114.0,2.810176743184544,Año que cursa=1; Tamaño del grupo=mediano; Participaciones de la semana=0; Participaciones de la semana anterior=0,2.8145183289746725
Algoritmos y Programación,2526-1,1,anon_066,6,1,pequeño,0,0,0,Tamaño del grupo,2.0,6.508035817949612,4.581541,4.0,1.0,1.0,1114.0,2.810176743184544,Año que cursa=1; Tamaño del grupo=mediano; Participaciones de la semana=0; Participaciones de la semana anterior=0,2.8145183289746725
Algoritmos y Programación,2526-1,1,anon_066,8,1,pequeño,0,0,0,Tamaño del grupo,2.0,6.508035817949612,3.1673005,3.0,1.0,1.0,1114.0,2.810176743184544,Año que cursa=1; Tamaño del grupo=mediano; Participaciones de la semana=0; Participaciones de la semana anterior=0,2.8145183289746725
Algoritmos y Programación,2526-1,1,anon_067,4,1,pequeño,1,0,0,Tamaño del grupo,11.0,6.508035817949612,7.803462,12.0,1.0,1.0,72.0,6.963835352245314,Año que cursa=1; Tamaño del grupo=mediano; Participaciones de la semana=1; Participaciones de la semana anterior=0,6.963177024827704
Algoritmos y Programación,2526-1,1,anon_067,6,1,pequeño,0,1,0,Tamaño del grupo,11.0,6.508035817949612,7.672102,10.0,1.0,1.0,118.0,5.230602956311607,Año que cursa=1; Tamaño del grupo=mediano; Participaciones de la semana=0; Participaciones de la semana anterior=1,5.232304139271436
Algoritmos y Programación,2526-1,1,anon_067,8,1,pequeño,2,1,0,Tamaño del grupo,11.0,6.508035817949612,9.224267,12.0,1.0,1.0,32.0,14.11366266835017,Año que cursa=1; Tamaño del grupo=mediano; Participaciones de la semana=2; Participaciones de la semana anterior=1,14.099932474610885
Algoritmos y Programación,2526-1,1,anon_068,4,5 o más,pequeño,0,0,0,Tamaño del grupo,1.0,6.508035817949612,3.4780812,3.0,1.0,1.0,54.0,3.214387381692618,Año que cursa=5 o más; Tamaño del grupo=mediano; Participaciones de la semana=0; Participaciones de la semana anterior=0,3.2194616080931007
Algoritmos y Programación,2526-1,1,anon_068,6,5 o más,pequeño,0,0,0,Tamaño del grupo,1.0,6.508035817949612,3.4040415,2.0,1.0,1.0,54.0,3.214387381692618,Año que cursa=5 o más; Tamaño del grupo=mediano; Participaciones de la semana=0; Participaciones de la semana anterior=0,3.2194616080931007
Algoritmos y Programación,2526-1,1,anon_068,8,5 o más,pequeño,0,0,0,Tamaño del grupo,1.0,6.508035817949612,1.9891536,1.5,1.0,1.0,54.0,3.214387381692618,Año que cursa=5 o más; Tamaño del grupo=mediano; Participaciones de la semana=0; Participaciones de la semana anterior=0,3.2194616080931007
Algoritmos y Programación,2526-1,1,anon_069,4,1,pequeño,3 o más,1,0,Tamaño del grupo,12.0,6.508035817949612,11.26096,21.0,1.0,1.0,14.0,15.54788961038961,Año que cursa=1; Tamaño del grupo=mediano; Participaciones de la semana=3 o más; Participaciones de la semana anterior=1,15.524028294269053
Algoritmos y Programación,2526-1,1,anon_069,6,1,pequeño,0,0,0,Tamaño del grupo,12.0,6.508035817949612,9.7236805,14.0,1.0,1.0,1114.0,2.810176743184544,Año que cursa=1; Tamaño del grupo=mediano; Participaciones de la semana=0; Participaciones de la semana anterior=0,2.8145183289746725
Algoritmos y Programación,2526-1,1,anon_069,8,1,pequeño,1,1,0,Tamaño del grupo,12.0,6.508035817949612,10.223231,13.5,1.0,1.0,36.0,10.168300985590257,Año que cursa=1; Tamaño del grupo=mediano; Participaciones de la semana=1; Participaciones de la semana anterior=1,10.161957371781522
Algoritmos y Programación,2526-1,1,anon_070,4,1,pequeño,3 o más,0,0,Tamaño del grupo,5.0,6.508035817949612,8.667009,15.0,1.0,1.0,26.0,9.85890960890961,Año que cursa=1; Tamaño del grupo=mediano; Participaciones de la semana=3 o más; Participaciones de la semana anterior=0,9.852358258752933
Algoritmos y Programación,2526-1,1,anon_070,6,1,pequeño,0,0,0,Tamaño del grupo,5.0,6.508035817949612,7.647586,10.0,1.0,1.0,1114.0,2.810176743184544,Año que cursa=1; Tamaño del grupo=mediano; Participaciones de la semana=0; Participaciones de la semana anterior=0,2.8145183289746725
Algoritmos y Programación,2526-1,1,anon_070,8,1,pequeño,0,0,0,Tamaño del grupo,5.0,6.508035817949612,6.179292,7.5,1.0,1.0,1114.0,2.810176743184544,Año que cursa=1; Tamaño del grupo=mediano; Participaciones de la semana=0; Participaciones de la semana anterior=0,2.8145183289746725
Algoritmos y Programación,2526-1,1,anon_071,4,1,pequeño,0,0,0,Tamaño del grupo,1.0,6.508035817949612,3.9594345,3.0,1.0,1.0,1114.0,2.810176743184544,Año que cursa=1; Tamaño del grupo=mediano; Participaciones de la semana=0; Participaciones de la semana anterior=0,2.8145183289746725
Algoritmos y Programación,2526-1,1,anon_071,6,1,pequeño,0,0,0,Tamaño del grupo,1.0,6.508035817949612,3.487359,2.0,1.0,1.0,1114.0,2.810176743184544,Año que cursa=1; Tamaño del grupo=mediano; Participaciones de la semana=0; Participaciones de la semana anterior=0,2.8145183289746725
Algoritmos y Programación,2526-1,1,anon_071,8,1,pequeño,0,0,0,Tamaño del grupo,1.0,6.508035817949612,2.1244712,1.5,1.0,1.0,1114.0,2.810176743184544,Año que cursa=1; Tamaño del grupo=mediano; Participaciones de la semana=0; Participaciones de la semana anterior=0,2.8145183289746725
Algoritmos y Programación,2526-1,1,anon_072,4,3,pequeño,0,0,0,Tamaño del grupo,1.0,6.508035817949612,3.5466864,3.0,1.0,1.0,96.0,1.364028213166144,Año que cursa=3; Tamaño del grupo=mediano; Participaciones de la semana=0; Participaciones de la semana anterior=0,1.371086396650065
Algoritmos y Programación,2526-1,1,anon_072,6,3,pequeño,0,0,0,Tamaño del grupo,1.0,6.508035817949612,3.4153695,2.0,1.0,1.0,96.0,1.364028213166144,Año que cursa=3; Tamaño del grupo=mediano; Participaciones de la semana=0; Participaciones de la semana anterior=0,1.371086396650065
Algoritmos y Programación,2526-1,1,anon_072,8,3,pequeño,0,0,0,Tamaño del grupo,1.0,6.508035817949612,2.0364704,1.5,1.0,1.0,96.0,1.364028213166144,Año que cursa=3; Tamaño del grupo=mediano; Participaciones de la semana=0; Participaciones de la semana anterior=0,1.371086396650065
Algoritmos y Programación,2526-1,1,anon_073,4,1,pequeño,0,0,0,Tamaño del grupo,1.0,6.508035817949612,3.897786,3.0,1.0,1.0,1114.0,2.810176743184544,Año que cursa=1; Tamaño del grupo=mediano; Participaciones de la semana=0; Participaciones de la semana anterior=0,2.8145183289746725
Algoritmos y Programación,2526-1,1,anon_073,6,1,pequeño,0,0,0,Tamaño del grupo,1.0,6.508035817949612,3.4598045,2.0,1.0,1.0,1114.0,2.810176743184544,Año que cursa=1; Tamaño del grupo=mediano; Participaciones de la semana=0; Participaciones de la semana anterior=0,2.8145183289746725
Algoritmos y Programación,2526-1,1,anon_073,8,1,pequeño,0,0,0,Tamaño del grupo,1.0,6.508035817949612,2.1088212,1.5,1.0,1.0,1114.0,2.810176743184544,Año que cursa=1; Tamaño del grupo=mediano; Participaciones de la semana=0; Participaciones de la semana anterior=0,2.8145183289746725
Algoritmos y Programación,2526-1,1,anon_074,4,1,pequeño,0,0,0,Tamaño del grupo,8.0,6.508035817949612,3.8667428,3.0,1.0,1.0,1114.0,2.810176743184544,Año que cursa=1; Tamaño del grupo=mediano; Participaciones de la semana=0; Participaciones de la semana anterior=0,2.8145183289746725
Algoritmos y Programación,2526-1,1,anon_074,6,1,pequeño,0,0,0,Tamaño del grupo,8.0,6.508035817949612,3.4453754,2.0,1.0,1.0,1114.0,2.810176743184544,Año que cursa=1; Tamaño del grupo=mediano; Participaciones de la semana=0; Participaciones de la semana anterior=0,2.8145183289746725
Algoritmos y Programación,2526-1,1,anon_074,8,1,pequeño,2,0,0,Tamaño del grupo,8.0,6.508035817949612,4.1164656,4.5,1.0,1.0,76.0,9.31453123949721,Año que cursa=1; Tamaño del grupo=mediano; Participaciones de la semana=2; Participaciones de la semana anterior=0,9.310520385535447
Algoritmos y Programación,2526-1,1,anon_075,4,5 o más,pequeño,0,0,0,Tamaño del grupo,2.0,6.508035817949612,3.3185446,3.0,1.0,1.0,54.0,3.214387381692618,Año que cursa=5 o más; Tamaño del grupo=mediano; Participaciones de la semana=0; Participaciones de la semana anterior=0,3.2194616080931007
Algoritmos y Programación,2526-1,1,anon_075,6,5 o más,pequeño,0,0,0,Tamaño del grupo,2.0,6.508035817949612,3.3284025,2.0,1.0,1.0,54.0,3.214387381692618,Año que cursa=5 o más; Tamaño del grupo=mediano; Participaciones de la semana=0; Participaciones de la semana anterior=0,3.2194616080931007
Algoritmos y Programación,2526-1,1,anon_075,8,5 o más,pequeño,0,0,0,Tamaño del grupo,2.0,6.508035817949612,1.9500554,1.5,1.0,1.0,54.0,3.214387381692618,Año que cursa=5 o más; Tamaño del grupo=mediano; Participaciones de la semana=0; Participaciones de la semana anterior=0,3.2194616080931007
Algoritmos y Programación,2526-1,1,anon_076,4,3,pequeño,0,2,0,Tamaño del grupo,4.0,6.508035817949612,5.7308245,9.0,1.0,1.0,2.0,8.636363636363637,Año que cursa=3; Tamaño del grupo=mediano; Participaciones de la semana=0; Participaciones de la semana anterior=2,8.611988390573943
Algoritmos y Programación,2526-1,1,anon_076,6,3,pequeño,0,0,0,Tamaño del grupo,4.0,6.508035817949612,5.4025693,6.0,1.0,1.0,96.0,1.364028213166144,Año que cursa=3; Tamaño del grupo=mediano; Participaciones de la semana=0; Participaciones de la semana anterior=0,1.371086396650065
Algoritmos y Programación,2526-1,1,anon_076,8,3,pequeño,0,0,0,Tamaño del grupo,4.0,6.508035817949612,4.016667,4.5,1.0,1.0,96.0,1.364028213166144,Año que cursa=3; Tamaño del grupo=mediano; Participaciones de la semana=0; Participaciones de la semana anterior=0,1.371086396650065
Algoritmos y Programación,2526-1,1,anon_077,4,1,pequeño,0,0,0,Tamaño del grupo,1.0,6.508035817949612,3.7729392,3.0,1.0,1.0,1114.0,2.810176743184544,Año que cursa=1; Tamaño del grupo=mediano; Participaciones de la semana=0; Participaciones de la semana anterior=0,2.8145183289746725
Algoritmos y Programación,2526-1,1,anon_077,6,1,pequeño,0,0,0,Tamaño del grupo,1.0,6.508035817949612,3.399623,2.0,1.0,1.0,1114.0,2.810176743184544,Año que cursa=1; Tamaño del grupo=mediano; Participaciones de la semana=0; Participaciones de la semana anterior=0,2.8145183289746725
Algoritmos y Programación,2526-1,1,anon_077,8,1,pequeño,0,0,0,Tamaño del grupo,1.0,6.508035817949612,2.0751667,1.5,1.0,1.0,1114.0,2.810176743184544,Año que cursa=1; Tamaño del grupo=mediano; Participaciones de la semana=0; Participaciones de la semana anterior=0,2.8145183289746725
Algoritmos y Programación,2526-1,1,anon_078,4,1,pequeño,0,0,0,Tamaño del grupo,2.0,6.508035817949612,5.094675,6.0,1.0,1.0,1114.0,2.810176743184544,Año que cursa=1; Tamaño del grupo=mediano; Participaciones de la semana=0; Participaciones de la semana anterior=0,2.8145183289746725
Algoritmos y Programación,2526-1,1,anon_078,6,1,pequeño,0,0,0,Tamaño del grupo,2.0,6.508035817949612,4.4317994,4.0,1.0,1.0,1114.0,2.810176743184544,Año que cursa=1; Tamaño del grupo=mediano; Participaciones de la semana=0; Participaciones de la semana anterior=0,2.8145183289746725
Algoritmos y Programación,2526-1,1,anon_078,8,1,pequeño,0,0,0,Tamaño del grupo,2.0,6.508035817949612,3.0790293,3.0,1.0,1.0,1114.0,2.810176743184544,Año que cursa=1; Tamaño del grupo=mediano; Participaciones de la semana=0; Participaciones de la semana anterior=0,2.8145183289746725
Algoritmos y Programación,2526-1,1,anon_079,4,5 o más,pequeño,0,0,0,Tamaño del grupo,0.0,6.508035817949612,2.0697796,0.0,1.0,1.0,54.0,3.214387381692618,Año que cursa=5 o más; Tamaño del grupo=mediano; Participaciones de la semana=0; Participaciones de la semana anterior=0,3.2194616080931007
Algoritmos y Programación,2526-1,1,anon_079,6,5 o más,pequeño,0,0,0,Tamaño del grupo,0.0,6.508035817949612,2.2642078,0.0,1.0,1.0,54.0,3.214387381692618,Año que cursa=5 o más; Tamaño del grupo=mediano; Participaciones de la semana=0; Participaciones de la semana anterior=0,3.2194616080931007
Algoritmos y Programación,2526-1,1,anon_079,8,5 o más,pequeño,0,0,0,Tamaño del grupo,0.0,6.508035817949612,0.9251909,0.0,1.0,1.0,54.0,3.214387381692618,Año que cursa=5 o más; Tamaño del grupo=mediano; Participaciones de la semana=0; Participaciones de la semana anterior=0,3.2194616080931007
Algoritmos y Programación,2526-1,1,anon_080,4,1,pequeño,0,2,0,Tamaño del grupo,10.0,6.508035817949612,8.876623,15.0,1.0,1.0,96.0,9.88454709934595,Año que cursa=1; Tamaño del grupo=mediano; Participaciones de la semana=0; Participaciones de la semana anterior=2,9.879914128714752
Algoritmos y Programación,2526-1,1,anon_080,6,1,pequeño,0,0,0,Tamaño del grupo,10.0,6.508035817949612,7.550624,10.0,1.0,1.0,1114.0,2.810176743184544,Año que cursa=1; Tamaño del grupo=mediano; Participaciones de la semana=0; Participaciones de la semana anterior=0,2.8145183289746725
Algoritmos y Programación,2526-1,1,anon_080,8,1,pequeño,0,0,0,Tamaño del grupo,10.0,6.508035817949612,6.105961,7.5,1.0,1.0,1114.0,2.810176743184544,Año que cursa=1; Tamaño del grupo=mediano; Participaciones de la semana=0; Participaciones de la semana anterior=0,2.8145183289746725
Algoritmos y Programación,2526-1,1,anon_081,4,1,pequeño,0,0,0,Tamaño del grupo,1.0,6.508035817949612,3.646824,3.0,1.0,1.0,1114.0,2.810176743184544,Año que cursa=1; Tamaño del grupo=mediano; Participaciones de la semana=0; Participaciones de la semana anterior=0,2.8145183289746725
Algoritmos y Programación,2526-1,1,anon_081,6,1,pequeño,0,0,0,Tamaño del grupo,1.0,6.508035817949612,3.3329573,2.0,1.0,1.0,1114.0,2.810176743184544,Año que cursa=1; Tamaño del grupo=mediano; Participaciones de la semana=0; Participaciones de la semana anterior=0,2.8145183289746725
Algoritmos y Programación,2526-1,1,anon_081,8,1,pequeño,0,0,0,Tamaño del grupo,1.0,6.508035817949612,2.0397325,1.5,1.0,1.0,1114.0,2.810176743184544,Año que cursa=1; Tamaño del grupo=mediano; Participaciones de la semana=0; Participaciones de la semana anterior=0,2.8145183289746725
Algoritmos y Programación,2526-1,1,anon_082,4,5 o más,pequeño,0,0,0,Tamaño del grupo,0.0,6.508035817949612,2.0235107,0.0,1.0,1.0,54.0,3.214387381692618,Año que cursa=5 o más; Tamaño del grupo=mediano; Participaciones de la semana=0; Participaciones de la semana anterior=0,3.2194616080931007
Algoritmos y Programación,2526-1,1,anon_082,6,5 o más,pequeño,0,0,0,Tamaño del grupo,0.0,6.508035817949612,2.2383146,0.0,1.0,1.0,54.0,3.214387381692618,Año que cursa=5 o más; Tamaño del grupo=mediano; Participaciones de la semana=0; Participaciones de la semana anterior=0,3.2194616080931007
Algoritmos y Programación,2526-1,1,anon_082,8,5 o más,pequeño,0,0,0,Tamaño del grupo,0.0,6.508035817949612,0.9143444,0.0,1.0,1.0,54.0,3.214387381692618,Año que cursa=5 o más; Tamaño del grupo=mediano; Participaciones de la semana=0; Participaciones de la semana anterior=0,3.2194616080931007
Algoritmos y Programación,2526-1,1,anon_083,4,2,pequeño,0,3 o más,0,Tamaño del grupo,7.0,6.508035817949612,8.331739,15.0,1.0,1.0,10.0,8.746675084175084,Año que cursa=2; Tamaño del grupo=mediano; Participaciones de la semana=0; Participaciones de la semana anterior=3 o más,8.73943979871115
Algoritmos y Programación,2526-1,1,anon_083,6,2,pequeño,0,0,0,Tamaño del grupo,7.0,6.508035817949612,7.439009,10.0,1.0,1.0,388.0,2.4932412688922643,Año que cursa=2; Tamaño del grupo=mediano; Participaciones de la semana=0; Participaciones de la semana anterior=0,2.498095278925731
Algoritmos y Programación,2526-1,1,anon_083,8,2,pequeño,0,1,0,Tamaño del grupo,7.0,6.508035817949612,7.0378165,9.0,1.0,1.0,52.0,6.312812307424377,Año que cursa=2; Tamaño del grupo=mediano; Participaciones de la semana=0; Participaciones de la semana anterior=1,6.3131159618527315
Algoritmos y Programación,2526-1,1,anon_084,4,1,pequeño,0,0,0,Tamaño del grupo,1.0,6.508035817949612,3.5520344,3.0,1.0,1.0,1114.0,2.810176743184544,Año que cursa=1; Tamaño del grupo=mediano; Participaciones de la semana=0; Participaciones de la semana anterior=0,2.8145183289746725
Algoritmos y Programación,2526-1,1,anon_084,6,1,pequeño,0,0,0,Tamaño del grupo,1.0,6.508035817949612,3.2784548,2.0,1.0,1.0,1114.0,2.810176743184544,Año que cursa=1; Tamaño del grupo=mediano; Participaciones de la semana=0; Participaciones de la semana anterior=0,2.8145183289746725
Algoritmos y Programación,2526-1,1,anon_084,8,1,pequeño,0,0,0,Tamaño del grupo,1.0,6.508035817949612,2.0118659,1.5,1.0,1.0,1114.0,2.810176743184544,Año que cursa=1; Tamaño del grupo=mediano; Participaciones de la semana=0; Participaciones de la semana anterior=0,2.8145183289746725
Algoritmos y Programación,2526-1,1,anon_085,4,3,pequeño,0,0,0,Tamaño del grupo,0.0,6.508035817949612,1.9348686,0.0,1.0,1.0,96.0,1.364028213166144,Año que cursa=3; Tamaño del grupo=mediano; Participaciones de la semana=0; Participaciones de la semana anterior=0,1.371086396650065
Algoritmos y Programación,2526-1,1,anon_085,6,3,pequeño,0,0,0,Tamaño del grupo,0.0,6.508035817949612,2.1858654,0.0,1.0,1.0,96.0,1.364028213166144,Año que cursa=3; Tamaño del grupo=mediano; Participaciones de la semana=0; Participaciones de la semana anterior=0,1.371086396650065
Algoritmos y Programación,2526-1,1,anon_085,8,3,pequeño,0,0,0,Tamaño del grupo,0.0,6.508035817949612,0.92434424,0.0,1.0,1.0,96.0,1.364028213166144,Año que cursa=3; Tamaño del grupo=mediano; Participaciones de la semana=0; Participaciones de la semana anterior=0,1.371086396650065
Algoritmos y Programación,2526-1,1,anon_086,4,1,pequeño,0,0,0,Tamaño del grupo,1.0,6.508035817949612,3.489174,3.0,1.0,1.0,1114.0,2.810176743184544,Año que cursa=1; Tamaño del grupo=mediano; Participaciones de la semana=0; Participaciones de la semana anterior=0,2.8145183289746725
Algoritmos y Programación,2526-1,1,anon_086,6,1,pequeño,0,0,0,Tamaño del grupo,1.0,6.508035817949612,3.240021,2.0,1.0,1.0,1114.0,2.810176743184544,Año que cursa=1; Tamaño del grupo=mediano; Participaciones de la semana=0; Participaciones de la semana anterior=0,2.8145183289746725
Algoritmos y Programación,2526-1,1,anon_086,8,1,pequeño,0,0,0,Tamaño del grupo,1.0,6.508035817949612,1.9921405,1.5,1.0,1.0,1114.0,2.810176743184544,Año que cursa=1; Tamaño del grupo=mediano; Participaciones de la semana=0; Participaciones de la semana anterior=0,2.8145183289746725
Algoritmos y Programación,2526-1,1,anon_087,4,1,pequeño,0,0,0,Tamaño del grupo,1.0,6.508035817949612,3.4579794,3.0,1.0,1.0,1114.0,2.810176743184544,Año que cursa=1; Tamaño del grupo=mediano; Participaciones de la semana=0; Participaciones de la semana anterior=0,2.8145183289746725
Algoritmos y Programación,2526-1,1,anon_087,6,1,pequeño,0,0,0,Tamaño del grupo,1.0,6.508035817949612,3.2202988,2.0,1.0,1.0,1114.0,2.810176743184544,Año que cursa=1; Tamaño del grupo=mediano; Participaciones de la semana=0; Participaciones de la semana anterior=0,2.8145183289746725
Algoritmos y Programación,2526-1,1,anon_087,8,1,pequeño,0,0,0,Tamaño del grupo,1.0,6.508035817949612,1.9818785,1.5,1.0,1.0,1114.0,2.810176743184544,Año que cursa=1; Tamaño del grupo=mediano; Participaciones de la semana=0; Participaciones de la semana anterior=0,2.8145183289746725
Algoritmos y Programación,2526-2,1,anon_088,4,1,mediano,0,0,720,,0.0,3.3512168517703502,2.569572,0.0,,,,,,
Algoritmos y Programación,2526-2,1,anon_088,6,1,mediano,0,0,720,,0.0,3.3512168517703502,2.0098715,0.0,,,,,,
Algoritmos y Programación,2526-2,1,anon_088,8,1,mediano,0,0,720,,0.0,3.3512168517703502,0.9100375,0.0,,,,,,
Algoritmos y Programación,2526-2,1,anon_089,4,1,mediano,0,2,92,,4.0,9.90399660005799,6.1461716,9.0,,,,,,
Algoritmos y Programación,2526-2,1,anon_089,6,1,mediano,0,0,720,,4.0,3.3512168517703502,5.2219944,6.0,,,,,,
Algoritmos y Programación,2526-2,1,anon_089,8,1,mediano,0,0,720,,4.0,3.3512168517703502,3.9958942,4.5,,,,,,
Algoritmos y Programación,2526-2,1,anon_090,4,1,mediano,0,0,720,,0.0,3.3512168517703502,2.5206664,0.0,,,,,,
Algoritmos y Programación,2526-2,1,anon_090,6,1,mediano,0,0,720,,0.0,3.3512168517703502,1.9931924,0.0,,,,,,
Algoritmos y Programación,2526-2,1,anon_090,8,1,mediano,0,0,720,,0.0,3.3512168517703502,0.8962873,0.0,,,,,,
Algoritmos y Programación,2526-2,1,anon_091,4,1,mediano,3 o más,2,20,,10.0,16.629624112309912,9.436324,18.0,,,,,,
Algoritmos y Programación,2526-2,1,anon_091,6,1,mediano,3 o más,1,12,,10.0,16.032865699778043,12.565489,20.0,,,,,,
Algoritmos y Programación,2526-2,1,anon_091,8,1,mediano,0,0,720,,10.0,3.3512168517703502,11.182453,15.0,,,,,,
Algoritmos y Programación,2526-2,1,anon_092,4,1,mediano,0,0,720,,0.0,3.3512168517703502,2.4726434,0.0,,,,,,
Algoritmos y Programación,2526-2,1,anon_092,6,1,mediano,0,0,720,,0.0,3.3512168517703502,1.977334,0.0,,,,,,
Algoritmos y Programación,2526-2,1,anon_092,8,1,mediano,0,0,720,,0.0,3.3512168517703502,0.88279176,0.0,,,,,,
Algoritmos y Programación,2526-2,1,anon_093,4,1,mediano,0,1,68,,1.0,6.777262942962306,3.602346,3.0,,,,,,
Algoritmos y Programación,2526-2,1,anon_093,6,1,mediano,0,0,720,,1.0,3.3512168517703502,3.033434,2.0,,,,,,
Algoritmos y Programación,2526-2,1,anon_093,8,1,mediano,0,0,720,,1.0,3.3512168517703502,1.9042083,1.5,,,,,,
Algoritmos y Programación,2526-2,1,anon_094,4,1,mediano,0,3 o más,28,,5.0,12.724566881888736,7.204733,12.0,,,,,,
Algoritmos y Programación,2526-2,1,anon_094,6,1,mediano,0,0,720,,5.0,3.3512168517703502,6.252207,8.0,,,,,,
Algoritmos y Programación,2526-2,1,anon_094,8,1,mediano,0,0,720,,5.0,3.3512168517703502,4.987937,6.0,,,,,,
Algoritmos y Programación,2526-2,1,anon_095,4,1,mediano,0,0,720,,0.0,3.3512168517703502,2.4031568,0.0,,,,,,
Algoritmos y Programación,2526-2,1,anon_095,6,1,mediano,0,0,720,,0.0,3.3512168517703502,1.9556524,0.0,,,,,,
Algoritmos y Programación,2526-2,1,anon_095,8,1,mediano,0,0,720,,0.0,3.3512168517703502,0.8635154,0.0,,,,,,
Algoritmos y Programación,2526-2,1,anon_096,4,2,mediano,0,0,288,,1.0,2.8838995209542846,3.6402345,3.0,,,,,,
Algoritmos y Programación,2526-2,1,anon_096,6,2,mediano,0,0,288,,1.0,2.8838995209542846,3.135983,2.0,,,,,,
Algoritmos y Programación,2526-2,1,anon_096,8,2,mediano,0,0,288,,1.0,2.8838995209542846,1.9236206,1.5,,,,,,
Algoritmos y Programación,2526-2,1,anon_097,4,1,mediano,0,0,720,,0.0,3.3512168517703502,2.359076,0.0,,,,,,
Algoritmos y Programación,2526-2,1,anon_097,6,1,mediano,0,0,720,,0.0,3.3512168517703502,1.9429903,0.0,,,,,,
Algoritmos y Programación,2526-2,1,anon_097,8,1,mediano,0,0,720,,0.0,3.3512168517703502,0.8516924,0.0,,,,,,
Algoritmos y Programación,2526-2,1,anon_098,4,1,mediano,0,0,720,,3.0,3.3512168517703502,3.5838656,3.0,,,,,,
Algoritmos y Programación,2526-2,1,anon_098,6,1,mediano,0,0,720,,3.0,3.3512168517703502,3.0098848,2.0,,,,,,
Algoritmos y Programación,2526-2,1,anon_098,8,1,mediano,0,0,720,,3.0,3.3512168517703502,1.8731725,1.5,,,,,,
Algoritmos y Programación,2526-2,1,anon_099,4,3,mediano,0,0,52,,0.0,2.5092238405384704,2.315296,0.0,,,,,,
Algoritmos y Programación,2526-2,1,anon_099,6,3,mediano,0,0,52,,0.0,2.5092238405384704,2.208787,0.0,,,,,,
Algoritmos y Programación,2526-2,1,anon_099,8,3,mediano,0,0,52,,0.0,2.5092238405384704,0.95881927,0.0,,,,,,
Algoritmos y Programación,2526-2,1,anon_100,4,1,mediano,0,0,720,,0.0,3.3512168517703502,2.2971263,0.0,,,,,,
Algoritmos y Programación,2526-2,1,anon_100,6,1,mediano,0,0,720,,0.0,3.3512168517703502,1.9273367,0.0,,,,,,
Algoritmos y Programación,2526-2,1,anon_100,8,1,mediano,0,0,720,,0.0,3.3512168517703502,0.8362037,0.0,,,,,,
Algoritmos y Programación,2526-2,1,anon_101,4,2,mediano,0,0,288,,1.0,2.8838995209542846,3.5031204,3.0,,,,,,
Algoritmos y Programación,2526-2,1,anon_101,6,2,mediano,0,0,288,,1.0,2.8838995209542846,3.090596,2.0,,,,,,
Algoritmos y Programación,2526-2,1,anon_101,8,2,mediano,0,0,288,,1.0,2.8838995209542846,1.8860836,1.5,,,,,,
Algoritmos y Programación,2526-2,1,anon_102,4,1,mediano,1,0,42,,2.0,9.798781584601068,3.3340075,3.0,,,,,,
Algoritmos y Programación,2526-2,1,anon_102,6,1,mediano,0,0,720,,2.0,3.3512168517703502,2.963955,2.0,,,,,,
Algoritmos y Programación,2526-2,1,anon_102,8,1,mediano,0,0,720,,2.0,3.3512168517703502,1.8483448,1.5,,,,,,
Algoritmos y Programación,2526-2,1,anon_103,4,2,mediano,0,0,288,,0.0,2.8838995209542846,2.210034,0.0,,,,,,
Algoritmos y Programación,2526-2,1,anon_103,6,2,mediano,0,0,288,,0.0,2.8838995209542846,1.9968283,0.0,,,,,,
Algoritmos y Programación,2526-2,1,anon_103,8,2,mediano,0,0,288,,0.0,2.8838995209542846,0.84465706,0.0,,,,,,
Algoritmos y Programación,2526-2,1,anon_104,4,3,mediano,0,0,52,,0.0,2.5092238405384704,2.1959221,0.0,,,,,,
Algoritmos y Programación,2526-2,1,anon_104,6,3,mediano,0,0,52,,0.0,2.5092238405384704,2.16768,0.0,,,,,,
Algoritmos y Programación,2526-2,1,anon_104,8,3,mediano,0,0,52,,0.0,2.5092238405384704,0.9316707,0.0,,,,,,
Algoritmos y Programación,2526-2,1,anon_105,4,1,mediano,0,3 o más,28,,5.0,12.724566881888736,6.9389734,12.0,,,,,,
Algoritmos y Programación,2526-2,1,anon_105,6,1,mediano,0,0,720,,5.0,3.3512168517703502,6.171564,8.0,,,,,,
Algoritmos y Programación,2526-2,1,anon_105,8,1,mediano,0,0,720,,5.0,3.3512168517703502,4.9182987,6.0,,,,,,
Algoritmos y Programación,2526-2,1,anon_106,4,1,mediano,0,0,720,,1.0,3.3512168517703502,3.4180403,3.0,,,,,,
Algoritmos y Programación,2526-2,1,anon_106,6,1,mediano,0,0,720,,1.0,3.3512168517703502,2.9763155,2.0,,,,,,
Algoritmos y Programación,2526-2,1,anon_106,8,1,mediano,0,0,720,,1.0,3.3512168517703502,1.8399843,1.5,,,,,,
Algoritmos y Programación,2526-2,1,anon_107,4,2,mediano,3 o más,1,4,,5.0,17.468313789655486,7.6037006,15.0,,,,,,
Algoritmos y Programación,2526-2,1,anon_107,6,2,mediano,0,0,288,,5.0,2.8838995209542846,7.2779245,10.0,,,,,,
Algoritmos y Programación,2526-2,1,anon_107,8,2,mediano,0,0,288,,5.0,2.8838995209542846,5.9756804,7.5,,,,,,
Algoritmos y Programación,2526-2,1,anon_108,4,1,mediano,0,0,720,,1.0,3.3512168517703502,2.1617427,0.0,,,,,,
Algoritmos y Programación,2526-2,1,anon_108,6,1,mediano,0,0,720,,1.0,3.3512168517703502,1.9100997,0.0,,,,,,
Algoritmos y Programación,2526-2,1,anon_108,8,1,mediano,0,0,720,,1.0,3.3512168517703502,0.8137368,0.0,,,,,,
Algoritmos y Programación,2526-2,1,anon_109,4,1,mediano,3 o más,0,18,,5.0,12.07911814217625,6.4849443,12.0,,,,,,
Algoritmos y Programación,2526-2,1,anon_109,6,1,mediano,1,0,42,,5.0,9.798781584601068,7.1215982,10.0,,,,,,
Algoritmos y Programación,2526-2,1,anon_109,8,1,mediano,0,0,720,,5.0,3.3512168517703502,5.9098644,7.5,,,,,,
Algoritmos y Programación,2526-2,1,anon_110,4,1,mediano,0,0,720,,2.0,3.3512168517703502,3.3501127,3.0,,,,,,
Algoritmos y Programación,2526-2,1,anon_110,6,1,mediano,0,1,68,,2.0,6.777262942962306,3.9893248,4.0,,,,,,
Algoritmos y Programación,2526-2,1,anon_110,8,1,mediano,0,0,720,,2.0,3.3512168517703502,2.8430645,3.0,,,,,,
Algoritmos y Programación,2526-2,1,anon_111,4,1,mediano,1,0,42,,2.0,9.798781584601068,3.1834843,3.0,,,,,,
Algoritmos y Programación,2526-2,1,anon_111,6,1,mediano,0,0,720,,2.0,3.3512168517703502,2.946239,2.0,,,,,,
Algoritmos y Programación,2526-2,1,anon_111,8,1,mediano,0,0,720,,2.0,3.3512168517703502,1.8280053,1.5,,,,,,
Algoritmos y Programación,2526-2,1,anon_112,4,1,mediano,0,0,720,,2.0,3.3512168517703502,4.571503,6.0,,,,,,
Algoritmos y Programación,2526-2,1,anon_112,6,1,mediano,0,0,720,,2.0,3.3512168517703502,4.046118,4.0,,,,,,
Algoritmos y Programación,2526-2,1,anon_112,8,1,mediano,0,0,720,,2.0,3.3512168517703502,2.8599482,3.0,,,,,,
Algoritmos y Programación,2526-2,1,anon_113,4,2,mediano,0,0,288,,0.0,2.8838995209542846,2.0479898,0.0,,,,,,
Algoritmos y Programación,2526-2,1,anon_113,6,2,mediano,0,0,288,,0.0,2.8838995209542846,1.9819205,0.0,,,,,,
Algoritmos y Programación,2526-2,1,anon_113,8,2,mediano,0,0,288,,0.0,2.8838995209542846,0.83601063,0.0,,,,,,
Algoritmos y Programación,2526-2,1,anon_114,4,1,mediano,0,3 o más,28,,4.0,12.724566881888736,6.7416086,12.0,,,,,,
Algoritmos y Programación,2526-2,1,anon_114,6,1,mediano,0,0,720,,4.0,3.3512168517703502,6.142207,8.0,,,,,,
Algoritmos y Programación,2526-2,1,anon_114,8,1,mediano,0,0,720,,4.0,3.3512168517703502,4.899974,6.0,,,,,,
Algoritmos y Programación,2526-2,1,anon_115,4,1,mediano,0,0,720,,1.0,3.3512168517703502,3.281014,3.0,,,,,,
Algoritmos y Programación,2526-2,1,anon_115,6,1,mediano,0,0,720,,1.0,3.3512168517703502,2.9813075,2.0,,,,,,
Algoritmos y Programación,2526-2,1,anon_115,8,1,mediano,0,0,720,,1.0,3.3512168517703502,1.8392596,1.5,,,,,,
Algoritmos y Programación,2526-2,1,anon_116,4,1,mediano,0,0,720,,2.0,3.3512168517703502,3.2692893,3.0,,,,,,
Algoritmos y Programación,2526-2,1,anon_116,6,1,mediano,0,0,720,,2.0,3.3512168517703502,2.9843957,2.0,,,,,,
Algoritmos y Programación,2526-2,1,anon_116,8,1,mediano,0,0,720,,2.0,3.3512168517703502,1.8413779,1.5,,,,,,
Algoritmos y Programación,2526-2,1,anon_117,4,1,mediano,0,0,720,,1.0,3.3512168517703502,2.066084,0.0,,,,,,
Algoritmos y Programación,2526-2,1,anon_117,6,1,mediano,0,0,720,,1.0,3.3512168517703502,1.9352508,0.0,,,,,,
Algoritmos y Programación,2526-2,1,anon_117,8,1,mediano,0,0,720,,1.0,3.3512168517703502,0.8253843,0.0,,,,,,
Algoritmos y Programación,2526-3,1,anon_118,4,1,mediano,2,0,36,,8.0,11.192980046269522,4.3698215,12.0,,,,,,
Algoritmos y Programación,2526-3,1,anon_118,6,1,mediano,0,0,796,,8.0,2.1674207199736633,4.034135,8.0,,,,,,
Algoritmos y Programación,2526-3,1,anon_118,8,1,mediano,2,0,36,,8.0,11.192980046269522,6.9079194,9.0,,,,,,
Algoritmos y Programación,2526-3,1,anon_119,4,1,mediano,0,0,796,,0.0,2.1674207199736633,-0.14039016,0.0,,,,,,
Algoritmos y Programación,2526-3,1,anon_119,6,1,mediano,0,0,796,,0.0,2.1674207199736633,-0.018187046,0.0,,,,,,
Algoritmos y Programación,2526-3,1,anon_119,8,1,mediano,0,0,796,,0.0,2.1674207199736633,0.54879034,0.0,,,,,,
Algoritmos y Programación,2526-3,1,anon_120,4,3,mediano,0,0,74,,0.0,1.7957632171478517,0.14296412,0.0,,,,,,
Algoritmos y Programación,2526-3,1,anon_120,6,3,mediano,0,0,74,,0.0,1.7957632171478517,0.11665511,0.0,,,,,,
Algoritmos y Programación,2526-3,1,anon_120,8,3,mediano,0,0,74,,0.0,1.7957632171478517,0.621243,0.0,,,,,,
Algoritmos y Programación,2526-3,1,anon_121,4,1,mediano,0,0,796,,2.0,2.1674207199736633,-0.12383866,0.0,,,,,,
Algoritmos y Programación,2526-3,1,anon_121,6,1,mediano,0,0,796,,2.0,2.1674207199736633,-0.014834404,0.0,,,,,,
Algoritmos y Programación,2526-3,1,anon_121,8,1,mediano,0,0,796,,2.0,2.1674207199736633,0.51336795,0.0,,,,,,
Algoritmos y Programación,2526-3,1,anon_122,4,1,mediano,0,0,796,,5.0,2.1674207199736633,2.1201549,6.0,,,,,,
Algoritmos y Programación,2526-3,1,anon_122,6,1,mediano,0,0,796,,5.0,2.1674207199736633,2.0230582,4.0,,,,,,
Algoritmos y Programación,2526-3,1,anon_122,8,1,mediano,0,0,796,,5.0,2.1674207199736633,2.6332586,3.0,,,,,,
Algoritmos y Programación,2526-3,1,anon_123,4,1,mediano,0,0,796,,4.0,2.1674207199736633,1.0653107,3.0,,,,,,
Algoritmos y Programación,2526-3,1,anon_123,6,1,mediano,0,0,796,,4.0,2.1674207199736633,1.0135826,2.0,,,,,,
Algoritmos y Programación,2526-3,1,anon_123,8,1,mediano,1,0,54,,4.0,6.753416840887409,2.5636454,3.0,,,,,,
Algoritmos y Programación,2526-3,1,anon_124,4,1,mediano,0,0,796,,3.0,2.1674207199736633,0.9780083,3.0,,,,,,
Algoritmos y Programación,2526-3,1,anon_124,6,1,mediano,0,0,796,,3.0,2.1674207199736633,1.0035843,2.0,,,,,,
Algoritmos y Programación,2526-3,1,anon_124,8,1,mediano,0,0,796,,3.0,2.1674207199736633,1.5284021,1.5,,,,,,
Algoritmos y Programación,2526-3,1,anon_125,4,1,mediano,0,0,796,,1.0,2.1674207199736633,0.99718356,3.0,,,,,,
Algoritmos y Programación,2526-3,1,anon_125,6,1,mediano,0,0,796,,1.0,2.1674207199736633,1.0075264,2.0,,,,,,
Algoritmos y Programación,2526-3,1,anon_125,8,1,mediano,0,0,796,,1.0,2.1674207199736633,1.5112476,1.5,,,,,,
Algoritmos y Programación,2526-3,1,anon_126,4,1,mediano,0,0,796,,5.0,2.1674207199736633,1.0171354,3.0,,,,,,
Algoritmos y Programación,2526-3,1,anon_126,6,1,mediano,0,0,796,,5.0,2.1674207199736633,1.0114499,2.0,,,,,,
Algoritmos y Programación,2526-3,1,anon_126,8,1,mediano,0,1,74,,5.0,5.196921615536167,2.5235965,3.0,,,,,,
Algoritmos y Programación,2526-3,1,anon_127,4,1,mediano,1,2,4,,8.0,17.75363716934824,5.6125555,12.0,,,,,,
Algoritmos y Programación,2526-3,1,anon_127,6,1,mediano,0,2,50,,8.0,10.832385354786382,6.4252176,12.0,,,,,,
Algoritmos y Programación,2526-3,1,anon_127,8,1,mediano,0,0,796,,8.0,2.1674207199736633,6.772061,9.0,,,,,,
Algoritmos y Programación,2526-3,1,anon_128,4,1,mediano,0,0,796,,2.0,2.1674207199736633,2.3022547,6.0,,,,,,
Algoritmos y Programación,2526-3,1,anon_128,6,1,mediano,0,0,796,,2.0,2.1674207199736633,2.063768,4.0,,,,,,
Algoritmos y Programación,2526-3,1,anon_128,8,1,mediano,0,0,796,,2.0,2.1674207199736633,2.524576,3.0,,,,,,
Algoritmos y Programación,2526-3,1,anon_129,4,1,mediano,1,1,20,,5.0,12.749361273892328,3.7154908,9.0,,,,,,
Algoritmos y Programación,2526-3,1,anon_129,6,1,mediano,0,0,796,,5.0,2.1674207199736633,3.1340983,6.0,,,,,,
Algoritmos y Programación,2526-3,1,anon_129,8,1,mediano,0,0,796,,5.0,2.1674207199736633,3.557607,4.5,,,,,,
Algoritmos y Programación,2526-3,1,anon_130,4,1,mediano,0,0,796,,1.0,2.1674207199736633,1.0905728,3.0,,,,,,
Algoritmos y Programación,2526-3,1,anon_130,6,1,mediano,0,0,796,,1.0,2.1674207199736633,1.0229522,2.0,,,,,,
Algoritmos y Programación,2526-3,1,anon_130,8,1,mediano,0,0,796,,1.0,2.1674207199736633,1.4343258,1.5,,,,,,
Algoritmos y Programación,2526-3,1,anon_131,4,1,mediano,0,3 o más,26,,5.0,10.796619927520965,4.2728806,9.0,,,,,,
Algoritmos y Programación,2526-3,1,anon_131,6,1,mediano,0,0,796,,5.0,2.1674207199736633,3.2589326,6.0,,,,,,
Algoritmos y Programación,2526-3,1,anon_131,8,1,mediano,0,0,796,,5.0,2.1674207199736633,3.5337205,4.5,,,,,,
Algoritmos y Programación,2526-3,1,anon_132,4,1,mediano,3 o más,1,10,,8.0,16.00903682022103,9.976559,18.0,,,,,,
Algoritmos y Programación,2526-3,1,anon_132,6,1,mediano,0,0,796,,8.0,2.1674207199736633,6.9107084,12.0,,,,,,
Algoritmos y Programación,2526-3,1,anon_132,8,1,mediano,0,0,796,,8.0,2.1674207199736633,6.691669,9.0,,,,,,
Algoritmos y Programación,2526-3,1,anon_133,4,4,mediano,2,1,0,,13.0,6.451973684210527,9.373627,18.0,1.0,4.0,10.0,10.678289473684211,Año que cursa=4; Tamaño del grupo=mediano; Participaciones de la semana=1; Participaciones de la semana anterior=1 | Año que cursa=4; Tamaño del grupo=mediano; Participaciones de la semana=2; Participaciones de la semana anterior=2 | Año que cursa=4; Tamaño del grupo=mediano; Participaciones de la semana=3 o más; Participaciones de la semana anterior=1 | Año que cursa=4; Tamaño del grupo=pequeño; Participaciones de la semana=2; Participaciones de la semana anterior=1,6.451973684210527
Algoritmos y Programación,2526-3,1,anon_133,6,4,mediano,1,0,2,,13.0,8.869553716766143,8.83043,14.0,,,,,,
Algoritmos y Programación,2526-3,1,anon_133,8,4,mediano,2,1,0,,13.0,6.451973684210527,10.798164,15.0,1.0,4.0,10.0,10.678289473684211,Año que cursa=4; Tamaño del grupo=mediano; Participaciones de la semana=1; Participaciones de la semana anterior=1 | Año que cursa=4; Tamaño del grupo=mediano; Participaciones de la semana=2; Participaciones de la semana anterior=2 | Año que cursa=4; Tamaño del grupo=mediano; Participaciones de la semana=3 o más; Participaciones de la semana anterior=1 | Año que cursa=4; Tamaño del grupo=pequeño; Participaciones de la semana=2; Participaciones de la semana anterior=1,6.451973684210527
Algoritmos y Programación,2526-3,1,anon_134,4,1,mediano,2,0,36,,10.0,11.192980046269522,5.253665,12.0,,,,,,
Algoritmos y Programación,2526-3,1,anon_134,6,1,mediano,0,0,796,,10.0,2.1674207199736633,4.3361254,8.0,,,,,,
Algoritmos y Programación,2526-3,1,anon_134,8,1,mediano,1,0,54,,10.0,6.753416840887409,5.5565157,7.5,,,,,,
Algoritmos y Programación,2526-3,1,anon_135,4,4,mediano,0,0,12,,7.0,13.341657165009579,2.9224255,6.0,,,,,,
Algoritmos y Programación,2526-3,1,anon_135,6,4,mediano,0,2,0,,7.0,6.451973684210527,4.7462606,8.0,1.0,6.0,24.0,9.361293859649123,Año que cursa=3; Tamaño del grupo=mediano; Participaciones de la semana=0; Participaciones de la semana anterior=2 | Año que cursa=4; Tamaño del grupo=mediano; Participaciones de la semana=0; Participaciones de la semana anterior=1 | Año que cursa=4; Tamaño del grupo=mediano; Participaciones de la semana=0; Participaciones de la semana anterior=3 o más | Año que cursa=4; Tamaño del grupo=mediano; Participaciones de la semana=1; Participaciones de la semana anterior=2 | Año que cursa=4; Tamaño del grupo=pequeño; Participaciones de la semana=0; Participaciones de la semana anterior=2 | Año que cursa=5 o más; Tamaño del grupo=mediano; Participaciones de la semana=0; Participaciones de la semana anterior=2,6.451973684210527
Algoritmos y Programación,2526-3,1,anon_135,8,4,mediano,0,0,12,,7.0,13.341657165009579,4.5958085,6.0,,,,,,
Algoritmos y Programación,2526-3,1,anon_136,4,2,mediano,0,0,366,,0.0,2.652736391251337,-0.011769772,0.0,,,,,,
Algoritmos y Programación,2526-3,1,anon_136,6,2,mediano,0,0,366,,0.0,2.652736391251337,-0.039083123,0.0,,,,,,
Algoritmos y Programación,2526-3,1,anon_136,8,2,mediano,0,0,366,,0.0,2.652736391251337,0.29541233,0.0,,,,,,
Algoritmos y Programación,2526-3,1,anon_137,4,1,mediano,0,2,50,,4.0,10.832385354786382,5.2473745,12.0,,,,,,
Algoritmos y Programación,2526-3,1,anon_137,6,1,mediano,0,0,796,,4.0,2.1674207199736633,4.2811356,8.0,,,,,,
Algoritmos y Programación,2526-3,1,anon_137,8,1,mediano,0,0,796,,4.0,2.1674207199736633,4.519612,6.0,,,,,,
Algoritmos y Programación,2526-3,1,anon_138,4,1,mediano,0,0,796,,4.0,2.1674207199736633,1.1364751,3.0,,,,,,
Algoritmos y Programación,2526-3,1,anon_138,6,1,mediano,0,0,796,,4.0,2.1674207199736633,0.9997488,2.0,,,,,,
Algoritmos y Programación,2526-3,1,anon_138,8,1,mediano,0,0,796,,4.0,2.1674207199736633,1.3470623,1.5,,,,,,
Algoritmos y Programación,2526-3,1,anon_139,4,4,mediano,1,2,2,,3.0,8.869553716766143,3.8735645,9.0,,,,,,
Algoritmos y Programación,2526-3,1,anon_139,6,4,mediano,0,0,12,,3.0,13.341657165009579,3.8046012,6.0,,,,,,
Algoritmos y Programación,2526-3,1,anon_139,8,4,mediano,0,0,12,,3.0,13.341657165009579,3.5076637,4.5,,,,,,
Algoritmos y Programación,2526-3,1,anon_140,4,1,mediano,1,1,20,,10.0,12.749361273892328,4.8774605,12.0,,,,,,
Algoritmos y Programación,2526-3,1,anon_140,6,1,mediano,0,0,796,,10.0,2.1674207199736633,4.2369976,8.0,,,,,,
Algoritmos y Programación,2526-3,1,anon_140,8,1,mediano,3 o más,0,16,,10.0,9.839750017110397,7.52015,10.5,,,,,,
Algoritmos y Programación,2526-3,1,anon_141,4,1,mediano,3 o más,0,16,,11.0,9.839750017110397,9.201273,21.0,,,,,,
Algoritmos y Programación,2526-3,1,anon_141,6,1,mediano,0,0,796,,11.0,2.1674207199736633,8.066034,14.0,,,,,,
Algoritmos y Programación,2526-3,1,anon_141,8,1,mediano,2,0,36,,11.0,11.192980046269522,9.638513,13.5,,,,,,
Algoritmos y Programación,2526-3,1,anon_142,4,1,mediano,0,0,796,,0.0,2.1674207199736633,-0.059554815,0.0,,,,,,
Algoritmos y Programación,2526-3,1,anon_142,6,1,mediano,0,0,796,,0.0,2.1674207199736633,-0.07173443,0.0,,,,,,
Algoritmos y Programación,2526-3,1,anon_142,8,1,mediano,0,0,796,,0.0,2.1674207199736633,0.27544427,0.0,,,,,,
Algoritmos y Programación,2526-3,1,anon_143,4,1,mediano,2,3 o más,10,,15.0,17.78888144217092,13.707446,27.0,,,,,,
Algoritmos y Programación,2526-3,1,anon_143,6,1,mediano,0,0,796,,15.0,2.1674207199736633,11.398083,18.0,,,,,,
Algoritmos y Programación,2526-3,1,anon_143,8,1,mediano,0,2,50,,15.0,10.832385354786382,11.801299,16.5,,,,,,
Algoritmos y Programación,2526-3,1,anon_144,4,1,mediano,0,0,796,,3.0,2.1674207199736633,-0.067022085,0.0,,,,,,
Algoritmos y Programación,2526-3,1,anon_144,6,1,mediano,0,0,796,,3.0,2.1674207199736633,-0.08525133,0.0,,,,,,
Algoritmos y Programación,2526-3,1,anon_144,8,1,mediano,0,1,74,,3.0,5.196921615536167,1.2820704,1.5,,,,,,
Algoritmos y Programación,2526-3,1,anon_145,4,1,mediano,3 o más,3 o más,14,,20.0,17.79561957456792,22.376572,45.0,,,,,,
Algoritmos y Programación,2526-3,1,anon_145,6,1,mediano,2,0,36,,20.0,11.192980046269522,23.01151,34.0,,,,,,
Algoritmos y Programación,2526-3,1,anon_145,8,1,mediano,1,0,54,,20.0,6.753416840887409,19.104486,27.0,,,,,,
Algoritmos y Programación,2526-3,1,anon_146,4,1,mediano,1,0,54,,7.0,6.753416840887409,0.98469996,3.0,,,,,,
Algoritmos y Programación,2526-3,1,anon_146,6,1,mediano,0,0,796,,7.0,2.1674207199736633,0.9617623,2.0,,,,,,
Algoritmos y Programación,2526-3,1,anon_146,8,1,mediano,0,2,50,,7.0,10.832385354786382,3.3252237,4.5,,,,,,
Algoritmos y Programación,2526-3,1,anon_147,4,1,mediano,0,0,796,,6.0,2.1674207199736633,-0.080174685,0.0,,,,,,
Algoritmos y Programación,2526-3,1,anon_147,6,1,mediano,0,0,796,,6.0,2.1674207199736633,-0.1044544,0.0,,,,,,
Algoritmos y Programación,2526-3,1,anon_147,8,1,mediano,3 o más,0,16,,6.0,9.839750017110397,3.282496,4.5,,,,,,
Computación Emergente,2425-3,2,anon_186,4,5 o más,grande,0,0,518,,0.0,0.9774020034352088,2.0774345,0.0,,,,,,
Computación Emergente,2425-3,2,anon_186,6,5 o más,grande,0,0,518,,0.0,0.9774020034352088,1.5962532,0.0,,,,,,
Computación Emergente,2425-3,2,anon_186,8,5 o más,grande,0,0,518,,0.0,0.9774020034352088,0.32279205,0.0,,,,,,
Computación Emergente,2425-3,2,anon_187,4,3,grande,0,1,24,,7.0,11.992130215021728,5.322215,6.0,,,,,,
Computación Emergente,2425-3,2,anon_187,6,3,grande,1,1,10,,7.0,10.251186368845234,7.1235886,8.0,,,,,,
Computación Emergente,2425-3,2,anon_187,8,3,grande,0,1,24,,7.0,11.992130215021728,6.6553626,7.5,,,,,,
Computación Emergente,2425-3,2,anon_188,4,5 o más,grande,0,0,518,,0.0,0.9774020034352088,1.9952085,0.0,,,,,,
Computación Emergente,2425-3,2,anon_188,6,5 o más,grande,0,0,518,,0.0,0.9774020034352088,1.4891431,0.0,,,,,,
Computación Emergente,2425-3,2,anon_188,8,5 o más,grande,0,0,518,,0.0,0.9774020034352088,0.2594167,0.0,,,,,,
Computación Emergente,2425-3,2,anon_189,4,4,grande,0,0,588,,2.0,1.226636438500204,2.3885474,0.0,,,,,,
Computación Emergente,2425-3,2,anon_189,6,4,grande,1,0,40,,2.0,6.108552716851383,2.9115129,2.0,,,,,,
Computación Emergente,2425-3,2,anon_189,8,4,grande,0,1,52,,2.0,6.817700439125454,2.6341364,3.0,,,,,,
Computación Emergente,2425-3,2,anon_190,4,5 o más,grande,0,0,518,,0.0,0.9774020034352088,1.9153568,0.0,,,,,,
Computación Emergente,2425-3,2,anon_190,6,5 o más,grande,0,0,518,,0.0,0.9774020034352088,1.3844345,0.0,,,,,,
Computación Emergente,2425-3,2,anon_190,8,5 o más,grande,0,0,518,,0.0,0.9774020034352088,0.202371,0.0,,,,,,
Computación Emergente,2425-3,2,anon_191,4,5 o más,grande,0,0,518,,0.0,0.9774020034352088,1.8764904,0.0,,,,,,
Computación Emergente,2425-3,2,anon_191,6,5 o más,grande,0,0,518,,0.0,0.9774020034352088,1.3334932,0.0,,,,,,
Computación Emergente,2425-3,2,anon_191,8,5 o más,grande,0,0,518,,0.0,0.9774020034352088,0.17632878,0.0,,,,,,
Computación Emergente,2425-3,2,anon_192,4,5 o más,grande,0,0,518,,5.0,0.9774020034352088,4.5404058,6.0,,,,,,
Computación Emergente,2425-3,2,anon_192,6,5 o más,grande,1,0,34,,5.0,6.335659443549964,5.1051188,6.0,,,,,,
Computación Emergente,2425-3,2,anon_192,8,5 o más,grande,0,0,518,,5.0,0.9774020034352088,3.7494404,4.5,,,,,,
Computación Emergente,2425-3,2,anon_193,4,4,grande,0,0,588,,0.0,1.226636438500204,2.24335,0.0,,,,,,
Computación Emergente,2425-3,2,anon_193,6,4,grande,0,0,588,,0.0,1.226636438500204,1.6537297,0.0,,,,,,
Computación Emergente,2425-3,2,anon_193,8,4,grande,0,0,588,,0.0,1.226636438500204,0.30318707,0.0,,,,,,
Computación Emergente,2425-3,2,anon_194,4,5 o más,grande,0,0,518,,1.0,0.9774020034352088,1.7648066,0.0,,,,,,
Computación Emergente,2425-3,2,anon_194,6,5 o más,grande,0,0,518,,1.0,0.9774020034352088,1.1883891,0.0,,,,,,
Computación Emergente,2425-3,2,anon_194,8,5 o más,grande,0,0,518,,1.0,0.9774020034352088,0.108107984,0.0,,,,,,
Computación Emergente,2425-3,2,anon_195,4,5 o más,grande,0,0,518,,0.0,0.9774020034352088,1.7293686,0.0,,,,,,
Computación Emergente,2425-3,2,anon_195,6,5 o más,grande,0,0,518,,0.0,0.9774020034352088,1.1430464,0.0,,,,,,
Computación Emergente,2425-3,2,anon_195,8,5 o más,grande,0,0,518,,0.0,0.9774020034352088,0.08857679,0.0,,,,,,
Computación Emergente,2425-3,2,anon_196,4,5 o más,grande,0,0,518,,1.0,0.9774020034352088,1.6948841,0.0,,,,,,
Computación Emergente,2425-3,2,anon_196,6,5 o más,grande,1,0,34,,1.0,6.335659443549964,2.1796885,2.0,,,,,,
Computación Emergente,2425-3,2,anon_196,8,5 o más,grande,0,0,518,,1.0,0.9774020034352088,1.1644154,1.5,,,,,,
Computación Emergente,2425-3,2,anon_197,4,5 o más,grande,0,0,518,,0.0,0.9774020034352088,1.6613785,0.0,,,,,,
Computación Emergente,2425-3,2,anon_197,6,5 o más,grande,0,0,518,,0.0,0.9774020034352088,1.057481,0.0,,,,,,
Computación Emergente,2425-3,2,anon_197,8,5 o más,grande,0,0,518,,0.0,0.9774020034352088,0.05407071,0.0,,,,,,
Computación Emergente,2425-3,2,anon_198,4,5 o más,grande,0,0,518,,2.0,0.9774020034352088,1.62887,0.0,,,,,,
Computación Emergente,2425-3,2,anon_198,6,5 o más,grande,0,0,518,,2.0,0.9774020034352088,1.0173786,0.0,,,,,,
Computación Emergente,2425-3,2,anon_198,8,5 o más,grande,0,1,38,,2.0,6.580740028841518,1.0988032,1.5,,,,,,
Computación Emergente,2425-3,2,anon_199,4,4,grande,0,0,588,,1.0,1.226636438500204,3.3744164,3.0,,,,,,
Computación Emergente,2425-3,2,anon_199,6,4,grande,0,0,588,,1.0,1.226636438500204,2.8304167,2.0,,,,,,
Computación Emergente,2425-3,2,anon_199,8,4,grande,0,0,588,,1.0,1.226636438500204,1.4365523,1.5,,,,,,
Computación Emergente,2425-3,2,anon_200,4,4,grande,0,1,52,,4.0,6.817700439125454,4.5858755,6.0,,,,,,
Computación Emergente,2425-3,2,anon_200,6,4,grande,0,1,52,,4.0,6.817700439125454,5.354066,6.0,,,,,,
Computación Emergente,2425-3,2,anon_200,8,4,grande,0,0,588,,4.0,1.226636438500204,3.8736296,4.5,,,,,,
Computación Emergente,2425-3,2,anon_201,4,4,grande,0,0,588,,0.0,1.226636438500204,1.9661269,0.0,,,,,,
Computación Emergente,2425-3,2,anon_201,6,4,grande,0,0,588,,0.0,1.226636438500204,1.4068877,0.0,,,,,,
Computación Emergente,2425-3,2,anon_201,8,4,grande,0,0,588,,0.0,1.226636438500204,0.19788444,0.0,,,,,,
Computación Emergente,2425-3,2,anon_202,4,4,grande,0,0,588,,1.0,1.226636438500204,1.9338529,0.0,,,,,,
Computación Emergente,2425-3,2,anon_202,6,4,grande,0,1,52,,1.0,6.817700439125454,2.5739162,2.0,,,,,,
Computación Emergente,2425-3,2,anon_202,8,4,grande,0,0,588,,1.0,1.226636438500204,1.3437006,1.5,,,,,,
Computación Emergente,2425-3,2,anon_203,4,5 o más,grande,0,0,518,,0.0,0.9774020034352088,1.48151,0.0,,,,,,
Computación Emergente,2425-3,2,anon_203,6,5 o más,grande,0,0,518,,0.0,0.9774020034352088,0.84459484,0.0,,,,,,
Computación Emergente,2425-3,2,anon_203,8,5 o más,grande,0,0,518,,0.0,0.9774020034352088,-0.01660639,0.0,,,,,,
Computación Emergente,2425-3,2,anon_204,4,4,grande,0,1,52,,3.0,6.817700439125454,4.519704,6.0,,,,,,
Computación Emergente,2425-3,2,anon_204,6,4,grande,0,0,588,,3.0,1.226636438500204,4.0401115,4.0,,,,,,
Computación Emergente,2425-3,2,anon_204,8,4,grande,0,0,588,,3.0,1.226636438500204,2.6136074,3.0,,,,,,
Computación Emergente,2425-3,2,anon_205,4,4,grande,0,0,588,,0.0,1.226636438500204,1.8415439,0.0,,,,,,
Computación Emergente,2425-3,2,anon_205,6,4,grande,0,0,588,,0.0,1.226636438500204,1.2994837,0.0,,,,,,
Computación Emergente,2425-3,2,anon_205,8,4,grande,0,0,588,,0.0,1.226636438500204,0.16469622,0.0,,,,,,
Computación Emergente,2425-3,2,anon_206,4,5 o más,grande,0,0,518,,1.0,0.9774020034352088,2.6691635,3.0,,,,,,
Computación Emergente,2425-3,2,anon_206,6,5 o más,grande,0,0,518,,1.0,0.9774020034352088,2.0529041,2.0,,,,,,
Computación Emergente,2425-3,2,anon_206,8,5 o más,grande,0,0,518,,1.0,0.9774020034352088,1.1191603,1.5,,,,,,
Computación Emergente,2425-3,2,anon_207,4,5 o más,grande,0,0,518,,0.0,0.9774020034352088,1.3814807,0.0,,,,,,
Computación Emergente,2425-3,2,anon_207,6,5 o más,grande,0,0,518,,0.0,0.9774020034352088,0.73895496,0.0,,,,,,
Computación Emergente,2425-3,2,anon_207,8,5 o más,grande,0,0,518,,0.0,0.9774020034352088,-0.040305078,0.0,,,,,,
Computación Emergente,2425-3,2,anon_208,4,5 o más,grande,0,0,518,,1.0,0.9774020034352088,2.6164079,3.0,,,,,,
Computación Emergente,2425-3,2,anon_208,6,5 o más,grande,0,0,518,,1.0,0.9774020034352088,2.0003474,2.0,,,,,,
Computación Emergente,2425-3,2,anon_208,8,5 o más,grande,0,0,518,,1.0,0.9774020034352088,1.1077302,1.5,,,,,,
Computación Emergente,2425-3,2,anon_209,4,4,grande,0,0,588,,1.0,1.226636438500204,1.7305367,0.0,,,,,,
Computación Emergente,2425-3,2,anon_209,6,4,grande,0,0,588,,1.0,1.226636438500204,1.206082,0.0,,,,,,
Computación Emergente,2425-3,2,anon_209,8,4,grande,0,1,52,,1.0,6.817700439125454,1.2240299,1.5,,,,,,
Computación Emergente,2425-3,2,anon_210,4,4,grande,0,0,588,,0.0,1.226636438500204,1.7051301,0.0,,,,,,
Computación Emergente,2425-3,2,anon_210,6,4,grande,0,0,588,,0.0,1.226636438500204,1.1850898,0.0,,,,,,
Computación Emergente,2425-3,2,anon_210,8,4,grande,0,0,588,,0.0,1.226636438500204,0.13685787,0.0,,,,,,
Computación Emergente,2425-3,2,anon_211,4,4,grande,0,0,588,,0.0,1.226636438500204,1.6806911,0.0,,,,,,
Computación Emergente,2425-3,2,anon_211,6,4,grande,0,0,588,,0.0,1.226636438500204,1.1650586,0.0,,,,,,
Computación Emergente,2425-3,2,anon_211,8,4,grande,0,0,588,,0.0,1.226636438500204,0.13272542,0.0,,,,,,
Computación Emergente,2425-3,2,anon_212,4,5 o más,grande,0,0,518,,0.0,0.9774020034352088,1.277221,0.0,,,,,,
Computación Emergente,2425-3,2,anon_212,6,5 o más,grande,0,0,518,,0.0,0.9774020034352088,0.64381635,0.0,,,,,,
Computación Emergente,2425-3,2,anon_212,8,5 o más,grande,0,0,518,,0.0,0.9774020034352088,-0.049466312,0.0,,,,,,
Computación Emergente,2425-3,2,anon_213,4,5 o más,grande,0,0,518,,1.0,0.9774020034352088,2.591444,3.0,,,,,,
Computación Emergente,2425-3,2,anon_213,6,5 o más,grande,0,0,518,,1.0,0.9774020034352088,1.9433935,2.0,,,,,,
Computación Emergente,2425-3,2,anon_213,8,5 o más,grande,0,0,518,,1.0,0.9774020034352088,1.1145144,1.5,,,,,,
Computación Emergente,2425-3,2,anon_214,4,5 o más,grande,0,0,518,,0.0,0.9774020034352088,1.2415524,0.0,,,,,,
Computación Emergente,2425-3,2,anon_214,6,5 o más,grande,0,0,518,,0.0,0.9774020034352088,0.615934,0.0,,,,,,
Computación Emergente,2425-3,2,anon_214,8,5 o más,grande,0,0,518,,0.0,0.9774020034352088,-0.048297286,0.0,,,,,,
Computación Emergente,2425-3,2,anon_215,4,5 o más,grande,0,0,518,,0.0,0.9774020034352088,1.2249475,0.0,,,,,,
Computación Emergente,2425-3,2,anon_215,6,5 o más,grande,0,0,518,,0.0,0.9774020034352088,0.6039485,0.0,,,,,,
Computación Emergente,2425-3,2,anon_215,8,5 o más,grande,0,0,518,,0.0,0.9774020034352088,-0.046917677,0.0,,,,,,
Computación Emergente,2425-3,2,anon_216,4,4,grande,0,0,588,,1.0,1.226636438500204,2.8406231,3.0,,,,,,
Computación Emergente,2425-3,2,anon_216,6,4,grande,0,0,588,,1.0,1.226636438500204,2.3764365,2.0,,,,,,
Computación Emergente,2425-3,2,anon_216,8,4,grande,0,0,588,,1.0,1.226636438500204,1.2814391,1.5,,,,,,
Computación Emergente,2425-3,2,anon_217,4,5 o más,grande,0,0,518,,0.0,0.9774020034352088,1.1941154,0.0,,,,,,
Computación Emergente,2425-3,2,anon_217,6,5 o más,grande,0,0,518,,0.0,0.9774020034352088,0.5836041,0.0,,,,,,
Computación Emergente,2425-3,2,anon_217,8,5 o más,grande,0,0,518,,0.0,0.9774020034352088,-0.042836487,0.0,,,,,,
Computación Emergente,2425-3,2,anon_218,4,5 o más,grande,0,0,518,,1.0,0.9774020034352088,2.4031842,3.0,,,,,,
Computación Emergente,2425-3,2,anon_218,6,5 o más,grande,0,0,518,,1.0,0.9774020034352088,1.8281305,2.0,,,,,,
Computación Emergente,2425-3,2,anon_218,8,5 o más,grande,0,0,518,,1.0,0.9774020034352088,1.099024,1.5,,,,,,
Computación Emergente,2425-3,2,anon_219,4,5 o más,grande,0,0,518,,2.0,0.9774020034352088,1.1663392,0.0,,,,,,
Computación Emergente,2425-3,2,anon_219,6,5 o más,grande,0,0,518,,2.0,0.9774020034352088,0.56771994,0.0,,,,,,
Computación Emergente,2425-3,2,anon_219,8,5 o más,grande,0,1,38,,2.0,6.580740028841518,1.0084167,1.5,,,,,,
Computación Emergente,2425-3,2,anon_185,4,5 o más,grande,0,0,518,,0.0,0.9774020034352088,1.1535511,0.0,,,,,,
Computación Emergente,2425-3,2,anon_185,6,5 o más,grande,0,0,518,,0.0,0.9774020034352088,0.56131244,0.0,,,,,,
Computación Emergente,2425-3,2,anon_185,8,5 o más,grande,0,0,518,,0.0,0.9774020034352088,-0.03409171,0.0,,,,,,
Computación Emergente,2425-3,1,anon_148,4,4,grande,0,0,588,,1.0,1.226636438500204,2.4109888,0.0,,,,,,
Computación Emergente,2425-3,1,anon_148,6,4,grande,1,0,40,,1.0,6.108552716851383,2.9959507,2.0,,,,,,
Computación Emergente,2425-3,1,anon_148,8,4,grande,0,0,588,,1.0,1.226636438500204,1.6940398,1.5,,,,,,
Computación Emergente,2425-3,1,anon_149,4,4,grande,0,0,588,,5.0,1.226636438500204,2.3691628,0.0,,,,,,
Computación Emergente,2425-3,1,anon_149,6,4,grande,1,0,40,,5.0,6.108552716851383,2.9519463,2.0,,,,,,
Computación Emergente,2425-3,1,anon_149,8,4,grande,0,1,52,,5.0,6.817700439125454,2.7991738,3.0,,,,,,
Computación Emergente,2425-3,1,anon_150,4,4,grande,0,0,588,,4.0,1.226636438500204,2.327278,0.0,,,,,,
Computación Emergente,2425-3,1,anon_150,6,4,grande,1,0,40,,4.0,6.108552716851383,2.9075341,2.0,,,,,,
Computación Emergente,2425-3,1,anon_150,8,4,grande,0,0,588,,4.0,1.226636438500204,1.6306491,1.5,,,,,,
Computación Emergente,2425-3,1,anon_151,4,5 o más,grande,0,0,518,,1.0,0.9774020034352088,1.9356505,0.0,,,,,,
Computación Emergente,2425-3,1,anon_151,6,5 o más,grande,0,0,518,,1.0,0.9774020034352088,1.4041622,0.0,,,,,,
Computación Emergente,2425-3,1,anon_151,8,5 o más,grande,0,1,38,,1.0,6.580740028841518,1.4023633,1.5,,,,,,
Computación Emergente,2425-3,1,anon_152,4,5 o más,grande,0,0,518,,4.0,0.9774020034352088,1.8945673,0.0,,,,,,
Computación Emergente,2425-3,1,anon_152,6,5 o más,grande,1,0,34,,4.0,6.335659443549964,2.4356248,2.0,,,,,,
Computación Emergente,2425-3,1,anon_152,8,5 o más,grande,0,0,518,,4.0,0.9774020034352088,1.4096351,1.5,,,,,,
Computación Emergente,2425-3,1,anon_153,4,5 o más,grande,0,0,518,,0.0,0.9774020034352088,1.8540208,0.0,,,,,,
Computación Emergente,2425-3,1,anon_153,6,5 o más,grande,0,0,518,,0.0,0.9774020034352088,1.3014815,0.0,,,,,,
Computación Emergente,2425-3,1,anon_153,8,5 o más,grande,0,0,518,,0.0,0.9774020034352088,0.26141232,0.0,,,,,,
Computación Emergente,2425-3,1,anon_154,4,5 o más,grande,0,0,518,,0.0,0.9774020034352088,1.8140632,0.0,,,,,,
Computación Emergente,2425-3,1,anon_154,6,5 o más,grande,0,0,518,,0.0,0.9774020034352088,1.2517067,0.0,,,,,,
Computación Emergente,2425-3,1,anon_154,8,5 o más,grande,0,0,518,,0.0,0.9774020034352088,0.23472339,0.0,,,,,,
Computación Emergente,2425-3,1,anon_155,4,4,grande,0,0,588,,5.0,1.226636438500204,3.5792212,3.0,,,,,,
Computación Emergente,2425-3,1,anon_155,6,4,grande,1,0,40,,5.0,6.108552716851383,4.1330113,4.0,,,,,,
Computación Emergente,2425-3,1,anon_155,8,4,grande,0,0,588,,5.0,1.226636438500204,2.8026254,3.0,,,,,,
Computación Emergente,2425-3,1,anon_156,4,4,grande,0,0,588,,0.0,1.226636438500204,2.0781949,0.0,,,,,,
Computación Emergente,2425-3,1,anon_156,6,4,grande,0,0,588,,0.0,1.226636438500204,1.5158051,0.0,,,,,,
Computación Emergente,2425-3,1,anon_156,8,4,grande,0,0,588,,0.0,1.226636438500204,0.3014286,0.0,,,,,,
Computación Emergente,2425-3,1,anon_157,4,4,grande,0,0,588,,2.0,1.226636438500204,2.0376654,0.0,,,,,,
Computación Emergente,2425-3,1,anon_157,6,4,grande,0,0,588,,2.0,1.226636438500204,1.4727753,0.0,,,,,,
Computación Emergente,2425-3,1,anon_157,8,4,grande,0,0,588,,2.0,1.226636438500204,0.2774316,0.0,,,,,,
Computación Emergente,2425-3,1,anon_158,4,4,grande,0,0,588,,0.0,1.226636438500204,1.9975983,0.0,,,,,,
Computación Emergente,2425-3,1,anon_158,6,4,grande,0,0,588,,0.0,1.226636438500204,1.4302634,0.0,,,,,,
Computación Emergente,2425-3,1,anon_158,8,4,grande,0,0,588,,0.0,1.226636438500204,0.25445378,0.0,,,,,,
Computación Emergente,2425-3,1,anon_159,4,4,grande,0,0,588,,1.0,1.226636438500204,1.9580612,0.0,,,,,,
Computación Emergente,2425-3,1,anon_159,6,4,grande,1,0,40,,1.0,6.108552716851383,2.5050151,2.0,,,,,,
Computación Emergente,2425-3,1,anon_159,8,4,grande,0,0,588,,1.0,1.226636438500204,1.3772188,1.5,,,,,,
Computación Emergente,2425-3,1,anon_160,4,5 o más,grande,0,0,518,,1.0,0.9774020034352088,1.5892563,0.0,,,,,,
Computación Emergente,2425-3,1,anon_160,6,5 o más,grande,1,0,34,,1.0,6.335659443549964,2.047571,2.0,,,,,,
Computación Emergente,2425-3,1,anon_160,8,5 o más,grande,0,0,518,,1.0,0.9774020034352088,1.2018633,1.5,,,,,,
Computación Emergente,2425-3,1,anon_161,4,5 o más,grande,0,0,518,,0.0,0.9774020034352088,1.5546432,0.0,,,,,,
Computación Emergente,2425-3,1,anon_161,6,5 o más,grande,0,0,518,,0.0,0.9774020034352088,0.9403876,0.0,,,,,,
Computación Emergente,2425-3,1,anon_161,8,5 o más,grande,0,0,518,,0.0,0.9774020034352088,0.086741924,0.0,,,,,,
Computación Emergente,2425-3,1,anon_162,4,3,grande,0,0,126,,0.0,3.427691941726313,2.1081414,0.0,,,,,,
Computación Emergente,2425-3,1,anon_162,6,3,grande,0,0,126,,0.0,3.427691941726313,1.6439204,0.0,,,,,,
Computación Emergente,2425-3,1,anon_162,8,3,grande,0,0,126,,0.0,3.427691941726313,0.36632526,0.0,,,,,,
Computación Emergente,2425-3,1,anon_163,4,3,grande,0,0,126,,0.0,3.427691941726313,2.077915,0.0,,,,,,
Computación Emergente,2425-3,1,anon_163,6,3,grande,0,0,126,,0.0,3.427691941726313,1.619663,0.0,,,,,,
Computación Emergente,2425-3,1,anon_163,8,3,grande,0,0,126,,0.0,3.427691941726313,0.35113236,0.0,,,,,,
Computación Emergente,2425-3,1,anon_164,4,4,grande,0,1,52,,5.0,6.817700439125454,4.459217,6.0,,,,,,
Computación Emergente,2425-3,1,anon_164,6,4,grande,1,0,40,,5.0,6.108552716851383,5.112791,6.0,,,,,,
Computación Emergente,2425-3,1,anon_164,8,4,grande,0,1,52,,5.0,6.817700439125454,5.003784,6.0,,,,,,
Computación Emergente,2425-3,1,anon_165,4,4,grande,0,1,52,,6.0,6.817700439125454,2.9677787,3.0,,,,,,
Computación Emergente,2425-3,1,anon_165,6,4,grande,1,0,40,,6.0,6.108552716851383,3.6072743,4.0,,,,,,
Computación Emergente,2425-3,1,anon_165,8,4,grande,0,1,52,,6.0,6.817700439125454,3.6208227,4.5,,,,,,
Computación Emergente,2425-3,1,anon_166,4,4,grande,0,0,588,,2.0,1.226636438500204,1.7013465,0.0,,,,,,
Computación Emergente,2425-3,1,anon_166,6,4,grande,0,0,588,,2.0,1.226636438500204,1.1202135,0.0,,,,,,
Computación Emergente,2425-3,1,anon_166,8,4,grande,0,1,52,,2.0,6.817700439125454,1.192708,1.5,,,,,,
Computación Emergente,2425-3,1,anon_167,4,3,grande,0,0,126,,0.0,3.427691941726313,1.9615352,0.0,,,,,,
Computación Emergente,2425-3,1,anon_167,6,3,grande,0,0,126,,0.0,3.427691941726313,1.523428,0.0,,,,,,
Computación Emergente,2425-3,1,anon_167,8,3,grande,0,0,126,,0.0,3.427691941726313,0.29261675,0.0,,,,,,
Computación Emergente,2425-3,1,anon_168,4,3,grande,0,0,126,,5.0,3.427691941726313,3.2930083,3.0,,,,,,
Computación Emergente,2425-3,1,anon_168,6,3,grande,1,0,14,,5.0,9.051690455247535,3.934455,4.0,,,,,,
Computación Emergente,2425-3,1,anon_168,8,3,grande,0,1,24,,5.0,11.992130215021728,3.711357,4.5,,,,,,
Computación Emergente,2425-3,1,anon_169,4,4,grande,0,0,588,,0.0,1.226636438500204,1.604826,0.0,,,,,,
Computación Emergente,2425-3,1,anon_169,6,4,grande,0,0,588,,0.0,1.226636438500204,1.0227456,0.0,,,,,,
Computación Emergente,2425-3,1,anon_169,8,4,grande,0,0,588,,0.0,1.226636438500204,0.068596005,0.0,,,,,,
Computación Emergente,2425-3,1,anon_170,4,3,grande,0,0,126,,0.0,3.427691941726313,1.8795578,0.0,,,,,,
Computación Emergente,2425-3,1,anon_170,6,3,grande,0,0,126,,0.0,3.427691941726313,1.4525753,0.0,,,,,,
Computación Emergente,2425-3,1,anon_170,8,3,grande,0,0,126,,0.0,3.427691941726313,0.25143403,0.0,,,,,,
Computación Emergente,2425-3,1,anon_171,4,4,grande,0,1,52,,3.0,6.817700439125454,2.7545204,3.0,,,,,,
Computación Emergente,2425-3,1,anon_171,6,4,grande,1,0,40,,3.0,6.108552716851383,3.368225,4.0,,,,,,
Computación Emergente,2425-3,1,anon_171,8,4,grande,0,0,588,,3.0,1.226636438500204,2.363102,3.0,,,,,,
Computación Emergente,2425-3,1,anon_172,4,4,grande,0,0,588,,0.0,1.226636438500204,1.5176864,0.0,,,,,,
Computación Emergente,2425-3,1,anon_172,6,4,grande,0,0,588,,0.0,1.226636438500204,0.93746763,0.0,,,,,,
Computación Emergente,2425-3,1,anon_172,8,4,grande,0,0,588,,0.0,1.226636438500204,0.037122726,0.0,,,,,,
Computación Emergente,2425-3,1,anon_173,4,4,grande,0,1,52,,6.0,6.817700439125454,4.098482,6.0,,,,,,
Computación Emergente,2425-3,1,anon_173,6,4,grande,1,0,40,,6.0,6.108552716851383,4.7187557,6.0,,,,,,
Computación Emergente,2425-3,1,anon_173,8,4,grande,0,1,52,,6.0,6.817700439125454,4.736831,6.0,,,,,,
Computación Emergente,2425-3,1,anon_174,4,3,grande,0,1,24,,6.0,11.992130215021728,2.9630547,3.0,,,,,,
Computación Emergente,2425-3,1,anon_174,6,3,grande,1,0,14,,6.0,9.051690455247535,3.6992495,4.0,,,,,,
Computación Emergente,2425-3,1,anon_174,8,3,grande,0,1,24,,6.0,11.992130215021728,3.5531576,4.5,,,,,,
Computación Emergente,2425-3,1,anon_175,4,5 o más,grande,0,0,518,,0.0,0.9774020034352088,1.1704719,0.0,,,,,,
Computación Emergente,2425-3,1,anon_175,6,5 o más,grande,0,0,518,,0.0,0.9774020034352088,0.5414412,0.0,,,,,,
Computación Emergente,2425-3,1,anon_175,8,5 o más,grande,0,0,518,,0.0,0.9774020034352088,-0.046351552,0.0,,,,,,
Computación Emergente,2425-3,1,anon_176,4,4,grande,0,1,52,,6.0,6.817700439125454,3.9928956,6.0,,,,,,
Computación Emergente,2425-3,1,anon_176,6,4,grande,1,0,40,,6.0,6.108552716851383,4.603653,6.0,,,,,,
Computación Emergente,2425-3,1,anon_176,8,4,grande,0,1,52,,6.0,6.817700439125454,4.6623816,6.0,,,,,,
Computación Emergente,2425-3,1,anon_177,4,5 o más,grande,0,0,518,,3.0,0.9774020034352088,1.1309103,0.0,,,,,,
Computación Emergente,2425-3,1,anon_177,6,5 o más,grande,0,0,518,,3.0,0.9774020034352088,0.5068605,0.0,,,,,,
Computación Emergente,2425-3,1,anon_177,8,5 o más,grande,0,0,518,,3.0,0.9774020034352088,-0.05379677,0.0,,,,,,
Computación Emergente,2425-3,1,anon_178,4,3,grande,0,0,126,,3.0,3.427691941726313,1.6876599,0.0,,,,,,
Computación Emergente,2425-3,1,anon_178,6,3,grande,1,0,14,,3.0,9.051690455247535,2.3588746,2.0,,,,,,
Computación Emergente,2425-3,1,anon_178,8,3,grande,0,1,24,,3.0,11.992130215021728,2.3188188,3.0,,,,,,
Computación Emergente,2425-3,1,anon_179,4,4,grande,0,0,588,,0.0,1.226636438500204,1.3520315,0.0,,,,,,
Computación Emergente,2425-3,1,anon_179,6,4,grande,0,0,588,,0.0,1.226636438500204,0.78630084,0.0,,,,,,
Computación Emergente,2425-3,1,anon_179,8,4,grande,0,0,588,,0.0,1.226636438500204,-0.0116022825,0.0,,,,,,
Computación Emergente,2425-3,1,anon_180,4,4,grande,0,0,588,,0.0,1.226636438500204,1.3325758,0.0,,,,,,
Computación Emergente,2425-3,1,anon_180,6,4,grande,0,0,588,,0.0,1.226636438500204,0.76988184,0.0,,,,,,
Computación Emergente,2425-3,1,anon_180,8,4,grande,0,0,588,,0.0,1.226636438500204,-0.01618588,0.0,,,,,,
Computación Emergente,2425-3,1,anon_181,4,4,grande,0,0,588,,3.0,1.226636438500204,1.3141243,0.0,,,,,,
Computación Emergente,2425-3,1,anon_181,6,4,grande,0,0,588,,3.0,1.226636438500204,0.75465775,0.0,,,,,,
Computación Emergente,2425-3,1,anon_181,8,4,grande,0,0,588,,3.0,1.226636438500204,-0.020259976,0.0,,,,,,
Computación Emergente,2425-3,1,anon_182,4,4,grande,0,0,588,,4.0,1.226636438500204,1.296655,0.0,,,,,,
Computación Emergente,2425-3,1,anon_182,6,4,grande,0,0,588,,4.0,1.226636438500204,0.7405879,0.0,,,,,,
Computación Emergente,2425-3,1,anon_182,8,4,grande,0,1,52,,4.0,6.817700439125454,1.0308299,1.5,,,,,,
Computación Emergente,2425-3,1,anon_183,4,4,grande,0,1,52,,7.0,6.817700439125454,3.782005,6.0,,,,,,
Computación Emergente,2425-3,1,anon_183,6,4,grande,1,0,40,,7.0,6.108552716851383,4.3788233,6.0,,,,,,
Computación Emergente,2425-3,1,anon_183,8,4,grande,0,1,52,,7.0,6.817700439125454,4.519934,6.0,,,,,,
Computación Emergente,2425-3,1,anon_184,4,5 o más,grande,0,0,518,,1.0,0.9774020034352088,1.0187734,0.0,,,,,,
Computación Emergente,2425-3,1,anon_184,6,5 o más,grande,1,0,34,,1.0,6.335659443549964,1.4531221,2.0,,,,,,
Computación Emergente,2425-3,1,anon_184,8,5 o más,grande,0,0,518,,1.0,0.9774020034352088,0.9976826,1.5,,,,,,
Computación Emergente,2425-3,1,anon_185,4,5 o más,grande,0,0,518,,0.0,0.9774020034352088,1.0057744,0.0,,,,,,
Computación Emergente,2425-3,1,anon_185,6,5 o más,grande,0,0,518,,0.0,0.9774020034352088,0.41113806,0.0,,,,,,
Computación Emergente,2425-3,1,anon_185,8,5 o más,grande,0,0,518,,0.0,0.9774020034352088,-0.06817025,0.0,,,,,,
Computación Emergente,2526-1,1,anon_220,4,5 o más,pequeño,0,0,0,Tamaño del grupo,1.0,6.487142524994187,3.0676398,3.0,2.0,1.0,827.0,0.8419245039327486,Año que cursa=5 o más; Tamaño del grupo=grande; Participaciones de la semana=0; Participaciones de la semana anterior=0,0.8487275680233798
Computación Emergente,2526-1,1,anon_220,6,5 o más,pequeño,0,0,0,Tamaño del grupo,1.0,6.487142524994187,2.6692834,2.0,2.0,1.0,827.0,0.8419245039327486,Año que cursa=5 o más; Tamaño del grupo=grande; Participaciones de la semana=0; Participaciones de la semana anterior=0,0.8487275680233798
Computación Emergente,2526-1,1,anon_220,8,5 o más,pequeño,0,0,0,Tamaño del grupo,1.0,6.487142524994187,2.2607083,1.5,2.0,1.0,827.0,0.8419245039327486,Año que cursa=5 o más; Tamaño del grupo=grande; Participaciones de la semana=0; Participaciones de la semana anterior=0,0.8487275680233798
Computación Emergente,2526-1,1,anon_221,4,3,pequeño,1,2,0,Tamaño del grupo,13.0,6.487142524994187,10.06653,15.0,2.0,1.0,12.0,15.700534759358288,Año que cursa=3; Tamaño del grupo=grande; Participaciones de la semana=1; Participaciones de la semana anterior=2,15.673714590249192
Computación Emergente,2526-1,1,anon_221,6,3,pequeño,1,1,0,Tamaño del grupo,13.0,6.487142524994187,11.796504,14.0,2.0,1.0,19.0,8.315348939659076,Año que cursa=3; Tamaño del grupo=grande; Participaciones de la semana=1; Participaciones de la semana anterior=1,8.31119171001761
Computación Emergente,2526-1,1,anon_221,8,3,pequeño,1,2,0,Tamaño del grupo,13.0,6.487142524994187,16.460716,15.0,2.0,1.0,12.0,15.700534759358288,Año que cursa=3; Tamaño del grupo=grande; Participaciones de la semana=1; Participaciones de la semana anterior=2,15.673714590249192
Computación Emergente,2526-1,1,anon_222,4,5 o más,pequeño,0,1,0,Tamaño del grupo,1.0,6.487142524994187,2.6840305,3.0,2.0,1.0,58.0,5.255485893416928,Año que cursa=5 o más; Tamaño del grupo=grande; Participaciones de la semana=0; Participaciones de la semana anterior=1,5.257380900299595
Computación Emergente,2526-1,1,anon_222,6,5 o más,pequeño,0,0,0,Tamaño del grupo,1.0,6.487142524994187,2.4497952,2.0,2.0,1.0,827.0,0.8419245039327486,Año que cursa=5 o más; Tamaño del grupo=grande; Participaciones de la semana=0; Participaciones de la semana anterior=0,0.8487275680233798
Computación Emergente,2526-1,1,anon_222,8,5 o más,pequeño,0,0,0,Tamaño del grupo,1.0,6.487142524994187,2.0405195,1.5,2.0,1.0,827.0,0.8419245039327486,Año que cursa=5 o más; Tamaño del grupo=grande; Participaciones de la semana=0; Participaciones de la semana anterior=0,0.8487275680233798
Computación Emergente,2526-1,1,anon_223,4,5 o más,pequeño,0,0,0,Tamaño del grupo,3.0,6.487142524994187,2.7102098,3.0,2.0,1.0,827.0,0.8419245039327486,Año que cursa=5 o más; Tamaño del grupo=grande; Participaciones de la semana=0; Participaciones de la semana anterior=0,0.8487275680233798
Computación Emergente,2526-1,1,anon_223,6,5 o más,pequeño,0,2,0,Tamaño del grupo,3.0,6.487142524994187,4.744711,6.0,2.0,1.0,18.0,16.61822831899558,Año que cursa=5 o más; Tamaño del grupo=grande; Participaciones de la semana=0; Participaciones de la semana anterior=2,16.594575817300445
Computación Emergente,2526-1,1,anon_223,8,5 o más,pequeño,0,0,0,Tamaño del grupo,3.0,6.487142524994187,4.5324903,4.5,2.0,1.0,827.0,0.8419245039327486,Año que cursa=5 o más; Tamaño del grupo=grande; Participaciones de la semana=0; Participaciones de la semana anterior=0,0.8487275680233798
Computación Emergente,2526-1,1,anon_224,4,3,pequeño,0,3 o más,0,Tamaño del grupo,8.0,6.487142524994187,10.111728,15.0,2.0,1.0,2.0,3.8260869565217392,Año que cursa=3; Tamaño del grupo=grande; Participaciones de la semana=0; Participaciones de la semana anterior=3 o más,3.856628037674356
Computación Emergente,2526-1,1,anon_224,6,3,pequeño,1,0,0,Tamaño del grupo,8.0,6.487142524994187,10.610205,12.0,2.0,1.0,25.0,7.696442687747036,Año que cursa=3; Tamaño del grupo=grande; Participaciones de la semana=1; Participaciones de la semana anterior=0,7.694010061952664
Computación Emergente,2526-1,1,anon_224,8,3,pequeño,0,1,0,Tamaño del grupo,8.0,6.487142524994187,12.61471,10.5,2.0,1.0,36.0,10.259707044873284,Año que cursa=3; Tamaño del grupo=grande; Participaciones de la semana=0; Participaciones de la semana anterior=1,10.253076281497215
Computación Emergente,2526-1,1,anon_225,4,4,pequeño,0,0,0,Tamaño del grupo,1.0,6.487142524994187,3.6863556,3.0,2.0,1.0,836.0,1.2162768978839906,Año que cursa=4; Tamaño del grupo=grande; Participaciones de la semana=0; Participaciones de la semana anterior=0,1.2226274014187535
Computación Emergente,2526-1,1,anon_225,6,4,pequeño,0,0,0,Tamaño del grupo,1.0,6.487142524994187,3.1607232,2.0,2.0,1.0,836.0,1.2162768978839906,Año que cursa=4; Tamaño del grupo=grande; Participaciones de la semana=0; Participaciones de la semana anterior=0,1.2226274014187535
Computación Emergente,2526-1,1,anon_225,8,4,pequeño,0,0,0,Tamaño del grupo,1.0,6.487142524994187,2.487829,1.5,2.0,1.0,836.0,1.2162768978839906,Año que cursa=4; Tamaño del grupo=grande; Participaciones de la semana=0; Participaciones de la semana anterior=0,1.2226274014187535
Computación Emergente,2526-1,1,anon_226,4,5 o más,pequeño,1,1,0,Tamaño del grupo,5.0,6.487142524994187,3.5160768,6.0,2.0,1.0,25.0,9.22014415252267,Año que cursa=5 o más; Tamaño del grupo=grande; Participaciones de la semana=1; Participaciones de la semana anterior=1,9.21464645190213
Computación Emergente,2526-1,1,anon_226,6,5 o más,pequeño,1,0,0,Tamaño del grupo,5.0,6.487142524994187,4.4717584,6.0,2.0,1.0,52.0,5.005615867508451,Año que cursa=5 o más; Tamaño del grupo=grande; Participaciones de la semana=1; Participaciones de la semana anterior=0,5.007956604123033
Computación Emergente,2526-1,1,anon_226,8,5 o más,pequeño,0,1,0,Tamaño del grupo,5.0,6.487142524994187,5.3398323,6.0,2.0,1.0,58.0,5.255485893416928,Año que cursa=5 o más; Tamaño del grupo=grande; Participaciones de la semana=0; Participaciones de la semana anterior=1,5.257380900299595
Computación Emergente,2526-1,1,anon_227,4,5 o más,pequeño,1,2,0,Tamaño del grupo,4.0,6.487142524994187,4.7226143,9.0,2.0,1.0,4.0,19.727272727272727,Año que cursa=5 o más; Tamaño del grupo=grande; Participaciones de la semana=1; Participaciones de la semana anterior=2,19.643129389841587
Computación Emergente,2526-1,1,anon_227,6,5 o más,pequeño,0,0,0,Tamaño del grupo,4.0,6.487142524994187,4.5856776,6.0,2.0,1.0,827.0,0.8419245039327486,Año que cursa=5 o más; Tamaño del grupo=grande; Participaciones de la semana=0; Participaciones de la semana anterior=0,0.8487275680233798
Computación Emergente,2526-1,1,anon_227,8,5 o más,pequeño,0,1,0,Tamaño del grupo,4.0,6.487142524994187,5.296809,6.0,2.0,1.0,58.0,5.255485893416928,Año que cursa=5 o más; Tamaño del grupo=grande; Participaciones de la semana=0; Participaciones de la semana anterior=1,5.257380900299595
Computación Emergente,2526-1,1,anon_228,4,3,pequeño,1,2,0,Tamaño del grupo,15.0,6.487142524994187,11.28389,18.0,2.0,1.0,12.0,15.700534759358288,Año que cursa=3; Tamaño del grupo=grande; Participaciones de la semana=1; Participaciones de la semana anterior=2,15.673714590249192
Computación Emergente,2526-1,1,anon_228,6,3,pequeño,1,2,0,Tamaño del grupo,15.0,6.487142524994187,14.137117,18.0,2.0,1.0,12.0,15.700534759358288,Año que cursa=3; Tamaño del grupo=grande; Participaciones de la semana=1; Participaciones de la semana anterior=2,15.673714590249192
Computación Emergente,2526-1,1,anon_228,8,3,pequeño,1,2,0,Tamaño del grupo,15.0,6.487142524994187,18.347599,18.0,2.0,1.0,12.0,15.700534759358288,Año que cursa=3; Tamaño del grupo=grande; Participaciones de la semana=1; Participaciones de la semana anterior=2,15.673714590249192
Computación Emergente,2526-1,1,anon_229,4,5 o más,pequeño,0,0,0,Tamaño del grupo,1.0,6.487142524994187,0.97715735,0.0,2.0,1.0,827.0,0.8419245039327486,Año que cursa=5 o más; Tamaño del grupo=grande; Participaciones de la semana=0; Participaciones de la semana anterior=0,0.8487275680233798
Computación Emergente,2526-1,1,anon_229,6,5 o más,pequeño,1,0,0,Tamaño del grupo,1.0,6.487142524994187,1.900516,2.0,2.0,1.0,52.0,5.005615867508451,Año que cursa=5 o más; Tamaño del grupo=grande; Participaciones de la semana=1; Participaciones de la semana anterior=0,5.007956604123033
Computación Emergente,2526-1,1,anon_229,8,5 o más,pequeño,0,0,0,Tamaño del grupo,1.0,6.487142524994187,1.3793539,1.5,2.0,1.0,827.0,0.8419245039327486,Año que cursa=5 o más; Tamaño del grupo=grande; Participaciones de la semana=0; Participaciones de la semana anterior=0,0.8487275680233798
Computación Emergente,2526-1,1,anon_230,4,5 o más,pequeño,0,0,0,Tamaño del grupo,1.0,6.487142524994187,2.307825,3.0,2.0,1.0,827.0,0.8419245039327486,Año que cursa=5 o más; Tamaño del grupo=grande; Participaciones de la semana=0; Participaciones de la semana anterior=0,0.8487275680233798
Computación Emergente,2526-1,1,anon_230,6,5 o más,pequeño,0,0,0,Tamaño del grupo,1.0,6.487142524994187,2.0524526,2.0,2.0,1.0,827.0,0.8419245039327486,Año que cursa=5 o más; Tamaño del grupo=grande; Participaciones de la semana=0; Participaciones de la semana anterior=0,0.8487275680233798
Computación Emergente,2526-1,1,anon_230,8,5 o más,pequeño,0,0,0,Tamaño del grupo,1.0,6.487142524994187,1.315999,1.5,2.0,1.0,827.0,0.8419245039327486,Año que cursa=5 o más; Tamaño del grupo=grande; Participaciones de la semana=0; Participaciones de la semana anterior=0,0.8487275680233798
Computación Emergente,2526-1,1,anon_231,4,3,pequeño,1,1,0,Tamaño del grupo,4.0,6.487142524994187,6.85108,9.0,2.0,1.0,19.0,8.315348939659076,Año que cursa=3; Tamaño del grupo=grande; Participaciones de la semana=1; Participaciones de la semana anterior=1,8.31119171001761
Computación Emergente,2526-1,1,anon_231,6,3,pequeño,0,0,0,Tamaño del grupo,4.0,6.487142524994187,6.5266967,6.0,2.0,1.0,182.0,2.674445758844736,Año que cursa=3; Tamaño del grupo=grande; Participaciones de la semana=0; Participaciones de la semana anterior=0,2.6793803862991146
Computación Emergente,2526-1,1,anon_231,8,3,pequeño,0,1,0,Tamaño del grupo,4.0,6.487142524994187,7.647892,6.0,2.0,1.0,36.0,10.259707044873284,Año que cursa=3; Tamaño del grupo=grande; Participaciones de la semana=0; Participaciones de la semana anterior=1,10.253076281497215
Computación Emergente,2526-1,1,anon_232,4,3,pequeño,1,1,0,Tamaño del grupo,8.0,6.487142524994187,8.401122,12.0,2.0,1.0,19.0,8.315348939659076,Año que cursa=3; Tamaño del grupo=grande; Participaciones de la semana=1; Participaciones de la semana anterior=1,8.31119171001761
Computación Emergente,2526-1,1,anon_232,6,3,pequeño,1,2,0,Tamaño del grupo,8.0,6.487142524994187,11.535254,14.0,2.0,1.0,12.0,15.700534759358288,Año que cursa=3; Tamaño del grupo=grande; Participaciones de la semana=1; Participaciones de la semana anterior=2,15.673714590249192
Computación Emergente,2526-1,1,anon_232,8,3,pequeño,1,0,0,Tamaño del grupo,8.0,6.487142524994187,13.24793,12.0,2.0,1.0,25.0,7.696442687747036,Año que cursa=3; Tamaño del grupo=grande; Participaciones de la semana=1; Participaciones de la semana anterior=0,7.694010061952664
Computación Emergente,2526-1,1,anon_233,4,4,pequeño,0,0,0,Tamaño del grupo,0.0,6.487142524994187,1.4734973,0.0,2.0,1.0,836.0,1.2162768978839906,Año que cursa=4; Tamaño del grupo=grande; Participaciones de la semana=0; Participaciones de la semana anterior=0,1.2226274014187535
Computación Emergente,2526-1,1,anon_233,6,4,pequeño,0,0,0,Tamaño del grupo,0.0,6.487142524994187,1.1991571,0.0,2.0,1.0,836.0,1.2162768978839906,Año que cursa=4; Tamaño del grupo=grande; Participaciones de la semana=0; Participaciones de la semana anterior=0,1.2226274014187535
Computación Emergente,2526-1,1,anon_233,8,4,pequeño,0,0,0,Tamaño del grupo,0.0,6.487142524994187,0.34385774,0.0,2.0,1.0,836.0,1.2162768978839906,Año que cursa=4; Tamaño del grupo=grande; Participaciones de la semana=0; Participaciones de la semana anterior=0,1.2226274014187535
Computación Emergente,2526-1,1,anon_234,4,5 o más,pequeño,0,3 o más,0,Tamaño del grupo,5.0,6.487142524994187,7.192537,15.0,2.0,1.0,4.0,11.776679841897232,Año que cursa=5 o más; Tamaño del grupo=grande; Participaciones de la semana=0; Participaciones de la semana anterior=3 o más,11.743063909386676
Computación Emergente,2526-1,1,anon_234,6,5 o más,pequeño,0,0,0,Tamaño del grupo,5.0,6.487142524994187,6.856235,10.0,2.0,1.0,827.0,0.8419245039327486,Año que cursa=5 o más; Tamaño del grupo=grande; Participaciones de la semana=0; Participaciones de la semana anterior=0,0.8487275680233798
Computación Emergente,2526-1,1,anon_234,8,5 o más,pequeño,0,0,0,Tamaño del grupo,5.0,6.487142524994187,5.9964676,7.5,2.0,1.0,827.0,0.8419245039327486,Año que cursa=5 o más; Tamaño del grupo=grande; Participaciones de la semana=0; Participaciones de la semana anterior=0,0.8487275680233798
Computación Emergente,2526-1,1,anon_174,4,3,pequeño,0,0,0,Tamaño del grupo,0.0,6.487142524994187,2.4513154,0.0,2.0,1.0,182.0,2.674445758844736,Año que cursa=3; Tamaño del grupo=grande; Participaciones de la semana=0; Participaciones de la semana anterior=0,2.6793803862991146
Computación Emergente,2526-1,1,anon_174,6,3,pequeño,0,0,0,Tamaño del grupo,0.0,6.487142524994187,2.158115,0.0,2.0,1.0,182.0,2.674445758844736,Año que cursa=3; Tamaño del grupo=grande; Participaciones de la semana=0; Participaciones de la semana anterior=0,2.6793803862991146
Computación Emergente,2526-1,1,anon_174,8,3,pequeño,0,0,0,Tamaño del grupo,0.0,6.487142524994187,0.6502257,0.0,2.0,1.0,182.0,2.674445758844736,Año que cursa=3; Tamaño del grupo=grande; Participaciones de la semana=0; Participaciones de la semana anterior=0,2.6793803862991146
Computación Emergente,2526-1,1,anon_205,4,4,pequeño,0,0,0,Tamaño del grupo,0.0,6.487142524994187,1.2606758,0.0,2.0,1.0,836.0,1.2162768978839906,Año que cursa=4; Tamaño del grupo=grande; Participaciones de la semana=0; Participaciones de la semana anterior=0,1.2226274014187535
Computación Emergente,2526-1,1,anon_205,6,4,pequeño,0,0,0,Tamaño del grupo,0.0,6.487142524994187,1.0172884,0.0,2.0,1.0,836.0,1.2162768978839906,Año que cursa=4; Tamaño del grupo=grande; Participaciones de la semana=0; Participaciones de la semana anterior=0,1.2226274014187535
Computación Emergente,2526-1,1,anon_205,8,4,pequeño,0,0,0,Tamaño del grupo,0.0,6.487142524994187,0.19588035,0.0,2.0,1.0,836.0,1.2162768978839906,Año que cursa=4; Tamaño del grupo=grande; Participaciones de la semana=0; Participaciones de la semana anterior=0,1.2226274014187535
Computación Emergente,2526-1,1,anon_235,4,3,pequeño,1,2,0,Tamaño del grupo,13.0,6.487142524994187,6.291054,9.0,2.0,1.0,12.0,15.700534759358288,Año que cursa=3; Tamaño del grupo=grande; Participaciones de la semana=1; Participaciones de la semana anterior=2,15.673714590249192
Computación Emergente,2526-1,1,anon_235,6,3,pequeño,1,1,0,Tamaño del grupo,13.0,6.487142524994187,8.623282,10.0,2.0,1.0,19.0,8.315348939659076,Año que cursa=3; Tamaño del grupo=grande; Participaciones de la semana=1; Participaciones de la semana anterior=1,8.31119171001761
Computación Emergente,2526-1,1,anon_235,8,3,pequeño,3 o más,2,0,Tamaño del grupo,13.0,6.487142524994187,15.04234,15.0,3.0,4.0,28.0,16.27578304048892,Año que cursa=3; Tamaño del grupo=grande; Participaciones de la semana=2; Participaciones de la semana anterior=2 | Año que cursa=3; Tamaño del grupo=grande; Participaciones de la semana=3 o más; Participaciones de la semana anterior=1 | Año que cursa=3; Tamaño del grupo=grande; Participaciones de la semana=3 o más; Participaciones de la semana anterior=3 o más | Año que cursa=4; Tamaño del grupo=grande; Participaciones de la semana=3 o más; Participaciones de la semana anterior=2,6.487142524994187
Computación Emergente,2526-1,1,anon_236,4,4,pequeño,0,0,0,Tamaño del grupo,2.0,6.487142524994187,1.1291465,0.0,2.0,1.0,836.0,1.2162768978839906,Año que cursa=4; Tamaño del grupo=grande; Participaciones de la semana=0; Participaciones de la semana anterior=0,1.2226274014187535
Computación Emergente,2526-1,1,anon_236,6,4,pequeño,0,0,0,Tamaño del grupo,2.0,6.487142524994187,0.9065219,0.0,2.0,1.0,836.0,1.2162768978839906,Año que cursa=4; Tamaño del grupo=grande; Participaciones de la semana=0; Participaciones de la semana anterior=0,1.2226274014187535
Computación Emergente,2526-1,1,anon_236,8,4,pequeño,0,1,0,Tamaño del grupo,2.0,6.487142524994187,1.2394724,1.5,2.0,1.0,100.0,5.710099976749593,Año que cursa=4; Tamaño del grupo=grande; Participaciones de la semana=0; Participaciones de la semana anterior=1,5.711178500285118
Computación Emergente,2526-1,1,anon_237,4,3,pequeño,1,3 o más,0,Tamaño del grupo,13.0,6.487142524994187,9.031457,15.0,2.0,1.0,2.0,7.647058823529412,Año que cursa=3; Tamaño del grupo=grande; Participaciones de la semana=1; Participaciones de la semana anterior=3 o más,7.633746400360383
Computación Emergente,2526-1,1,anon_237,6,3,pequeño,0,2,0,Tamaño del grupo,13.0,6.487142524994187,11.300865,14.0,2.0,1.0,16.0,10.189490816089283,Año que cursa=3; Tamaño del grupo=grande; Participaciones de la semana=0; Participaciones de la semana anterior=2,10.180313447228425
Computación Emergente,2526-1,1,anon_237,8,3,pequeño,1,2,0,Tamaño del grupo,13.0,6.487142524994187,15.022439,15.0,2.0,1.0,12.0,15.700534759358288,Año que cursa=3; Tamaño del grupo=grande; Participaciones de la semana=1; Participaciones de la semana anterior=2,15.673714590249192
Computación Emergente,2526-1,1,anon_238,4,5 o más,pequeño,0,0,0,Tamaño del grupo,0.0,6.487142524994187,0.41940117,0.0,2.0,1.0,827.0,0.8419245039327486,Año que cursa=5 o más; Tamaño del grupo=grande; Participaciones de la semana=0; Participaciones de la semana anterior=0,0.8487275680233798
Computación Emergente,2526-1,1,anon_238,6,5 o más,pequeño,0,0,0,Tamaño del grupo,0.0,6.487142524994187,0.35908186,0.0,2.0,1.0,827.0,0.8419245039327486,Año que cursa=5 o más; Tamaño del grupo=grande; Participaciones de la semana=0; Participaciones de la semana anterior=0,0.8487275680233798
Computación Emergente,2526-1,1,anon_238,8,5 o más,pequeño,0,0,0,Tamaño del grupo,0.0,6.487142524994187,-0.051071882,0.0,2.0,1.0,827.0,0.8419245039327486,Año que cursa=5 o más; Tamaño del grupo=grande; Participaciones de la semana=0; Participaciones de la semana anterior=0,0.8487275680233798
Computación Emergente,2526-1,1,anon_239,4,4,pequeño,0,1,0,Tamaño del grupo,1.0,6.487142524994187,2.186892,3.0,2.0,1.0,100.0,5.710099976749593,Año que cursa=4; Tamaño del grupo=grande; Participaciones de la semana=0; Participaciones de la semana anterior=1,5.711178500285118
Computación Emergente,2526-1,1,anon_239,6,4,pequeño,0,0,0,Tamaño del grupo,1.0,6.487142524994187,2.0067697,2.0,2.0,1.0,836.0,1.2162768978839906,Año que cursa=4; Tamaño del grupo=grande; Participaciones de la semana=0; Participaciones de la semana anterior=0,1.2226274014187535
Computación Emergente,2526-1,1,anon_239,8,4,pequeño,0,0,0,Tamaño del grupo,1.0,6.487142524994187,1.1801934,1.5,2.0,1.0,836.0,1.2162768978839906,Año que cursa=4; Tamaño del grupo=grande; Participaciones de la semana=0; Participaciones de la semana anterior=0,1.2226274014187535
Computación Emergente,2526-1,1,anon_240,4,5 o más,pequeño,0,0,0,Tamaño del grupo,0.0,6.487142524994187,0.3441527,0.0,2.0,1.0,827.0,0.8419245039327486,Año que cursa=5 o más; Tamaño del grupo=grande; Participaciones de la semana=0; Participaciones de la semana anterior=0,0.8487275680233798
Computación Emergente,2526-1,1,anon_240,6,5 o más,pequeño,0,0,0,Tamaño del grupo,0.0,6.487142524994187,0.29224312,0.0,2.0,1.0,827.0,0.8419245039327486,Año que cursa=5 o más; Tamaño del grupo=grande; Participaciones de la semana=0; Participaciones de la semana anterior=0,0.8487275680233798
Computación Emergente,2526-1,1,anon_240,8,5 o más,pequeño,0,0,0,Tamaño del grupo,0.0,6.487142524994187,-0.07265842,0.0,2.0,1.0,827.0,0.8419245039327486,Año que cursa=5 o más; Tamaño del grupo=grande; Participaciones de la semana=0; Participaciones de la semana anterior=0,0.8487275680233798
Computación Emergente,2526-1,1,anon_241,4,4,pequeño,0,0,0,Tamaño del grupo,0.0,6.487142524994187,0.8414629,0.0,2.0,1.0,836.0,1.2162768978839906,Año que cursa=4; Tamaño del grupo=grande; Participaciones de la semana=0; Participaciones de la semana anterior=0,1.2226274014187535
Computación Emergente,2526-1,1,anon_241,6,4,pequeño,0,0,0,Tamaño del grupo,0.0,6.487142524994187,0.6695847,0.0,2.0,1.0,836.0,1.2162768978839906,Año que cursa=4; Tamaño del grupo=grande; Participaciones de la semana=0; Participaciones de la semana anterior=0,1.2226274014187535
Computación Emergente,2526-1,1,anon_241,8,4,pequeño,0,0,0,Tamaño del grupo,0.0,6.487142524994187,0.00952518,0.0,2.0,1.0,836.0,1.2162768978839906,Año que cursa=4; Tamaño del grupo=grande; Participaciones de la semana=0; Participaciones de la semana anterior=0,1.2226274014187535
Computación Emergente,2526-1,1,anon_242,4,4,pequeño,0,1,0,Tamaño del grupo,1.0,6.487142524994187,2.0074785,3.0,2.0,1.0,100.0,5.710099976749593,Año que cursa=4; Tamaño del grupo=grande; Participaciones de la semana=0; Participaciones de la semana anterior=1,5.711178500285118
Computación Emergente,2526-1,1,anon_242,6,4,pequeño,0,0,0,Tamaño del grupo,1.0,6.487142524994187,1.8637218,2.0,2.0,1.0,836.0,1.2162768978839906,Año que cursa=4; Tamaño del grupo=grande; Participaciones de la semana=0; Participaciones de la semana anterior=0,1.2226274014187535
Computación Emergente,2526-1,1,anon_242,8,4,pequeño,0,0,0,Tamaño del grupo,1.0,6.487142524994187,1.1065787,1.5,2.0,1.0,836.0,1.2162768978839906,Año que cursa=4; Tamaño del grupo=grande; Participaciones de la semana=0; Participaciones de la semana anterior=0,1.2226274014187535
Computación Emergente,2526-1,1,anon_212,4,5 o más,pequeño,0,1,0,Tamaño del grupo,1.0,6.487142524994187,1.3428841,3.0,2.0,1.0,58.0,5.255485893416928,Año que cursa=5 o más; Tamaño del grupo=grande; Participaciones de la semana=0; Participaciones de la semana anterior=1,5.257380900299595
Computación Emergente,2526-1,1,anon_212,6,5 o más,pequeño,0,0,0,Tamaño del grupo,1.0,6.487142524994187,1.326595,2.0,2.0,1.0,827.0,0.8419245039327486,Año que cursa=5 o más; Tamaño del grupo=grande; Participaciones de la semana=0; Participaciones de la semana anterior=0,0.8487275680233798
Computación Emergente,2526-1,1,anon_212,8,5 o más,pequeño,0,0,0,Tamaño del grupo,1.0,6.487142524994187,0.9520489,1.5,2.0,1.0,827.0,0.8419245039327486,Año que cursa=5 o más; Tamaño del grupo=grande; Participaciones de la semana=0; Participaciones de la semana anterior=0,0.8487275680233798
Computación Emergente,2526-1,1,anon_243,4,4,pequeño,0,0,0,Tamaño del grupo,0.0,6.487142524994187,0.6987663,0.0,2.0,1.0,836.0,1.2162768978839906,Año que cursa=4; Tamaño del grupo=grande; Participaciones de la semana=0; Participaciones de la semana anterior=0,1.2226274014187535
Computación Emergente,2526-1,1,anon_243,6,4,pequeño,0,0,0,Tamaño del grupo,0.0,6.487142524994187,0.5562069,0.0,2.0,1.0,836.0,1.2162768978839906,Año que cursa=4; Tamaño del grupo=grande; Participaciones de la semana=0; Participaciones de la semana anterior=0,1.2226274014187535
Computación Emergente,2526-1,1,anon_243,8,4,pequeño,0,0,0,Tamaño del grupo,0.0,6.487142524994187,-0.025601089,0.0,2.0,1.0,836.0,1.2162768978839906,Año que cursa=4; Tamaño del grupo=grande; Participaciones de la semana=0; Participaciones de la semana anterior=0,1.2226274014187535
Computación Emergente,2526-1,1,anon_244,4,5 o más,pequeño,0,0,0,Tamaño del grupo,0.0,6.487142524994187,0.18669403,0.0,2.0,1.0,827.0,0.8419245039327486,Año que cursa=5 o más; Tamaño del grupo=grande; Participaciones de la semana=0; Participaciones de la semana anterior=0,0.8487275680233798
Computación Emergente,2526-1,1,anon_244,6,5 o más,pequeño,0,0,0,Tamaño del grupo,0.0,6.487142524994187,0.15276766,0.0,2.0,1.0,827.0,0.8419245039327486,Año que cursa=5 o más; Tamaño del grupo=grande; Participaciones de la semana=0; Participaciones de la semana anterior=0,0.8487275680233798
Computación Emergente,2526-1,1,anon_244,8,5 o más,pequeño,0,0,0,Tamaño del grupo,0.0,6.487142524994187,-0.10498136,0.0,2.0,1.0,827.0,0.8419245039327486,Año que cursa=5 o más; Tamaño del grupo=grande; Participaciones de la semana=0; Participaciones de la semana anterior=0,0.8487275680233798
Computación Emergente,2526-2,1,anon_245,4,4,grande,0,0,520,,1.0,1.5778637249867373,3.4873164,3.0,,,,,,
Computación Emergente,2526-2,1,anon_245,6,4,grande,0,0,520,,1.0,1.5778637249867373,2.5908427,2.0,,,,,,
Computación Emergente,2526-2,1,anon_245,8,4,grande,0,0,520,,1.0,1.5778637249867373,0.80588394,1.5,,,,,,
Computación Emergente,2526-2,1,anon_246,4,5 o más,grande,0,0,437,,0.0,1.0454767378701928,0.81322515,0.0,,,,,,
Computación Emergente,2526-2,1,anon_246,6,5 o más,grande,0,0,437,,0.0,1.0454767378701928,0.24849248,0.0,,,,,,
Computación Emergente,2526-2,1,anon_246,8,5 o más,grande,0,0,437,,0.0,1.0454767378701928,-0.22017175,0.0,,,,,,
Computación Emergente,2526-2,1,anon_222,4,5 o más,grande,0,0,437,,0.0,1.0454767378701928,0.7846459,0.0,,,,,,
Computación Emergente,2526-2,1,anon_222,6,5 o más,grande,0,0,437,,0.0,1.0454767378701928,0.23554754,0.0,,,,,,
Computación Emergente,2526-2,1,anon_222,8,5 o más,grande,0,0,437,,0.0,1.0454767378701928,-0.21655506,0.0,,,,,,
Computación Emergente,2526-2,1,anon_247,4,5 o más,grande,2,1,2,,6.0,18.373590284286163,4.4115105,9.0,,,,,,
Computación Emergente,2526-2,1,anon_247,6,5 o más,grande,1,0,34,,6.0,4.519769572640056,5.3317432,8.0,,,,,,
Computación Emergente,2526-2,1,anon_247,8,5 o más,grande,1,0,34,,6.0,4.519769572640056,5.0171757,7.5,,,,,,
Computación Emergente,2526-2,1,anon_248,4,5 o más,grande,0,0,437,,0.0,1.0454767378701928,0.7319752,0.0,,,,,,
Computación Emergente,2526-2,1,anon_248,6,5 o más,grande,0,0,437,,0.0,1.0454767378701928,0.21402216,0.0,,,,,,
Computación Emergente,2526-2,1,anon_248,8,5 o más,grande,0,0,437,,0.0,1.0454767378701928,-0.20723814,0.0,,,,,,
Computación Emergente,2526-2,1,anon_249,4,5 o más,grande,0,0,437,,0.0,1.0454767378701928,0.70784545,0.0,,,,,,
Computación Emergente,2526-2,1,anon_249,6,5 o más,grande,0,0,437,,0.0,1.0454767378701928,0.20536733,0.0,,,,,,
Computación Emergente,2526-2,1,anon_249,8,5 o más,grande,0,0,437,,0.0,1.0454767378701928,-0.2015261,0.0,,,,,,
Computación Emergente,2526-2,1,anon_250,4,4,grande,2,2,4,,10.0,12.99605314806092,9.059029,15.0,,,,,,
Computación Emergente,2526-2,1,anon_250,6,4,grande,1,0,56,,10.0,5.4543635969212385,10.038582,12.0,,,,,,
Computación Emergente,2526-2,1,anon_250,8,4,grande,1,0,56,,10.0,5.4543635969212385,7.551643,10.5,,,,,,
Computación Emergente,2526-2,1,anon_251,4,4,grande,0,1,72,,2.0,6.378300177067173,4.6968966,6.0,,,,,,
Computación Emergente,2526-2,1,anon_251,6,4,grande,0,0,520,,2.0,1.5778637249867373,3.964291,4.0,,,,,,
Computación Emergente,2526-2,1,anon_251,8,4,grande,0,0,520,,2.0,1.5778637249867373,1.9088385,3.0,,,,,,
Computación Emergente,2526-2,1,anon_252,4,4,grande,2,2,4,,9.0,12.99605314806092,10.823579,18.0,,,,,,
Computación Emergente,2526-2,1,anon_252,6,4,grande,1,0,56,,9.0,5.4543635969212385,11.743082,14.0,,,,,,
Computación Emergente,2526-2,1,anon_252,8,4,grande,1,0,56,,9.0,5.4543635969212385,9.018574,12.0,,,,,,
Computación Emergente,2526-2,1,anon_253,4,5 o más,grande,0,0,437,,0.0,1.0454767378701928,0.6253823,0.0,,,,,,
Computación Emergente,2526-2,1,anon_253,6,5 o más,grande,0,0,437,,0.0,1.0454767378701928,0.18372023,0.0,,,,,,
Computación Emergente,2526-2,1,anon_253,8,5 o más,grande,0,0,437,,0.0,1.0454767378701928,-0.17169052,0.0,,,,,,
Computación Emergente,2526-2,1,anon_254,4,4,grande,0,0,520,,0.0,1.5778637249867373,1.3878251,0.0,,,,,,
Computación Emergente,2526-2,1,anon_254,6,4,grande,0,0,520,,0.0,1.5778637249867373,0.8163637,0.0,,,,,,
Computación Emergente,2526-2,1,anon_254,8,4,grande,0,0,520,,0.0,1.5778637249867373,-0.16822332,0.0,,,,,,
Computación Emergente,2526-2,1,anon_255,4,4,grande,0,0,520,,0.0,1.5778637249867373,1.3600082,0.0,,,,,,
Computación Emergente,2526-2,1,anon_255,6,4,grande,0,0,520,,0.0,1.5778637249867373,0.80478364,0.0,,,,,,
Computación Emergente,2526-2,1,anon_255,8,4,grande,0,0,520,,0.0,1.5778637249867373,-0.15792757,0.0,,,,,,
Computación Emergente,2526-2,1,anon_256,4,5 o más,grande,0,0,437,,0.0,1.0454767378701928,0.57727885,0.0,,,,,,
Computación Emergente,2526-2,1,anon_256,6,5 o más,grande,0,0,437,,0.0,1.0454767378701928,0.17953968,0.0,,,,,,
Computación Emergente,2526-2,1,anon_256,8,5 o más,grande,0,0,437,,0.0,1.0454767378701928,-0.14226657,0.0,,,,,,
Computación Emergente,2526-2,1,anon_257,4,4,grande,0,1,72,,4.0,6.378300177067173,4.3851614,6.0,,,,,,
Computación Emergente,2526-2,1,anon_257,6,4,grande,0,1,72,,4.0,6.378300177067173,4.9685893,6.0,,,,,,
Computación Emergente,2526-2,1,anon_257,8,4,grande,0,0,520,,4.0,1.5778637249867373,3.0223083,4.5,,,,,,
Computación Emergente,2526-2,1,anon_258,4,4,grande,0,0,520,,1.0,1.5778637249867373,1.2832608,0.0,,,,,,
Computación Emergente,2526-2,1,anon_258,6,4,grande,1,0,56,,1.0,5.4543635969212385,1.8475103,2.0,,,,,,
Computación Emergente,2526-2,1,anon_258,8,4,grande,0,0,520,,1.0,1.5778637249867373,0.9084455,1.5,,,,,,
Computación Emergente,2526-2,1,anon_260,4,5 o más,grande,2,0,2,,5.0,18.373590284286163,5.903454,12.0,,,,,,
Computación Emergente,2526-2,1,anon_260,6,5 o más,grande,0,0,437,,5.0,1.0454767378701928,5.673451,8.0,,,,,,
Computación Emergente,2526-2,1,anon_260,8,5 o más,grande,0,0,437,,5.0,1.0454767378701928,4.140023,6.0,,,,,,
Computación Emergente,2526-2,1,anon_261,4,5 o más,grande,0,0,437,,0.0,1.0454767378701928,0.519876,0.0,,,,,,
Computación Emergente,2526-2,1,anon_261,6,5 o más,grande,0,0,437,,0.0,1.0454767378701928,0.19066441,0.0,,,,,,
Computación Emergente,2526-2,1,anon_261,8,5 o más,grande,0,0,437,,0.0,1.0454767378701928,-0.08069801,0.0,,,,,,
Computación Emergente,2526-2,1,anon_262,4,5 o más,grande,0,0,437,,1.0,1.0454767378701928,1.8564953,3.0,,,,,,
Computación Emergente,2526-2,1,anon_262,6,5 o más,grande,0,0,437,,1.0,1.0454767378701928,1.4889338,2.0,,,,,,
Computación Emergente,2526-2,1,anon_262,8,5 o más,grande,0,0,437,,1.0,1.0454767378701928,0.9716825,1.5,,,,,,
Computación Emergente,2526-2,1,anon_263,4,5 o más,grande,0,0,437,,0.0,1.0454767378701928,0.5038625,0.0,,,,,,
Computación Emergente,2526-2,1,anon_263,6,5 o más,grande,0,0,437,,0.0,1.0454767378701928,0.20014012,0.0,,,,,,
Computación Emergente,2526-2,1,anon_263,8,5 o más,grande,0,0,437,,0.0,1.0454767378701928,-0.0516603,0.0,,,,,,
Computación Emergente,2526-2,1,anon_264,4,5 o más,grande,0,0,437,,0.0,1.0454767378701928,0.49718177,0.0,,,,,,
Computación Emergente,2526-2,1,anon_264,6,5 o más,grande,0,0,437,,0.0,1.0454767378701928,0.20577157,0.0,,,,,,
Computación Emergente,2526-2,1,anon_264,8,5 o más,grande,0,0,437,,0.0,1.0454767378701928,-0.036135912,0.0,,,,,,
Computación Emergente,2526-2,1,anon_265,4,5 o más,grande,0,1,36,,1.0,4.411200422384633,1.6717745,3.0,,,,,,
Computación Emergente,2526-2,1,anon_265,6,5 o más,grande,0,0,437,,1.0,1.0454767378701928,1.4238874,2.0,,,,,,
Computación Emergente,2526-2,1,anon_265,8,5 o más,grande,0,0,437,,1.0,1.0454767378701928,1.0181923,1.5,,,,,,
Computación Emergente,2526-2,1,anon_266,4,4,grande,0,0,520,,1.0,1.5778637249867373,2.7970314,3.0,,,,,,
Computación Emergente,2526-2,1,anon_266,6,4,grande,0,0,520,,1.0,1.5778637249867373,2.195527,2.0,,,,,,
Computación Emergente,2526-2,1,anon_266,8,4,grande,0,0,520,,1.0,1.5778637249867373,1.0549892,1.5,,,,,,
Computación Emergente,2526-2,1,anon_174,4,4,grande,0,0,520,,0.0,1.5778637249867373,1.1125869,0.0,,,,,,
Computación Emergente,2526-2,1,anon_174,6,4,grande,0,0,520,,0.0,1.5778637249867373,0.71782106,0.0,,,,,,
Computación Emergente,2526-2,1,anon_174,8,4,grande,0,0,520,,0.0,1.5778637249867373,0.006904006,0.0,,,,,,
Computación Emergente,2526-2,1,anon_267,4,4,grande,0,0,520,,0.0,1.5778637249867373,1.0989478,0.0,,,,,,
Computación Emergente,2526-2,1,anon_267,6,4,grande,0,0,520,,0.0,1.5778637249867373,0.71495706,0.0,,,,,,
Computación Emergente,2526-2,1,anon_267,8,4,grande,0,0,520,,0.0,1.5778637249867373,0.02470988,0.0,,,,,,
Computación Emergente,2526-2,1,anon_268,4,5 o más,grande,0,0,437,,1.0,1.0454767378701928,1.7759004,3.0,,,,,,
Computación Emergente,2526-2,1,anon_268,6,5 o más,grande,0,0,437,,1.0,1.0454767378701928,1.5024599,2.0,,,,,,
Computación Emergente,2526-2,1,anon_268,8,5 o más,grande,0,0,437,,1.0,1.0454767378701928,1.0975709,1.5,,,,,,
Computación Emergente,2526-2,1,anon_269,4,4,grande,0,0,520,,0.0,1.5778637249867373,1.0747,0.0,,,,,,
Computación Emergente,2526-2,1,anon_269,6,4,grande,0,0,520,,0.0,1.5778637249867373,0.7112336,0.0,,,,,,
Computación Emergente,2526-2,1,anon_269,8,4,grande,0,0,520,,0.0,1.5778637249867373,0.06266624,0.0,,,,,,
Computación Emergente,2526-2,1,anon_270,4,4,grande,0,0,520,,0.0,1.5778637249867373,1.0640569,0.0,,,,,,
Computación Emergente,2526-2,1,anon_270,6,4,grande,0,0,520,,0.0,1.5778637249867373,0.71036434,0.0,,,,,,
Computación Emergente,2526-2,1,anon_270,8,4,grande,0,0,520,,0.0,1.5778637249867373,0.08289683,0.0,,,,,,
Computación Emergente,2526-2,1,anon_271,4,5 o más,grande,0,0,437,,0.0,1.0454767378701928,0.4712491,0.0,,,,,,
Computación Emergente,2526-2,1,anon_271,6,5 o más,grande,0,0,437,,0.0,1.0454767378701928,0.26820862,0.0,,,,,,
Computación Emergente,2526-2,1,anon_271,8,5 o más,grande,0,0,437,,0.0,1.0454767378701928,0.11478305,0.0,,,,,,
Computación Emergente,2526-2,1,anon_272,4,4,grande,0,0,520,,0.0,1.5778637249867373,1.0456402,0.0,,,,,,
Computación Emergente,2526-2,1,anon_272,6,4,grande,0,0,520,,0.0,1.5778637249867373,0.7105789,0.0,,,,,,
Computación Emergente,2526-2,1,anon_272,8,4,grande,0,0,520,,0.0,1.5778637249867373,0.1260745,0.0,,,,,,
Computación Emergente,2526-2,1,anon_273,4,5 o más,grande,0,0,437,,0.0,1.0454767378701928,0.47145045,0.0,,,,,,
Computación Emergente,2526-2,1,anon_273,6,5 o más,grande,0,0,437,,0.0,1.0454767378701928,0.2877946,0.0,,,,,,
Computación Emergente,2526-2,1,anon_273,8,5 o más,grande,0,0,437,,0.0,1.0454767378701928,0.16004705,0.0,,,,,,
Computación Emergente,2526-2,1,anon_274,4,5 o más,grande,0,0,437,,0.0,1.0454767378701928,0.47243762,0.0,,,,,,
Computación Emergente,2526-2,1,anon_274,6,5 o más,grande,0,0,437,,0.0,1.0454767378701928,0.29807425,0.0,,,,,,
Computación Emergente,2526-2,1,anon_274,8,5 o más,grande,0,0,437,,0.0,1.0454767378701928,0.18369114,0.0,,,,,,
Computación Emergente,2526-2,1,anon_244,4,5 o más,grande,0,0,437,,0.0,1.0454767378701928,0.473992,0.0,,,,,,
Computación Emergente,2526-2,1,anon_244,6,5 o más,grande,0,0,437,,0.0,1.0454767378701928,0.30865335,0.0,,,,,,
Computación Emergente,2526-2,1,anon_244,8,5 o más,grande,0,0,437,,0.0,1.0454767378701928,0.20795178,0.0,,,,,,
Computación Emergente,2526-2,1,anon_275,4,4,grande,0,1,72,,2.0,6.378300177067173,3.8473742,6.0,,,,,,
Computación Emergente,2526-2,1,anon_275,6,4,grande,0,0,520,,2.0,1.5778637249867373,3.3907542,4.0,,,,,,
Computación Emergente,2526-2,1,anon_275,8,4,grande,0,0,520,,2.0,1.5778637249867373,2.3861575,3.0,,,,,,
Computación Emergente,2526-2,1,anon_276,4,5 o más,grande,0,1,36,,3.0,4.411200422384633,4.4385996,9.0,,,,,,
Computación Emergente,2526-2,1,anon_276,6,5 o más,grande,0,0,437,,3.0,1.0454767378701928,4.1862593,6.0,,,,,,
Computación Emergente,2526-2,1,anon_276,8,5 o más,grande,0,0,437,,3.0,1.0454767378701928,3.470834,4.5,,,,,,
Computación Emergente,2526-2,1,anon_277,4,5 o más,grande,0,0,437,,1.0,1.0454767378701928,1.7345024,3.0,,,,,,
Computación Emergente,2526-2,1,anon_277,6,5 o más,grande,0,0,437,,1.0,1.0454767378701928,1.5645249,2.0,,,,,,
Computación Emergente,2526-2,1,anon_277,8,5 o más,grande,0,0,437,,1.0,1.0454767378701928,1.3442903,1.5,,,,,,
Computación Emergente,2526-2,1,anon_278,4,4,grande,0,0,520,,0.0,1.5778637249867373,1.0092247,0.0,,,,,,
Computación Emergente,2526-2,1,anon_278,6,4,grande,0,0,520,,0.0,1.5778637249867373,0.7309014,0.0,,,,,,
Computación Emergente,2526-2,1,anon_278,8,4,grande,0,0,520,,0.0,1.5778637249867373,0.3102848,0.0,,,,,,
Computación Emergente,2526-2,1,anon_279,4,5 o más,grande,0,2,12,,12.0,18.478749146578433,7.242857,15.0,,,,,,
Computación Emergente,2526-2,1,anon_279,6,5 o más,grande,0,1,36,,12.0,4.411200422384633,8.206789,12.0,,,,,,
Computación Emergente,2526-2,1,anon_279,8,5 o más,grande,1,2,2,,12.0,18.373590284286163,10.1844015,13.5,,,,,,
Computación Emergente,2526-2,1,anon_280,4,4,grande,0,1,72,,1.0,6.378300177067173,2.2198772,3.0,,,,,,
Computación Emergente,2526-2,1,anon_280,6,4,grande,0,0,520,,1.0,1.5778637249867373,1.9633,2.0,,,,,,
Computación Emergente,2526-2,1,anon_280,8,4,grande,0,0,520,,1.0,1.5778637249867373,1.4491107,1.5,,,,,,
Computación Emergente,2526-2,1,anon_281,4,3,grande,0,0,164,,3.0,2.4905675419250293,1.8902597,0.0,,,,,,
Computación Emergente,2526-2,1,anon_281,6,3,grande,0,0,164,,3.0,2.4905675419250293,1.4299368,0.0,,,,,,
Computación Emergente,2526-2,1,anon_281,8,3,grande,3 o más,0,4,,3.0,18.436467655832942,3.5997055,4.5,,,,,,
Computación Emergente,2526-2,1,anon_282,4,4,grande,0,0,520,,0.0,1.5778637249867373,1.0059993,0.0,,,,,,
Computación Emergente,2526-2,1,anon_282,6,4,grande,0,0,520,,0.0,1.5778637249867373,0.75508696,0.0,,,,,,
Computación Emergente,2526-2,1,anon_282,8,4,grande,0,0,520,,0.0,1.5778637249867373,0.4418412,0.0,,,,,,
Computación Emergente,2526-3,1,anon_283,4,5 o más,grande,1,1,19,,3.0,7.23786630310179,2.4429169,6.0,,,,,,
Computación Emergente,2526-3,1,anon_283,6,5 o más,grande,0,0,699,,3.0,0.5860469964472588,2.3959913,4.0,,,,,,
Computación Emergente,2526-3,1,anon_283,8,5 o más,grande,0,1,42,,3.0,3.7824470555060543,3.459362,4.5,,,,,,
Computación Emergente,2526-3,1,anon_284,4,4,grande,3 o más,2,0,,21.0,5.117389277389277,15.822858,30.0,1.0,1.0,6.0,7.181818181818182,Año que cursa=4; Tamaño del grupo=grande; Participaciones de la semana=2; Participaciones de la semana anterior=2,5.117389277389277
Computación Emergente,2526-3,1,anon_284,6,4,grande,0,1,76,,21.0,4.080611771529831,15.260851,22.0,,,,,,
Computación Emergente,2526-3,1,anon_284,8,4,grande,3 o más,1,0,,21.0,5.117389277389277,17.77144,22.5,1.0,1.0,2.0,7.181818181818182,Año que cursa=4; Tamaño del grupo=grande; Participaciones de la semana=2; Participaciones de la semana anterior=1,5.117389277389277
Computación Emergente,2526-3,1,anon_285,4,5 o más,grande,3 o más,3 o más,0,,30.0,5.117389277389277,16.619036,36.0,2.0,1.0,2.0,13.2,Año que cursa=5 o más; Tamaño del grupo=grande; Participaciones de la semana=2; Participaciones de la semana anterior=2,5.117389277389277
Computación Emergente,2526-3,1,anon_285,6,5 o más,grande,0,2,6,,30.0,8.116857905646832,17.945229,28.0,,,,,,
Computación Emergente,2526-3,1,anon_285,8,5 o más,grande,3 o más,3 o más,0,,30.0,5.117389277389277,24.759972,33.0,2.0,1.0,2.0,13.2,Año que cursa=5 o más; Tamaño del grupo=grande; Participaciones de la semana=2; Participaciones de la semana anterior=2,5.117389277389277
Computación Emergente,2526-3,1,anon_286,4,4,grande,3 o más,2,0,,18.0,5.117389277389277,14.72103,27.0,1.0,1.0,6.0,7.181818181818182,Año que cursa=4; Tamaño del grupo=grande; Participaciones de la semana=2; Participaciones de la semana anterior=2,5.117389277389277
Computación Emergente,2526-3,1,anon_286,6,4,grande,0,0,564,,18.0,0.8929547350911811,13.074699,18.0,,,,,,
Computación Emergente,2526-3,1,anon_286,8,4,grande,3 o más,3 o más,0,,18.0,5.117389277389277,17.756166,22.5,2.0,1.0,6.0,7.181818181818182,Año que cursa=4; Tamaño del grupo=grande; Participaciones de la semana=2; Participaciones de la semana anterior=2,5.117389277389277
Computación Emergente,2526-3,1,anon_287,4,5 o más,grande,3 o más,3 o más,0,,23.0,5.117389277389277,20.00464,42.0,2.0,1.0,2.0,13.2,Año que cursa=5 o más; Tamaño del grupo=grande; Participaciones de la semana=2; Participaciones de la semana anterior=2,5.117389277389277
Computación Emergente,2526-3,1,anon_287,6,5 o más,grande,0,2,6,,23.0,8.116857905646832,20.431198,32.0,,,,,,
Computación Emergente,2526-3,1,anon_287,8,5 o más,grande,2,2,2,,23.0,13.116674116261745,22.822586,30.0,,,,,,
Computación Emergente,2526-3,1,anon_288,4,3,grande,2,2,0,,24.0,5.117389277389277,13.9863405,24.0,1.0,1.0,6.0,7.181818181818182,Año que cursa=4; Tamaño del grupo=grande; Participaciones de la semana=2; Participaciones de la semana anterior=2,5.117389277389277
Computación Emergente,2526-3,1,anon_288,6,3,grande,0,1,12,,24.0,5.854780413116635,13.191865,18.0,,,,,,
Computación Emergente,2526-3,1,anon_288,8,3,grande,3 o más,3 o más,0,,24.0,5.117389277389277,18.817863,24.0,3.0,4.0,12.0,7.124242424242423,Año que cursa=3; Tamaño del grupo=grande; Participaciones de la semana=0; Participaciones de la semana anterior=3 o más | Año que cursa=3; Tamaño del grupo=grande; Participaciones de la semana=3 o más; Participaciones de la semana anterior=0 | Año que cursa=3; Tamaño del grupo=pequeño; Participaciones de la semana=3 o más; Participaciones de la semana anterior=2 | Año que cursa=4; Tamaño del grupo=grande; Participaciones de la semana=2; Participaciones de la semana anterior=2,5.117389277389277
Computación Emergente,2526-3,1,anon_289,4,5 o más,grande,0,0,699,,0.0,0.5860469964472588,0.14391434,0.0,,,,,,
Computación Emergente,2526-3,1,anon_289,6,5 o más,grande,0,0,699,,0.0,0.5860469964472588,-0.016350567,0.0,,,,,,
Computación Emergente,2526-3,1,anon_289,8,5 o más,grande,0,0,699,,0.0,0.5860469964472588,-0.0015707016,0.0,,,,,,
Computación Emergente,2526-3,1,anon_290,4,5 o más,grande,1,0,36,,5.0,3.489649567706248,8.091581,15.0,,,,,,
Computación Emergente,2526-3,1,anon_290,6,5 o más,grande,0,0,699,,5.0,0.5860469964472588,7.1905193,10.0,,,,,,
Computación Emergente,2526-3,1,anon_290,8,5 o más,grande,0,0,699,,5.0,0.5860469964472588,6.246626,7.5,,,,,,
Computación Emergente,2526-3,1,anon_291,4,3,grande,0,0,74,,0.0,1.7085763959279299,0.85301876,0.0,,,,,,
Computación Emergente,2526-3,1,anon_291,6,3,grande,0,0,74,,0.0,1.7085763959279299,0.25885725,0.0,,,,,,
Computación Emergente,2526-3,1,anon_291,8,3,grande,0,0,74,,0.0,1.7085763959279299,-0.08899397,0.0,,,,,,
Computación Emergente,2526-3,1,anon_292,4,4,grande,0,2,4,,6.0,7.171121658997307,7.5532093,12.0,,,,,,
Computación Emergente,2526-3,1,anon_292,6,4,grande,0,1,76,,6.0,4.080611771529831,7.8907766,10.0,,,,,,
Computación Emergente,2526-3,1,anon_292,8,4,grande,1,0,68,,6.0,4.207669361776558,7.8303666,9.0,,,,,,
Computación Emergente,2526-3,1,anon_293,4,4,grande,0,0,564,,0.0,0.8929547350911811,0.28467655,0.0,,,,,,
Computación Emergente,2526-3,1,anon_293,6,4,grande,0,0,564,,0.0,0.8929547350911811,0.0283854,0.0,,,,,,
Computación Emergente,2526-3,1,anon_293,8,4,grande,0,0,564,,0.0,0.8929547350911811,-0.05122775,0.0,,,,,,
Computación Emergente,2526-3,1,anon_294,4,4,grande,0,0,564,,0.0,0.8929547350911811,0.28651845,0.0,,,,,,
Computación Emergente,2526-3,1,anon_294,6,4,grande,0,0,564,,0.0,0.8929547350911811,0.035297573,0.0,,,,,,
Computación Emergente,2526-3,1,anon_294,8,4,grande,0,0,564,,0.0,0.8929547350911811,-0.042978287,0.0,,,,,,
Computación Emergente,2526-3,1,anon_295,4,3,grande,0,0,74,,3.0,1.7085763959279299,0.8790294,0.0,,,,,,
Computación Emergente,2526-3,1,anon_295,6,3,grande,0,0,74,,3.0,1.7085763959279299,0.30327058,0.0,,,,,,
Computación Emergente,2526-3,1,anon_295,8,3,grande,2,0,0,,3.0,5.117389277389277,2.0391994,3.0,1.0,3.0,15.0,5.909090909090908,Año que cursa=3; Tamaño del grupo=grande; Participaciones de la semana=1; Participaciones de la semana anterior=0 | Año que cursa=3; Tamaño del grupo=grande; Participaciones de la semana=3 o más; Participaciones de la semana anterior=0 | Año que cursa=4; Tamaño del grupo=grande; Participaciones de la semana=2; Participaciones de la semana anterior=0,5.117389277389277
Computación Emergente,2526-3,1,anon_296,4,4,grande,0,0,564,,0.0,0.8929547350911811,0.29102778,0.0,,,,,,
Computación Emergente,2526-3,1,anon_296,6,4,grande,0,0,564,,0.0,0.8929547350911811,0.049977243,0.0,,,,,,
Computación Emergente,2526-3,1,anon_296,8,4,grande,0,0,564,,0.0,0.8929547350911811,-0.025812626,0.0,,,,,,
Computación Emergente,2526-3,1,anon_297,4,3,grande,1,2,0,,16.0,5.117389277389277,13.908496,24.0,1.0,1.0,9.0,6.12121212121212,Año que cursa=3; Tamaño del grupo=grande; Participaciones de la semana=1; Participaciones de la semana anterior=1,5.117389277389277
Computación Emergente,2526-3,1,anon_297,6,3,grande,0,1,12,,16.0,5.854780413116635,13.11445,18.0,,,,,,
Computación Emergente,2526-3,1,anon_297,8,3,grande,2,3 o más,0,,16.0,5.117389277389277,16.742928,21.0,2.0,2.0,8.0,6.386363636363637,Año que cursa=3; Tamaño del grupo=grande; Participaciones de la semana=0; Participaciones de la semana anterior=3 o más | Año que cursa=4; Tamaño del grupo=grande; Participaciones de la semana=2; Participaciones de la semana anterior=2,5.117389277389277
Computación Emergente,2526-3,1,anon_298,4,4,grande,0,1,76,,6.0,4.080611771529831,9.79025,15.0,,,,,,
Computación Emergente,2526-3,1,anon_298,6,4,grande,0,0,564,,6.0,0.8929547350911811,8.100302,10.0,,,,,,
Computación Emergente,2526-3,1,anon_298,8,4,grande,0,1,76,,6.0,4.080611771529831,7.7876763,9.0,,,,,,
Computación Emergente,2526-3,1,anon_299,4,4,grande,0,0,564,,0.0,0.8929547350911811,0.29989624,0.0,,,,,,
Computación Emergente,2526-3,1,anon_299,6,4,grande,0,0,564,,0.0,0.8929547350911811,0.07422435,0.0,,,,,,
Computación Emergente,2526-3,1,anon_299,8,4,grande,0,0,564,,0.0,0.8929547350911811,0.0016443729,0.0,,,,,,
Computación Emergente,2526-3,1,anon_300,4,5 o más,grande,3 o más,3 o más,0,,27.0,5.117389277389277,18.968319,39.0,2.0,1.0,2.0,13.2,Año que cursa=5 o más; Tamaño del grupo=grande; Participaciones de la semana=2; Participaciones de la semana anterior=2,5.117389277389277
Computación Emergente,2526-3,1,anon_300,6,5 o más,grande,0,2,6,,27.0,8.116857905646832,19.44979,30.0,,,,,,
Computación Emergente,2526-3,1,anon_300,8,5 o más,grande,3 o más,0,0,,27.0,5.117389277389277,21.769283,28.5,1.0,1.0,4.0,8.6,Año que cursa=5 o más; Tamaño del grupo=grande; Participaciones de la semana=2; Participaciones de la semana anterior=0,5.117389277389277
Computación Emergente,2526-3,1,anon_301,4,5 o más,grande,2,1,4,,12.0,10.164621423481528,8.632176,18.0,,,,,,
Computación Emergente,2526-3,1,anon_301,6,5 o más,grande,0,0,699,,12.0,0.5860469964472588,8.409645,12.0,,,,,,
Computación Emergente,2526-3,1,anon_301,8,5 o más,grande,1,1,19,,12.0,7.23786630310179,9.771081,12.0,,,,,,
Computación Emergente,2526-3,1,anon_302,4,5 o más,grande,0,0,699,,0.0,0.5860469964472588,0.15842414,0.0,,,,,,
Computación Emergente,2526-3,1,anon_302,6,5 o más,grande,0,0,699,,0.0,0.5860469964472588,0.04594487,0.0,,,,,,
Computación Emergente,2526-3,1,anon_302,8,5 o más,grande,0,0,699,,0.0,0.5860469964472588,0.08498269,0.0,,,,,,
Computación Emergente,2526-3,1,anon_303,4,3,grande,2,3 o más,0,,9.0,5.117389277389277,10.349999,18.0,2.0,2.0,8.0,6.386363636363637,Año que cursa=3; Tamaño del grupo=grande; Participaciones de la semana=0; Participaciones de la semana anterior=3 o más | Año que cursa=4; Tamaño del grupo=grande; Participaciones de la semana=2; Participaciones de la semana anterior=2,5.117389277389277
Computación Emergente,2526-3,1,anon_303,6,3,grande,0,0,74,,9.0,1.7085763959279299,9.185622,12.0,,,,,,
Computación Emergente,2526-3,1,anon_303,8,3,grande,1,2,0,,9.0,5.117389277389277,11.20669,13.5,1.0,1.0,9.0,6.12121212121212,Año que cursa=3; Tamaño del grupo=grande; Participaciones de la semana=1; Participaciones de la semana anterior=1,5.117389277389277
Computación Emergente,2526-3,1,anon_174,4,4,grande,0,0,564,,0.0,0.8929547350911811,0.32053936,0.0,,,,,,
Computación Emergente,2526-3,1,anon_174,6,4,grande,0,0,564,,0.0,0.8929547350911811,0.12106526,0.0,,,,,,
Computación Emergente,2526-3,1,anon_174,8,4,grande,0,0,564,,0.0,0.8929547350911811,0.052269667,0.0,,,,,,
Computación Emergente,2526-3,1,anon_304,4,3,grande,0,0,74,,0.0,1.7085763959279299,0.9636184,0.0,,,,,,
Computación Emergente,2526-3,1,anon_304,6,3,grande,0,0,74,,0.0,1.7085763959279299,0.4357271,0.0,,,,,,
Computación Emergente,2526-3,1,anon_304,8,3,grande,0,0,74,,0.0,1.7085763959279299,0.06224799,0.0,,,,,,
Computación Emergente,2526-3,1,anon_305,4,3,grande,2,2,0,,12.0,5.117389277389277,15.307835,27.0,1.0,1.0,6.0,7.181818181818182,Año que cursa=4; Tamaño del grupo=grande; Participaciones de la semana=2; Participaciones de la semana anterior=2,5.117389277389277
Computación Emergente,2526-3,1,anon_305,6,3,grande,0,1,12,,12.0,5.854780413116635,14.34608,20.0,,,,,,
Computación Emergente,2526-3,1,anon_305,8,3,grande,0,2,0,,12.0,5.117389277389277,14.655565,18.0,1.0,3.0,18.0,5.944444444444445,Año que cursa=3; Tamaño del grupo=grande; Participaciones de la semana=0; Participaciones de la semana anterior=1 | Año que cursa=3; Tamaño del grupo=grande; Participaciones de la semana=0; Participaciones de la semana anterior=3 o más | Año que cursa=4; Tamaño del grupo=grande; Participaciones de la semana=0; Participaciones de la semana anterior=2,5.117389277389277
Computación Emergente,2526-3,1,anon_306,4,3,grande,1,0,11,,11.0,6.023078068749147,6.2284756,9.0,,,,,,
Computación Emergente,2526-3,1,anon_306,6,3,grande,0,1,12,,11.0,5.854780413116635,6.308655,8.0,,,,,,
Computación Emergente,2526-3,1,anon_306,8,3,grande,2,2,0,,11.0,5.117389277389277,9.821934,12.0,1.0,1.0,6.0,7.181818181818182,Año que cursa=4; Tamaño del grupo=grande; Participaciones de la semana=2; Participaciones de la semana anterior=2,5.117389277389277
Computación Emergente,2526-3,1,anon_307,4,4,grande,0,0,564,,0.0,0.8929547350911811,0.3426534,0.0,,,,,,
Computación Emergente,2526-3,1,anon_307,6,4,grande,0,0,564,,0.0,0.8929547350911811,0.16489166,0.0,,,,,,
Computación Emergente,2526-3,1,anon_307,8,4,grande,0,0,564,,0.0,0.8929547350911811,0.097564876,0.0,,,,,,
Computación Emergente,2526-3,1,anon_308,4,4,grande,1,3 o más,0,,9.0,5.117389277389277,11.649308,21.0,2.0,5.0,51.0,5.888459253165136,Año que cursa=3; Tamaño del grupo=grande; Participaciones de la semana=0; Participaciones de la semana anterior=3 o más | Año que cursa=4; Tamaño del grupo=grande; Participaciones de la semana=0; Participaciones de la semana anterior=2 | Año que cursa=4; Tamaño del grupo=grande; Participaciones de la semana=1; Participaciones de la semana anterior=1 | Año que cursa=4; Tamaño del grupo=grande; Participaciones de la semana=2; Participaciones de la semana anterior=2 | Año que cursa=5 o más; Tamaño del grupo=grande; Participaciones de la semana=1; Participaciones de la semana anterior=2,5.117389277389277
Computación Emergente,2526-3,1,anon_308,6,4,grande,0,0,564,,9.0,0.8929547350911811,10.512628,14.0,,,,,,
Computación Emergente,2526-3,1,anon_308,8,4,grande,0,2,4,,9.0,7.171121658997307,11.28574,13.5,,,,,,
Computación Emergente,2526-3,1,anon_309,4,4,grande,0,0,564,,2.0,0.8929547350911811,0.35567963,0.0,,,,,,
Computación Emergente,2526-3,1,anon_309,6,4,grande,0,0,564,,2.0,0.8929547350911811,0.1890797,0.0,,,,,,
Computación Emergente,2526-3,1,anon_309,8,4,grande,2,0,2,,2.0,7.160535409607574,2.2216988,3.0,,,,,,
Computación Emergente,2526-3,1,anon_310,4,4,grande,1,3 o más,0,,8.0,5.117389277389277,13.498773,24.0,2.0,5.0,51.0,5.888459253165136,Año que cursa=3; Tamaño del grupo=grande; Participaciones de la semana=0; Participaciones de la semana anterior=3 o más | Año que cursa=4; Tamaño del grupo=grande; Participaciones de la semana=0; Participaciones de la semana anterior=2 | Año que cursa=4; Tamaño del grupo=grande; Participaciones de la semana=1; Participaciones de la semana anterior=1 | Año que cursa=4; Tamaño del grupo=grande; Participaciones de la semana=2; Participaciones de la semana anterior=2 | Año que cursa=5 o más; Tamaño del grupo=grande; Participaciones de la semana=1; Participaciones de la semana anterior=2,5.117389277389277
Computación Emergente,2526-3,1,anon_310,6,4,grande,0,0,564,,8.0,0.8929547350911811,11.936898,16.0,,,,,,
Computación Emergente,2526-3,1,anon_310,8,4,grande,0,0,564,,8.0,0.8929547350911811,10.165847,12.0,,,,,,
Computación Emergente,2526-3,1,anon_311,4,4,grande,0,0,564,,0.0,0.8929547350911811,0.37006485,0.0,,,,,,
Computación Emergente,2526-3,1,anon_311,6,4,grande,0,0,564,,0.0,0.8929547350911811,0.21484178,0.0,,,,,,
Computación Emergente,2526-3,1,anon_311,8,4,grande,0,0,564,,0.0,0.8929547350911811,0.14750957,0.0,,,,,,
Computación Emergente,2526-3,1,anon_312,4,3,grande,2,1,0,,7.0,5.117389277389277,7.2152367,12.0,1.0,2.0,11.0,6.31404958677686,Año que cursa=3; Tamaño del grupo=grande; Participaciones de la semana=1; Participaciones de la semana anterior=1 | Año que cursa=4; Tamaño del grupo=grande; Participaciones de la semana=2; Participaciones de la semana anterior=1,5.117389277389277
Computación Emergente,2526-3,1,anon_312,6,3,grande,0,0,74,,7.0,1.7085763959279299,6.33842,8.0,,,,,,
Computación Emergente,2526-3,1,anon_312,8,3,grande,1,1,9,,7.0,6.118893823651329,7.4981127,9.0,,,,,,
Computación Emergente,2526-3,1,anon_313,4,4,grande,0,0,564,,1.0,0.8929547350911811,1.8857334,3.0,,,,,,
Computación Emergente,2526-3,1,anon_313,6,4,grande,0,0,564,,1.0,0.8929547350911811,1.6027143,2.0,,,,,,
Computación Emergente,2526-3,1,anon_313,8,4,grande,0,0,564,,1.0,0.8929547350911811,1.374253,1.5,,,,,,
Computación Emergente,2526-3,1,anon_314,4,5 o más,grande,1,0,36,,1.0,3.489649567706248,1.2247393,3.0,,,,,,
Computación Emergente,2526-3,1,anon_314,6,5 o más,grande,0,0,699,,1.0,0.5860469964472588,1.2634902,2.0,,,,,,
Computación Emergente,2526-3,1,anon_314,8,5 o más,grande,0,0,699,,1.0,0.5860469964472588,1.3208954,1.5,,,,,,
Computación Emergente,2526-3,1,anon_315,4,4,grande,1,0,68,,1.0,4.207669361776558,1.519739,3.0,,,,,,
Computación Emergente,2526-3,1,anon_315,6,4,grande,0,0,564,,1.0,0.8929547350911811,1.4716808,2.0,,,,,,
Computación Emergente,2526-3,1,anon_315,8,4,grande,0,0,564,,1.0,0.8929547350911811,1.3590202,1.5,,,,,,
Computación Emergente,2526-3,1,anon_316,4,3,grande,1,1,9,,11.0,6.118893823651329,12.537343,21.0,,,,,,
Computación Emergente,2526-3,1,anon_316,6,3,grande,0,0,74,,11.0,1.7085763959279299,10.651919,14.0,,,,,,
Computación Emergente,2526-3,1,anon_316,8,3,grande,0,2,0,,11.0,5.117389277389277,11.212263,13.5,1.0,3.0,18.0,5.944444444444445,Año que cursa=3; Tamaño del grupo=grande; Participaciones de la semana=0; Participaciones de la semana anterior=1 | Año que cursa=3; Tamaño del grupo=grande; Participaciones de la semana=0; Participaciones de la semana anterior=3 o más | Año que cursa=4; Tamaño del grupo=grande; Participaciones de la semana=0; Participaciones de la semana anterior=2,5.117389277389277
Computación Emergente,2526-3,1,anon_317,4,3,grande,0,0,74,,0.0,1.7085763959279299,1.110612,0.0,,,,,,
Computación Emergente,2526-3,1,anon_317,6,3,grande,0,0,74,,0.0,1.7085763959279299,0.6489212,0.0,,,,,,
Computación Emergente,2526-3,1,anon_317,8,3,grande,0,0,74,,0.0,1.7085763959279299,0.24265811,0.0,,,,,,
Computación Emergente,2526-3,1,anon_318,4,5 o más,grande,0,0,699,,0.0,0.5860469964472588,0.21592355,0.0,,,,,,
Computación Emergente,2526-3,1,anon_318,6,5 o más,grande,0,0,699,,0.0,0.5860469964472588,0.18936282,0.0,,,,,,
Computación Emergente,2526-3,1,anon_318,8,5 o más,grande,0,0,699,,0.0,0.5860469964472588,0.25239667,0.0,,,,,,
Computación Emergente,2526-3,1,anon_319,4,4,grande,2,0,2,,22.0,7.160535409607574,8.280644,15.0,,,,,,
Computación Emergente,2526-3,1,anon_319,6,4,grande,0,1,76,,22.0,4.080611771529831,9.01468,12.0,,,,,,
Computación Emergente,2526-3,1,anon_319,8,4,grande,3 o más,3 o más,0,,22.0,5.117389277389277,16.494219,21.0,2.0,1.0,6.0,7.181818181818182,Año que cursa=4; Tamaño del grupo=grande; Participaciones de la semana=2; Participaciones de la semana anterior=2,5.117389277389277
Computación Emergente,2526-3,1,anon_320,4,5 o más,grande,0,1,42,,3.0,3.7824470555060543,1.3426951,3.0,,,,,,
Computación Emergente,2526-3,1,anon_320,6,5 o más,grande,0,0,699,,3.0,0.5860469964472588,1.3764908,2.0,,,,,,
Computación Emergente,2526-3,1,anon_320,8,5 o más,grande,1,0,36,,3.0,3.489649567706248,2.4395745,3.0,,,,,,
Computación Emergente,2526-3,1,anon_321,4,4,grande,0,0,564,,3.0,0.8929547350911811,6.1708965,9.0,,,,,,
Computación Emergente,2526-3,1,anon_321,6,4,grande,0,0,564,,3.0,0.8929547350911811,5.102207,6.0,,,,,,
Computación Emergente,2526-3,1,anon_321,8,4,grande,0,0,564,,3.0,0.8929547350911811,4.1458225,4.5,,,,,,
Estructura de Datos,2425-3,2,anon_322,4,2,mediano,3 o más,1,0,,36.0,6.851082251082252,8.812016,18.0,1.0,4.0,20.0,9.307575757575759,Año que cursa=1; Tamaño del grupo=mediano; Participaciones de la semana=3 o más; Participaciones de la semana anterior=1 | Año que cursa=2; Tamaño del grupo=mediano; Participaciones de la semana=2; Participaciones de la semana anterior=1 | Año que cursa=2; Tamaño del grupo=mediano; Participaciones de la semana=3 o más; Participaciones de la semana anterior=0 | Año que cursa=2; Tamaño del grupo=pequeño; Participaciones de la semana=3 o más; Participaciones de la semana anterior=1,6.851082251082252
Estructura de Datos,2425-3,2,anon_322,6,2,mediano,3 o más,1,0,,36.0,6.851082251082252,15.899518,22.0,1.0,4.0,20.0,9.307575757575759,Año que cursa=1; Tamaño del grupo=mediano; Participaciones de la semana=3 o más; Participaciones de la semana anterior=1 | Año que cursa=2; Tamaño del grupo=mediano; Participaciones de la semana=2; Participaciones de la semana anterior=1 | Año que cursa=2; Tamaño del grupo=mediano; Participaciones de la semana=3 o más; Participaciones de la semana anterior=0 | Año que cursa=2; Tamaño del grupo=pequeño; Participaciones de la semana=3 o más; Participaciones de la semana anterior=1,6.851082251082252
Estructura de Datos,2425-3,2,anon_322,8,2,mediano,3 o más,1,0,,36.0,6.851082251082252,18.175001,22.5,1.0,4.0,20.0,9.307575757575759,Año que cursa=1; Tamaño del grupo=mediano; Participaciones de la semana=3 o más; Participaciones de la semana anterior=1 | Año que cursa=2; Tamaño del grupo=mediano; Participaciones de la semana=2; Participaciones de la semana anterior=1 | Año que cursa=2; Tamaño del grupo=mediano; Participaciones de la semana=3 o más; Participaciones de la semana anterior=0 | Año que cursa=2; Tamaño del grupo=pequeño; Participaciones de la semana=3 o más; Participaciones de la semana anterior=1,6.851082251082252
Estructura de Datos,2425-3,2,anon_323,4,2,mediano,0,2,14,,27.0,3.877646771257469,8.959623,18.0,,,,,,
Estructura de Datos,2425-3,2,anon_323,6,2,mediano,3 o más,1,0,,27.0,6.851082251082252,16.124142,22.0,1.0,4.0,20.0,9.307575757575759,Año que cursa=1; Tamaño del grupo=mediano; Participaciones de la semana=3 o más; Participaciones de la semana anterior=1 | Año que cursa=2; Tamaño del grupo=mediano; Participaciones de la semana=2; Participaciones de la semana anterior=1 | Año que cursa=2; Tamaño del grupo=mediano; Participaciones de la semana=3 o más; Participaciones de la semana anterior=0 | Año que cursa=2; Tamaño del grupo=pequeño; Participaciones de la semana=3 o más; Participaciones de la semana anterior=1,6.851082251082252
Estructura de Datos,2425-3,2,anon_323,8,2,mediano,2,1,2,,27.0,3.6695050653813537,17.25388,21.0,,,,,,
Estructura de Datos,2425-3,2,anon_324,4,4,mediano,0,0,126,,0.0,1.4032233155063372,2.7275696,0.0,,,,,,
Estructura de Datos,2425-3,2,anon_324,6,4,mediano,0,0,126,,0.0,1.4032233155063372,-0.105228186,0.0,,,,,,
Estructura de Datos,2425-3,2,anon_324,8,4,mediano,0,0,126,,0.0,1.4032233155063372,0.39451826,0.0,,,,,,
Estructura de Datos,2425-3,2,anon_037,4,1,mediano,0,1,18,,3.0,10.20247028501364,5.4613886,9.0,,,,,,
Estructura de Datos,2425-3,2,anon_037,6,1,mediano,0,0,130,,3.0,2.2381018970347606,5.897487,6.0,,,,,,
Estructura de Datos,2425-3,2,anon_037,8,1,mediano,0,0,130,,3.0,2.2381018970347606,4.537776,4.5,,,,,,
Estructura de Datos,2425-3,2,anon_325,4,2,mediano,0,0,356,,3.0,2.320489852083275,5.666128,9.0,,,,,,
Estructura de Datos,2425-3,2,anon_325,6,2,mediano,0,0,356,,3.0,2.320489852083275,5.297824,6.0,,,,,,
Estructura de Datos,2425-3,2,anon_325,8,2,mediano,0,0,356,,3.0,2.320489852083275,4.4565067,4.5,,,,,,
Estructura de Datos,2425-3,2,anon_326,4,2,mediano,0,0,356,,0.0,2.320489852083275,2.3050208,0.0,,,,,,
Estructura de Datos,2425-3,2,anon_326,6,2,mediano,0,0,356,,0.0,2.320489852083275,1.2598766,0.0,,,,,,
Estructura de Datos,2425-3,2,anon_326,8,2,mediano,0,0,356,,0.0,2.320489852083275,0.7305641,0.0,,,,,,
Estructura de Datos,2425-3,2,anon_327,4,2,mediano,1,2,2,,11.0,8.153103940732807,6.6751785,12.0,,,,,,
Estructura de Datos,2425-3,2,anon_327,6,2,mediano,0,1,18,,11.0,3.8240902835122488,8.262764,10.0,,,,,,
Estructura de Datos,2425-3,2,anon_327,8,2,mediano,1,1,0,,11.0,6.851082251082252,9.157893,10.5,1.0,6.0,38.0,4.146730462519936,Año que cursa=2; Tamaño del grupo=mediano; Participaciones de la semana=0; Participaciones de la semana anterior=1 | Año que cursa=2; Tamaño del grupo=mediano; Participaciones de la semana=1; Participaciones de la semana anterior=0 | Año que cursa=2; Tamaño del grupo=mediano; Participaciones de la semana=1; Participaciones de la semana anterior=2 | Año que cursa=2; Tamaño del grupo=mediano; Participaciones de la semana=2; Participaciones de la semana anterior=1 | Año que cursa=2; Tamaño del grupo=pequeño; Participaciones de la semana=1; Participaciones de la semana anterior=1 | Año que cursa=3; Tamaño del grupo=mediano; Participaciones de la semana=1; Participaciones de la semana anterior=1,6.851082251082252
Estructura de Datos,2425-3,2,anon_328,4,1,mediano,1,2,2,,18.0,8.153103940732807,9.868965,21.0,,,,,,
Estructura de Datos,2425-3,2,anon_328,6,1,mediano,0,1,18,,18.0,10.20247028501364,12.893797,16.0,,,,,,
Estructura de Datos,2425-3,2,anon_328,8,1,mediano,0,0,130,,18.0,2.2381018970347606,10.491254,12.0,,,,,,
Estructura de Datos,2425-3,2,anon_329,4,2,mediano,2,3 o más,0,,21.0,6.851082251082252,14.358885,33.0,1.0,2.0,4.0,8.166666666666666,Año que cursa=2; Tamaño del grupo=mediano; Participaciones de la semana=2; Participaciones de la semana anterior=2 | Año que cursa=2; Tamaño del grupo=pequeño; Participaciones de la semana=2; Participaciones de la semana anterior=3 o más,6.851082251082252
Estructura de Datos,2425-3,2,anon_329,6,2,mediano,3 o más,0,10,,21.0,6.355577755577756,22.786053,30.0,,,,,,
Estructura de Datos,2425-3,2,anon_329,8,2,mediano,0,0,356,,21.0,2.320489852083275,18.730764,22.5,,,,,,
Estructura de Datos,2425-3,2,anon_330,4,1,mediano,3 o más,3 o más,2,,13.0,20.524237961351364,15.247723,36.0,,,,,,
Estructura de Datos,2425-3,2,anon_330,6,1,mediano,0,1,18,,13.0,10.20247028501364,19.896233,26.0,,,,,,
Estructura de Datos,2425-3,2,anon_330,8,1,mediano,0,0,130,,13.0,2.2381018970347606,16.174692,19.5,,,,,,
Estructura de Datos,2425-3,2,anon_331,4,3,mediano,0,0,270,,0.0,1.3253742579720513,2.5002809,0.0,,,,,,
Estructura de Datos,2425-3,2,anon_331,6,3,mediano,0,0,270,,0.0,1.3253742579720513,0.36734915,0.0,,,,,,
Estructura de Datos,2425-3,2,anon_331,8,3,mediano,0,0,270,,0.0,1.3253742579720513,0.45325434,0.0,,,,,,
Estructura de Datos,2425-3,2,anon_011,4,2,mediano,0,0,356,,0.0,2.320489852083275,2.3425345,0.0,,,,,,
Estructura de Datos,2425-3,2,anon_011,6,2,mediano,0,0,356,,0.0,2.320489852083275,1.2488668,0.0,,,,,,
Estructura de Datos,2425-3,2,anon_011,8,2,mediano,0,0,356,,0.0,2.320489852083275,0.74556184,0.0,,,,,,
Estructura de Datos,2425-3,2,anon_332,4,4,mediano,0,0,126,,0.0,1.4032233155063372,2.7787185,0.0,,,,,,
Estructura de Datos,2425-3,2,anon_332,6,4,mediano,0,0,126,,0.0,1.4032233155063372,-0.12493205,0.0,,,,,,
Estructura de Datos,2425-3,2,anon_332,8,4,mediano,0,0,126,,0.0,1.4032233155063372,0.39422917,0.0,,,,,,
Estructura de Datos,2425-3,2,anon_333,4,5 o más,mediano,0,1,4,,2.0,14.377466747414934,4.134526,3.0,,,,,,
Estructura de Datos,2425-3,2,anon_333,6,5 o más,mediano,0,0,120,,2.0,2.124052988034936,1.4613237,2.0,,,,,,
Estructura de Datos,2425-3,2,anon_333,8,5 o más,mediano,0,1,4,,2.0,14.377466747414934,3.0643466,3.0,,,,,,
Estructura de Datos,2425-3,2,anon_301,4,4,mediano,3 o más,2,2,,15.0,20.524237961351364,11.396189,24.0,,,,,,
Estructura de Datos,2425-3,2,anon_301,6,4,mediano,2,1,0,,15.0,6.851082251082252,18.617748,22.0,1.0,4.0,14.0,17.095238095238095,Año que cursa=3; Tamaño del grupo=mediano; Participaciones de la semana=2; Participaciones de la semana anterior=1 | Año que cursa=4; Tamaño del grupo=mediano; Participaciones de la semana=2; Participaciones de la semana anterior=0 | Año que cursa=4; Tamaño del grupo=mediano; Participaciones de la semana=3 o más; Participaciones de la semana anterior=1 | Año que cursa=5 o más; Tamaño del grupo=mediano; Participaciones de la semana=2; Participaciones de la semana anterior=1,6.851082251082252
Estructura de Datos,2425-3,2,anon_301,8,4,mediano,0,1,6,,15.0,8.075114965772407,15.882946,18.0,,,,,,
Estructura de Datos,2425-3,2,anon_334,4,2,mediano,0,0,356,,3.0,2.320489852083275,3.4871497,3.0,,,,,,
Estructura de Datos,2425-3,2,anon_334,6,2,mediano,0,0,356,,3.0,2.320489852083275,2.3201044,2.0,,,,,,
Estructura de Datos,2425-3,2,anon_334,8,2,mediano,0,1,18,,3.0,3.8240902835122488,3.0900934,3.0,,,,,,
Estructura de Datos,2425-3,2,anon_335,4,5 o más,mediano,0,0,120,,1.0,2.124052988034936,3.0908415,0.0,,,,,,
Estructura de Datos,2425-3,2,anon_335,6,5 o más,mediano,0,1,4,,1.0,14.377466747414934,1.555116,2.0,,,,,,
Estructura de Datos,2425-3,2,anon_335,8,5 o más,mediano,0,0,120,,1.0,2.124052988034936,1.897011,1.5,,,,,,
Estructura de Datos,2425-3,2,anon_336,4,1,mediano,0,1,18,,3.0,10.20247028501364,5.5749454,9.0,,,,,,
Estructura de Datos,2425-3,2,anon_336,6,1,mediano,0,0,130,,3.0,2.2381018970347606,5.8848867,6.0,,,,,,
Estructura de Datos,2425-3,2,anon_336,8,1,mediano,0,0,130,,3.0,2.2381018970347606,4.657958,4.5,,,,,,
Estructura de Datos,2425-3,2,anon_337,4,4,mediano,0,1,6,,2.0,8.075114965772407,4.9917936,6.0,,,,,,
Estructura de Datos,2425-3,2,anon_337,6,4,mediano,0,0,126,,2.0,1.4032233155063372,3.2961721,4.0,,,,,,
Estructura de Datos,2425-3,2,anon_337,8,4,mediano,0,0,126,,2.0,1.4032233155063372,3.2194104,3.0,,,,,,
Estructura de Datos,2425-3,2,anon_338,4,3,mediano,0,0,270,,0.0,1.3253742579720513,2.5754676,0.0,,,,,,
Estructura de Datos,2425-3,2,anon_338,6,3,mediano,0,0,270,,0.0,1.3253742579720513,0.09667528,0.0,,,,,,
Estructura de Datos,2425-3,2,anon_338,8,3,mediano,0,0,270,,0.0,1.3253742579720513,0.52777636,0.0,,,,,,
Estructura de Datos,2425-3,2,anon_339,4,2,mediano,0,0,356,,2.0,2.320489852083275,3.5289028,3.0,,,,,,
Estructura de Datos,2425-3,2,anon_339,6,2,mediano,0,0,356,,2.0,2.320489852083275,1.8449688,2.0,,,,,,
Estructura de Datos,2425-3,2,anon_339,8,2,mediano,0,1,18,,2.0,3.8240902835122488,3.0848804,3.0,,,,,,
Estructura de Datos,2425-3,2,anon_340,4,2,mediano,0,0,356,,0.0,2.320489852083275,2.436796,0.0,,,,,,
Estructura de Datos,2425-3,2,anon_340,6,2,mediano,0,0,356,,0.0,2.320489852083275,0.52321005,0.0,,,,,,
Estructura de Datos,2425-3,2,anon_340,8,2,mediano,0,0,356,,0.0,2.320489852083275,0.75244385,0.0,,,,,,
Estructura de Datos,2425-3,2,anon_341,4,3,mediano,0,0,270,,0.0,1.3253742579720513,2.6070795,0.0,,,,,,
Estructura de Datos,2425-3,2,anon_341,6,3,mediano,0,0,270,,0.0,1.3253742579720513,0.039349437,0.0,,,,,,
Estructura de Datos,2425-3,2,anon_341,8,3,mediano,0,0,270,,0.0,1.3253742579720513,0.5721527,0.0,,,,,,
Estructura de Datos,2425-3,2,anon_342,4,4,mediano,0,0,126,,1.0,1.4032233155063372,2.8540998,0.0,,,,,,
Estructura de Datos,2425-3,2,anon_342,6,4,mediano,0,0,126,,1.0,1.4032233155063372,0.2195046,0.0,,,,,,
Estructura de Datos,2425-3,2,anon_342,8,4,mediano,0,0,126,,1.0,1.4032233155063372,0.62442213,0.0,,,,,,
Estructura de Datos,2425-3,2,anon_050,4,2,mediano,0,0,356,,1.0,2.320489852083275,3.5676289,3.0,,,,,,
Estructura de Datos,2425-3,2,anon_050,6,2,mediano,0,0,356,,1.0,2.320489852083275,1.5042965,2.0,,,,,,
Estructura de Datos,2425-3,2,anon_050,8,2,mediano,0,0,356,,1.0,2.320489852083275,1.995214,1.5,,,,,,
Estructura de Datos,2425-3,2,anon_052,4,1,mediano,1,0,12,,7.0,12.280256889269022,8.897678,18.0,,,,,,
Estructura de Datos,2425-3,2,anon_052,6,1,mediano,0,1,18,,7.0,10.20247028501364,9.775063,14.0,,,,,,
Estructura de Datos,2425-3,2,anon_052,8,1,mediano,0,0,130,,7.0,2.2381018970347606,9.337314,10.5,,,,,,
Estructura de Datos,2425-3,2,anon_343,4,2,mediano,0,0,356,,4.0,2.320489852083275,5.788211,9.0,,,,,,
Estructura de Datos,2425-3,2,anon_343,6,2,mediano,0,0,356,,4.0,2.320489852083275,3.9894137,6.0,,,,,,
Estructura de Datos,2425-3,2,anon_343,8,2,mediano,0,0,356,,4.0,2.320489852083275,4.537593,4.5,,,,,,
Estructura de Datos,2425-3,2,anon_344,4,5 o más,mediano,0,0,120,,0.0,2.124052988034936,3.0943522,0.0,,,,,,
Estructura de Datos,2425-3,2,anon_344,6,5 o más,mediano,0,0,120,,0.0,2.124052988034936,1.3617564,0.0,,,,,,
Estructura de Datos,2425-3,2,anon_344,8,5 o más,mediano,0,0,120,,0.0,2.124052988034936,0.8792819,0.0,,,,,,
Estructura de Datos,2425-3,2,anon_055,4,1,mediano,0,0,130,,1.0,2.2381018970347606,3.5251918,3.0,,,,,,
Estructura de Datos,2425-3,2,anon_055,6,1,mediano,0,0,130,,1.0,2.2381018970347606,1.779179,2.0,,,,,,
Estructura de Datos,2425-3,2,anon_055,8,1,mediano,0,0,130,,1.0,2.2381018970347606,2.237208,1.5,,,,,,
Estructura de Datos,2425-3,2,anon_345,4,2,mediano,0,0,356,,7.0,2.320489852083275,4.7300587,6.0,,,,,,
Estructura de Datos,2425-3,2,anon_345,6,2,mediano,3 o más,0,10,,7.0,6.355577755577756,6.216906,10.0,,,,,,
Estructura de Datos,2425-3,2,anon_345,8,2,mediano,0,0,356,,7.0,2.320489852083275,6.743809,7.5,,,,,,
Estructura de Datos,2526-1,2,anon_346,4,1,mediano,0,0,102,,0.0,6.3947979663111365,2.5950856,0.0,,,,,,
Estructura de Datos,2526-1,2,anon_346,6,1,mediano,0,0,102,,0.0,6.3947979663111365,1.7649393,0.0,,,,,,
Estructura de Datos,2526-1,2,anon_346,8,1,mediano,0,0,102,,0.0,6.3947979663111365,0.4126166,0.0,,,,,,
Estructura de Datos,2526-1,2,anon_347,4,2,mediano,0,0,288,,1.0,2.512345156952752,2.622478,0.0,,,,,,
Estructura de Datos,2526-1,2,anon_347,6,2,mediano,0,0,288,,1.0,2.512345156952752,1.5207884,0.0,,,,,,
Estructura de Datos,2526-1,2,anon_347,8,2,mediano,1,0,16,,1.0,6.7231402754159575,1.342799,1.5,,,,,,
Estructura de Datos,2526-1,2,anon_348,4,2,mediano,0,0,288,,0.0,2.512345156952752,2.3690877,0.0,,,,,,
Estructura de Datos,2526-1,2,anon_348,6,2,mediano,0,0,288,,0.0,2.512345156952752,1.3591523,0.0,,,,,,
Estructura de Datos,2526-1,2,anon_348,8,2,mediano,0,0,288,,0.0,2.512345156952752,0.26801682,0.0,,,,,,
Estructura de Datos,2526-1,2,anon_349,4,1,mediano,0,0,102,,0.0,6.3947979663111365,1.9127554,0.0,,,,,,
Estructura de Datos,2526-1,2,anon_349,6,1,mediano,0,0,102,,0.0,6.3947979663111365,1.3241613,0.0,,,,,,
Estructura de Datos,2526-1,2,anon_349,8,1,mediano,0,0,102,,0.0,6.3947979663111365,0.3479073,0.0,,,,,,
Estructura de Datos,2526-1,2,anon_324,4,4,mediano,0,0,146,,0.0,1.7496102081206946,1.8585321,0.0,,,,,,
Estructura de Datos,2526-1,2,anon_324,6,4,mediano,0,0,146,,0.0,1.7496102081206946,0.43658864,0.0,,,,,,
Estructura de Datos,2526-1,2,anon_324,8,4,mediano,0,0,146,,0.0,1.7496102081206946,-0.13591659,0.0,,,,,,
Estructura de Datos,2526-1,2,anon_350,4,3,mediano,0,0,232,,3.0,1.2582537303467538,4.843048,3.0,,,,,,
Estructura de Datos,2526-1,2,anon_350,6,3,mediano,0,0,232,,3.0,1.2582537303467538,2.7991953,2.0,,,,,,
Estructura de Datos,2526-1,2,anon_350,8,3,mediano,0,0,232,,3.0,1.2582537303467538,1.2405746,1.5,,,,,,
Estructura de Datos,2526-1,2,anon_351,4,2,mediano,0,0,288,,6.0,2.512345156952752,1.5653481,0.0,,,,,,
Estructura de Datos,2526-1,2,anon_351,6,2,mediano,0,0,288,,6.0,2.512345156952752,0.83401775,0.0,,,,,,
Estructura de Datos,2526-1,2,anon_351,8,2,mediano,0,0,288,,6.0,2.512345156952752,0.21677864,0.0,,,,,,
Estructura de Datos,2526-1,2,anon_352,4,5 o más,mediano,0,0,128,,0.0,2.098957668314869,1.5429493,0.0,,,,,,
Estructura de Datos,2526-1,2,anon_352,6,5 o más,mediano,0,0,128,,0.0,2.098957668314869,0.28600812,0.0,,,,,,
Estructura de Datos,2526-1,2,anon_352,8,5 o más,mediano,0,0,128,,0.0,2.098957668314869,0.08801675,0.0,,,,,,
Estructura de Datos,2526-1,2,anon_353,4,1,mediano,1,0,6,,2.0,6.821195989708101,4.637603,6.0,,,,,,
Estructura de Datos,2526-1,2,anon_353,6,1,mediano,0,0,102,,2.0,6.3947979663111365,3.946031,4.0,,,,,,
Estructura de Datos,2526-1,2,anon_353,8,1,mediano,0,0,102,,2.0,6.3947979663111365,2.526664,3.0,,,,,,
Estructura de Datos,2526-1,2,anon_354,4,2,mediano,0,0,288,,0.0,2.512345156952752,1.1552579,0.0,,,,,,
Estructura de Datos,2526-1,2,anon_354,6,2,mediano,0,0,288,,0.0,2.512345156952752,0.5551586,0.0,,,,,,
Estructura de Datos,2526-1,2,anon_354,8,2,mediano,0,0,288,,0.0,2.512345156952752,0.19807756,0.0,,,,,,
Estructura de Datos,2526-1,2,anon_355,4,2,mediano,0,0,288,,0.0,2.512345156952752,1.0478601,0.0,,,,,,
Estructura de Datos,2526-1,2,anon_355,6,2,mediano,0,0,288,,0.0,2.512345156952752,0.48024213,0.0,,,,,,
Estructura de Datos,2526-1,2,anon_355,8,2,mediano,0,0,288,,0.0,2.512345156952752,0.19440043,0.0,,,,,,
Estructura de Datos,2526-1,2,anon_356,4,2,mediano,0,0,288,,0.0,2.512345156952752,0.9527576,0.0,,,,,,
Estructura de Datos,2526-1,2,anon_356,6,2,mediano,0,0,288,,0.0,2.512345156952752,0.41308284,0.0,,,,,,
Estructura de Datos,2526-1,2,anon_356,8,2,mediano,0,0,288,,0.0,2.512345156952752,0.19190073,0.0,,,,,,
Estructura de Datos,2526-1,2,anon_012,4,1,mediano,0,0,102,,0.0,6.3947979663111365,0.77928066,0.0,,,,,,
Estructura de Datos,2526-1,2,anon_012,6,1,mediano,0,0,102,,0.0,6.3947979663111365,0.50077534,0.0,,,,,,
Estructura de Datos,2526-1,2,anon_012,8,1,mediano,0,0,102,,0.0,6.3947979663111365,0.21044242,0.0,,,,,,
Estructura de Datos,2526-1,2,anon_333,4,5 o más,mediano,0,0,128,,0.0,2.098957668314869,1.2430058,0.0,,,,,,
Estructura de Datos,2526-1,2,anon_333,6,5 o más,mediano,0,0,128,,0.0,2.098957668314869,0.22242999,0.0,,,,,,
Estructura de Datos,2526-1,2,anon_333,8,5 o más,mediano,0,0,128,,0.0,2.098957668314869,0.27972007,0.0,,,,,,
Estructura de Datos,2526-1,2,anon_357,4,3,mediano,0,0,232,,0.0,1.2582537303467538,0.8754618,0.0,,,,,,
Estructura de Datos,2526-1,2,anon_357,6,3,mediano,0,0,232,,0.0,1.2582537303467538,0.17697978,0.0,,,,,,
Estructura de Datos,2526-1,2,anon_357,8,3,mediano,0,0,232,,0.0,1.2582537303467538,0.2705201,0.0,,,,,,
Estructura de Datos,2526-1,2,anon_336,4,1,mediano,2,0,4,,21.0,5.112488375182676,2.845271,6.0,,,,,,
Estructura de Datos,2526-1,2,anon_336,6,1,mediano,1,0,6,,21.0,6.821195989708101,3.9056017,6.0,,,,,,
Estructura de Datos,2526-1,2,anon_336,8,1,mediano,2,0,4,,21.0,5.112488375182676,5.515332,7.5,,,,,,
Estructura de Datos,2526-1,2,anon_358,4,2,mediano,0,1,30,,5.0,4.760542002526735,3.8670425,6.0,,,,,,
Estructura de Datos,2526-1,2,anon_358,6,2,mediano,0,3 o más,10,,5.0,12.680510688202997,7.2012744,10.0,,,,,,
Estructura de Datos,2526-1,2,anon_358,8,2,mediano,0,0,288,,5.0,2.512345156952752,5.952821,7.5,,,,,,
Estructura de Datos,2526-1,2,anon_359,4,3,mediano,0,0,232,,0.0,1.2582537303467538,0.72907805,0.0,,,,,,
Estructura de Datos,2526-1,2,anon_359,6,3,mediano,0,0,232,,0.0,1.2582537303467538,0.11052704,0.0,,,,,,
Estructura de Datos,2526-1,2,anon_359,8,3,mediano,0,0,232,,0.0,1.2582537303467538,0.3640113,0.0,,,,,,
Estructura de Datos,2526-1,2,anon_360,4,2,mediano,0,0,288,,0.0,2.512345156952752,0.53814936,0.0,,,,,,
Estructura de Datos,2526-1,2,anon_360,6,2,mediano,0,0,288,,0.0,2.512345156952752,0.10962248,0.0,,,,,,
Estructura de Datos,2526-1,2,anon_360,8,2,mediano,0,0,288,,0.0,2.512345156952752,0.20806527,0.0,,,,,,
Estructura de Datos,2526-1,2,anon_361,4,3,mediano,0,0,232,,0.0,1.2582537303467538,0.6596627,0.0,,,,,,
Estructura de Datos,2526-1,2,anon_361,6,3,mediano,0,0,232,,0.0,1.2582537303467538,0.082472324,0.0,,,,,,
Estructura de Datos,2526-1,2,anon_361,8,3,mediano,0,0,232,,0.0,1.2582537303467538,0.42604613,0.0,,,,,,
Estructura de Datos,2526-1,2,anon_362,4,4,mediano,0,0,146,,0.0,1.7496102081206946,0.83668923,0.0,,,,,,
Estructura de Datos,2526-1,2,anon_362,6,4,mediano,0,0,146,,0.0,1.7496102081206946,0.14325333,0.0,,,,,,
Estructura de Datos,2526-1,2,anon_362,8,4,mediano,0,0,146,,0.0,1.7496102081206946,0.64595747,0.0,,,,,,
Estructura de Datos,2526-1,2,anon_363,4,2,mediano,0,0,288,,1.0,2.512345156952752,2.023667,3.0,,,,,,
Estructura de Datos,2526-1,2,anon_363,6,2,mediano,0,0,288,,1.0,2.512345156952752,1.4282564,2.0,,,,,,
Estructura de Datos,2526-1,2,anon_363,8,2,mediano,0,0,288,,1.0,2.512345156952752,1.3391312,1.5,,,,,,
Estructura de Datos,2526-1,2,anon_342,4,4,mediano,3 o más,0,6,,4.0,21.449889095909857,5.4442472,12.0,,,,,,
Estructura de Datos,2526-1,2,anon_342,6,4,mediano,0,0,146,,4.0,1.7496102081206946,5.27679,8.0,,,,,,
Estructura de Datos,2526-1,2,anon_342,8,4,mediano,0,0,146,,4.0,1.7496102081206946,5.5580883,6.0,,,,,,
Estructura de Datos,2526-1,2,anon_364,4,5 o más,mediano,0,1,8,,23.0,3.394052614052615,6.257061,9.0,,,,,,
Estructura de Datos,2526-1,2,anon_364,6,5 o más,mediano,0,3 o más,6,,23.0,15.43232188803123,14.696402,22.0,,,,,,
Estructura de Datos,2526-1,2,anon_364,8,5 o más,mediano,3 o más,0,8,,23.0,13.713333333333331,17.016886,21.0,,,,,,
Estructura de Datos,2526-1,2,anon_365,4,3,mediano,0,0,232,,0.0,1.2582537303467538,0.55690145,0.0,,,,,,
Estructura de Datos,2526-1,2,anon_365,6,3,mediano,0,0,232,,0.0,1.2582537303467538,0.05365491,0.0,,,,,,
Estructura de Datos,2526-1,2,anon_365,8,3,mediano,0,0,232,,0.0,1.2582537303467538,0.5769819,0.0,,,,,,
Estructura de Datos,2526-1,2,anon_366,4,2,mediano,0,0,288,,6.0,2.512345156952752,5.7209997,9.0,,,,,,
Estructura de Datos,2526-1,2,anon_366,6,2,mediano,0,3 o más,10,,6.0,12.680510688202997,8.271988,12.0,,,,,,
Estructura de Datos,2526-1,2,anon_366,8,2,mediano,0,0,288,,6.0,2.512345156952752,7.062958,9.0,,,,,,
Estructura de Datos,2526-1,2,anon_367,4,1,mediano,0,1,20,,14.0,9.410328450599001,4.4640236,9.0,,,,,,
Estructura de Datos,2526-1,2,anon_367,6,1,mediano,1,3 o más,8,,14.0,18.23041625041625,11.137367,18.0,,,,,,
Estructura de Datos,2526-1,2,anon_367,8,1,mediano,1,0,6,,14.0,6.821195989708101,10.974876,15.0,,,,,,
Estructura de Datos,2526-1,2,anon_368,4,2,mediano,0,0,288,,2.0,2.512345156952752,3.4765368,6.0,,,,,,
Estructura de Datos,2526-1,2,anon_368,6,2,mediano,0,0,288,,2.0,2.512345156952752,2.7088509,4.0,,,,,,
Estructura de Datos,2526-1,2,anon_368,8,2,mediano,0,0,288,,2.0,2.512345156952752,2.5308022,3.0,,,,,,
Estructura de Datos,2526-1,2,anon_369,4,1,mediano,0,0,102,,2.0,6.3947979663111365,1.5968673,3.0,,,,,,
Estructura de Datos,2526-1,2,anon_369,6,1,mediano,0,0,102,,2.0,6.3947979663111365,1.2288947,2.0,,,,,,
Estructura de Datos,2526-1,2,anon_369,8,1,mediano,0,0,102,,2.0,6.3947979663111365,1.207106,1.5,,,,,,
Estructura de Datos,2526-1,2,anon_060,4,2,mediano,0,1,30,,2.0,4.760542002526735,1.4757602,3.0,,,,,,
Estructura de Datos,2526-1,2,anon_060,6,2,mediano,1,0,16,,2.0,6.7231402754159575,2.145,4.0,,,,,,
Estructura de Datos,2526-1,2,anon_060,8,2,mediano,0,0,288,,2.0,2.512345156952752,2.4707944,3.0,,,,,,
Estructura de Datos,2526-2,2,anon_031,4,3,pequeño,0,1,0,Tamaño del grupo,3.0,6.626923076923077,7.6132793,9.0,1.0,1.0,6.0,4.429487179487179,Año que cursa=3; Tamaño del grupo=mediano; Participaciones de la semana=0; Participaciones de la semana anterior=1,4.440462330209167
Estructura de Datos,2526-2,2,anon_031,6,3,pequeño,0,0,0,Tamaño del grupo,3.0,6.626923076923077,6.229712,6.0,1.0,1.0,336.0,1.024793956043956,Año que cursa=3; Tamaño del grupo=mediano; Participaciones de la semana=0; Participaciones de la semana anterior=0,1.0337660490030518
Estructura de Datos,2526-2,2,anon_031,8,3,pequeño,0,0,0,Tamaño del grupo,3.0,6.626923076923077,5.478705,4.5,1.0,1.0,336.0,1.024793956043956,Año que cursa=3; Tamaño del grupo=mediano; Participaciones de la semana=0; Participaciones de la semana anterior=0,1.0337660490030518
Estructura de Datos,2526-2,2,anon_347,4,3,pequeño,0,1,0,Tamaño del grupo,9.0,6.626923076923077,7.6109915,9.0,1.0,1.0,6.0,4.429487179487179,Año que cursa=3; Tamaño del grupo=mediano; Participaciones de la semana=0; Participaciones de la semana anterior=1,4.440462330209167
Estructura de Datos,2526-2,2,anon_347,6,3,pequeño,2,2,0,Tamaño del grupo,9.0,6.626923076923077,10.342859,14.0,1.0,1.0,10.0,14.235384615384616,Año que cursa=3; Tamaño del grupo=mediano; Participaciones de la semana=2; Participaciones de la semana anterior=2,14.207876625686186
Estructura de Datos,2526-2,2,anon_347,8,3,pequeño,0,0,0,Tamaño del grupo,9.0,6.626923076923077,9.499655,10.5,1.0,1.0,336.0,1.024793956043956,Año que cursa=3; Tamaño del grupo=mediano; Participaciones de la semana=0; Participaciones de la semana anterior=0,1.0337660490030518
Estructura de Datos,2526-2,2,anon_064,4,2,pequeño,0,0,0,Tamaño del grupo,0.0,6.626923076923077,4.3778896,0.0,1.0,1.0,516.0,2.2344514013118664,Año que cursa=2; Tamaño del grupo=mediano; Participaciones de la semana=0; Participaciones de la semana anterior=0,2.241391316664899
Estructura de Datos,2526-2,2,anon_064,6,2,pequeño,0,0,0,Tamaño del grupo,0.0,6.626923076923077,3.1446223,0.0,1.0,1.0,516.0,2.2344514013118664,Año que cursa=2; Tamaño del grupo=mediano; Participaciones de la semana=0; Participaciones de la semana anterior=0,2.241391316664899
Estructura de Datos,2526-2,2,anon_064,8,2,pequeño,0,0,0,Tamaño del grupo,0.0,6.626923076923077,2.438756,0.0,1.0,1.0,516.0,2.2344514013118664,Año que cursa=2; Tamaño del grupo=mediano; Participaciones de la semana=0; Participaciones de la semana anterior=0,2.241391316664899
Estructura de Datos,2526-2,2,anon_067,4,2,pequeño,0,1,0,Tamaño del grupo,7.0,6.626923076923077,6.500375,6.0,1.0,1.0,42.0,3.9950549450549446,Año que cursa=2; Tamaño del grupo=mediano; Participaciones de la semana=0; Participaciones de la semana anterior=1,4.000409923889962
Estructura de Datos,2526-2,2,anon_067,6,2,pequeño,0,1,0,Tamaño del grupo,7.0,6.626923076923077,6.204182,6.0,1.0,1.0,42.0,3.9950549450549446,Año que cursa=2; Tamaño del grupo=mediano; Participaciones de la semana=0; Participaciones de la semana anterior=1,4.000409923889962
Estructura de Datos,2526-2,2,anon_067,8,2,pequeño,0,0,0,Tamaño del grupo,7.0,6.626923076923077,5.446125,4.5,1.0,1.0,516.0,2.2344514013118664,Año que cursa=2; Tamaño del grupo=mediano; Participaciones de la semana=0; Participaciones de la semana anterior=0,2.241391316664899
Estructura de Datos,2526-2,2,anon_370,4,5 o más,pequeño,3 o más,3 o más,0,Tamaño del grupo,44.0,6.626923076923077,30.058943,66.0,1.0,1.0,4.0,19.846153846153847,Año que cursa=5 o más; Tamaño del grupo=mediano; Participaciones de la semana=3 o más; Participaciones de la semana anterior=3 o más,19.757412943886997
Estructura de Datos,2526-2,2,anon_370,6,5 o más,pequeño,0,3 o más,0,Tamaño del grupo,44.0,6.626923076923077,34.919823,60.0,1.0,1.0,8.0,15.76923076923077,Año que cursa=5 o más; Tamaño del grupo=mediano; Participaciones de la semana=0; Participaciones de la semana anterior=3 o más,15.731445159920911
Estructura de Datos,2526-2,2,anon_370,8,5 o más,pequeño,3 o más,1,0,Tamaño del grupo,44.0,6.626923076923077,37.83575,52.5,2.0,3.0,20.0,17.040769230769232,Año que cursa=4; Tamaño del grupo=mediano; Participaciones de la semana=3 o más; Participaciones de la semana anterior=1 | Año que cursa=5 o más; Tamaño del grupo=mediano; Participaciones de la semana=2; Participaciones de la semana anterior=1 | Año que cursa=5 o más; Tamaño del grupo=mediano; Participaciones de la semana=3 o más; Participaciones de la semana anterior=0,6.626923076923077
Estructura de Datos,2526-2,2,anon_371,4,2,pequeño,0,0,0,Tamaño del grupo,9.0,6.626923076923077,4.180049,0.0,1.0,1.0,516.0,2.2344514013118664,Año que cursa=2; Tamaño del grupo=mediano; Participaciones de la semana=0; Participaciones de la semana anterior=0,2.241391316664899
Estructura de Datos,2526-2,2,anon_371,6,2,pequeño,0,3 o más,0,Tamaño del grupo,9.0,6.626923076923077,7.2018657,8.0,1.0,1.0,18.0,9.696581196581196,Año que cursa=2; Tamaño del grupo=mediano; Participaciones de la semana=0; Participaciones de la semana anterior=3 o más,9.688311736188627
Estructura de Datos,2526-2,2,anon_371,8,2,pequeño,0,0,0,Tamaño del grupo,9.0,6.626923076923077,6.432951,6.0,1.0,1.0,516.0,2.2344514013118664,Año que cursa=2; Tamaño del grupo=mediano; Participaciones de la semana=0; Participaciones de la semana anterior=0,2.241391316664899
Estructura de Datos,2526-2,2,anon_372,4,5 o más,pequeño,0,0,0,Tamaño del grupo,4.0,6.626923076923077,3.7916238,0.0,1.0,1.0,174.0,1.726259946949602,Año que cursa=5 o más; Tamaño del grupo=mediano; Participaciones de la semana=0; Participaciones de la semana anterior=0,1.7343910244269782
Estructura de Datos,2526-2,2,anon_372,6,5 o más,pequeño,3 o más,0,0,Tamaño del grupo,4.0,6.626923076923077,6.875051,8.0,1.0,1.0,12.0,15.170512820512819,Año que cursa=5 o más; Tamaño del grupo=mediano; Participaciones de la semana=3 o más; Participaciones de la semana anterior=0,15.142574600522856
Estructura de Datos,2526-2,2,anon_372,8,5 o más,pequeño,0,0,0,Tamaño del grupo,4.0,6.626923076923077,6.310695,6.0,1.0,1.0,174.0,1.726259946949602,Año que cursa=5 o más; Tamaño del grupo=mediano; Participaciones de la semana=0; Participaciones de la semana anterior=0,1.7343910244269782
Estructura de Datos,2526-2,2,anon_373,4,3,pequeño,0,0,0,Tamaño del grupo,2.0,6.626923076923077,3.9113212,0.0,1.0,1.0,336.0,1.024793956043956,Año que cursa=3; Tamaño del grupo=mediano; Participaciones de la semana=0; Participaciones de la semana anterior=0,1.0337660490030518
Estructura de Datos,2526-2,2,anon_373,6,3,pequeño,0,0,0,Tamaño del grupo,2.0,6.626923076923077,2.8000722,0.0,1.0,1.0,336.0,1.024793956043956,Año que cursa=3; Tamaño del grupo=mediano; Participaciones de la semana=0; Participaciones de la semana anterior=0,1.0337660490030518
Estructura de Datos,2526-2,2,anon_373,8,3,pequeño,1,0,0,Tamaño del grupo,2.0,6.626923076923077,3.275086,1.5,1.0,1.0,4.0,5.819230769230769,Año que cursa=3; Tamaño del grupo=mediano; Participaciones de la semana=1; Participaciones de la semana anterior=0,5.82465282028577
Estructura de Datos,2526-2,2,anon_355,4,3,pequeño,0,0,0,Tamaño del grupo,0.0,6.626923076923077,3.8467355,0.0,1.0,1.0,336.0,1.024793956043956,Año que cursa=3; Tamaño del grupo=mediano; Participaciones de la semana=0; Participaciones de la semana anterior=0,1.0337660490030518
Estructura de Datos,2526-2,2,anon_355,6,3,pequeño,0,0,0,Tamaño del grupo,0.0,6.626923076923077,2.750955,0.0,1.0,1.0,336.0,1.024793956043956,Año que cursa=3; Tamaño del grupo=mediano; Participaciones de la semana=0; Participaciones de la semana anterior=0,1.0337660490030518
Estructura de Datos,2526-2,2,anon_355,8,3,pequeño,0,0,0,Tamaño del grupo,0.0,6.626923076923077,2.2388148,0.0,1.0,1.0,336.0,1.024793956043956,Año que cursa=3; Tamaño del grupo=mediano; Participaciones de la semana=0; Participaciones de la semana anterior=0,1.0337660490030518
Estructura de Datos,2526-2,2,anon_374,4,2,pequeño,0,0,0,Tamaño del grupo,9.0,6.626923076923077,3.9165583,0.0,1.0,1.0,516.0,2.2344514013118664,Año que cursa=2; Tamaño del grupo=mediano; Participaciones de la semana=0; Participaciones de la semana anterior=0,2.241391316664899
Estructura de Datos,2526-2,2,anon_374,6,2,pequeño,0,0,0,Tamaño del grupo,9.0,6.626923076923077,2.7920237,0.0,1.0,1.0,516.0,2.2344514013118664,Año que cursa=2; Tamaño del grupo=mediano; Participaciones de la semana=0; Participaciones de la semana anterior=0,2.241391316664899
Estructura de Datos,2526-2,2,anon_374,8,2,pequeño,0,0,0,Tamaño del grupo,9.0,6.626923076923077,2.2381833,0.0,1.0,1.0,516.0,2.2344514013118664,Año que cursa=2; Tamaño del grupo=mediano; Participaciones de la semana=0; Participaciones de la semana anterior=0,2.241391316664899
Estructura de Datos,2526-2,2,anon_205,4,5 o más,pequeño,0,0,0,Tamaño del grupo,0.0,6.626923076923077,3.5400991,0.0,1.0,1.0,174.0,1.726259946949602,Año que cursa=5 o más; Tamaño del grupo=mediano; Participaciones de la semana=0; Participaciones de la semana anterior=0,1.7343910244269782
Estructura de Datos,2526-2,2,anon_205,6,5 o más,pequeño,0,0,0,Tamaño del grupo,0.0,6.626923076923077,2.5522082,0.0,1.0,1.0,174.0,1.726259946949602,Año que cursa=5 o más; Tamaño del grupo=mediano; Participaciones de la semana=0; Participaciones de la semana anterior=0,1.7343910244269782
Estructura de Datos,2526-2,2,anon_205,8,5 o más,pequeño,0,0,0,Tamaño del grupo,0.0,6.626923076923077,2.1580193,0.0,1.0,1.0,174.0,1.726259946949602,Año que cursa=5 o más; Tamaño del grupo=mediano; Participaciones de la semana=0; Participaciones de la semana anterior=0,1.7343910244269782
Estructura de Datos,2526-2,2,anon_360,4,3,pequeño,0,0,0,Tamaño del grupo,0.0,6.626923076923077,3.6548018,0.0,1.0,1.0,336.0,1.024793956043956,Año que cursa=3; Tamaño del grupo=mediano; Participaciones de la semana=0; Participaciones de la semana anterior=0,1.0337660490030518
Estructura de Datos,2526-2,2,anon_360,6,3,pequeño,0,0,0,Tamaño del grupo,0.0,6.626923076923077,2.6036057,0.0,1.0,1.0,336.0,1.024793956043956,Año que cursa=3; Tamaño del grupo=mediano; Participaciones de la semana=0; Participaciones de la semana anterior=0,1.0337660490030518
Estructura de Datos,2526-2,2,anon_360,8,3,pequeño,0,0,0,Tamaño del grupo,0.0,6.626923076923077,2.151714,0.0,1.0,1.0,336.0,1.024793956043956,Año que cursa=3; Tamaño del grupo=mediano; Participaciones de la semana=0; Participaciones de la semana anterior=0,1.0337660490030518
Estructura de Datos,2526-2,2,anon_375,4,2,pequeño,0,0,0,Tamaño del grupo,0.0,6.626923076923077,3.7222247,0.0,1.0,1.0,516.0,2.2344514013118664,Año que cursa=2; Tamaño del grupo=mediano; Participaciones de la semana=0; Participaciones de la semana anterior=0,2.241391316664899
Estructura de Datos,2526-2,2,anon_375,6,2,pequeño,0,0,0,Tamaño del grupo,0.0,6.626923076923077,2.6404462,0.0,1.0,1.0,516.0,2.2344514013118664,Año que cursa=2; Tamaño del grupo=mediano; Participaciones de la semana=0; Participaciones de la semana anterior=0,2.241391316664899
Estructura de Datos,2526-2,2,anon_375,8,2,pequeño,0,0,0,Tamaño del grupo,0.0,6.626923076923077,2.147439,0.0,1.0,1.0,516.0,2.2344514013118664,Año que cursa=2; Tamaño del grupo=mediano; Participaciones de la semana=0; Participaciones de la semana anterior=0,2.241391316664899
Estructura de Datos,2526-2,2,anon_077,4,2,pequeño,0,0,0,Tamaño del grupo,0.0,6.626923076923077,3.6585393,0.0,1.0,1.0,516.0,2.2344514013118664,Año que cursa=2; Tamaño del grupo=mediano; Participaciones de la semana=0; Participaciones de la semana anterior=0,2.241391316664899
Estructura de Datos,2526-2,2,anon_077,6,2,pequeño,0,0,0,Tamaño del grupo,0.0,6.626923076923077,2.5904052,0.0,1.0,1.0,516.0,2.2344514013118664,Año que cursa=2; Tamaño del grupo=mediano; Participaciones de la semana=0; Participaciones de la semana anterior=0,2.241391316664899
Estructura de Datos,2526-2,2,anon_077,8,2,pequeño,0,0,0,Tamaño del grupo,0.0,6.626923076923077,2.1168218,0.0,1.0,1.0,516.0,2.2344514013118664,Año que cursa=2; Tamaño del grupo=mediano; Participaciones de la semana=0; Participaciones de la semana anterior=0,2.241391316664899
Estructura de Datos,2526-2,2,anon_080,4,2,pequeño,0,1,0,Tamaño del grupo,14.0,6.626923076923077,9.316372,15.0,1.0,1.0,42.0,3.9950549450549446,Año que cursa=2; Tamaño del grupo=mediano; Participaciones de la semana=0; Participaciones de la semana anterior=1,4.000409923889962
Estructura de Datos,2526-2,2,anon_080,6,2,pequeño,2,2,0,Tamaño del grupo,14.0,6.626923076923077,12.037802,18.0,1.0,1.0,2.0,8.1,Año que cursa=2; Tamaño del grupo=mediano; Participaciones de la semana=2; Participaciones de la semana anterior=2,8.082569004767286
Estructura de Datos,2526-2,2,anon_080,8,2,pequeño,0,0,0,Tamaño del grupo,14.0,6.626923076923077,11.270321,13.5,1.0,1.0,516.0,2.2344514013118664,Año que cursa=2; Tamaño del grupo=mediano; Participaciones de la semana=0; Participaciones de la semana anterior=0,2.241391316664899
Estructura de Datos,2526-2,2,anon_376,4,2,pequeño,0,1,0,Tamaño del grupo,3.0,6.626923076923077,6.869128,9.0,1.0,1.0,42.0,3.9950549450549446,Año que cursa=2; Tamaño del grupo=mediano; Participaciones de la semana=0; Participaciones de la semana anterior=1,4.000409923889962
Estructura de Datos,2526-2,2,anon_376,6,2,pequeño,0,0,0,Tamaño del grupo,3.0,6.626923076923077,5.639968,6.0,1.0,1.0,516.0,2.2344514013118664,Año que cursa=2; Tamaño del grupo=mediano; Participaciones de la semana=0; Participaciones de la semana anterior=0,2.241391316664899
Estructura de Datos,2526-2,2,anon_376,8,2,pequeño,0,0,0,Tamaño del grupo,3.0,6.626923076923077,5.1030087,4.5,1.0,1.0,516.0,2.2344514013118664,Año que cursa=2; Tamaño del grupo=mediano; Participaciones de la semana=0; Participaciones de la semana anterior=0,2.241391316664899
Estructura de Datos,2526-2,2,anon_377,4,3,pequeño,0,0,0,Tamaño del grupo,8.0,6.626923076923077,3.344731,0.0,1.0,1.0,336.0,1.024793956043956,Año que cursa=3; Tamaño del grupo=mediano; Participaciones de la semana=0; Participaciones de la semana anterior=0,1.0337660490030518
Estructura de Datos,2526-2,2,anon_377,6,3,pequeño,2,0,0,Tamaño del grupo,8.0,6.626923076923077,4.432152,4.0,1.0,1.0,14.0,10.909340659340659,Año que cursa=3; Tamaño del grupo=mediano; Participaciones de la semana=2; Participaciones de la semana anterior=0,10.896393873585552
Estructura de Datos,2526-2,2,anon_377,8,3,pequeño,0,0,0,Tamaño del grupo,8.0,6.626923076923077,4.029909,3.0,1.0,1.0,336.0,1.024793956043956,Año que cursa=3; Tamaño del grupo=mediano; Participaciones de la semana=0; Participaciones de la semana anterior=0,1.0337660490030518
Estructura de Datos,2526-2,2,anon_087,4,2,pequeño,0,0,0,Tamaño del grupo,0.0,6.626923076923077,3.4111872,0.0,1.0,1.0,516.0,2.2344514013118664,Año que cursa=2; Tamaño del grupo=mediano; Participaciones de la semana=0; Participaciones de la semana anterior=0,2.241391316664899
Estructura de Datos,2526-2,2,anon_087,6,2,pequeño,0,0,0,Tamaño del grupo,0.0,6.626923076923077,2.3944383,0.0,1.0,1.0,516.0,2.2344514013118664,Año que cursa=2; Tamaño del grupo=mediano; Participaciones de la semana=0; Participaciones de la semana anterior=0,2.241391316664899
Estructura de Datos,2526-2,2,anon_087,8,2,pequeño,0,0,0,Tamaño del grupo,0.0,6.626923076923077,1.9933045,0.0,1.0,1.0,516.0,2.2344514013118664,Año que cursa=2; Tamaño del grupo=mediano; Participaciones de la semana=0; Participaciones de la semana anterior=0,2.241391316664899
Estructura de Datos,2526-3,2,anon_004,4,2,mediano,0,0,388,,7.0,1.988148773642465,3.0020142,0.0,,,,,,
Estructura de Datos,2526-3,2,anon_004,6,2,mediano,0,2,12,,7.0,14.064891399761418,5.6039906,4.0,,,,,,
Estructura de Datos,2526-3,2,anon_004,8,2,mediano,0,0,388,,7.0,1.988148773642465,5.8945484,3.0,,,,,,
Estructura de Datos,2526-3,2,anon_349,4,2,mediano,2,2,0,,6.0,7.057922077922078,11.154494,12.0,1.0,6.0,22.0,16.29586776859504,Año que cursa=1; Tamaño del grupo=mediano; Participaciones de la semana=2; Participaciones de la semana anterior=2 | Año que cursa=2; Tamaño del grupo=mediano; Participaciones de la semana=1; Participaciones de la semana anterior=2 | Año que cursa=2; Tamaño del grupo=mediano; Participaciones de la semana=2; Participaciones de la semana anterior=1 | Año que cursa=2; Tamaño del grupo=mediano; Participaciones de la semana=2; Participaciones de la semana anterior=3 o más | Año que cursa=2; Tamaño del grupo=mediano; Participaciones de la semana=3 o más; Participaciones de la semana anterior=2 | Año que cursa=2; Tamaño del grupo=pequeño; Participaciones de la semana=2; Participaciones de la semana anterior=2,7.057922077922078
Estructura de Datos,2526-3,2,anon_349,6,2,mediano,0,1,36,,6.0,3.465210428669076,12.208474,10.0,,,,,,
Estructura de Datos,2526-3,2,anon_349,8,2,mediano,0,1,36,,6.0,3.465210428669076,11.611004,9.0,,,,,,
Estructura de Datos,2526-3,2,anon_324,4,5 o más,mediano,0,0,100,,0.0,0.9514020617998957,1.7614017,0.0,,,,,,
Estructura de Datos,2526-3,2,anon_324,6,5 o más,mediano,0,0,100,,0.0,0.9514020617998957,1.0244219,0.0,,,,,,
Estructura de Datos,2526-3,2,anon_324,8,5 o más,mediano,0,0,100,,0.0,0.9514020617998957,1.1469665,0.0,,,,,,
Estructura de Datos,2526-3,2,anon_372,4,5 o más,mediano,2,3 o más,0,,10.0,7.057922077922078,9.356453,15.0,1.0,2.0,6.0,22.363636363636363,Año que cursa=5 o más; Tamaño del grupo=mediano; Participaciones de la semana=1; Participaciones de la semana anterior=3 o más | Año que cursa=5 o más; Tamaño del grupo=mediano; Participaciones de la semana=3 o más; Participaciones de la semana anterior=3 o más,7.057922077922078
Estructura de Datos,2526-3,2,anon_372,6,5 o más,mediano,1,2,0,,10.0,7.057922077922078,12.497797,16.0,1.0,4.0,10.0,22.363636363636363,Año que cursa=4; Tamaño del grupo=mediano; Participaciones de la semana=1; Participaciones de la semana anterior=2 | Año que cursa=5 o más; Tamaño del grupo=mediano; Participaciones de la semana=0; Participaciones de la semana anterior=2 | Año que cursa=5 o más; Tamaño del grupo=mediano; Participaciones de la semana=1; Participaciones de la semana anterior=1 | Año que cursa=5 o más; Tamaño del grupo=mediano; Participaciones de la semana=1; Participaciones de la semana anterior=3 o más,7.057922077922078
Estructura de Datos,2526-3,2,anon_372,8,5 o más,mediano,0,0,100,,10.0,0.9514020617998957,11.32784,12.0,,,,,,
Estructura de Datos,2526-3,2,anon_326,4,3,mediano,0,2,0,,12.0,7.057922077922078,6.0553927,6.0,1.0,3.0,20.0,11.161688311688312,Año que cursa=2; Tamaño del grupo=mediano; Participaciones de la semana=0; Participaciones de la semana anterior=2 | Año que cursa=3; Tamaño del grupo=mediano; Participaciones de la semana=0; Participaciones de la semana anterior=1 | Año que cursa=3; Tamaño del grupo=pequeño; Participaciones de la semana=0; Participaciones de la semana anterior=2,7.057922077922078
Estructura de Datos,2526-3,2,anon_326,6,3,mediano,0,2,0,,12.0,7.057922077922078,8.526291,8.0,1.0,3.0,20.0,11.161688311688312,Año que cursa=2; Tamaño del grupo=mediano; Participaciones de la semana=0; Participaciones de la semana anterior=2 | Año que cursa=3; Tamaño del grupo=mediano; Participaciones de la semana=0; Participaciones de la semana anterior=1 | Año que cursa=3; Tamaño del grupo=pequeño; Participaciones de la semana=0; Participaciones de la semana anterior=2,7.057922077922078
Estructura de Datos,2526-3,2,anon_326,8,3,mediano,2,2,0,,12.0,7.057922077922078,12.709861,12.0,1.0,1.0,2.0,7.9,Año que cursa=3; Tamaño del grupo=pequeño; Participaciones de la semana=2; Participaciones de la semana anterior=2,7.057922077922078
Estructura de Datos,2526-3,2,anon_378,4,4,mediano,0,0,144,,2.0,1.4248770150722994,4.4234147,3.0,,,,,,
Estructura de Datos,2526-3,2,anon_378,6,4,mediano,0,1,6,,2.0,8.497167123533906,4.227872,4.0,,,,,,
Estructura de Datos,2526-3,2,anon_378,8,4,mediano,0,0,144,,2.0,1.4248770150722994,3.9768746,3.0,,,,,,
Estructura de Datos,2526-3,2,anon_379,4,4,mediano,3 o más,1,0,,19.0,7.057922077922078,22.60548,30.0,1.0,3.0,6.0,16.06060606060606,Año que cursa=4; Tamaño del grupo=mediano; Participaciones de la semana=2; Participaciones de la semana anterior=1 | Año que cursa=4; Tamaño del grupo=mediano; Participaciones de la semana=3 o más; Participaciones de la semana anterior=0 | Año que cursa=4; Tamaño del grupo=mediano; Participaciones de la semana=3 o más; Participaciones de la semana anterior=2,7.057922077922078
Estructura de Datos,2526-3,2,anon_379,6,4,mediano,0,2,0,,19.0,7.057922077922078,21.661896,24.0,1.0,4.0,16.0,14.80194805194805,Año que cursa=4; Tamaño del grupo=mediano; Participaciones de la semana=0; Participaciones de la semana anterior=1 | Año que cursa=4; Tamaño del grupo=mediano; Participaciones de la semana=0; Participaciones de la semana anterior=3 o más | Año que cursa=4; Tamaño del grupo=mediano; Participaciones de la semana=1; Participaciones de la semana anterior=2 | Año que cursa=5 o más; Tamaño del grupo=mediano; Participaciones de la semana=0; Participaciones de la semana anterior=2,7.057922077922078
Estructura de Datos,2526-3,2,anon_379,8,4,mediano,2,0,4,,19.0,22.2843321445394,19.977362,21.0,,,,,,
Estructura de Datos,2526-3,2,anon_007,4,2,mediano,0,0,388,,0.0,1.988148773642465,2.160864,0.0,,,,,,
Estructura de Datos,2526-3,2,anon_007,6,2,mediano,0,0,388,,0.0,1.988148773642465,1.272795,0.0,,,,,,
Estructura de Datos,2526-3,2,anon_007,8,2,mediano,0,0,388,,0.0,1.988148773642465,1.9156797,0.0,,,,,,
Estructura de Datos,2526-3,2,anon_356,4,3,mediano,0,0,170,,0.0,0.3259586853533674,1.465752,0.0,,,,,,
Estructura de Datos,2526-3,2,anon_356,6,3,mediano,0,0,170,,0.0,0.3259586853533674,0.6778766,0.0,,,,,,
Estructura de Datos,2526-3,2,anon_356,8,3,mediano,0,0,170,,0.0,0.3259586853533674,1.1733897,0.0,,,,,,
Estructura de Datos,2526-3,2,anon_380,4,2,mediano,0,0,388,,3.0,1.988148773642465,1.9783884,0.0,,,,,,
Estructura de Datos,2526-3,2,anon_380,6,2,mediano,0,0,388,,3.0,1.988148773642465,1.0228491,0.0,,,,,,
Estructura de Datos,2526-3,2,anon_380,8,2,mediano,0,0,388,,3.0,1.988148773642465,1.6393902,0.0,,,,,,
Estructura de Datos,2526-3,2,anon_381,4,3,mediano,2,2,0,,4.0,7.057922077922078,8.398685,12.0,1.0,1.0,2.0,7.9,Año que cursa=3; Tamaño del grupo=pequeño; Participaciones de la semana=2; Participaciones de la semana anterior=2,7.057922077922078
Estructura de Datos,2526-3,2,anon_381,6,3,mediano,0,0,170,,4.0,0.3259586853533674,7.739061,8.0,,,,,,
Estructura de Datos,2526-3,2,anon_381,8,3,mediano,0,0,170,,4.0,0.3259586853533674,7.0637913,6.0,,,,,,
Estructura de Datos,2526-3,2,anon_382,4,3,mediano,0,2,0,,2.0,7.057922077922078,5.0403748,6.0,1.0,3.0,20.0,11.161688311688312,Año que cursa=2; Tamaño del grupo=mediano; Participaciones de la semana=0; Participaciones de la semana anterior=2 | Año que cursa=3; Tamaño del grupo=mediano; Participaciones de la semana=0; Participaciones de la semana anterior=1 | Año que cursa=3; Tamaño del grupo=pequeño; Participaciones de la semana=0; Participaciones de la semana anterior=2,7.057922077922078
Estructura de Datos,2526-3,2,anon_382,6,3,mediano,0,0,170,,2.0,0.3259586853533674,3.8784113,4.0,,,,,,
Estructura de Datos,2526-3,2,anon_382,8,3,mediano,0,0,170,,2.0,0.3259586853533674,3.8335936,3.0,,,,,,
Estructura de Datos,2526-3,2,anon_383,4,5 o más,mediano,3 o más,0,4,,3.0,22.2843321445394,4.8785114,9.0,,,,,,
Estructura de Datos,2526-3,2,anon_383,6,5 o más,mediano,0,0,100,,3.0,0.9514020617998957,4.390219,6.0,,,,,,
Estructura de Datos,2526-3,2,anon_383,8,5 o más,mediano,0,0,100,,3.0,0.9514020617998957,4.1869025,4.5,,,,,,
Estructura de Datos,2526-3,2,anon_384,4,1,mediano,0,0,188,,2.0,4.398857804799079,2.6390724,0.0,,,,,,
Estructura de Datos,2526-3,2,anon_384,6,1,mediano,0,0,188,,2.0,4.398857804799079,1.3141205,0.0,,,,,,
Estructura de Datos,2526-3,2,anon_384,8,1,mediano,2,0,4,,2.0,22.2843321445394,4.096301,3.0,,,,,,
Estructura de Datos,2526-3,2,anon_385,4,4,mediano,0,0,144,,0.0,1.4248770150722994,1.0307992,0.0,,,,,,
Estructura de Datos,2526-3,2,anon_385,6,4,mediano,0,0,144,,0.0,1.4248770150722994,0.15994024,0.0,,,,,,
Estructura de Datos,2526-3,2,anon_385,8,4,mediano,0,0,144,,0.0,1.4248770150722994,0.32926726,0.0,,,,,,
Estructura de Datos,2526-3,2,anon_375,4,2,mediano,3 o más,0,12,,4.0,11.971772040784174,9.248074,12.0,,,,,,
Estructura de Datos,2526-3,2,anon_375,6,2,mediano,0,0,388,,4.0,1.988148773642465,7.3502817,8.0,,,,,,
Estructura de Datos,2526-3,2,anon_375,8,2,mediano,0,0,388,,4.0,1.988148773642465,6.847026,6.0,,,,,,
Estructura de Datos,2526-3,2,anon_386,4,2,mediano,0,2,12,,2.0,14.064891399761418,5.3184986,6.0,,,,,,
Estructura de Datos,2526-3,2,anon_386,6,2,mediano,0,0,388,,2.0,1.988148773642465,3.658764,4.0,,,,,,
Estructura de Datos,2526-3,2,anon_386,8,2,mediano,0,0,388,,2.0,1.988148773642465,3.7457964,3.0,,,,,,
Estructura de Datos,2526-3,2,anon_387,4,3,mediano,2,0,0,,4.0,7.057922077922078,10.144784,12.0,1.0,4.0,22.0,11.036363636363635,Año que cursa=2; Tamaño del grupo=mediano; Participaciones de la semana=2; Participaciones de la semana anterior=0 | Año que cursa=3; Tamaño del grupo=mediano; Participaciones de la semana=1; Participaciones de la semana anterior=0 | Año que cursa=3; Tamaño del grupo=pequeño; Participaciones de la semana=2; Participaciones de la semana anterior=0 | Año que cursa=4; Tamaño del grupo=mediano; Participaciones de la semana=2; Participaciones de la semana anterior=0,7.057922077922078
Estructura de Datos,2526-3,2,anon_387,6,3,mediano,0,0,170,,4.0,0.3259586853533674,7.1100283,8.0,,,,,,
Estructura de Datos,2526-3,2,anon_387,8,3,mediano,0,0,170,,4.0,0.3259586853533674,6.1842127,6.0,,,,,,
Estructura de Datos,2526-3,2,anon_339,4,3,mediano,0,0,170,,0.0,0.3259586853533674,0.9755206,0.0,,,,,,
Estructura de Datos,2526-3,2,anon_339,6,3,mediano,0,0,170,,0.0,0.3259586853533674,-0.020166159,0.0,,,,,,
Estructura de Datos,2526-3,2,anon_339,8,3,mediano,0,0,170,,0.0,0.3259586853533674,0.2483052,0.0,,,,,,
Estructura de Datos,2526-3,2,anon_388,4,1,mediano,2,2,2,,10.0,22.205845494711475,12.322869,15.0,,,,,,
Estructura de Datos,2526-3,2,anon_388,6,1,mediano,0,1,26,,10.0,10.82874673764986,10.570379,12.0,,,,,,
Estructura de Datos,2526-3,2,anon_388,8,1,mediano,3 o más,0,4,,10.0,22.2843321445394,13.103081,13.5,,,,,,
Estructura de Datos,2526-3,2,anon_341,4,4,mediano,0,0,144,,0.0,1.4248770150722994,0.878515,0.0,,,,,,
Estructura de Datos,2526-3,2,anon_341,6,4,mediano,0,0,144,,0.0,1.4248770150722994,-0.030311584,0.0,,,,,,
Estructura de Datos,2526-3,2,anon_341,8,4,mediano,0,0,144,,0.0,1.4248770150722994,0.075485826,0.0,,,,,,
Estructura de Datos,2526-3,2,anon_362,4,5 o más,mediano,1,0,8,,15.0,6.770229718333616,12.068133,18.0,,,,,,
Estructura de Datos,2526-3,2,anon_362,6,5 o más,mediano,0,2,2,,15.0,22.205845494711475,11.934662,16.0,,,,,,
Estructura de Datos,2526-3,2,anon_362,8,5 o más,mediano,0,2,2,,15.0,22.205845494711475,12.67076,15.0,,,,,,
Estructura de Datos,2526-3,2,anon_389,4,5 o más,mediano,0,0,100,,0.0,0.9514020617998957,1.0605967,0.0,,,,,,
Estructura de Datos,2526-3,2,anon_389,6,5 o más,mediano,0,0,100,,0.0,0.9514020617998957,0.16605115,0.0,,,,,,
Estructura de Datos,2526-3,2,anon_389,8,5 o más,mediano,0,0,100,,0.0,0.9514020617998957,0.12454629,0.0,,,,,,
Estructura de Datos,2526-3,2,anon_390,4,3,mediano,0,0,170,,0.0,0.3259586853533674,0.8927667,0.0,,,,,,
Estructura de Datos,2526-3,2,anon_390,6,3,mediano,0,0,170,,0.0,0.3259586853533674,-0.15014195,0.0,,,,,,
Estructura de Datos,2526-3,2,anon_390,8,3,mediano,0,0,170,,0.0,0.3259586853533674,0.041959286,0.0,,,,,,
Estructura de Datos,2526-3,2,anon_363,4,3,mediano,1,0,2,,11.0,3.491693667157585,2.0666296,3.0,,,,,,
Estructura de Datos,2526-3,2,anon_363,6,3,mediano,1,2,0,,11.0,7.057922077922078,4.5427446,8.0,1.0,4.0,14.0,9.492207792207793,Año que cursa=2; Tamaño del grupo=mediano; Participaciones de la semana=1; Participaciones de la semana anterior=2 | Año que cursa=3; Tamaño del grupo=mediano; Participaciones de la semana=1; Participaciones de la semana anterior=1 | Año que cursa=3; Tamaño del grupo=pequeño; Participaciones de la semana=1; Participaciones de la semana anterior=2 | Año que cursa=4; Tamaño del grupo=mediano; Participaciones de la semana=1; Participaciones de la semana anterior=2,7.057922077922078
Estructura de Datos,2526-3,2,anon_363,8,3,mediano,2,0,0,,11.0,7.057922077922078,7.048231,9.0,1.0,4.0,22.0,11.036363636363635,Año que cursa=2; Tamaño del grupo=mediano; Participaciones de la semana=2; Participaciones de la semana anterior=0 | Año que cursa=3; Tamaño del grupo=mediano; Participaciones de la semana=1; Participaciones de la semana anterior=0 | Año que cursa=3; Tamaño del grupo=pequeño; Participaciones de la semana=2; Participaciones de la semana anterior=0 | Año que cursa=4; Tamaño del grupo=mediano; Participaciones de la semana=2; Participaciones de la semana anterior=0,7.057922077922078
Estructura de Datos,2526-3,2,anon_081,4,2,mediano,0,0,388,,2.0,1.988148773642465,5.52553,6.0,,,,,,
Estructura de Datos,2526-3,2,anon_081,6,2,mediano,0,0,388,,2.0,1.988148773642465,3.0132499,4.0,,,,,,
Estructura de Datos,2526-3,2,anon_081,8,2,mediano,0,0,388,,2.0,1.988148773642465,2.9299607,3.0,,,,,,
Estructura de Datos,2526-3,2,anon_365,4,4,mediano,3 o más,2,2,,24.0,22.205845494711475,17.29094,30.0,,,,,,
Estructura de Datos,2526-3,2,anon_365,6,4,mediano,0,3 o más,4,,24.0,12.878773972141847,18.972685,26.0,,,,,,
Estructura de Datos,2526-3,2,anon_365,8,4,mediano,3 o más,0,2,,24.0,3.491693667157585,20.193502,24.0,,,,,,
Estructura de Datos,2526-3,2,anon_391,4,3,mediano,0,0,170,,1.0,0.3259586853533674,3.0290189,3.0,,,,,,
Estructura de Datos,2526-3,2,anon_391,6,3,mediano,0,0,170,,1.0,0.3259586853533674,1.2623845,2.0,,,,,,
Estructura de Datos,2526-3,2,anon_391,8,3,mediano,0,0,170,,1.0,0.3259586853533674,1.2335258,1.5,,,,,,
Estructura de Datos,2526-3,2,anon_087,4,2,mediano,2,0,8,,2.0,11.504329903862372,3.837589,6.0,,,,,,
Estructura de Datos,2526-3,2,anon_087,6,2,mediano,0,0,388,,2.0,1.988148773642465,2.4328752,4.0,,,,,,
Estructura de Datos,2526-3,2,anon_087,8,2,mediano,0,0,388,,2.0,1.988148773642465,2.6044893,3.0,,,,,,
Estructura de Datos,2526-3,2,anon_392,4,3,mediano,0,0,170,,0.0,0.3259586853533674,0.8873317,0.0,,,,,,
Estructura de Datos,2526-3,2,anon_392,6,3,mediano,0,0,170,,0.0,0.3259586853533674,-0.20472312,0.0,,,,,,
Estructura de Datos,2526-3,2,anon_392,8,3,mediano,0,0,170,,0.0,0.3259586853533674,-0.07494831,0.0,,,,,,
Matemáticas Discretas,2526-2,2,anon_md_2526_2_2_001,4,3,pequeño,1,1,0,Tamaño del grupo,5.0,5.413333333333334,5.5845823,6.0,2.0,1.0,2.0,8.8,Año que cursa=3; Tamaño del grupo=grande; Participaciones de la semana=1; Participaciones de la semana anterior=1,8.750169343775665
Matemáticas Discretas,2526-2,2,anon_md_2526_2_2_001,6,3,pequeño,2,1,0,Tamaño del grupo,5.0,5.413333333333334,7.863075,10.0,2.0,1.0,2.0,8.8,Año que cursa=3; Tamaño del grupo=grande; Participaciones de la semana=2; Participaciones de la semana anterior=1,8.750169343775665
Matemáticas Discretas,2526-2,2,anon_md_2526_2_2_001,8,3,pequeño,0,0,0,Tamaño del grupo,5.0,5.413333333333334,6.4019647,7.5,2.0,1.0,96.0,1.2000000000000002,Año que cursa=3; Tamaño del grupo=grande; Participaciones de la semana=0; Participaciones de la semana anterior=0,1.2196610123012548
Matemáticas Discretas,2526-2,2,anon_md_2526_2_2_002,4,2,pequeño,0,0,0,Tamaño del grupo,8.0,5.413333333333334,5.5894437,6.0,2.0,1.0,102.0,1.411764705882353,Año que cursa=2; Tamaño del grupo=grande; Participaciones de la semana=0; Participaciones de la semana anterior=0,1.4303867103361743
Matemáticas Discretas,2526-2,2,anon_md_2526_2_2_002,6,2,pequeño,0,0,0,Tamaño del grupo,8.0,5.413333333333334,4.7793493,4.0,2.0,1.0,102.0,1.411764705882353,Año que cursa=2; Tamaño del grupo=grande; Participaciones de la semana=0; Participaciones de la semana anterior=0,1.4303867103361743
Matemáticas Discretas,2526-2,2,anon_md_2526_2_2_002,8,2,pequeño,1,1,0,Tamaño del grupo,8.0,5.413333333333334,5.380946,6.0,2.0,1.0,16.0,9.416666666666666,Año que cursa=2; Tamaño del grupo=grande; Participaciones de la semana=1; Participaciones de la semana anterior=1,9.393667592044412
Matemáticas Discretas,2526-2,2,anon_md_2526_2_2_003,4,5 o más,pequeño,0,0,0,Tamaño del grupo,0.0,5.413333333333334,3.5450785,0.0,2.0,1.0,102.0,2.143790849673203,Año que cursa=5 o más; Tamaño del grupo=grande; Participaciones de la semana=0; Participaciones de la semana anterior=0,2.159006241526037
Matemáticas Discretas,2526-2,2,anon_md_2526_2_2_003,6,5 o más,pequeño,0,0,0,Tamaño del grupo,0.0,5.413333333333334,2.3940983,0.0,2.0,1.0,102.0,2.143790849673203,Año que cursa=5 o más; Tamaño del grupo=grande; Participaciones de la semana=0; Participaciones de la semana anterior=0,2.159006241526037
Matemáticas Discretas,2526-2,2,anon_md_2526_2_2_003,8,5 o más,pequeño,0,0,0,Tamaño del grupo,0.0,5.413333333333334,1.2325487,0.0,2.0,1.0,102.0,2.143790849673203,Año que cursa=5 o más; Tamaño del grupo=grande; Participaciones de la semana=0; Participaciones de la semana anterior=0,2.159006241526037
Matemáticas Discretas,2526-2,2,anon_md_2526_2_2_004,4,4,pequeño,0,0,0,Tamaño del grupo,6.0,5.413333333333334,5.545756,6.0,2.0,1.0,72.0,0.7333333333333334,Año que cursa=4; Tamaño del grupo=grande; Participaciones de la semana=0; Participaciones de la semana anterior=0,0.7555088538325586
Matemáticas Discretas,2526-2,2,anon_md_2526_2_2_004,6,4,pequeño,0,0,0,Tamaño del grupo,6.0,5.413333333333334,4.5250673,4.0,2.0,1.0,72.0,0.7333333333333334,Año que cursa=4; Tamaño del grupo=grande; Participaciones de la semana=0; Participaciones de la semana anterior=0,0.7555088538325586
Matemáticas Discretas,2526-2,2,anon_md_2526_2_2_004,8,4,pequeño,1,1,0,Tamaño del grupo,6.0,5.413333333333334,5.284605,6.0,2.0,1.0,8.0,8.8,Año que cursa=4; Tamaño del grupo=grande; Participaciones de la semana=1; Participaciones de la semana anterior=1,8.776170663337554
Matemáticas Discretas,2526-2,2,anon_md_2526_2_2_005,4,3,pequeño,1,0,0,Tamaño del grupo,4.0,5.413333333333334,6.5732584,9.0,2.0,1.0,8.0,2.8,Año que cursa=3; Tamaño del grupo=grande; Participaciones de la semana=1; Participaciones de la semana anterior=0,2.818387992070235
Matemáticas Discretas,2526-2,2,anon_md_2526_2_2_005,6,3,pequeño,0,0,0,Tamaño del grupo,4.0,5.413333333333334,5.667017,6.0,2.0,1.0,96.0,1.2000000000000002,Año que cursa=3; Tamaño del grupo=grande; Participaciones de la semana=0; Participaciones de la semana anterior=0,1.2196610123012548
Matemáticas Discretas,2526-2,2,anon_md_2526_2_2_005,8,3,pequeño,1,0,0,Tamaño del grupo,4.0,5.413333333333334,5.3080335,6.0,2.0,1.0,8.0,2.8,Año que cursa=3; Tamaño del grupo=grande; Participaciones de la semana=1; Participaciones de la semana anterior=0,2.818387992070235
Matemáticas Discretas,2526-2,2,anon_md_2526_2_2_006,4,5 o más,pequeño,1,1,0,Tamaño del grupo,9.0,5.413333333333334,6.5309,9.0,2.0,1.0,18.0,9.65925925925926,Año que cursa=5 o más; Tamaño del grupo=grande; Participaciones de la semana=1; Participaciones de la semana anterior=1,9.635476542904991
Matemáticas Discretas,2526-2,2,anon_md_2526_2_2_006,6,5 o más,pequeño,2,0,0,Tamaño del grupo,9.0,5.413333333333334,7.5210238,10.0,2.0,1.0,6.0,8.488888888888887,Año que cursa=5 o más; Tamaño del grupo=grande; Participaciones de la semana=2; Participaciones de la semana anterior=0,8.464606803689042
Matemáticas Discretas,2526-2,2,anon_md_2526_2_2_006,8,5 o más,pequeño,1,0,0,Tamaño del grupo,9.0,5.413333333333334,7.279335,9.0,2.0,1.0,16.0,6.283333333333333,Año que cursa=5 o más; Tamaño del grupo=grande; Participaciones de la semana=1; Participaciones de la semana anterior=0,6.278335199714344
Matemáticas Discretas,2526-2,2,anon_md_2526_2_2_007,4,2,pequeño,0,0,0,Tamaño del grupo,3.0,5.413333333333334,4.5615425,3.0,2.0,1.0,102.0,1.411764705882353,Año que cursa=2; Tamaño del grupo=grande; Participaciones de la semana=0; Participaciones de la semana anterior=0,1.4303867103361743
Matemáticas Discretas,2526-2,2,anon_md_2526_2_2_007,6,2,pequeño,0,0,0,Tamaño del grupo,3.0,5.413333333333334,3.4528182,2.0,2.0,1.0,102.0,1.411764705882353,Año que cursa=2; Tamaño del grupo=grande; Participaciones de la semana=0; Participaciones de la semana anterior=0,1.4303867103361743
Matemáticas Discretas,2526-2,2,anon_md_2526_2_2_007,8,2,pequeño,0,0,0,Tamaño del grupo,3.0,5.413333333333334,2.1896076,1.5,2.0,1.0,102.0,1.411764705882353,Año que cursa=2; Tamaño del grupo=grande; Participaciones de la semana=0; Participaciones de la semana anterior=0,1.4303867103361743
Matemáticas Discretas,2526-2,2,anon_md_2526_2_2_008,4,3,pequeño,1,2,0,Tamaño del grupo,5.0,5.413333333333334,7.5649037,12.0,2.0,1.0,2.0,8.8,Año que cursa=3; Tamaño del grupo=grande; Participaciones de la semana=1; Participaciones de la semana anterior=2,8.750169343775665
Matemáticas Discretas,2526-2,2,anon_md_2526_2_2_008,6,3,pequeño,0,0,0,Tamaño del grupo,5.0,5.413333333333334,6.6389666,8.0,2.0,1.0,96.0,1.2000000000000002,Año que cursa=3; Tamaño del grupo=grande; Participaciones de la semana=0; Participaciones de la semana anterior=0,1.2196610123012548
Matemáticas Discretas,2526-2,2,anon_md_2526_2_2_008,8,3,pequeño,1,0,0,Tamaño del grupo,5.0,5.413333333333334,6.2770543,7.5,2.0,1.0,8.0,2.8,Año que cursa=3; Tamaño del grupo=grande; Participaciones de la semana=1; Participaciones de la semana anterior=0,2.818387992070235
Matemáticas Discretas,2526-2,2,anon_md_2526_2_2_009,4,4,pequeño,0,0,0,Tamaño del grupo,1.0,5.413333333333334,4.51697,3.0,2.0,1.0,72.0,0.7333333333333334,Año que cursa=4; Tamaño del grupo=grande; Participaciones de la semana=0; Participaciones de la semana anterior=0,0.7555088538325586
Matemáticas Discretas,2526-2,2,anon_md_2526_2_2_009,6,4,pequeño,0,0,0,Tamaño del grupo,1.0,5.413333333333334,3.2493234,2.0,2.0,1.0,72.0,0.7333333333333334,Año que cursa=4; Tamaño del grupo=grande; Participaciones de la semana=0; Participaciones de la semana anterior=0,0.7555088538325586
Matemáticas Discretas,2526-2,2,anon_md_2526_2_2_009,8,4,pequeño,0,0,0,Tamaño del grupo,1.0,5.413333333333334,2.1174507,1.5,2.0,1.0,72.0,0.7333333333333334,Año que cursa=4; Tamaño del grupo=grande; Participaciones de la semana=0; Participaciones de la semana anterior=0,0.7555088538325586
Matemáticas Discretas,2526-2,2,anon_md_2526_2_2_010,4,5 o más,pequeño,0,0,0,Tamaño del grupo,0.0,5.413333333333334,3.4941425,0.0,2.0,1.0,102.0,2.143790849673203,Año que cursa=5 o más; Tamaño del grupo=grande; Participaciones de la semana=0; Participaciones de la semana anterior=0,2.159006241526037
Matemáticas Discretas,2526-2,2,anon_md_2526_2_2_010,6,5 o más,pequeño,0,0,0,Tamaño del grupo,0.0,5.413333333333334,2.1457107,0.0,2.0,1.0,102.0,2.143790849673203,Año que cursa=5 o más; Tamaño del grupo=grande; Participaciones de la semana=0; Participaciones de la semana anterior=0,2.159006241526037
Matemáticas Discretas,2526-2,2,anon_md_2526_2_2_010,8,5 o más,pequeño,0,0,0,Tamaño del grupo,0.0,5.413333333333334,1.0845785,0.0,2.0,1.0,102.0,2.143790849673203,Año que cursa=5 o más; Tamaño del grupo=grande; Participaciones de la semana=0; Participaciones de la semana anterior=0,2.159006241526037
Matemáticas Discretas,2526-2,2,anon_md_2526_2_2_011,4,4,pequeño,1,0,0,Tamaño del grupo,5.0,5.413333333333334,4.511358,3.0,2.0,1.0,2.0,8.8,Año que cursa=4; Tamaño del grupo=grande; Participaciones de la semana=1; Participaciones de la semana anterior=0,8.750169343775665
Matemáticas Discretas,2526-2,2,anon_md_2526_2_2_011,6,4,pequeño,1,0,0,Tamaño del grupo,5.0,5.413333333333334,4.232706,4.0,2.0,1.0,2.0,8.8,Año que cursa=4; Tamaño del grupo=grande; Participaciones de la semana=1; Participaciones de la semana anterior=0,8.750169343775665
Matemáticas Discretas,2526-2,2,anon_md_2526_2_2_011,8,4,pequeño,0,0,0,Tamaño del grupo,5.0,5.413333333333334,3.1026754,3.0,2.0,1.0,72.0,0.7333333333333334,Año que cursa=4; Tamaño del grupo=grande; Participaciones de la semana=0; Participaciones de la semana anterior=0,0.7555088538325586
Matemáticas Discretas,2526-2,2,anon_md_2526_2_2_012,4,4,pequeño,0,0,0,Tamaño del grupo,10.0,5.413333333333334,4.496205,3.0,2.0,1.0,72.0,0.7333333333333334,Año que cursa=4; Tamaño del grupo=grande; Participaciones de la semana=0; Participaciones de la semana anterior=0,0.7555088538325586
Matemáticas Discretas,2526-2,2,anon_md_2526_2_2_012,6,4,pequeño,2,0,0,Tamaño del grupo,10.0,5.413333333333334,5.239291,6.0,3.0,4.0,16.0,8.083333333333334,Año que cursa=3; Tamaño del grupo=grande; Participaciones de la semana=2; Participaciones de la semana anterior=0 | Año que cursa=4; Tamaño del grupo=grande; Participaciones de la semana=1; Participaciones de la semana anterior=0 | Año que cursa=4; Tamaño del grupo=grande; Participaciones de la semana=2; Participaciones de la semana anterior=1 | Año que cursa=5 o más; Tamaño del grupo=grande; Participaciones de la semana=2; Participaciones de la semana anterior=0,5.413333333333334
Matemáticas Discretas,2526-2,2,anon_md_2526_2_2_012,8,4,pequeño,2,1,0,Tamaño del grupo,10.0,5.413333333333334,7.162728,9.0,2.0,1.0,2.0,8.8,Año que cursa=4; Tamaño del grupo=grande; Participaciones de la semana=2; Participaciones de la semana anterior=1,8.750169343775665
Matemáticas Discretas,2526-2,2,anon_md_2526_2_2_013,4,5 o más,pequeño,0,0,0,Tamaño del grupo,1.0,5.413333333333334,4.4744573,3.0,2.0,1.0,102.0,2.143790849673203,Año que cursa=5 o más; Tamaño del grupo=grande; Participaciones de la semana=0; Participaciones de la semana anterior=0,2.159006241526037
Matemáticas Discretas,2526-2,2,anon_md_2526_2_2_013,6,5 o más,pequeño,0,0,0,Tamaño del grupo,1.0,5.413333333333334,3.0872025,2.0,2.0,1.0,102.0,2.143790849673203,Año que cursa=5 o más; Tamaño del grupo=grande; Participaciones de la semana=0; Participaciones de la semana anterior=0,2.159006241526037
Matemáticas Discretas,2526-2,2,anon_md_2526_2_2_013,8,5 o más,pequeño,0,0,0,Tamaño del grupo,1.0,5.413333333333334,2.0367167,1.5,2.0,1.0,102.0,2.143790849673203,Año que cursa=5 o más; Tamaño del grupo=grande; Participaciones de la semana=0; Participaciones de la semana anterior=0,2.159006241526037
Matemáticas Discretas,2526-2,2,anon_md_2526_2_2_014,4,5 o más,pequeño,0,0,0,Tamaño del grupo,2.0,5.413333333333334,4.466825,3.0,2.0,1.0,102.0,2.143790849673203,Año que cursa=5 o más; Tamaño del grupo=grande; Participaciones de la semana=0; Participaciones de la semana anterior=0,2.159006241526037
Matemáticas Discretas,2526-2,2,anon_md_2526_2_2_014,6,5 o más,pequeño,0,0,0,Tamaño del grupo,2.0,5.413333333333334,3.0520034,2.0,2.0,1.0,102.0,2.143790849673203,Año que cursa=5 o más; Tamaño del grupo=grande; Participaciones de la semana=0; Participaciones de la semana anterior=0,2.159006241526037
Matemáticas Discretas,2526-2,2,anon_md_2526_2_2_014,8,5 o más,pequeño,0,0,0,Tamaño del grupo,2.0,5.413333333333334,2.0145023,1.5,2.0,1.0,102.0,2.143790849673203,Año que cursa=5 o más; Tamaño del grupo=grande; Participaciones de la semana=0; Participaciones de la semana anterior=0,2.159006241526037
Matemáticas Discretas,2526-2,2,anon_md_2526_2_2_015,4,5 o más,pequeño,0,0,0,Tamaño del grupo,0.0,5.413333333333334,3.4532292,0.0,2.0,1.0,102.0,2.143790849673203,Año que cursa=5 o más; Tamaño del grupo=grande; Participaciones de la semana=0; Participaciones de la semana anterior=0,2.159006241526037
Matemáticas Discretas,2526-2,2,anon_md_2526_2_2_015,6,5 o más,pequeño,0,0,0,Tamaño del grupo,0.0,5.413333333333334,1.9670584,0.0,2.0,1.0,102.0,2.143790849673203,Año que cursa=5 o más; Tamaño del grupo=grande; Participaciones de la semana=0; Participaciones de la semana anterior=0,2.159006241526037
Matemáticas Discretas,2526-2,2,anon_md_2526_2_2_015,8,5 o más,pequeño,0,0,0,Tamaño del grupo,0.0,5.413333333333334,0.97130674,0.0,2.0,1.0,102.0,2.143790849673203,Año que cursa=5 o más; Tamaño del grupo=grande; Participaciones de la semana=0; Participaciones de la semana anterior=0,2.159006241526037
Matemáticas Discretas,2526-2,2,anon_md_2526_2_2_016,4,2,pequeño,0,0,0,Tamaño del grupo,10.0,5.413333333333334,5.530829,6.0,2.0,1.0,102.0,1.411764705882353,Año que cursa=2; Tamaño del grupo=grande; Participaciones de la semana=0; Participaciones de la semana anterior=0,1.4303867103361743
Matemáticas Discretas,2526-2,2,anon_md_2526_2_2_016,6,2,pequeño,1,0,0,Tamaño del grupo,10.0,5.413333333333334,5.3503704,6.0,2.0,1.0,10.0,5.733333333333333,Año que cursa=2; Tamaño del grupo=grande; Participaciones de la semana=1; Participaciones de la semana anterior=0,5.731246892368388
Matemáticas Discretas,2526-2,2,anon_md_2526_2_2_016,8,2,pequeño,2,1,0,Tamaño del grupo,10.0,5.413333333333334,7.180442,9.0,2.0,1.0,4.0,12.666666666666666,Año que cursa=2; Tamaño del grupo=grande; Participaciones de la semana=2; Participaciones de la semana anterior=1,12.59697180581593
Matemáticas Discretas,2526-2,2,anon_md_2526_2_2_017,4,3,pequeño,0,0,0,Tamaño del grupo,2.0,5.413333333333334,4.478743,3.0,2.0,1.0,96.0,1.2000000000000002,Año que cursa=3; Tamaño del grupo=grande; Participaciones de la semana=0; Participaciones de la semana anterior=0,1.2196610123012548
Matemáticas Discretas,2526-2,2,anon_md_2526_2_2_017,6,3,pequeño,0,0,0,Tamaño del grupo,2.0,5.413333333333334,3.0079894,2.0,2.0,1.0,96.0,1.2000000000000002,Año que cursa=3; Tamaño del grupo=grande; Participaciones de la semana=0; Participaciones de la semana anterior=0,1.2196610123012548
Matemáticas Discretas,2526-2,2,anon_md_2526_2_2_017,8,3,pequeño,0,0,0,Tamaño del grupo,2.0,5.413333333333334,1.9425403,1.5,2.0,1.0,96.0,1.2000000000000002,Año que cursa=3; Tamaño del grupo=grande; Participaciones de la semana=0; Participaciones de la semana anterior=0,1.2196610123012548
Matemáticas Discretas,2526-2,2,anon_md_2526_2_2_018,4,2,pequeño,0,0,0,Tamaño del grupo,1.0,5.413333333333334,4.497284,3.0,2.0,1.0,102.0,1.411764705882353,Año que cursa=2; Tamaño del grupo=grande; Participaciones de la semana=0; Participaciones de la semana anterior=0,1.4303867103361743
Matemáticas Discretas,2526-2,2,anon_md_2526_2_2_018,6,2,pequeño,0,0,0,Tamaño del grupo,1.0,5.413333333333334,3.0617816,2.0,2.0,1.0,102.0,1.411764705882353,Año que cursa=2; Tamaño del grupo=grande; Participaciones de la semana=0; Participaciones de la semana anterior=0,1.4303867103361743
Matemáticas Discretas,2526-2,2,anon_md_2526_2_2_018,8,2,pequeño,0,0,0,Tamaño del grupo,1.0,5.413333333333334,1.9516705,1.5,2.0,1.0,102.0,1.411764705882353,Año que cursa=2; Tamaño del grupo=grande; Participaciones de la semana=0; Participaciones de la semana anterior=0,1.4303867103361743
Matemáticas Discretas,2526-2,2,anon_md_2526_2_2_019,4,2,pequeño,0,1,0,Tamaño del grupo,3.0,5.413333333333334,6.5397882,9.0,2.0,1.0,10.0,5.733333333333333,Año que cursa=2; Tamaño del grupo=grande; Participaciones de la semana=0; Participaciones de la semana anterior=1,5.731246892368388
Matemáticas Discretas,2526-2,2,anon_md_2526_2_2_019,6,2,pequeño,0,0,0,Tamaño del grupo,3.0,5.413333333333334,5.298401,6.0,2.0,1.0,102.0,1.411764705882353,Año que cursa=2; Tamaño del grupo=grande; Participaciones de la semana=0; Participaciones de la semana anterior=0,1.4303867103361743
Matemáticas Discretas,2526-2,2,anon_md_2526_2_2_019,8,2,pequeño,0,0,0,Tamaño del grupo,3.0,5.413333333333334,4.0405116,4.5,2.0,1.0,102.0,1.411764705882353,Año que cursa=2; Tamaño del grupo=grande; Participaciones de la semana=0; Participaciones de la semana anterior=0,1.4303867103361743
Matemáticas Discretas,2526-2,2,anon_md_2526_2_2_020,4,2,pequeño,0,1,0,Tamaño del grupo,3.0,5.413333333333334,6.535762,9.0,2.0,1.0,10.0,5.733333333333333,Año que cursa=2; Tamaño del grupo=grande; Participaciones de la semana=0; Participaciones de la semana anterior=1,5.731246892368388
Matemáticas Discretas,2526-2,2,anon_md_2526_2_2_020,6,2,pequeño,0,0,0,Tamaño del grupo,3.0,5.413333333333334,5.266282,6.0,2.0,1.0,102.0,1.411764705882353,Año que cursa=2; Tamaño del grupo=grande; Participaciones de la semana=0; Participaciones de la semana anterior=0,1.4303867103361743
Matemáticas Discretas,2526-2,2,anon_md_2526_2_2_020,8,2,pequeño,0,0,0,Tamaño del grupo,3.0,5.413333333333334,4.0215797,4.5,2.0,1.0,102.0,1.411764705882353,Año que cursa=2; Tamaño del grupo=grande; Participaciones de la semana=0; Participaciones de la semana anterior=0,1.4303867103361743
Matemáticas Discretas,2526-2,2,anon_md_2526_2_2_021,4,4,pequeño,0,1,0,Tamaño del grupo,8.0,5.413333333333334,7.479672,12.0,2.0,1.0,2.0,8.8,Año que cursa=4; Tamaño del grupo=grande; Participaciones de la semana=0; Participaciones de la semana anterior=1,8.750169343775665
Matemáticas Discretas,2526-2,2,anon_md_2526_2_2_021,6,4,pequeño,1,1,0,Tamaño del grupo,8.0,5.413333333333334,8.283281,12.0,2.0,1.0,8.0,8.8,Año que cursa=4; Tamaño del grupo=grande; Participaciones de la semana=1; Participaciones de la semana anterior=1,8.776170663337554
Matemáticas Discretas,2526-2,2,anon_md_2526_2_2_021,8,4,pequeño,2,0,0,Tamaño del grupo,8.0,5.413333333333334,9.100649,12.0,3.0,4.0,16.0,8.083333333333334,Año que cursa=3; Tamaño del grupo=grande; Participaciones de la semana=2; Participaciones de la semana anterior=0 | Año que cursa=4; Tamaño del grupo=grande; Participaciones de la semana=1; Participaciones de la semana anterior=0 | Año que cursa=4; Tamaño del grupo=grande; Participaciones de la semana=2; Participaciones de la semana anterior=1 | Año que cursa=5 o más; Tamaño del grupo=grande; Participaciones de la semana=2; Participaciones de la semana anterior=0,5.413333333333334
Matemáticas Discretas,2526-2,1,anon_md_2526_2_1_001,4,2,grande,0,2,6,,9.0,6.883783160322954,6.42865,12.0,,,,,,
Matemáticas Discretas,2526-2,1,anon_md_2526_2_1_001,6,2,grande,0,0,102,,9.0,1.412581852835069,6.2300186,8.0,,,,,,
Matemáticas Discretas,2526-2,1,anon_md_2526_2_1_001,8,2,grande,0,1,10,,9.0,5.732668052668053,5.8097243,7.5,,,,,,
Matemáticas Discretas,2526-2,1,anon_md_2526_2_1_002,4,4,grande,1,1,8,,12.0,8.791203463203464,4.197698,6.0,,,,,,
Matemáticas Discretas,2526-2,1,anon_md_2526_2_1_002,6,4,grande,2,1,2,,12.0,8.765085910652923,6.501521,10.0,,,,,,
Matemáticas Discretas,2526-2,1,anon_md_2526_2_1_002,8,4,grande,2,1,2,,12.0,8.765085910652923,8.552277,12.0,,,,,,
Matemáticas Discretas,2526-2,1,anon_md_2526_2_1_003,4,4,grande,1,1,8,,3.0,8.791203463203464,4.1958094,6.0,,,,,,
Matemáticas Discretas,2526-2,1,anon_md_2526_2_1_003,6,4,grande,0,0,72,,3.0,0.7346871082827114,3.2348113,4.0,,,,,,
Matemáticas Discretas,2526-2,1,anon_md_2526_2_1_003,8,4,grande,0,1,2,,3.0,8.765085910652923,3.2705555,4.5,,,,,,
Matemáticas Discretas,2526-2,1,anon_md_2526_2_1_004,4,5 o más,grande,0,0,102,,3.0,2.144458512014158,5.4115524,9.0,,,,,,
Matemáticas Discretas,2526-2,1,anon_md_2526_2_1_004,6,5 o más,grande,0,0,102,,3.0,2.144458512014158,4.5352917,6.0,,,,,,
Matemáticas Discretas,2526-2,1,anon_md_2526_2_1_004,8,5 o más,grande,0,0,102,,3.0,2.144458512014158,3.3354044,4.5,,,,,,
Matemáticas Discretas,2526-2,1,anon_md_2526_2_1_005,4,2,grande,1,0,10,,9.0,5.732668052668053,4.237561,6.0,,,,,,
Matemáticas Discretas,2526-2,1,anon_md_2526_2_1_005,6,2,grande,2,1,4,,9.0,12.629084628670121,6.907036,10.0,,,,,,
Matemáticas Discretas,2526-2,1,anon_md_2526_2_1_005,8,2,grande,2,0,4,,9.0,4.0073229706390325,7.783783,10.5,,,,,,
Matemáticas Discretas,2526-2,1,anon_md_2526_2_1_006,4,4,grande,0,0,72,,2.0,0.7346871082827114,3.1898074,3.0,,,,,,
Matemáticas Discretas,2526-2,1,anon_md_2526_2_1_006,6,4,grande,0,0,72,,2.0,0.7346871082827114,2.1394074,2.0,,,,,,
Matemáticas Discretas,2526-2,1,anon_md_2526_2_1_006,8,4,grande,0,0,72,,2.0,0.7346871082827114,1.207495,1.5,,,,,,
Matemáticas Discretas,2526-2,1,anon_md_2526_2_1_007,4,3,grande,1,1,2,,11.0,8.765085910652923,6.3744636,12.0,,,,,,
Matemáticas Discretas,2526-2,1,anon_md_2526_2_1_007,6,3,grande,1,0,8,,11.0,2.8067878787878793,6.9089003,10.0,,,,,,
Matemáticas Discretas,2526-2,1,anon_md_2526_2_1_007,8,3,grande,2,1,2,,11.0,8.765085910652923,8.720279,12.0,,,,,,
Matemáticas Discretas,2526-2,1,anon_md_2526_2_1_008,4,2,grande,0,0,102,,2.0,1.412581852835069,4.2938976,6.0,,,,,,
Matemáticas Discretas,2526-2,1,anon_md_2526_2_1_008,6,2,grande,0,0,102,,2.0,1.412581852835069,3.771964,4.0,,,,,,
Matemáticas Discretas,2526-2,1,anon_md_2526_2_1_008,8,2,grande,0,0,102,,2.0,1.412581852835069,2.5913215,3.0,,,,,,
Matemáticas Discretas,2526-2,1,anon_md_2526_2_1_009,4,5 o más,grande,0,0,102,,1.0,2.144458512014158,3.2007518,3.0,,,,,,
Matemáticas Discretas,2526-2,1,anon_md_2526_2_1_009,6,5 o más,grande,0,0,102,,1.0,2.144458512014158,1.9347641,2.0,,,,,,
Matemáticas Discretas,2526-2,1,anon_md_2526_2_1_009,8,5 o más,grande,0,0,102,,1.0,2.144458512014158,1.1232114,1.5,,,,,,
Matemáticas Discretas,2526-2,1,anon_md_2526_2_1_010,4,2,grande,0,0,102,,1.0,1.412581852835069,3.224074,3.0,,,,,,
Matemáticas Discretas,2526-2,1,anon_md_2526_2_1_010,6,2,grande,0,0,102,,1.0,1.412581852835069,2.5536845,2.0,,,,,,
Matemáticas Discretas,2526-2,1,anon_md_2526_2_1_010,8,2,grande,0,0,102,,1.0,1.412581852835069,1.4986396,1.5,,,,,,
Matemáticas Discretas,2526-2,1,anon_md_2526_2_1_011,4,5 o más,grande,0,0,102,,3.0,2.144458512014158,3.2034628,3.0,,,,,,
Matemáticas Discretas,2526-2,1,anon_md_2526_2_1_011,6,5 o más,grande,0,0,102,,3.0,2.144458512014158,1.9235392,2.0,,,,,,
Matemáticas Discretas,2526-2,1,anon_md_2526_2_1_011,8,5 o más,grande,1,0,16,,3.0,6.282201993931513,2.1448116,3.0,,,,,,
Matemáticas Discretas,2526-2,1,anon_md_2526_2_1_012,4,4,grande,1,1,8,,8.0,8.791203463203464,5.2585564,9.0,,,,,,
Matemáticas Discretas,2526-2,1,anon_md_2526_2_1_012,6,4,grande,1,1,8,,8.0,8.791203463203464,6.453001,10.0,,,,,,
Matemáticas Discretas,2526-2,1,anon_md_2526_2_1_012,8,4,grande,0,1,2,,8.0,8.765085910652923,6.463908,9.0,,,,,,
Matemáticas Discretas,2526-2,1,anon_md_2526_2_1_013,4,4,grande,1,1,8,,5.0,8.791203463203464,5.257528,9.0,,,,,,
Matemáticas Discretas,2526-2,1,anon_md_2526_2_1_013,6,4,grande,0,0,72,,5.0,0.7346871082827114,4.2931566,6.0,,,,,,
Matemáticas Discretas,2526-2,1,anon_md_2526_2_1_013,8,4,grande,0,0,72,,5.0,0.7346871082827114,3.3250265,4.5,,,,,,
Matemáticas Discretas,2526-2,1,anon_md_2526_2_1_014,4,5 o más,grande,1,1,18,,9.0,9.654350674373795,5.2770495,9.0,,,,,,
Matemáticas Discretas,2526-2,1,anon_md_2526_2_1_014,6,5 o más,grande,0,1,18,,9.0,7.419899807321773,5.2118454,8.0,,,,,,
Matemáticas Discretas,2526-2,1,anon_md_2526_2_1_014,8,5 o más,grande,2,1,14,,9.0,11.552768697374939,7.375308,10.5,,,,,,
Matemáticas Discretas,2526-2,1,anon_md_2526_2_1_015,4,3,grande,1,2,2,,12.0,8.765085910652923,7.453713,15.0,,,,,,
Matemáticas Discretas,2526-2,1,anon_md_2526_2_1_015,6,3,grande,2,1,2,,12.0,8.765085910652923,10.258664,16.0,,,,,,
Matemáticas Discretas,2526-2,1,anon_md_2526_2_1_015,8,3,grande,2,1,2,,12.0,8.765085910652923,11.981604,16.5,,,,,,
Matemáticas Discretas,2526-2,1,anon_md_2526_2_1_016,4,3,grande,1,0,8,,2.0,2.8067878787878793,4.221424,6.0,,,,,,
Matemáticas Discretas,2526-2,1,anon_md_2526_2_1_016,6,3,grande,0,0,96,,2.0,1.2009141534678527,3.339365,4.0,,,,,,
Matemáticas Discretas,2526-2,1,anon_md_2526_2_1_016,8,3,grande,0,0,96,,2.0,1.2009141534678527,2.3937368,3.0,,,,,,
Matemáticas Discretas,2526-2,1,anon_md_2526_2_1_017,4,4,grande,1,1,8,,11.0,8.791203463203464,5.2563357,9.0,,,,,,
Matemáticas Discretas,2526-2,1,anon_md_2526_2_1_017,6,4,grande,1,1,8,,11.0,8.791203463203464,6.3894286,10.0,,,,,,
Matemáticas Discretas,2526-2,1,anon_md_2526_2_1_017,8,4,grande,2,1,2,,11.0,8.765085910652923,8.524958,12.0,,,,,,
Matemáticas Discretas,2526-2,1,anon_md_2526_2_1_018,4,2,grande,0,0,102,,8.0,1.412581852835069,3.2365282,3.0,,,,,,
Matemáticas Discretas,2526-2,1,anon_md_2526_2_1_018,6,2,grande,1,2,2,,8.0,12.59189003436426,5.7121134,8.0,,,,,,
Matemáticas Discretas,2526-2,1,anon_md_2526_2_1_018,8,2,grande,1,1,16,,8.0,9.411460771564803,6.7416463,9.0,,,,,,
Matemáticas Discretas,2526-2,1,anon_md_2526_2_1_019,4,5 o más,grande,0,0,102,,1.0,2.144458512014158,3.227694,3.0,,,,,,
Matemáticas Discretas,2526-2,1,anon_md_2526_2_1_019,6,5 o más,grande,0,0,102,,1.0,2.144458512014158,1.9046067,2.0,,,,,,
Matemáticas Discretas,2526-2,1,anon_md_2526_2_1_019,8,5 o más,grande,0,0,102,,1.0,2.144458512014158,1.1839135,1.5,,,,,,
Matemáticas Discretas,2526-2,1,anon_md_2526_2_1_020,4,5 o más,grande,0,0,102,,0.0,2.144458512014158,2.1826518,0.0,,,,,,
Matemáticas Discretas,2526-2,1,anon_md_2526_2_1_020,6,5 o más,grande,0,0,102,,0.0,2.144458512014158,0.77981925,0.0,,,,,,
Matemáticas Discretas,2526-2,1,anon_md_2526_2_1_020,8,5 o más,grande,0,0,102,,0.0,2.144458512014158,0.13364333,0.0,,,,,,
Matemáticas Discretas,2526-2,1,anon_md_2526_2_1_021,4,5 o más,grande,0,0,102,,0.0,2.144458512014158,2.189288,0.0,,,,,,
Matemáticas Discretas,2526-2,1,anon_md_2526_2_1_021,6,5 o más,grande,0,0,102,,0.0,2.144458512014158,0.78238225,0.0,,,,,,
Matemáticas Discretas,2526-2,1,anon_md_2526_2_1_021,8,5 o más,grande,0,0,102,,0.0,2.144458512014158,0.14200449,0.0,,,,,,
Matemáticas Discretas,2526-2,1,anon_md_2526_2_1_022,4,3,grande,0,2,6,,11.0,7.193817762399078,6.4187865,12.0,,,,,,
Matemáticas Discretas,2526-2,1,anon_md_2526_2_1_022,6,3,grande,1,1,2,,11.0,8.765085910652923,7.882145,12.0,,,,,,
Matemáticas Discretas,2526-2,1,anon_md_2526_2_1_022,8,3,grande,2,1,2,,11.0,8.765085910652923,9.802832,13.5,,,,,,
Matemáticas Discretas,2526-2,1,anon_md_2526_2_1_023,4,3,grande,0,0,96,,3.0,1.2009141534678527,3.2293096,3.0,,,,,,
Matemáticas Discretas,2526-2,1,anon_md_2526_2_1_023,6,3,grande,0,0,96,,3.0,1.2009141534678527,2.2348988,2.0,,,,,,
Matemáticas Discretas,2526-2,1,anon_md_2526_2_1_023,8,3,grande,0,0,96,,3.0,1.2009141534678527,1.3871915,1.5,,,,,,
Matemáticas Discretas,2526-2,1,anon_md_2526_2_1_024,4,4,grande,1,1,8,,5.0,8.791203463203464,5.2663584,9.0,,,,,,
Matemáticas Discretas,2526-2,1,anon_md_2526_2_1_024,6,4,grande,0,0,72,,5.0,0.7346871082827114,4.22237,6.0,,,,,,
Matemáticas Discretas,2526-2,1,anon_md_2526_2_1_024,8,4,grande,1,1,8,,5.0,8.791203463203464,5.4180675,7.5,,,,,,
Matemáticas Discretas,2526-2,1,anon_md_2526_2_1_025,4,5 o más,grande,0,0,102,,1.0,2.144458512014158,3.2597623,3.0,,,,,,
Matemáticas Discretas,2526-2,1,anon_md_2526_2_1_025,6,5 o más,grande,0,0,102,,1.0,2.144458512014158,1.9152087,2.0,,,,,,
Matemáticas Discretas,2526-2,1,anon_md_2526_2_1_025,8,5 o más,grande,0,0,102,,1.0,2.144458512014158,1.2337275,1.5,,,,,,
Matemáticas Discretas,2526-2,1,anon_md_2526_2_1_026,4,5 o más,grande,0,0,102,,1.0,2.144458512014158,3.2662206,3.0,,,,,,
Matemáticas Discretas,2526-2,1,anon_md_2526_2_1_026,6,5 o más,grande,0,0,102,,1.0,2.144458512014158,1.9188521,2.0,,,,,,
Matemáticas Discretas,2526-2,1,anon_md_2526_2_1_026,8,5 o más,grande,0,0,102,,1.0,2.144458512014158,1.242933,1.5,,,,,,
Matemáticas Discretas,2526-2,1,anon_md_2526_2_1_027,4,5 o más,grande,1,1,18,,8.0,9.654350674373795,5.3042135,9.0,,,,,,
Matemáticas Discretas,2526-2,1,anon_md_2526_2_1_027,6,5 o más,grande,1,0,16,,8.0,6.282201993931513,5.1074705,8.0,,,,,,
Matemáticas Discretas,2526-2,1,anon_md_2526_2_1_027,8,5 o más,grande,1,0,16,,8.0,6.282201993931513,5.369409,7.5,,,,,,
Matemáticas Discretas,2526-2,1,anon_md_2526_2_1_028,4,3,grande,0,0,96,,8.0,1.2009141534678527,3.2507288,3.0,,,,,,
Matemáticas Discretas,2526-2,1,anon_md_2526_2_1_028,6,3,grande,1,0,8,,8.0,2.8067878787878793,3.2667933,4.0,,,,,,
Matemáticas Discretas,2526-2,1,anon_md_2526_2_1_028,8,3,grande,2,1,2,,8.0,8.765085910652923,5.5362234,7.5,,,,,,
Matemáticas Discretas,2526-2,1,anon_md_2526_2_1_029,4,5 o más,grande,0,0,102,,1.0,2.144458512014158,3.2874188,3.0,,,,,,
Matemáticas Discretas,2526-2,1,anon_md_2526_2_1_029,6,5 o más,grande,0,0,102,,1.0,2.144458512014158,1.9328159,2.0,,,,,,
Matemáticas Discretas,2526-2,1,anon_md_2526_2_1_029,8,5 o más,grande,0,0,102,,1.0,2.144458512014158,1.2721267,1.5,,,,,,
Matemáticas Discretas,2526-2,1,anon_md_2526_2_1_030,4,4,grande,0,0,72,,1.0,0.7346871082827114,3.2649043,3.0,,,,,,
Matemáticas Discretas,2526-2,1,anon_md_2526_2_1_030,6,4,grande,0,0,72,,1.0,0.7346871082827114,2.073378,2.0,,,,,,
Matemáticas Discretas,2526-2,1,anon_md_2526_2_1_030,8,4,grande,0,0,72,,1.0,0.7346871082827114,1.344364,1.5,,,,,,
Matemáticas Discretas,2526-2,1,anon_md_2526_2_1_031,4,5 o más,grande,0,0,102,,1.0,2.144458512014158,3.303017,3.0,,,,,,
Matemáticas Discretas,2526-2,1,anon_md_2526_2_1_031,6,5 o más,grande,0,0,102,,1.0,2.144458512014158,1.9445838,2.0,,,,,,
Matemáticas Discretas,2526-2,1,anon_md_2526_2_1_031,8,5 o más,grande,0,0,102,,1.0,2.144458512014158,1.2929606,1.5,,,,,,
Matemáticas Discretas,2526-2,1,anon_md_2526_2_1_032,4,2,grande,0,0,102,,1.0,1.412581852835069,3.2836905,3.0,,,,,,
Matemáticas Discretas,2526-2,1,anon_md_2526_2_1_032,6,2,grande,0,0,102,,1.0,1.412581852835069,2.422082,2.0,,,,,,
Matemáticas Discretas,2526-2,1,anon_md_2526_2_1_032,8,2,grande,0,0,102,,1.0,1.412581852835069,1.5549695,1.5,,,,,,
Matemáticas Discretas,2526-2,1,anon_md_2526_2_1_033,4,2,grande,0,0,102,,1.0,1.412581852835069,3.2888193,3.0,,,,,,
Matemáticas Discretas,2526-2,1,anon_md_2526_2_1_033,6,2,grande,0,0,102,,1.0,1.412581852835069,2.4229486,2.0,,,,,,
Matemáticas Discretas,2526-2,1,anon_md_2526_2_1_033,8,2,grande,0,0,102,,1.0,1.412581852835069,1.5609628,1.5,,,,,,
Matemáticas Discretas,2526-2,1,anon_md_2526_2_1_034,4,3,grande,0,0,96,,0.0,1.2009141534678527,2.265137,0.0,,,,,,
Matemáticas Discretas,2526-2,1,anon_md_2526_2_1_034,6,3,grande,0,0,96,,0.0,1.2009141534678527,1.1375582,0.0,,,,,,
Matemáticas Discretas,2526-2,1,anon_md_2526_2_1_034,8,3,grande,0,0,96,,0.0,1.2009141534678527,0.40285075,0.0,,,,,,
Matemáticas Discretas,2526-2,1,anon_md_2526_2_1_035,4,3,grande,0,0,96,,8.0,1.2009141534678527,3.2920988,3.0,,,,,,
Matemáticas Discretas,2526-2,1,anon_md_2526_2_1_035,6,3,grande,1,0,8,,8.0,2.8067878787878793,3.2859733,4.0,,,,,,
Matemáticas Discretas,2526-2,1,anon_md_2526_2_1_035,8,3,grande,2,1,2,,8.0,8.765085910652923,5.583477,7.5,,,,,,
Matemáticas Discretas,2526-3,1,anon_md_2526_3_1_001,4,5 o más,grande,1,0,28,,13.0,4.544552398788131,5.2649746,6.0,,,,,,
Matemáticas Discretas,2526-3,1,anon_md_2526_3_1_001,6,5 o más,grande,1,2,0,,13.0,5.201256913021619,8.003957,10.0,1.0,3.0,28.0,9.550420168067227,Año que cursa=4; Tamaño del grupo=grande; Participaciones de la semana=1; Participaciones de la semana anterior=2 | Año que cursa=5 o más; Tamaño del grupo=grande; Participaciones de la semana=0; Participaciones de la semana anterior=2 | Año que cursa=5 o más; Tamaño del grupo=grande; Participaciones de la semana=1; Participaciones de la semana anterior=1,5.201256913021619
Matemáticas Discretas,2526-3,1,anon_md_2526_3_1_001,8,5 o más,grande,2,2,0,,13.0,5.201256913021619,10.947547,13.5,1.0,1.0,2.0,8.882352941176471,Año que cursa=5 o más; Tamaño del grupo=grande; Participaciones de la semana=2; Participaciones de la semana anterior=1,5.201256913021619
Matemáticas Discretas,2526-3,1,anon_md_2526_3_1_002,4,3,grande,0,0,64,,0.0,3.1619650511919035,3.352602,0.0,,,,,,
Matemáticas Discretas,2526-3,1,anon_md_2526_3_1_002,6,3,grande,0,0,64,,0.0,3.1619650511919035,2.2548501,0.0,,,,,,
Matemáticas Discretas,2526-3,1,anon_md_2526_3_1_002,8,3,grande,0,0,64,,0.0,3.1619650511919035,1.2480897,0.0,,,,,,
Matemáticas Discretas,2526-3,1,anon_md_2526_3_1_003,4,2,grande,0,0,80,,4.0,2.039058783213951,3.6450086,0.0,,,,,,
Matemáticas Discretas,2526-3,1,anon_md_2526_3_1_003,6,2,grande,0,0,80,,4.0,2.039058783213951,2.5005176,0.0,,,,,,
Matemáticas Discretas,2526-3,1,anon_md_2526_3_1_003,8,2,grande,1,1,12,,4.0,8.875973225356445,3.5651197,3.0,,,,,,
Matemáticas Discretas,2526-3,1,anon_md_2526_3_1_004,4,3,grande,0,0,64,,2.0,3.1619650511919035,3.2368276,0.0,,,,,,
Matemáticas Discretas,2526-3,1,anon_md_2526_3_1_004,6,3,grande,0,1,20,,2.0,7.167534499058036,3.431795,2.0,,,,,,
Matemáticas Discretas,2526-3,1,anon_md_2526_3_1_004,8,3,grande,1,0,22,,2.0,7.323279598815246,3.4377584,3.0,,,,,,
Matemáticas Discretas,2526-3,1,anon_md_2526_3_1_005,4,2,grande,0,0,80,,3.0,2.039058783213951,3.5650806,0.0,,,,,,
Matemáticas Discretas,2526-3,1,anon_md_2526_3_1_005,6,2,grande,0,0,80,,3.0,2.039058783213951,2.4428415,0.0,,,,,,
Matemáticas Discretas,2526-3,1,anon_md_2526_3_1_005,8,2,grande,1,0,18,,3.0,6.346169423156843,2.4359465,1.5,,,,,,
Matemáticas Discretas,2526-3,1,anon_md_2526_3_1_006,4,1,grande,0,0,0,Año que cursa,2.0,5.201256913021619,3.7009583,0.0,1.0,1.0,80.0,2.038235294117647,Año que cursa=2; Tamaño del grupo=grande; Participaciones de la semana=0; Participaciones de la semana anterior=0,2.3556257826281897
Matemáticas Discretas,2526-3,1,anon_md_2526_3_1_006,6,1,grande,0,0,0,Año que cursa,2.0,5.201256913021619,2.5791087,0.0,1.0,1.0,80.0,2.038235294117647,Año que cursa=2; Tamaño del grupo=grande; Participaciones de la semana=0; Participaciones de la semana anterior=0,2.3556257826281897
Matemáticas Discretas,2526-3,1,anon_md_2526_3_1_006,8,1,grande,1,1,0,Año que cursa,2.0,5.201256913021619,3.6008701,3.0,1.0,1.0,12.0,8.882352941176471,Año que cursa=2; Tamaño del grupo=grande; Participaciones de la semana=1; Participaciones de la semana anterior=1,8.656652227792625
Matemáticas Discretas,2526-3,1,anon_md_2526_3_1_007,4,5 o más,grande,0,0,182,,0.0,1.4479956402079357,1.4759717,0.0,,,,,,
Matemáticas Discretas,2526-3,1,anon_md_2526_3_1_007,6,5 o más,grande,0,0,182,,0.0,1.4479956402079357,1.0531182,0.0,,,,,,
Matemáticas Discretas,2526-3,1,anon_md_2526_3_1_007,8,5 o más,grande,0,0,182,,0.0,1.4479956402079357,0.6010153,0.0,,,,,,
Matemáticas Discretas,2526-3,1,anon_md_2526_3_1_008,4,2,grande,1,0,18,,12.0,6.346169423156843,8.786457,12.0,,,,,,
Matemáticas Discretas,2526-3,1,anon_md_2526_3_1_008,6,2,grande,1,2,4,,12.0,8.863279904761162,10.916686,14.0,,,,,,
Matemáticas Discretas,2526-3,1,anon_md_2526_3_1_008,8,2,grande,1,1,12,,12.0,8.875973225356445,11.187738,13.5,,,,,,
Matemáticas Discretas,2526-3,1,anon_md_2526_3_1_009,4,5 o más,grande,0,0,182,,1.0,1.4479956402079357,1.3010818,0.0,,,,,,
Matemáticas Discretas,2526-3,1,anon_md_2526_3_1_009,6,5 o más,grande,0,0,182,,1.0,1.4479956402079357,0.9452442,0.0,,,,,,
Matemáticas Discretas,2526-3,1,anon_md_2526_3_1_009,8,5 o más,grande,1,0,28,,1.0,4.544552398788131,1.5788529,1.5,,,,,,
Matemáticas Discretas,2526-3,1,anon_md_2526_3_1_010,4,4,grande,1,1,38,,8.0,7.618822234619172,5.0140915,6.0,,,,,,
Matemáticas Discretas,2526-3,1,anon_md_2526_3_1_010,6,4,grande,1,1,38,,8.0,7.618822234619172,6.7534704,8.0,,,,,,
Matemáticas Discretas,2526-3,1,anon_md_2526_3_1_010,8,4,grande,1,2,8,,8.0,11.20495360848302,8.808882,10.5,,,,,,
Matemáticas Discretas,2526-3,1,anon_md_2526_3_1_011,4,5 o más,grande,0,0,182,,4.0,1.4479956402079357,1.135845,0.0,,,,,,
Matemáticas Discretas,2526-3,1,anon_md_2526_3_1_011,6,5 o más,grande,0,1,26,,4.0,4.211142589285103,2.0825047,2.0,,,,,,
Matemáticas Discretas,2526-3,1,anon_md_2526_3_1_011,8,5 o más,grande,1,0,28,,4.0,4.544552398788131,2.6954951,3.0,,,,,,
Matemáticas Discretas,2526-3,1,anon_md_2526_3_1_012,4,3,grande,1,1,18,,10.0,9.224102099117399,8.503656,12.0,,,,,,
Matemáticas Discretas,2526-3,1,anon_md_2526_3_1_012,6,3,grande,0,2,10,,10.0,8.491787262375498,9.737175,12.0,,,,,,
Matemáticas Discretas,2526-3,1,anon_md_2526_3_1_012,8,3,grande,2,2,4,,10.0,10.41402662832105,12.19922,15.0,,,,,,
Matemáticas Discretas,2526-3,1,anon_md_2526_3_1_013,4,2,grande,0,0,80,,0.0,2.039058783213951,3.2064164,0.0,,,,,,
Matemáticas Discretas,2526-3,1,anon_md_2526_3_1_013,6,2,grande,0,0,80,,0.0,2.039058783213951,2.2094615,0.0,,,,,,
Matemáticas Discretas,2526-3,1,anon_md_2526_3_1_013,8,2,grande,0,0,80,,0.0,2.039058783213951,1.2253801,0.0,,,,,,
Matemáticas Discretas,2526-3,1,anon_md_2526_3_1_014,4,4,grande,0,0,68,,0.0,3.1741933313161135,1.7512803,0.0,,,,,,
Matemáticas Discretas,2526-3,1,anon_md_2526_3_1_014,6,4,grande,0,0,68,,0.0,3.1741933313161135,1.1847385,0.0,,,,,,
Matemáticas Discretas,2526-3,1,anon_md_2526_3_1_014,8,4,grande,0,0,68,,0.0,3.1741933313161135,0.6215669,0.0,,,,,,
Matemáticas Discretas,2526-3,1,anon_md_2526_3_1_015,4,3,grande,0,0,64,,0.0,3.1619650511919035,2.51776,0.0,,,,,,
Matemáticas Discretas,2526-3,1,anon_md_2526_3_1_015,6,3,grande,0,0,64,,0.0,3.1619650511919035,1.7030615,0.0,,,,,,
Matemáticas Discretas,2526-3,1,anon_md_2526_3_1_015,8,3,grande,0,0,64,,0.0,3.1619650511919035,0.90396684,0.0,,,,,,
Matemáticas Discretas,2526-3,1,anon_md_2526_3_1_016,4,2,grande,0,0,80,,0.0,2.039058783213951,3.0586643,0.0,,,,,,
Matemáticas Discretas,2526-3,1,anon_md_2526_3_1_016,6,2,grande,0,0,80,,0.0,2.039058783213951,2.1246667,0.0,,,,,,
Matemáticas Discretas,2526-3,1,anon_md_2526_3_1_016,8,2,grande,0,0,80,,0.0,2.039058783213951,1.1709076,0.0,,,,,,
Matemáticas Discretas,2526-3,1,anon_md_2526_3_1_017,4,5 o más,grande,0,0,182,,0.0,1.4479956402079357,0.7130933,0.0,,,,,,
Matemáticas Discretas,2526-3,1,anon_md_2526_3_1_017,6,5 o más,grande,0,0,182,,0.0,1.4479956402079357,0.6097456,0.0,,,,,,
Matemáticas Discretas,2526-3,1,anon_md_2526_3_1_017,8,5 o más,grande,0,0,182,,0.0,1.4479956402079357,0.35312802,0.0,,,,,,
Matemáticas Discretas,2526-3,1,anon_md_2526_3_1_018,4,1,grande,0,0,0,Año que cursa,9.0,5.201256913021619,3.3124866,0.0,1.0,1.0,80.0,2.038235294117647,Año que cursa=2; Tamaño del grupo=grande; Participaciones de la semana=0; Participaciones de la semana anterior=0,2.3556257826281897
Matemáticas Discretas,2526-3,1,anon_md_2526_3_1_018,6,1,grande,0,2,0,Año que cursa,9.0,5.201256913021619,4.6745157,4.0,1.0,1.0,8.0,6.981209150326798,Año que cursa=2; Tamaño del grupo=grande; Participaciones de la semana=0; Participaciones de la semana anterior=2,7.761990044193631
Matemáticas Discretas,2526-3,1,anon_md_2526_3_1_018,8,1,grande,2,1,0,Año que cursa,9.0,5.201256913021619,6.6941853,7.5,1.0,1.0,4.0,8.882352941176471,Año que cursa=2; Tamaño del grupo=grande; Participaciones de la semana=2; Participaciones de la semana anterior=1,9.460093565354352
Matemáticas Discretas,2526-3,1,anon_md_2526_3_1_019,4,4,grande,0,0,68,,0.0,3.1741933313161135,1.3891174,0.0,,,,,,
Matemáticas Discretas,2526-3,1,anon_md_2526_3_1_019,6,4,grande,0,0,68,,0.0,3.1741933313161135,1.0012013,0.0,,,,,,
Matemáticas Discretas,2526-3,1,anon_md_2526_3_1_019,8,4,grande,0,0,68,,0.0,3.1741933313161135,0.5204272,0.0,,,,,,
Matemáticas Discretas,2526-3,1,anon_md_2526_3_1_020,4,4,grande,0,0,68,,0.0,3.1741933313161135,1.3251107,0.0,,,,,,
Matemáticas Discretas,2526-3,1,anon_md_2526_3_1_020,6,4,grande,0,0,68,,0.0,3.1741933313161135,0.97194433,0.0,,,,,,
Matemáticas Discretas,2526-3,1,anon_md_2526_3_1_020,8,4,grande,0,0,68,,0.0,3.1741933313161135,0.50509334,0.0,,,,,,
Matemáticas Discretas,2526-3,1,anon_md_2526_3_1_021,4,5 o más,grande,1,2,0,,13.0,5.201256913021619,8.590046,15.0,1.0,3.0,28.0,9.550420168067227,Año que cursa=4; Tamaño del grupo=grande; Participaciones de la semana=1; Participaciones de la semana anterior=2 | Año que cursa=5 o más; Tamaño del grupo=grande; Participaciones de la semana=0; Participaciones de la semana anterior=2 | Año que cursa=5 o más; Tamaño del grupo=grande; Participaciones de la semana=1; Participaciones de la semana anterior=1,5.201256913021619
Matemáticas Discretas,2526-3,1,anon_md_2526_3_1_021,6,5 o más,grande,1,2,0,,13.0,5.201256913021619,11.441399,16.0,1.0,3.0,28.0,9.550420168067227,Año que cursa=4; Tamaño del grupo=grande; Participaciones de la semana=1; Participaciones de la semana anterior=2 | Año que cursa=5 o más; Tamaño del grupo=grande; Participaciones de la semana=0; Participaciones de la semana anterior=2 | Año que cursa=5 o más; Tamaño del grupo=grande; Participaciones de la semana=1; Participaciones de la semana anterior=1,5.201256913021619
Matemáticas Discretas,2526-3,1,anon_md_2526_3_1_021,8,5 o más,grande,1,2,0,,13.0,5.201256913021619,13.0188465,16.5,1.0,3.0,28.0,9.550420168067227,Año que cursa=4; Tamaño del grupo=grande; Participaciones de la semana=1; Participaciones de la semana anterior=2 | Año que cursa=5 o más; Tamaño del grupo=grande; Participaciones de la semana=0; Participaciones de la semana anterior=2 | Año que cursa=5 o más; Tamaño del grupo=grande; Participaciones de la semana=1; Participaciones de la semana anterior=1,5.201256913021619
Matemáticas Discretas,2526-3,1,anon_md_2526_3_1_022,4,5 o más,grande,1,2,0,,11.0,5.201256913021619,6.721345,12.0,1.0,3.0,28.0,9.550420168067227,Año que cursa=4; Tamaño del grupo=grande; Participaciones de la semana=1; Participaciones de la semana anterior=2 | Año que cursa=5 o más; Tamaño del grupo=grande; Participaciones de la semana=0; Participaciones de la semana anterior=2 | Año que cursa=5 o más; Tamaño del grupo=grande; Participaciones de la semana=1; Participaciones de la semana anterior=1,5.201256913021619
Matemáticas Discretas,2526-3,1,anon_md_2526_3_1_022,6,5 o más,grande,1,1,16,,11.0,8.8775660802816,8.736553,12.0,,,,,,
Matemáticas Discretas,2526-3,1,anon_md_2526_3_1_022,8,5 o más,grande,1,1,16,,11.0,8.8775660802816,9.621554,12.0,,,,,,
Matemáticas Discretas,2526-3,1,anon_md_2526_3_1_023,4,1,grande,0,0,0,Año que cursa,0.0,5.201256913021619,3.1294312,0.0,1.0,1.0,80.0,2.038235294117647,Año que cursa=2; Tamaño del grupo=grande; Participaciones de la semana=0; Participaciones de la semana anterior=0,2.3556257826281897
Matemáticas Discretas,2526-3,1,anon_md_2526_3_1_023,6,1,grande,0,0,0,Año que cursa,0.0,5.201256913021619,2.2684171,0.0,1.0,1.0,80.0,2.038235294117647,Año que cursa=2; Tamaño del grupo=grande; Participaciones de la semana=0; Participaciones de la semana anterior=0,2.3556257826281897
Matemáticas Discretas,2526-3,1,anon_md_2526_3_1_023,8,1,grande,0,0,0,Año que cursa,0.0,5.201256913021619,1.2792742,0.0,1.0,1.0,80.0,2.038235294117647,Año que cursa=2; Tamaño del grupo=grande; Participaciones de la semana=0; Participaciones de la semana anterior=0,2.3556257826281897
Matemáticas Discretas,2526-3,1,anon_md_2526_3_1_024,4,3,grande,0,0,64,,0.0,3.1619650511919035,1.9473965,0.0,,,,,,
Matemáticas Discretas,2526-3,1,anon_md_2526_3_1_024,6,3,grande,0,0,64,,0.0,3.1619650511919035,1.4280727,0.0,,,,,,
Matemáticas Discretas,2526-3,1,anon_md_2526_3_1_024,8,3,grande,0,0,64,,0.0,3.1619650511919035,0.7362148,0.0,,,,,,
Matemáticas Discretas,2526-3,1,anon_md_2526_3_1_025,4,5 o más,grande,0,2,4,,6.0,8.863279904761162,5.21986,9.0,,,,,,
Matemáticas Discretas,2526-3,1,anon_md_2526_3_1_025,6,5 o más,grande,0,0,182,,6.0,1.4479956402079357,4.8018312,6.0,,,,,,
Matemáticas Discretas,2526-3,1,anon_md_2526_3_1_025,8,5 o más,grande,1,0,28,,6.0,4.544552398788131,4.897193,6.0,,,,,,
Matemáticas Discretas,2526-3,1,anon_md_2526_3_1_026,4,5 o más,grande,0,0,182,,1.0,1.4479956402079357,0.2991252,0.0,,,,,,
Matemáticas Discretas,2526-3,1,anon_md_2526_3_1_026,6,5 o más,grande,0,1,26,,1.0,4.211142589285103,1.5836556,2.0,,,,,,
Matemáticas Discretas,2526-3,1,anon_md_2526_3_1_026,8,5 o más,grande,0,0,182,,1.0,1.4479956402079357,1.3874111,1.5,,,,,,
Matemáticas Discretas,2526-3,1,anon_md_2526_3_1_027,4,2,grande,0,0,80,,4.0,2.039058783213951,2.5058877,0.0,,,,,,
Matemáticas Discretas,2526-3,1,anon_md_2526_3_1_027,6,2,grande,0,2,8,,4.0,6.9765858977623685,4.251446,4.0,,,,,,
Matemáticas Discretas,2526-3,1,anon_md_2526_3_1_027,8,2,grande,1,1,12,,4.0,8.875973225356445,5.37485,6.0,,,,,,
Matemáticas Discretas,2526-3,1,anon_md_2526_3_1_028,4,1,grande,0,0,0,Año que cursa,2.0,5.201256913021619,2.9384274,0.0,1.0,1.0,80.0,2.038235294117647,Año que cursa=2; Tamaño del grupo=grande; Participaciones de la semana=0; Participaciones de la semana anterior=0,2.3556257826281897
Matemáticas Discretas,2526-3,1,anon_md_2526_3_1_028,6,1,grande,0,1,0,Año que cursa,2.0,5.201256913021619,3.3194983,2.0,1.0,1.0,18.0,6.347494553376906,Año que cursa=2; Tamaño del grupo=grande; Participaciones de la semana=0; Participaciones de la semana anterior=1,5.477933487108723
Matemáticas Discretas,2526-3,1,anon_md_2526_3_1_028,8,1,grande,1,0,0,Año que cursa,2.0,5.201256913021619,3.3432007,3.0,1.0,1.0,18.0,6.347494553376906,Año que cursa=2; Tamaño del grupo=grande; Participaciones de la semana=1; Participaciones de la semana anterior=0,5.697123792565307
Matemáticas Discretas,2526-3,1,anon_md_2526_3_1_029,4,2,grande,0,0,80,,0.0,2.039058783213951,2.4139822,0.0,,,,,,
Matemáticas Discretas,2526-3,1,anon_md_2526_3_1_029,6,2,grande,0,0,80,,0.0,2.039058783213951,1.8181055,0.0,,,,,,
Matemáticas Discretas,2526-3,1,anon_md_2526_3_1_029,8,2,grande,0,0,80,,0.0,2.039058783213951,0.96508986,0.0,,,,,,
Matemáticas Discretas,2526-3,1,anon_md_2526_3_1_030,4,1,grande,0,0,0,Año que cursa,5.0,5.201256913021619,2.8621557,0.0,1.0,1.0,80.0,2.038235294117647,Año que cursa=2; Tamaño del grupo=grande; Participaciones de la semana=0; Participaciones de la semana anterior=0,2.3556257826281897
Matemáticas Discretas,2526-3,1,anon_md_2526_3_1_030,6,1,grande,0,1,0,Año que cursa,5.0,5.201256913021619,3.2833853,2.0,1.0,1.0,18.0,6.347494553376906,Año que cursa=2; Tamaño del grupo=grande; Participaciones de la semana=0; Participaciones de la semana anterior=1,5.477933487108723
Matemáticas Discretas,2526-3,1,anon_md_2526_3_1_030,8,1,grande,2,0,0,Año que cursa,5.0,5.201256913021619,4.3668323,4.5,1.0,1.0,8.0,6.981209150326798,Año que cursa=2; Tamaño del grupo=grande; Participaciones de la semana=2; Participaciones de la semana anterior=0,7.155448188569118
Matemáticas Discretas,2526-3,1,anon_md_2526_3_1_031,4,3,grande,0,0,64,,4.0,3.1619650511919035,1.6184802,0.0,,,,,,
Matemáticas Discretas,2526-3,1,anon_md_2526_3_1_031,6,3,grande,0,2,10,,4.0,8.491787262375498,3.7573304,4.0,,,,,,
Matemáticas Discretas,2526-3,1,anon_md_2526_3_1_031,8,3,grande,1,0,22,,4.0,7.323279598815246,3.9965515,4.5,,,,,,
