materia,trimestre,seccion,estudiante_id,hito,count,min,max,rango
Algoritmos y Programación,2425-2,1,anon_001,4,5,3.5217779,4.106785,0.5850071000000003
Algoritmos y Programación,2425-2,1,anon_001,6,5,3.2222328,4.014863,0.7926302000000001
Algoritmos y Programación,2425-2,1,anon_001,8,5,2.8613553,3.5095673,0.648212
Algoritmos y Programación,2425-2,1,anon_002,4,5,1.4778441,2.1457517,0.6679075999999999
Algoritmos y Programación,2425-2,1,anon_002,6,5,1.1665039,2.0549152,0.8884113
Algoritmos y Programación,2425-2,1,anon_002,8,5,0.83006954,1.538912,0.7088424600000001
Algoritmos y Programación,2425-2,1,anon_003,4,5,7.532296,8.163783,0.6314870000000008
Algoritmos y Programación,2425-2,1,anon_003,6,5,10.308676,11.157424,0.8487480000000005
Algoritmos y Programación,2425-2,1,anon_003,8,5,15.922338,16.634857,0.7125190000000003
Algoritmos y Programación,2425-2,1,anon_004,4,5,3.552167,4.0614886,0.5093215999999998
Algoritmos y Programación,2425-2,1,anon_004,6,5,3.3013334,3.9632864,0.661953
Algoritmos y Programación,2425-2,1,anon_004,8,5,2.9208317,3.4669714,0.5461396999999999
Algoritmos y Programación,2425-2,1,anon_005,4,5,8.528948,9.152161,0.6232129999999998
Algoritmos y Programación,2425-2,1,anon_005,6,5,10.335137,11.120115,0.7849780000000006
Algoritmos y Programación,2425-2,1,anon_005,8,5,10.983541,11.529357,0.5458159999999985
Algoritmos y Programación,2425-2,1,anon_006,4,5,1.4842309,2.0748618,0.5906308999999998
Algoritmos y Programación,2425-2,1,anon_006,6,5,1.2122827,1.9647558,0.7524731
Algoritmos y Programación,2425-2,1,anon_006,8,5,0.88378954,1.4664829,0.5826933599999999
Algoritmos y Programación,2425-2,1,anon_007,4,5,1.4830023,2.0546494,0.5716471000000001
Algoritmos y Programación,2425-2,1,anon_007,6,5,1.2082539,1.9382612,0.7300072999999998
Algoritmos y Programación,2425-2,1,anon_007,8,5,0.87917423,1.4449707,0.5657964700000001
Algoritmos y Programación,2425-2,1,anon_008,4,5,6.557773,7.0032797,0.44550670000000014
Algoritmos y Programación,2425-2,1,anon_008,6,5,8.363488,9.00484,0.6413519999999995
Algoritmos y Programación,2425-2,1,anon_008,8,5,15.951144,16.564114,0.6129700000000007
Algoritmos y Programación,2425-2,1,anon_009,4,5,5.464582,5.9375324,0.4729504000000002
Algoritmos y Programación,2425-2,1,anon_009,6,5,5.2068925,5.7519636,0.5450710999999995
Algoritmos y Programación,2425-2,1,anon_009,8,5,6.880973,7.2857113,0.4047383
Algoritmos y Programación,2425-2,1,anon_010,4,5,9.486934,10.146959,0.660025000000001
Algoritmos y Programación,2425-2,1,anon_010,6,5,13.234713,14.117786,0.8830730000000013
Algoritmos y Programación,2425-2,1,anon_010,8,5,20.854225,21.613659,0.7594339999999988
Algoritmos y Programación,2425-2,1,anon_011,4,5,5.4847775,5.8992963,0.41451879999999974
Algoritmos y Programación,2425-2,1,anon_011,6,5,6.232256,6.7893114,0.5570554000000003
Algoritmos y Programación,2425-2,1,anon_011,8,5,6.8970613,7.285928,0.38886670000000034
Algoritmos y Programación,2425-2,1,anon_012,4,5,1.4801692,1.9388182,0.4586490000000001
Algoritmos y Programación,2425-2,1,anon_012,6,5,1.1914396,1.7815243,0.5900847
Algoritmos y Programación,2425-2,1,anon_012,8,5,0.8573233,1.3152392,0.45791589999999993
Algoritmos y Programación,2425-2,1,anon_013,4,5,1.4803839,1.9128938,0.4325098999999999
Algoritmos y Programación,2425-2,1,anon_013,6,5,1.1889834,1.745631,0.5566476
Algoritmos y Programación,2425-2,1,anon_013,8,5,0.8535104,1.2849714,0.4314610000000001
Algoritmos y Programación,2425-2,1,anon_014,4,5,16.619743,17.396488,0.7767450000000018
Algoritmos y Programación,2425-2,1,anon_014,6,5,18.475016,19.25655,0.7815340000000006
Algoritmos y Programación,2425-2,1,anon_014,8,5,23.04692,23.642593,0.5956730000000015
Algoritmos y Programación,2425-2,1,anon_015,4,5,10.635241,11.124051,0.4888099999999991
Algoritmos y Programación,2425-2,1,anon_015,6,5,13.446297,14.118182,0.6718849999999996
Algoritmos y Programación,2425-2,1,anon_015,8,5,22.985485,23.632187,0.6467019999999977
Algoritmos y Programación,2425-2,1,anon_016,4,5,1.245204,1.9563302,0.7111262
Algoritmos y Programación,2425-2,1,anon_016,6,5,0.7930117,1.8581188,1.0651071
Algoritmos y Programación,2425-2,1,anon_016,8,5,1.5805539,2.2738986,0.6933446999999999
Algoritmos y Programación,2425-2,1,anon_017,4,5,1.4842528,1.8017275,0.3174747
Algoritmos y Programación,2425-2,1,anon_017,6,5,1.1832802,1.5902692,0.40698900000000005
Algoritmos y Programación,2425-2,1,anon_017,8,5,1.8624187,2.171438,0.3090193000000001
Algoritmos y Programación,2425-2,1,anon_018,4,5,7.665746,8.009709,0.34396300000000046
Algoritmos y Programación,2425-2,1,anon_018,6,5,11.462977,11.919607,0.45662999999999876
Algoritmos y Programación,2425-2,1,anon_018,8,5,16.025234,16.526129,0.5008949999999999
Algoritmos y Programación,2425-2,1,anon_019,4,5,1.4880561,1.827829,0.3397728999999998
Algoritmos y Programación,2425-2,1,anon_019,6,5,1.1832464,1.6151401,0.43189370000000005
Algoritmos y Programación,2425-2,1,anon_019,8,5,0.8383462,1.1849461,0.34659989999999985
Algoritmos y Programación,2425-2,1,anon_020,4,5,12.710287,13.227518,0.5172310000000007
Algoritmos y Programación,2425-2,1,anon_020,6,5,15.531414,16.190893,0.6594789999999993
Algoritmos y Programación,2425-2,1,anon_020,8,5,23.028454,23.674038,0.6455839999999995
Algoritmos y Programación,2425-2,1,anon_021,4,5,5.5714436,6.0319495,0.46050589999999936
Algoritmos y Programación,2425-2,1,anon_021,6,5,5.3098035,5.8461804,0.5363768999999996
Algoritmos y Programación,2425-2,1,anon_021,8,5,4.885102,5.335404,0.45030199999999976
Algoritmos y Programación,2425-2,1,anon_022,4,5,1.4960237,1.8879311,0.3919074
Algoritmos y Programación,2425-2,1,anon_022,6,5,3.216179,3.7519693,0.5357902999999999
Algoritmos y Programación,2425-2,1,anon_022,8,5,2.8748903,3.3046114,0.4297211000000001
Algoritmos y Programación,2425-2,1,anon_023,4,5,12.6167755,13.133309,0.5165335000000013
Algoritmos y Programación,2425-2,1,anon_023,6,5,16.448399,17.169102,0.7207030000000003
Algoritmos y Programación,2425-2,1,anon_023,8,5,19.00764,19.670918,0.6632780000000018
Algoritmos y Programación,2425-2,1,anon_024,4,5,5.491161,6.0966535,0.6054925000000004
Algoritmos y Programación,2425-2,1,anon_024,6,5,7.2098074,7.9745383,0.7647309
Algoritmos y Programación,2425-2,1,anon_024,8,5,6.788356,7.46017,0.6718139999999995
Algoritmos y Programación,2425-2,1,anon_025,4,5,6.608082,7.1182594,0.5101774000000008
Algoritmos y Programación,2425-2,1,anon_025,6,5,6.357711,6.983669,0.6259579999999998
Algoritmos y Programación,2425-2,1,anon_025,8,5,5.922558,6.4424114,0.5198533999999997
Algoritmos y Programación,2425-2,1,anon_026,4,5,1.5103396,1.9619625,0.45162290000000005
Algoritmos y Programación,2425-2,1,anon_026,6,5,1.1987386,1.7842605,0.5855219
Algoritmos y Programación,2425-2,1,anon_026,8,5,0.82081854,1.3137323,0.4929137600000001
Algoritmos y Programación,2425-2,1,anon_027,4,5,4.379211,5.090416,0.7112050000000005
Algoritmos y Programación,2425-2,1,anon_027,6,5,6.0709066,6.983925,0.9130184000000003
Algoritmos y Programación,2425-2,1,anon_027,8,5,9.687459,10.497872,0.8104129999999987
Algoritmos y Programación,2425-2,1,anon_028,4,5,13.634319,14.330098,0.6957789999999999
Algoritmos y Programación,2425-2,1,anon_028,6,5,14.430098,15.287201,0.8571030000000004
Algoritmos y Programación,2425-2,1,anon_028,8,5,17.954948,18.723068,0.7681199999999997
Algoritmos y Programación,2425-2,1,anon_029,4,5,1.4379904,2.0117555,0.5737651000000001
Algoritmos y Programación,2425-2,1,anon_029,6,5,1.091944,1.8446515,0.7527075000000001
Algoritmos y Programación,2425-2,1,anon_029,8,5,0.7134671,1.3587898,0.6453227
Algoritmos y Programación,2425-2,1,anon_030,4,5,10.516597,11.211708,0.6951109999999989
Algoritmos y Programación,2425-2,1,anon_030,6,5,11.298195,12.172011,0.8738159999999997
Algoritmos y Programación,2425-2,1,anon_030,8,5,13.857567,14.639648,0.7820809999999998
Algoritmos y Programación,2425-2,2,anon_031,4,5,2.4645462,2.951786,0.4872397999999998
Algoritmos y Programación,2425-2,2,anon_031,6,5,2.1883059,2.7692761,0.5809701999999999
Algoritmos y Programación,2425-2,2,anon_031,8,5,1.8990904,2.2579114,0.35882099999999983
Algoritmos y Programación,2425-2,2,anon_032,4,5,4.5947456,5.0042367,0.40949109999999944
Algoritmos y Programación,2425-2,2,anon_032,6,5,4.389118,4.863157,0.4740390000000003
Algoritmos y Programación,2425-2,2,anon_032,8,5,4.0260363,4.362461,0.33642469999999935
Algoritmos y Programación,2425-2,2,anon_033,4,5,13.235567,14.147841,0.912274
Algoritmos y Programación,2425-2,2,anon_033,6,5,16.001024,17.144516,1.1434919999999984
Algoritmos y Programación,2425-2,2,anon_033,8,5,20.707165,21.591824,0.8846589999999992
Algoritmos y Programación,2425-2,2,anon_034,4,5,5.4906774,5.9064016,0.41572419999999966
Algoritmos y Programación,2425-2,2,anon_034,6,5,5.240056,5.704003,0.4639470000000001
Algoritmos y Programación,2425-2,2,anon_034,8,5,4.9183207,5.2185473,0.30022660000000023
Algoritmos y Programación,2425-2,2,anon_035,4,5,3.6011543,3.9883142,0.3871598999999999
Algoritmos y Programación,2425-2,2,anon_035,6,5,3.402384,3.820253,0.41786900000000005
Algoritmos y Programación,2425-2,2,anon_035,8,5,3.0403738,3.3223941,0.2820203000000001
Algoritmos y Programación,2425-2,2,anon_036,4,5,6.379704,6.953112,0.5734079999999997
Algoritmos y Programación,2425-2,2,anon_036,6,5,6.0911965,6.8333488,0.7421522999999999
Algoritmos y Programación,2425-2,2,anon_036,8,5,8.797992,9.324718,0.526726
Algoritmos y Programación,2425-2,2,anon_037,4,5,1.5621145,1.9964367,0.4343222
Algoritmos y Programación,2425-2,2,anon_037,6,5,1.3154894,1.810586,0.4950966000000001
Algoritmos y Programación,2425-2,2,anon_037,8,5,0.9642471,1.3101878,0.3459407
Algoritmos y Programación,2425-2,2,anon_038,4,5,2.410678,2.741889,0.33121100000000014
Algoritmos y Programación,2425-2,2,anon_038,6,5,2.0662563,2.5932252,0.5269689
Algoritmos y Programación,2425-2,2,anon_038,8,5,1.8036433,2.1330612,0.32941790000000015
Algoritmos y Programación,2425-2,2,anon_039,4,5,4.518372,4.8033924,0.2850203999999996
Algoritmos y Programación,2425-2,2,anon_039,6,5,6.2603445,6.6681848,0.40784029999999927
Algoritmos y Programación,2425-2,2,anon_039,8,5,7.931613,8.306154,0.3745409999999998
Algoritmos y Programación,2425-2,2,anon_040,4,5,1.2915819,1.9710857,0.6795038
Algoritmos y Programación,2425-2,2,anon_040,6,5,0.8796043,1.8773801,0.9977758000000001
Algoritmos y Programación,2425-2,2,anon_040,8,5,0.6794499,1.2810856,0.6016356999999999
Algoritmos y Programación,2425-2,2,anon_041,4,5,1.5468469,1.7524256,0.2055787
Algoritmos y Programación,2425-2,2,anon_041,6,5,1.2531592,1.4989394,0.2457802
Algoritmos y Programación,2425-2,2,anon_041,8,5,0.84977007,1.0902085,0.24043842999999987
Algoritmos y Programación,2425-2,2,anon_042,4,5,2.5495722,2.7921114,0.24253919999999995
Algoritmos y Programación,2425-2,2,anon_042,6,5,3.2735877,3.6253006,0.3517128999999999
Algoritmos y Programación,2425-2,2,anon_042,8,5,7.9292192,8.285944,0.3567248000000003
Algoritmos y Programación,2425-2,2,anon_043,4,5,7.550402,7.9970307,0.44662869999999977
Algoritmos y Programación,2425-2,2,anon_043,6,5,8.32216,8.884566,0.5624059999999993
Algoritmos y Programación,2425-2,2,anon_043,8,5,9.96304,10.432628,0.4695879999999999
Algoritmos y Programación,2425-2,2,anon_044,4,5,9.550341,10.069568,0.5192270000000008
Algoritmos y Programación,2425-2,2,anon_044,6,5,9.34594,9.974628,0.6286879999999986
Algoritmos y Programación,2425-2,2,anon_044,8,5,12.963583,13.508854,0.5452709999999996
Algoritmos y Programación,2425-2,2,anon_045,4,5,6.342937,7.0874867,0.7445497000000003
Algoritmos y Programación,2425-2,2,anon_045,6,5,8.961386,10.053891,1.092505000000001
Algoritmos y Programación,2425-2,2,anon_045,8,5,10.692299,11.473342,0.7810430000000004
Algoritmos y Programación,2425-2,2,anon_046,4,5,1.4757922,1.8539873,0.3781950999999999
Algoritmos y Programación,2425-2,2,anon_046,6,5,1.1630907,1.649228,0.4861373
Algoritmos y Programación,2425-2,2,anon_046,8,5,0.7501651,1.2122048,0.46203970000000005
Algoritmos y Programación,2425-2,2,anon_047,4,5,6.716477,7.0821667,0.3656896999999999
Algoritmos y Programación,2425-2,2,anon_047,6,5,6.529684,6.92095,0.3912660000000008
Algoritmos y Programación,2425-2,2,anon_047,8,5,6.0550723,6.396168,0.34109570000000033
Algoritmos y Programación,2425-2,2,anon_048,4,5,2.4878118,2.9378247,0.4500129000000004
Algoritmos y Programación,2425-2,2,anon_048,6,5,3.1984887,3.782199,0.5837102999999999
Algoritmos y Programación,2425-2,2,anon_048,8,5,3.8057575,4.341155,0.5353974999999997
Algoritmos y Programación,2425-2,2,anon_049,4,5,1.4326291,1.9193308,0.4867017
Algoritmos y Programación,2425-2,2,anon_049,6,5,2.1530187,2.7740307,0.6210119999999999
Algoritmos y Programación,2425-2,2,anon_049,8,5,1.7443894,2.3164487,0.5720593
Algoritmos y Programación,2425-2,2,anon_050,4,5,4.541916,5.0490174,0.5071014000000007
Algoritmos y Programación,2425-2,2,anon_050,6,5,4.2261295,4.9121866,0.6860571000000002
Algoritmos y Programación,2425-2,2,anon_050,8,5,3.7961485,4.406293,0.6101444999999996
Algoritmos y Programación,2425-2,2,anon_051,4,5,1.4069754,1.9607267,0.5537512999999998
Algoritmos y Programación,2425-2,2,anon_051,6,5,1.0752803,1.7892363,0.713956
Algoritmos y Programación,2425-2,2,anon_051,8,5,0.67587495,1.323796,0.64792105
Algoritmos y Programación,2425-2,2,anon_052,4,5,10.620564,11.170062,0.5494979999999998
Algoritmos y Programación,2425-2,2,anon_052,6,5,13.407527,14.159079,0.7515520000000002
Algoritmos y Programación,2425-2,2,anon_052,8,5,15.959043,16.652115,0.693071999999999
Algoritmos y Programación,2425-2,2,anon_053,4,5,1.4546386,1.9756453,0.5210067
Algoritmos y Programación,2425-2,2,anon_053,6,5,1.1425223,1.8123026,0.6697803
Algoritmos y Programación,2425-2,2,anon_053,8,5,2.8194513,3.375848,0.5563967000000001
Algoritmos y Programación,2425-2,2,anon_054,4,5,3.581263,4.065681,0.4844179999999998
Algoritmos y Programación,2425-2,2,anon_054,6,5,3.2451112,3.9134116,0.6683003999999997
Algoritmos y Programación,2425-2,2,anon_054,8,5,3.825898,4.4150386,0.5891405999999999
Algoritmos y Programación,2425-2,2,anon_055,4,5,6.6021137,7.173027,0.5709133
Algoritmos y Programación,2425-2,2,anon_055,6,5,8.290353,9.075726,0.7853729999999999
Algoritmos y Programación,2425-2,2,anon_055,8,5,9.856441,10.566833,0.7103920000000006
Algoritmos y Programación,2425-2,2,anon_056,4,5,1.3286611,2.05378,0.7251189000000002
Algoritmos y Programación,2425-2,2,anon_056,6,5,0.900858,1.9050806,1.0042225999999999
Algoritmos y Programación,2425-2,2,anon_056,8,5,0.5491191,1.4116821,0.862563
Algoritmos y Programación,2425-2,2,anon_057,4,5,6.0175624,6.9894757,0.9719132999999998
Algoritmos y Programación,2425-2,2,anon_057,6,5,7.700568,8.99914,1.298572000000001
Algoritmos y Programación,2425-2,2,anon_057,8,5,11.413266,12.486672,1.0734060000000003
Algoritmos y Programación,2425-2,2,anon_058,4,5,1.2743406,2.086191,0.8118504
Algoritmos y Programación,2425-2,2,anon_058,6,5,0.83061713,1.9432569,1.11263977
Algoritmos y Programación,2425-2,2,anon_058,8,5,0.49054134,1.4391706,0.9486292599999999
Algoritmos y Programación,2425-2,2,anon_059,4,5,3.9567084,5.0155888,1.0588803999999996
Algoritmos y Programación,2425-2,2,anon_059,6,5,3.5486636,4.9731503,1.4244867000000005
Algoritmos y Programación,2425-2,2,anon_059,8,5,4.253462,5.41947,1.1660079999999997
Algoritmos y Programación,2425-2,2,anon_060,4,5,2.2372575,3.1397467,0.9024891999999998
Algoritmos y Programación,2425-2,2,anon_060,6,5,1.7932262,3.0142832,1.2210569999999998
Algoritmos y Programación,2425-2,2,anon_060,8,5,2.462321,3.500583,1.0382619999999996
Algoritmos y Programación,2526-1,1,anon_061,4,5,6.1684227,8.053875,1.8854522999999999
Algoritmos y Programación,2526-1,1,anon_061,6,5,5.422774,6.5947776,1.1720035999999991
Algoritmos y Programación,2526-1,1,anon_061,8,5,7.6122746,8.204786,0.5925114000000002
Algoritmos y Programación,2526-1,1,anon_062,4,5,8.2194805,10.12795,1.9084695000000007
Algoritmos y Programación,2526-1,1,anon_062,6,5,8.478606,9.765017,1.286411000000001
Algoritmos y Programación,2526-1,1,anon_062,8,5,7.658362,8.397141,0.7387789999999992
Algoritmos y Programación,2526-1,1,anon_063,4,5,7.1587725,8.768577,1.6098045
Algoritmos y Programación,2526-1,1,anon_063,6,5,7.4808154,8.729346,1.2485305999999996
Algoritmos y Programación,2526-1,1,anon_063,8,5,10.662719,11.419941,0.7572220000000005
Algoritmos y Programación,2526-1,1,anon_064,4,5,2.9972084,4.1683855,1.1711771000000004
Algoritmos y Programación,2526-1,1,anon_064,6,5,2.4411938,3.568756,1.1275621999999998
Algoritmos y Programación,2526-1,1,anon_064,8,5,1.6565466,2.1699555,0.5134089
Algoritmos y Programación,2526-1,1,anon_065,4,5,5.1722,6.717538,1.545338
Algoritmos y Programación,2526-1,1,anon_065,6,5,4.491254,5.631021,1.139767
Algoritmos y Programación,2526-1,1,anon_065,8,5,6.6749063,7.2672834,0.5923771000000002
Algoritmos y Programación,2526-1,1,anon_066,4,5,4.1562824,5.56472,1.4084376
Algoritmos y Programación,2526-1,1,anon_066,6,5,3.5017233,4.581541,1.0798176999999995
Algoritmos y Programación,2526-1,1,anon_066,8,5,2.6783838,3.1673005,0.48891669999999987
Algoritmos y Programación,2526-1,1,anon_067,4,5,6.345406,8.082354,1.7369480000000008
Algoritmos y Programación,2526-1,1,anon_067,6,5,6.565166,7.672102,1.1069360000000001
Algoritmos y Programación,2526-1,1,anon_067,8,5,8.695862,9.258396,0.5625339999999994
Algoritmos y Programación,2526-1,1,anon_068,4,5,3.1499164,4.318313,1.1683966
Algoritmos y Programación,2526-1,1,anon_068,6,5,2.511425,3.4040415,0.8926164999999999
Algoritmos y Programación,2526-1,1,anon_068,8,5,1.5196718,2.2228973,0.7032255000000001
Algoritmos y Programación,2526-1,1,anon_069,4,5,9.564524,11.5761795,2.0116555
Algoritmos y Programación,2526-1,1,anon_069,6,5,8.643793,9.751719,1.107925999999999
Algoritmos y Programación,2526-1,1,anon_069,8,5,9.721003,10.2596445,0.5386415000000007
Algoritmos y Programación,2526-1,1,anon_070,4,5,7.369602,8.894048,1.5244459999999993
Algoritmos y Programación,2526-1,1,anon_070,6,5,6.6227946,7.647586,1.0247914000000007
Algoritmos y Programación,2526-1,1,anon_070,8,5,5.7221336,6.179292,0.45715839999999996
Algoritmos y Programación,2526-1,1,anon_071,4,5,2.8017995,4.213832,1.4120325
Algoritmos y Programación,2526-1,1,anon_071,6,5,2.5785322,3.487359,0.9088267999999999
Algoritmos y Programación,2526-1,1,anon_071,8,5,1.7169356,2.1244712,0.4075355999999999
Algoritmos y Programación,2526-1,1,anon_072,4,5,3.0937853,4.4948406,1.4010553
Algoritmos y Programación,2526-1,1,anon_072,6,5,2.5546489,3.4338772,0.8792282999999999
Algoritmos y Programación,2526-1,1,anon_072,8,5,1.6882496,2.1732035,0.48495390000000005
Algoritmos y Programación,2526-1,1,anon_073,4,5,2.7302277,4.2108665,1.4806388
Algoritmos y Programación,2526-1,1,anon_073,6,5,2.6226997,3.4598045,0.8371048000000001
Algoritmos y Programación,2526-1,1,anon_073,8,5,1.7363021,2.1216996,0.38539749999999984
Algoritmos y Programación,2526-1,1,anon_074,4,5,2.6958127,4.2050896,1.5092769000000001
Algoritmos y Programación,2526-1,1,anon_074,6,5,2.6455572,3.4453754,0.7998182000000003
Algoritmos y Programación,2526-1,1,anon_074,8,5,3.7489033,4.133905,0.38500170000000056
Algoritmos y Programación,2526-1,1,anon_075,4,5,3.135607,4.504876,1.3692690000000005
Algoritmos y Programación,2526-1,1,anon_075,6,5,2.3695102,3.4078486,1.0383383999999998
Algoritmos y Programación,2526-1,1,anon_075,8,5,1.575876,2.21696,0.6410839999999998
Algoritmos y Programación,2526-1,1,anon_076,4,5,5.409276,6.987238,1.5779619999999994
Algoritmos y Programación,2526-1,1,anon_076,6,5,4.4876175,5.622461,1.1348435000000006
Algoritmos y Programación,2526-1,1,anon_076,8,5,3.7411003,4.1777186,0.43661830000000057
Algoritmos y Programación,2526-1,1,anon_077,4,5,2.5983992,4.171564,1.5731648000000003
Algoritmos y Programación,2526-1,1,anon_077,6,5,2.5931478,3.399623,0.8064752
Algoritmos y Programación,2526-1,1,anon_077,8,5,1.7719442,2.1277764,0.35583220000000004
Algoritmos y Programación,2526-1,1,anon_078,4,5,3.9495091,5.493801,1.5442919000000002
Algoritmos y Programación,2526-1,1,anon_078,6,5,3.5844216,4.4317994,0.8473777999999998
Algoritmos y Programación,2526-1,1,anon_078,8,5,2.7953207,3.1329868,0.33766609999999986
Algoritmos y Programación,2526-1,1,anon_079,4,5,1.5769038,3.27723,1.7003262
Algoritmos y Programación,2526-1,1,anon_079,6,5,1.2394302,2.3608527,1.1214225000000002
Algoritmos y Programación,2526-1,1,anon_079,8,5,0.524089,1.208972,0.6848829999999999
Algoritmos y Programación,2526-1,1,anon_080,4,5,7.7616796,9.211756,1.4500763999999995
Algoritmos y Programación,2526-1,1,anon_080,6,5,6.598229,7.6376863,1.0394573000000005
Algoritmos y Programación,2526-1,1,anon_080,8,5,5.83406,6.1464744,0.31241439999999976
Algoritmos y Programación,2526-1,1,anon_081,4,5,2.4816175,4.091276,1.6096584999999997
Algoritmos y Programación,2526-1,1,anon_081,6,5,2.5120058,3.3329573,0.8209515000000001
Algoritmos y Programación,2526-1,1,anon_081,8,5,1.7493992,2.1304803,0.38108109999999984
Algoritmos y Programación,2526-1,1,anon_082,4,5,1.4383254,3.3278666,1.8895412
Algoritmos y Programación,2526-1,1,anon_082,6,5,1.1727399,2.3914404,1.2187005
Algoritmos y Programación,2526-1,1,anon_082,8,5,0.5028473,1.2057328,0.7028855
Algoritmos y Programación,2526-1,1,anon_083,4,5,7.696493,9.259765,1.5632719999999996
Algoritmos y Programación,2526-1,1,anon_083,6,5,6.481938,7.7268095,1.2448714999999995
Algoritmos y Programación,2526-1,1,anon_083,8,5,6.855189,7.190959,0.3357700000000001
Algoritmos y Programación,2526-1,1,anon_084,4,5,2.4021025,4.0055285,1.6034259999999998
Algoritmos y Programación,2526-1,1,anon_084,6,5,2.457408,3.2784548,0.8210468
Algoritmos y Programación,2526-1,1,anon_084,8,5,1.7321823,2.1300297,0.3978474000000001
Algoritmos y Programación,2526-1,1,anon_085,4,5,1.2626401,3.238743,1.9761028999999999
Algoritmos y Programación,2526-1,1,anon_085,6,5,1.2531314,2.4445977,1.1914663
Algoritmos y Programación,2526-1,1,anon_085,8,5,0.613428,1.1987705,0.5853425
Algoritmos y Programación,2526-1,1,anon_086,4,5,2.3516989,3.9364278,1.5847289
Algoritmos y Programación,2526-1,1,anon_086,6,5,2.4230773,3.254282,0.8312046999999998
Algoritmos y Programación,2526-1,1,anon_086,8,5,1.7163076,2.1284506,0.4121429999999999
Algoritmos y Programación,2526-1,1,anon_087,4,5,2.326961,3.8983521,1.5713911
Algoritmos y Programación,2526-1,1,anon_087,6,5,2.4064384,3.240673,0.8342346000000003
Algoritmos y Programación,2526-1,1,anon_087,8,5,1.7064495,2.1272542,0.4208046999999999
Algoritmos y Programación,2526-2,1,anon_088,4,5,1.8321645,3.1439624,1.3117979
Algoritmos y Programación,2526-2,1,anon_088,6,5,1.4010577,2.5861626,1.1851049000000002
Algoritmos y Programación,2526-2,1,anon_088,8,5,0.6650977,1.471359,0.8062613000000001
Algoritmos y Programación,2526-2,1,anon_089,4,5,5.642344,6.7503014,1.1079574
Algoritmos y Programación,2526-2,1,anon_089,6,5,4.867043,6.0639906,1.1969476000000006
Algoritmos y Programación,2526-2,1,anon_089,8,5,3.72708,4.408017,0.6809370000000001
Algoritmos y Programación,2526-2,1,anon_090,4,5,1.8671072,3.108117,1.2410098
Algoritmos y Programación,2526-2,1,anon_090,6,5,1.4249957,2.5375912,1.1125955
Algoritmos y Programación,2526-2,1,anon_090,8,5,0.6899842,1.450167,0.7601827999999999
Algoritmos y Programación,2526-2,1,anon_091,4,5,9.217989,10.079033,0.8610440000000015
Algoritmos y Programación,2526-2,1,anon_091,6,5,12.565489,14.109148,1.543659
Algoritmos y Programación,2526-2,1,anon_091,8,5,10.905914,11.426413,0.5204990000000009
Algoritmos y Programación,2526-2,1,anon_092,4,5,1.9070007,3.0667934,1.1597927
Algoritmos y Programación,2526-2,1,anon_092,6,5,1.4540147,2.4864213,1.0324065999999998
Algoritmos y Programación,2526-2,1,anon_092,8,5,0.71859384,1.4251971,0.7066032600000001
Algoritmos y Programación,2526-2,1,anon_093,4,5,3.1588883,4.2482233,1.0893350000000002
Algoritmos y Programación,2526-2,1,anon_093,6,5,2.6284637,3.5504048,0.9219410999999997
Algoritmos y Programación,2526-2,1,anon_093,8,5,1.7536203,2.3973918,0.6437714999999999
Algoritmos y Programación,2526-2,1,anon_094,4,5,7.0883446,7.9421844,0.8538398000000003
Algoritmos y Programación,2526-2,1,anon_094,6,5,6.196507,7.30114,1.1046329999999998
Algoritmos y Programación,2526-2,1,anon_094,8,5,4.837041,5.336876,0.49983500000000003
Algoritmos y Programación,2526-2,1,anon_095,4,5,1.9761372,2.9937727,1.0176355000000001
Algoritmos y Programación,2526-2,1,anon_095,6,5,1.5071957,2.4054968,0.8983010999999999
Algoritmos y Programación,2526-2,1,anon_095,8,5,0.76789707,1.3794037,0.6115066299999999
Algoritmos y Programación,2526-2,1,anon_096,4,5,3.0003715,4.242474,1.2421024999999997
Algoritmos y Programación,2526-2,1,anon_096,6,5,2.4737785,3.329708,0.8559295000000002
Algoritmos y Programación,2526-2,1,anon_096,8,5,1.7417073,2.2079394,0.4662320999999998
Algoritmos y Programación,2526-2,1,anon_097,4,5,2.002045,2.9371305,0.9350855
Algoritmos y Programación,2526-2,1,anon_097,6,5,1.5489699,2.3493834,0.8004134999999999
Algoritmos y Programación,2526-2,1,anon_097,8,5,0.80438495,1.3426726,0.53828765
Algoritmos y Programación,2526-2,1,anon_098,4,5,3.4125514,4.263794,0.8512426
Algoritmos y Programación,2526-2,1,anon_098,6,5,2.7481318,3.407207,0.6590752000000002
Algoritmos y Programación,2526-2,1,anon_098,8,5,1.8420479,2.3133633,0.4713153999999997
Algoritmos y Programación,2526-2,1,anon_099,4,5,1.1863295,2.61142,1.4250904999999998
Algoritmos y Programación,2526-2,1,anon_099,6,5,0.8589866,2.208787,1.3498004
Algoritmos y Programación,2526-2,1,anon_099,8,5,0.7615417,1.0048211,0.24327940000000003
Algoritmos y Programación,2526-2,1,anon_100,4,5,2.0278447,2.8388457,0.8110009999999996
Algoritmos y Programación,2526-2,1,anon_100,6,5,1.6206224,2.2632003,0.6425778999999998
Algoritmos y Programación,2526-2,1,anon_100,8,5,0.8362037,1.2778627,0.441659
Algoritmos y Programación,2526-2,1,anon_101,4,5,3.030562,4.049139,1.018577
Algoritmos y Programación,2526-2,1,anon_101,6,5,2.4536748,3.1614385,0.7077637000000001
Algoritmos y Programación,2526-2,1,anon_101,8,5,1.8356872,2.1056814,0.26999419999999996
Algoritmos y Programación,2526-2,1,anon_102,4,5,3.233211,3.9108338,0.6776228
Algoritmos y Programación,2526-2,1,anon_102,6,5,2.8425148,3.3063715,0.4638567
Algoritmos y Programación,2526-2,1,anon_102,8,5,1.8483448,2.2300372,0.38169239999999993
Algoritmos y Programación,2526-2,1,anon_103,4,5,1.6227754,2.5572743,0.9344988999999999
Algoritmos y Programación,2526-2,1,anon_103,6,5,1.2239258,2.0046973,0.7807715000000002
Algoritmos y Programación,2526-2,1,anon_103,8,5,0.84465706,1.0557659,0.21110883999999996
Algoritmos y Programación,2526-2,1,anon_104,4,5,1.2396562,2.302382,1.0627258000000002
Algoritmos y Programación,2526-2,1,anon_104,6,5,0.85412765,2.16768,1.3135523499999997
Algoritmos y Programación,2526-2,1,anon_104,8,5,0.7877541,0.9316707,0.14391659999999995
Algoritmos y Programación,2526-2,1,anon_105,4,5,6.9389734,7.785651,0.8466775999999996
Algoritmos y Programación,2526-2,1,anon_105,6,5,6.171564,7.017465,0.8459009999999996
Algoritmos y Programación,2526-2,1,anon_105,8,5,4.9182987,5.1427727,0.22447399999999984
Algoritmos y Programación,2526-2,1,anon_106,4,5,3.4180403,3.9743893,0.556349
Algoritmos y Programación,2526-2,1,anon_106,6,5,2.8087363,3.189118,0.38038170000000004
Algoritmos y Programación,2526-2,1,anon_106,8,5,1.8399843,2.1161368,0.2761525
Algoritmos y Programación,2526-2,1,anon_107,4,5,7.6037006,8.131311,0.5276104000000004
Algoritmos y Programación,2526-2,1,anon_107,6,5,7.1951647,7.8885612,0.6933964999999995
Algoritmos y Programación,2526-2,1,anon_107,8,5,5.933914,6.0838785,0.14996450000000028
Algoritmos y Programación,2526-2,1,anon_108,4,5,2.0999336,2.4799223,0.3799887000000002
Algoritmos y Programación,2526-2,1,anon_108,6,5,1.3327218,2.0352485,0.7025266999999997
Algoritmos y Programación,2526-2,1,anon_108,8,5,0.8137368,1.0559695,0.24223269999999997
Algoritmos y Programación,2526-2,1,anon_109,4,5,6.4849443,6.968583,0.4836386999999993
Algoritmos y Programación,2526-2,1,anon_109,6,5,7.1215982,7.642918,0.5213197999999997
Algoritmos y Programación,2526-2,1,anon_109,8,5,5.9098644,6.1677427,0.2578782999999998
Algoritmos y Programación,2526-2,1,anon_110,4,5,3.3501127,3.8242724,0.47415969999999996
Algoritmos y Programación,2526-2,1,anon_110,6,5,3.7857804,4.2408876,0.4551071999999996
Algoritmos y Programación,2526-2,1,anon_110,8,5,2.8430645,3.11533,0.27226550000000005
Algoritmos y Programación,2526-2,1,anon_111,4,5,3.1834843,3.6301804,0.44669610000000004
Algoritmos y Programación,2526-2,1,anon_111,6,5,2.4540014,3.113755,0.6597535999999997
Algoritmos y Programación,2526-2,1,anon_111,8,5,1.8280053,2.1157076,0.28770229999999986
Algoritmos y Programación,2526-2,1,anon_112,4,5,4.571503,5.256054,0.6845509999999999
Algoritmos y Programación,2526-2,1,anon_112,6,5,3.8098383,4.376477,0.5666387000000004
Algoritmos y Programación,2526-2,1,anon_112,8,5,2.8599482,3.152382,0.29243379999999997
Algoritmos y Programación,2526-2,1,anon_113,4,5,1.7464087,2.4897585,0.7433498000000003
Algoritmos y Programación,2526-2,1,anon_113,6,5,0.89903295,1.9819205,1.08288755
Algoritmos y Programación,2526-2,1,anon_113,8,5,0.7340452,1.1038426,0.36979739999999994
Algoritmos y Programación,2526-2,1,anon_114,4,5,6.7416086,7.6301556,0.888547
Algoritmos y Programación,2526-2,1,anon_114,6,5,6.142207,6.759329,0.6171220000000002
Algoritmos y Programación,2526-2,1,anon_114,8,5,4.88357,5.230543,0.3469730000000002
Algoritmos y Programación,2526-2,1,anon_115,4,5,3.281014,3.9889584,0.7079444000000001
Algoritmos y Programación,2526-2,1,anon_115,6,5,2.2502162,3.273985,1.0237688
Algoritmos y Programación,2526-2,1,anon_115,8,5,1.8324456,2.1860642,0.3536186000000001
Algoritmos y Programación,2526-2,1,anon_116,4,5,3.2692893,4.0197997,0.7505104
Algoritmos y Programación,2526-2,1,anon_116,6,5,2.180585,3.3037615,1.1231764999999996
Algoritmos y Programación,2526-2,1,anon_116,8,5,1.8001295,2.202696,0.40256650000000005
Algoritmos y Programación,2526-2,1,anon_117,4,5,1.8856927,2.7173142,0.8316215
Algoritmos y Programación,2526-2,1,anon_117,6,5,0.84525037,2.1538415,1.30859113
Algoritmos y Programación,2526-2,1,anon_117,8,5,0.7657861,1.1999136,0.4341274999999999
Algoritmos y Programación,2526-3,1,anon_118,4,5,4.3698215,6.8482084,2.4783869000000003
Algoritmos y Programación,2526-3,1,anon_118,6,5,4.034135,6.3467913,2.3126562999999996
Algoritmos y Programación,2526-3,1,anon_118,8,5,6.7521205,6.9212556,0.1691351000000001
Algoritmos y Programación,2526-3,1,anon_119,4,5,-0.40369797,2.8995552,3.30325317
Algoritmos y Programación,2526-3,1,anon_119,6,5,-0.06849253,0.2106111,0.27910363
Algoritmos y Programación,2526-3,1,anon_119,8,5,0.33800212,0.66187274,0.32387061999999994
Algoritmos y Programación,2526-3,1,anon_120,4,5,-0.2885759,2.5679598,2.8565357000000002
Algoritmos y Programación,2526-3,1,anon_120,6,5,0.11665511,0.51243734,0.39578222999999996
Algoritmos y Programación,2526-3,1,anon_120,8,5,0.10417223,0.621243,0.51707077
Algoritmos y Programación,2526-3,1,anon_121,4,5,-0.34778786,2.8607163,3.20850416
Algoritmos y Programación,2526-3,1,anon_121,6,5,-0.060226798,0.18548214,0.245708938
Algoritmos y Programación,2526-3,1,anon_121,8,5,0.31510597,0.64719003,0.33208405999999996
Algoritmos y Programación,2526-3,1,anon_122,4,5,2.0158675,4.8141747,2.7983071999999996
Algoritmos y Programación,2526-3,1,anon_122,6,5,2.0230582,3.0829506,1.0598924000000003
Algoritmos y Programación,2526-3,1,anon_122,8,5,2.4688058,2.7680433,0.2992374999999998
Algoritmos y Programación,2526-3,1,anon_123,4,5,0.94577026,3.8072076,2.86143734
Algoritmos y Programación,2526-3,1,anon_123,6,5,1.0008901,1.5469525,0.5460624000000001
Algoritmos y Programación,2526-3,1,anon_123,8,5,2.4176934,2.714863,0.2971695999999997
Algoritmos y Programación,2526-3,1,anon_124,4,5,0.840255,3.7844152,2.9441602000000002
Algoritmos y Programación,2526-3,1,anon_124,6,5,0.9865937,1.5444003,0.5578065999999999
Algoritmos y Programación,2526-3,1,anon_124,8,5,1.3660529,1.686465,0.3204121000000002
Algoritmos y Programación,2526-3,1,anon_125,4,5,0.87727165,3.7617962,2.88452455
Algoritmos y Programación,2526-3,1,anon_125,6,5,0.98653877,1.5333192,0.54678043
Algoritmos y Programación,2526-3,1,anon_125,8,5,1.3598374,1.6777983,0.3179609000000001
Algoritmos y Programación,2526-3,1,anon_126,4,5,0.91327596,3.737986,2.82471004
Algoritmos y Programación,2526-3,1,anon_126,6,5,0.9855268,1.523137,0.5376101999999999
Algoritmos y Programación,2526-3,1,anon_126,8,5,2.416177,2.709513,0.29333600000000004
Algoritmos y Programación,2526-3,1,anon_127,4,5,5.6125555,6.7124176,1.0998621000000002
Algoritmos y Programación,2526-3,1,anon_127,6,5,6.4252176,9.287562,2.8623443999999996
Algoritmos y Programación,2526-3,1,anon_127,8,5,6.772061,7.0205584,0.24849739999999976
Algoritmos y Programación,2526-3,1,anon_128,4,5,2.3022547,4.688507,2.3862523
Algoritmos y Programación,2526-3,1,anon_128,6,5,2.0566125,2.9813466,0.9247341000000002
Algoritmos y Programación,2526-3,1,anon_128,8,5,2.4240649,2.7266738,0.30260890000000007
Algoritmos y Programación,2526-3,1,anon_129,4,5,3.7154908,5.6737123,1.9582215
Algoritmos y Programación,2526-3,1,anon_129,6,5,3.1340983,4.4035544,1.2694561000000002
Algoritmos y Programación,2526-3,1,anon_129,8,5,3.4962733,3.802809,0.30653569999999997
Algoritmos y Programación,2526-3,1,anon_130,4,5,1.0420845,3.6308322,2.5887477
Algoritmos y Programación,2526-3,1,anon_130,6,5,0.97633326,1.4934186,0.5170853400000001
Algoritmos y Programación,2526-3,1,anon_130,8,5,1.3406975,1.620017,0.27931949999999994
Algoritmos y Programación,2526-3,1,anon_131,4,5,4.2728806,5.5982,1.3253194000000006
Algoritmos y Programación,2526-3,1,anon_131,6,5,3.2589326,4.400684,1.1417514
Algoritmos y Programación,2526-3,1,anon_131,8,5,3.483342,3.7652066,0.2818646
Algoritmos y Programación,2526-3,1,anon_132,4,5,8.600782,11.215826,2.6150439999999993
Algoritmos y Programación,2526-3,1,anon_132,6,5,6.9107084,9.26656,2.3558516000000003
Algoritmos y Programación,2526-3,1,anon_132,8,5,6.691669,7.0211425,0.32947349999999975
Algoritmos y Programación,2526-3,1,anon_133,4,5,8.156819,9.53101,1.3741909999999997
Algoritmos y Programación,2526-3,1,anon_133,6,5,8.491468,9.7438,1.2523320000000009
Algoritmos y Programación,2526-3,1,anon_133,8,5,10.39397,10.798164,0.4041940000000004
Algoritmos y Programación,2526-3,1,anon_134,4,5,5.253665,6.5397844,1.2861194000000005
Algoritmos y Programación,2526-3,1,anon_134,6,5,4.3361254,5.8176584,1.4815329999999998
Algoritmos y Programación,2526-3,1,anon_134,8,5,5.5565157,5.854138,0.29762229999999956
Algoritmos y Programación,2526-3,1,anon_135,4,5,2.908305,3.9952734,1.0869684
Algoritmos y Programación,2526-3,1,anon_135,6,5,4.7462606,5.4619055,0.7156449
Algoritmos y Programación,2526-3,1,anon_135,8,5,4.0694394,4.5958085,0.5263691000000001
Algoritmos y Programación,2526-3,1,anon_136,4,5,-0.011769772,2.2352762,2.247045972
Algoritmos y Programación,2526-3,1,anon_136,6,5,-0.039083123,0.19078434,0.229867463
Algoritmos y Programación,2526-3,1,anon_136,8,5,0.15834671,0.33034912,0.17200241
Algoritmos y Programación,2526-3,1,anon_137,4,5,5.2473745,6.4427166,1.1953420999999995
Algoritmos y Programación,2526-3,1,anon_137,6,5,4.2811356,5.8647537,1.5836180999999998
Algoritmos y Programación,2526-3,1,anon_137,8,5,4.51421,4.748655,0.23444500000000001
Algoritmos y Programación,2526-3,1,anon_138,4,5,1.1364751,3.3650508,2.2285757000000004
Algoritmos y Programación,2526-3,1,anon_138,6,5,0.9663446,1.5016608,0.5353162
Algoritmos y Programación,2526-3,1,anon_138,8,5,1.3288798,1.4694518,0.14057200000000014
Algoritmos y Programación,2526-3,1,anon_139,4,5,3.8735645,4.8459797,0.9724151999999999
Algoritmos y Programación,2526-3,1,anon_139,6,5,3.7136145,4.339145,0.6255305000000004
Algoritmos y Programación,2526-3,1,anon_139,8,5,3.0281847,3.5076637,0.479479
Algoritmos y Programación,2526-3,1,anon_140,4,5,4.8774605,6.342433,1.4649725
Algoritmos y Programación,2526-3,1,anon_140,6,5,4.2369976,5.6365986,1.3996010000000005
Algoritmos y Programación,2526-3,1,anon_140,8,5,7.52015,7.7624154,0.24226539999999996
Algoritmos y Programación,2526-3,1,anon_141,4,5,9.201273,10.06208,0.8608069999999994
Algoritmos y Programación,2526-3,1,anon_141,6,5,8.066034,9.680078,1.6140439999999998
Algoritmos y Programación,2526-3,1,anon_141,8,5,9.638513,9.976945,0.33843200000000095
Algoritmos y Programación,2526-3,1,anon_142,4,5,-0.059554815,2.1976464,2.257201215
Algoritmos y Programación,2526-3,1,anon_142,6,5,-0.09902334,0.26364017,0.36266351
Algoritmos y Programación,2526-3,1,anon_142,8,5,0.27395368,0.33053893,0.05658525000000003
Algoritmos y Programación,2526-3,1,anon_143,4,5,11.326448,13.707446,2.380998
Algoritmos y Programación,2526-3,1,anon_143,6,5,11.37804,13.281686,1.9036460000000002
Algoritmos y Programación,2526-3,1,anon_143,8,5,11.801299,12.301228,0.49992899999999985
Algoritmos y Programación,2526-3,1,anon_144,4,5,-0.067022085,2.1202364,2.187258485
Algoritmos y Programación,2526-3,1,anon_144,6,5,-0.10003328,0.3040099,0.40404318
Algoritmos y Programación,2526-3,1,anon_144,8,5,1.2820704,1.3749398,0.09286939999999988
Algoritmos y Programación,2526-3,1,anon_145,4,5,17.348543,22.376572,5.028029
Algoritmos y Programación,2526-3,1,anon_145,6,5,22.023127,23.907858,1.8847310000000022
Algoritmos y Programación,2526-3,1,anon_145,8,5,19.104486,19.731272,0.6267859999999992
Algoritmos y Programación,2526-3,1,anon_146,4,5,0.98469996,3.058002,2.07330204
Algoritmos y Programación,2526-3,1,anon_146,6,5,0.9617623,1.5332185,0.5714562000000001
Algoritmos y Programación,2526-3,1,anon_146,8,5,3.3252237,3.489854,0.16463029999999979
Algoritmos y Programación,2526-3,1,anon_147,4,5,-0.080174685,2.0048351,2.085009785
Algoritmos y Programación,2526-3,1,anon_147,6,5,-0.1044544,0.37022054,0.47467494
Algoritmos y Programación,2526-3,1,anon_147,8,5,3.2334378,3.3977046,0.16426680000000005
Computación Emergente,2425-3,1,anon_148,4,5,1.1566613,2.4109888,1.2543275000000003
Computación Emergente,2425-3,1,anon_148,6,5,1.6449155,2.9959507,1.3510351999999999
Computación Emergente,2425-3,1,anon_148,8,5,0.85441613,1.6940398,0.83962367
Computación Emergente,2425-3,1,anon_149,4,5,1.1788043,2.3691628,1.1903584999999999
Computación Emergente,2425-3,1,anon_149,6,5,1.6696111,2.9519463,1.2823352
Computación Emergente,2425-3,1,anon_149,8,5,1.9196026,2.7991738,0.8795712000000002
Computación Emergente,2425-3,1,anon_150,4,5,1.2004488,2.327278,1.1268292000000002
Computación Emergente,2425-3,1,anon_150,6,5,1.69328,2.9075341,1.2142541
Computación Emergente,2425-3,1,anon_150,8,5,0.82491934,1.6306491,0.8057297600000001
Computación Emergente,2425-3,1,anon_151,4,5,0.6825198,1.9356505,1.2531306999999998
Computación Emergente,2425-3,1,anon_151,6,5,0.11556959,1.4041622,1.28859261
Computación Emergente,2425-3,1,anon_151,8,5,0.7640632,1.4023633,0.6383000999999999
Computación Emergente,2425-3,1,anon_152,4,5,0.69793296,1.8945673,1.1966343400000001
Computación Emergente,2425-3,1,anon_152,6,5,1.222948,2.4356248,1.2126767999999999
Computación Emergente,2425-3,1,anon_152,8,5,0.76013845,1.4096351,0.64949665
Computación Emergente,2425-3,1,anon_153,4,5,0.71407807,1.8540208,1.13994273
Computación Emergente,2425-3,1,anon_153,6,5,0.14671385,1.3014815,1.15476765
Computación Emergente,2425-3,1,anon_153,8,5,-0.29632622,0.26141232,0.5577385399999999
Computación Emergente,2425-3,1,anon_154,4,5,0.7178298,1.8140632,1.0962334
Computación Emergente,2425-3,1,anon_154,6,5,0.09588587,1.2517067,1.15582083
Computación Emergente,2425-3,1,anon_154,8,5,-0.2991498,0.23472339,0.53387319
Computación Emergente,2425-3,1,anon_155,4,5,2.7103453,3.5792212,0.8688758999999999
Computación Emergente,2425-3,1,anon_155,6,5,3.1344466,4.1330113,0.9985646999999997
Computación Emergente,2425-3,1,anon_155,8,5,1.7716234,2.8026254,1.0310020000000002
Computación Emergente,2425-3,1,anon_156,4,5,1.3169949,2.0781949,0.7612000000000001
Computación Emergente,2425-3,1,anon_156,6,5,0.67668545,1.5158051,0.8391196499999999
Computación Emergente,2425-3,1,anon_156,8,5,-0.29603678,0.4044873,0.70052408
Computación Emergente,2425-3,1,anon_157,4,5,1.3339244,2.0376654,0.703741
Computación Emergente,2425-3,1,anon_157,6,5,0.6915901,1.4727753,0.7811851999999999
Computación Emergente,2425-3,1,anon_157,8,5,-0.3049057,0.39830557,0.7032112699999999
Computación Emergente,2425-3,1,anon_158,4,5,1.3501204,1.9975983,0.6474778999999999
Computación Emergente,2425-3,1,anon_158,6,5,0.638837,1.4302634,0.7914264000000001
Computación Emergente,2425-3,1,anon_158,8,5,-0.31303185,0.3926765,0.70570835
Computación Emergente,2425-3,1,anon_159,4,5,1.3229777,1.9580612,0.6350834999999999
Computación Emergente,2425-3,1,anon_159,6,5,1.6946846,2.5050151,0.8103305000000001
Computación Emergente,2425-3,1,anon_159,8,5,0.72576565,1.533885,0.8081193499999999
Computación Emergente,2425-3,1,anon_160,4,5,0.6195742,1.5892563,0.9696821
Computación Emergente,2425-3,1,anon_160,6,5,0.8940458,2.047571,1.1535252
Computación Emergente,2425-3,1,anon_160,8,5,0.77508366,1.231001,0.45591734000000006
Computación Emergente,2425-3,1,anon_161,4,5,0.6083143,1.5546432,0.9463288999999999
Computación Emergente,2425-3,1,anon_161,6,5,-0.25308406,0.9403876,1.19347166
Computación Emergente,2425-3,1,anon_161,8,5,-0.29003876,0.14514053,0.43517929
Computación Emergente,2425-3,1,anon_162,4,5,1.8726823,2.2966905,0.42400820000000006
Computación Emergente,2425-3,1,anon_162,6,5,1.3646748,1.7095095,0.34483470000000005
Computación Emergente,2425-3,1,anon_162,8,5,-0.17812443,0.69894063,0.87706506
Computación Emergente,2425-3,1,anon_163,4,5,1.8576528,2.2556994,0.39804660000000003
Computación Emergente,2425-3,1,anon_163,6,5,1.3086145,1.7126523,0.4040378
Computación Emergente,2425-3,1,anon_163,8,5,-0.18886995,0.6990056,0.88787555
Computación Emergente,2425-3,1,anon_164,4,5,3.7106512,4.459217,0.7485657999999997
Computación Emergente,2425-3,1,anon_164,6,5,4.2796583,5.112791,0.8331326999999993
Computación Emergente,2425-3,1,anon_164,8,5,3.8199792,5.0223827,1.2024034999999995
Computación Emergente,2425-3,1,anon_165,4,5,2.360793,2.9677787,0.6069857000000001
Computación Emergente,2425-3,1,anon_165,6,5,2.732908,3.6072743,0.8743662999999997
Computación Emergente,2425-3,1,anon_165,8,5,2.804327,3.8226109,1.0182839000000001
Computación Emergente,2425-3,1,anon_166,4,5,1.1187829,1.7013465,0.5825636000000001
Computación Emergente,2425-3,1,anon_166,6,5,0.19415164,1.1202135,0.92606186
Computación Emergente,2425-3,1,anon_166,8,5,0.70621926,1.4739306,0.7677113400000001
Computación Emergente,2425-3,1,anon_167,4,5,1.798102,2.2110486,0.4129465999999997
Computación Emergente,2425-3,1,anon_167,6,5,1.0527153,1.7228225,0.6701071999999999
Computación Emergente,2425-3,1,anon_167,8,5,-0.22639704,0.6957237,0.92212074
Computación Emergente,2425-3,1,anon_168,4,5,3.0636554,3.7361283,0.6724728999999998
Computación Emergente,2425-3,1,anon_168,6,5,3.5485177,4.279132,0.7306142999999996
Computación Emergente,2425-3,1,anon_168,8,5,2.8623009,4.10462,1.2423190999999996
Computación Emergente,2425-3,1,anon_169,4,5,1.0397831,1.604826,0.5650429000000001
Computación Emergente,2425-3,1,anon_169,6,5,0.04602492,1.0227456,0.9767206799999999
Computación Emergente,2425-3,1,anon_169,8,5,-0.34030038,0.36374807,0.7040484499999999
Computación Emergente,2425-3,1,anon_170,4,5,1.7531233,2.1926641,0.43954080000000006
Computación Emergente,2425-3,1,anon_170,6,5,0.87132263,1.7279049,0.85658227
Computación Emergente,2425-3,1,anon_170,8,5,-0.24847835,0.6895844,0.93806275
Computación Emergente,2425-3,1,anon_171,4,5,2.1864386,2.7751808,0.5887422
Computación Emergente,2425-3,1,anon_171,6,5,2.3993044,3.368225,0.9689205999999997
Computación Emergente,2425-3,1,anon_171,8,5,1.7664182,2.672449,0.9060307999999999
Computación Emergente,2425-3,1,anon_172,4,5,0.96646917,1.5176864,0.5512172300000001
Computación Emergente,2425-3,1,anon_172,6,5,-0.09015238,0.93746763,1.02762001
Computación Emergente,2425-3,1,anon_172,8,5,-0.32299095,0.36331427,0.6863052199999999
Computación Emergente,2425-3,1,anon_173,4,5,3.4320982,4.1972303,0.7651321000000002
Computación Emergente,2425-3,1,anon_173,6,5,3.7353814,4.7811975,1.0458161000000001
Computación Emergente,2425-3,1,anon_173,8,5,3.927731,4.9341836,1.0064525999999998
Computación Emergente,2425-3,1,anon_174,4,5,2.8671558,3.472457,0.6053012
Computación Emergente,2425-3,1,anon_174,6,5,3.1372857,4.1843805,1.0470947999999995
Computación Emergente,2425-3,1,anon_174,8,5,2.823324,4.0521126,1.2287886000000001
Computación Emergente,2425-3,1,anon_175,4,5,0.32705832,1.1859729,0.8589145800000001
Computación Emergente,2425-3,1,anon_175,6,5,-0.7643442,0.6368828,1.401227
Computación Emergente,2425-3,1,anon_175,8,5,-0.19121069,0.300247,0.49145768999999995
Computación Emergente,2425-3,1,anon_176,4,5,3.348271,4.2028637,0.8545927
Computación Emergente,2425-3,1,anon_176,6,5,3.560523,4.7539825,1.1934595000000003
Computación Emergente,2425-3,1,anon_176,8,5,4.012129,4.9052505,0.8931215000000003
Computación Emergente,2425-3,1,anon_177,4,5,0.2903819,1.2297947,0.9394127999999999
Computación Emergente,2425-3,1,anon_177,6,5,-0.81624293,0.6843071,1.5005500299999999
Computación Emergente,2425-3,1,anon_177,8,5,-0.17916524,0.3200901,0.49925534
Computación Emergente,2425-3,1,anon_178,4,5,1.5937971,2.1428242,0.5490271000000002
Computación Emergente,2425-3,1,anon_178,6,5,1.5513734,2.829387,1.2780136000000002
Computación Emergente,2425-3,1,anon_178,8,5,1.7931406,2.8646247,1.0714840999999997
Computación Emergente,2425-3,1,anon_179,4,5,0.8187624,1.580581,0.7618186
Computación Emergente,2425-3,1,anon_179,6,5,-0.36288667,0.91692954,1.2798162100000001
Computación Emergente,2425-3,1,anon_179,8,5,-0.25180477,0.36639795,0.61820272
Computación Emergente,2425-3,1,anon_180,4,5,0.8003328,1.5896411,0.7893083
Computación Emergente,2425-3,1,anon_180,6,5,-0.39728713,0.9300396,1.32732673
Computación Emergente,2425-3,1,anon_180,8,5,-0.24102753,0.36695093,0.60797846
Computación Emergente,2425-3,1,anon_181,4,5,0.7825521,1.5987439,0.8161918000000001
Computación Emergente,2425-3,1,anon_181,6,5,-0.43071318,0.94373554,1.37444872
Computación Emergente,2425-3,1,anon_181,8,5,-0.23074079,0.36748627,0.59822706
Computación Emergente,2425-3,1,anon_182,4,5,0.76540995,1.6078993,0.8424893499999999
Computación Emergente,2425-3,1,anon_182,6,5,-0.46322513,0.95801026,1.42123539
Computación Emergente,2425-3,1,anon_182,8,5,0.8607206,1.4538829,0.5931623
Computación Emergente,2425-3,1,anon_183,4,5,3.0789533,4.2068205,1.1278672000000003
Computación Emergente,2425-3,1,anon_183,6,5,3.171939,4.6993933,1.5274542999999996
Computación Emergente,2425-3,1,anon_183,8,5,4.174302,4.8394246,0.6651226000000001
Computación Emergente,2425-3,1,anon_184,4,5,0.18578422,1.3710902,1.18530598
Computación Emergente,2425-3,1,anon_184,6,5,0.07752538,1.9458311,1.86830572
Computación Emergente,2425-3,1,anon_184,8,5,0.9746136,1.469612,0.49499839999999995
Computación Emergente,2425-3,1,anon_185,4,5,0.17353511,1.38957,1.21603489
Computación Emergente,2425-3,1,anon_185,6,5,-0.98650146,0.864459,1.85096046
Computación Emergente,2425-3,1,anon_185,8,5,-0.14930195,0.38979885,0.5391007999999999
Computación Emergente,2425-3,2,anon_185,4,5,-0.013078213,1.6691709,1.682249113
Computación Emergente,2425-3,2,anon_185,6,5,-1.2175789,1.1444818,2.3620607
Computación Emergente,2425-3,2,anon_185,8,5,-0.34479636,0.55070484,0.8955012
Computación Emergente,2425-3,2,anon_186,4,5,0.89782894,2.0774345,1.1796055599999997
Computación Emergente,2425-3,2,anon_186,6,5,0.24904859,1.5962532,1.3472046100000001
Computación Emergente,2425-3,2,anon_186,8,5,-0.3897274,0.4370345,0.8267618999999999
Computación Emergente,2425-3,2,anon_187,4,5,4.374921,5.5566354,1.1817144000000006
Computación Emergente,2425-3,2,anon_187,6,5,6.3850975,7.3840237,0.9989262000000005
Computación Emergente,2425-3,2,anon_187,8,5,5.1375155,6.797654,1.6601384999999995
Computación Emergente,2425-3,2,anon_188,4,5,0.81067276,1.9952085,1.1845357399999998
Computación Emergente,2425-3,2,anon_188,6,5,0.12582326,1.4891431,1.36331984
Computación Emergente,2425-3,2,anon_188,8,5,-0.40078527,0.39072835,0.79151362
Computación Emergente,2425-3,2,anon_189,4,5,1.2640874,2.3885474,1.1244600000000002
Computación Emergente,2425-3,2,anon_189,6,5,1.9445734,2.9115129,0.9669395000000001
Computación Emergente,2425-3,2,anon_189,8,5,1.7199316,2.9098687,1.1899371
Computación Emergente,2425-3,2,anon_190,4,5,0.7271954,1.9153568,1.1881614
Computación Emergente,2425-3,2,anon_190,6,5,0.0044915676,1.3844345,1.3799429324
Computación Emergente,2425-3,2,anon_190,8,5,-0.40936226,0.36284292,0.77220518
Computación Emergente,2425-3,2,anon_191,4,5,0.6869718,1.8764904,1.1895186
Computación Emergente,2425-3,2,anon_191,6,5,-0.05529678,1.3334932,1.3887899799999999
Computación Emergente,2425-3,2,anon_191,8,5,-0.41269904,0.37471944,0.78741848
Computación Emergente,2425-3,2,anon_192,4,5,3.0967512,4.5404058,1.4436546000000003
Computación Emergente,2425-3,2,anon_192,6,5,3.6637998,5.1051188,1.4413189999999996
Computación Emergente,2425-3,2,anon_192,8,5,2.677345,3.7985654,1.1212204000000003
Computación Emergente,2425-3,2,anon_193,4,5,1.1072363,2.24335,1.1361137
Computación Emergente,2425-3,2,anon_193,6,5,0.60638213,1.6537297,1.04734757
Computación Emergente,2425-3,2,anon_193,8,5,-0.4000656,0.6113806,1.0114462
Computación Emergente,2425-3,2,anon_194,4,5,0.5728378,1.7648066,1.1919688000000002
Computación Emergente,2425-3,2,anon_194,6,5,-0.23026061,1.1883891,1.41864971
Computación Emergente,2425-3,2,anon_194,8,5,-0.41893488,0.40968153,0.82861641
Computación Emergente,2425-3,2,anon_195,4,5,0.53706145,1.7293686,1.19230715
Computación Emergente,2425-3,2,anon_195,6,5,-0.2868514,1.1430464,1.4298978
Computación Emergente,2425-3,2,anon_195,8,5,-0.419805,0.4209048,0.8407098
Computación Emergente,2425-3,2,anon_196,4,5,0.5024456,1.6948841,1.1924384999999997
Computación Emergente,2425-3,2,anon_196,6,5,0.74504125,2.1796885,1.4346472500000003
Computación Emergente,2425-3,2,anon_196,8,5,0.62780136,1.5341315,0.90633014
Computación Emergente,2425-3,2,anon_197,4,5,0.468997,1.6613785,1.1923815000000002
Computación Emergente,2425-3,2,anon_197,6,5,-0.39694357,1.057481,1.45442457
Computación Emergente,2425-3,2,anon_197,8,5,-0.41990083,0.44237277,0.8622736
Computación Emergente,2425-3,2,anon_198,4,5,0.43671536,1.62887,1.19215464
Computación Emergente,2425-3,2,anon_198,6,5,-0.45027947,1.0173786,1.4676580700000001
Computación Emergente,2425-3,2,anon_198,8,5,0.62841994,1.5390699,0.9106499600000001
Computación Emergente,2425-3,2,anon_199,4,5,2.1511776,3.3744164,1.2232387999999998
Computación Emergente,2425-3,2,anon_199,6,5,1.5515512,2.8304167,1.2788654999999998
Computación Emergente,2425-3,2,anon_199,8,5,0.59462184,1.7343829,1.13976106
Computación Emergente,2425-3,2,anon_200,4,5,3.33394,4.5858755,1.2519355
Computación Emergente,2425-3,2,anon_200,6,5,3.9591112,5.354066,1.3949548000000003
Computación Emergente,2425-3,2,anon_200,8,5,2.672731,4.0637712,1.3910401999999995
Computación Emergente,2425-3,2,anon_201,4,5,0.83872724,1.9661269,1.12739966
Computación Emergente,2425-3,2,anon_201,6,5,0.05649197,1.4068877,1.35039573
Computación Emergente,2425-3,2,anon_201,8,5,-0.42491728,0.5534649,0.9783821800000001
Computación Emergente,2425-3,2,anon_202,4,5,0.8095319,1.9338529,1.1243210000000001
Computación Emergente,2425-3,2,anon_202,6,5,1.1601486,2.5739162,1.4137676000000001
Computación Emergente,2425-3,2,anon_202,8,5,0.6131967,1.696944,1.0837473
Computación Emergente,2425-3,2,anon_203,4,5,0.29250097,1.48151,1.18900903
Computación Emergente,2425-3,2,anon_203,6,5,-0.6966846,0.8927957,1.5894803
Computación Emergente,2425-3,2,anon_203,8,5,-0.4100935,0.49613753,0.90623103
Computación Emergente,2425-3,2,anon_204,4,5,3.21836,4.579668,1.3613079999999997
Computación Emergente,2425-3,2,anon_204,6,5,2.5925915,4.0401115,1.44752
Computación Emergente,2425-3,2,anon_204,8,5,1.6332126,2.8476546,1.2144419999999998
Computación Emergente,2425-3,2,anon_205,4,5,0.72754955,1.8863312,1.15878165
Computación Emergente,2425-3,2,anon_205,6,5,-0.1900512,1.2994837,1.4895349
Computación Emergente,2425-3,2,anon_205,8,5,-0.4173544,0.5324961,0.9498505
Computación Emergente,2425-3,2,anon_206,4,5,1.3766814,2.859964,1.4832826000000001
Computación Emergente,2425-3,2,anon_206,6,5,0.44280982,2.2638106,1.8210007799999999
Computación Emergente,2425-3,2,anon_206,8,5,0.6391577,1.6543773,1.0152196
Computación Emergente,2425-3,2,anon_207,4,5,0.19671392,1.529272,1.33255808
Computación Emergente,2425-3,2,anon_207,6,5,-0.8654175,0.96586096,1.83127846
Computación Emergente,2425-3,2,anon_207,8,5,-0.39840811,0.521401,0.91980911
Computación Emergente,2425-3,2,anon_208,4,5,1.3269154,2.887194,1.5602786
Computación Emergente,2425-3,2,anon_208,6,5,0.3563614,2.2986765,1.9423151
Computación Emergente,2425-3,2,anon_208,8,5,0.6485819,1.6652067,1.0166247999999998
Computación Emergente,2425-3,2,anon_209,4,5,0.6307657,1.8792186,1.2484529
Computación Emergente,2425-3,2,anon_209,6,5,-0.40950942,1.2599303,1.66943972
Computación Emergente,2425-3,2,anon_209,8,5,0.6585794,1.603604,0.9450246
Computación Emergente,2425-3,2,anon_210,4,5,0.6087135,1.8764548,1.2677413
Computación Emergente,2425-3,2,anon_210,6,5,-0.45964813,1.2606014,1.72024953
Computación Emergente,2425-3,2,anon_210,8,5,-0.38906354,0.50706613,0.89612967
Computación Emergente,2425-3,2,anon_211,4,5,0.587494,1.873454,1.28596
Computación Emergente,2425-3,2,anon_211,6,5,-0.5077946,1.2611318,1.7689264
Computación Emergente,2425-3,2,anon_211,8,5,-0.38160723,0.50166106,0.88326829
Computación Emergente,2425-3,2,anon_212,4,5,0.099059105,1.5955939,1.4965347949999999
Computación Emergente,2425-3,2,anon_212,6,5,-1.0362229,1.0432571,2.07948
Computación Emergente,2425-3,2,anon_212,8,5,-0.38051862,0.54090786,0.92142648
Computación Emergente,2425-3,2,anon_213,4,5,1.2575699,2.9933054,1.7357355
Computación Emergente,2425-3,2,anon_213,6,5,0.1979878,2.3862116,2.1882238000000003
Computación Emergente,2425-3,2,anon_213,8,5,0.66376156,1.6823099,1.01854834
Computación Emergente,2425-3,2,anon_214,4,5,0.06624913,1.6172986,1.55104947
Computación Emergente,2425-3,2,anon_214,6,5,-1.091773,1.0705397,2.1623127
Computación Emergente,2425-3,2,anon_214,8,5,-0.37243384,0.54537994,0.91781378
Computación Emergente,2425-3,2,anon_215,4,5,0.051091313,1.627229,1.5761376870000001
Computación Emergente,2425-3,2,anon_215,6,5,-1.1168768,1.0835645,2.2004413
Computación Emergente,2425-3,2,anon_215,8,5,-0.3681826,0.54701614,0.91519874
Computación Emergente,2425-3,2,anon_216,4,5,1.6865424,3.1621597,1.4756173000000001
Computación Emergente,2425-3,2,anon_216,6,5,0.5707855,2.5789943,2.0082088000000002
Computación Emergente,2425-3,2,anon_216,8,5,0.70628446,1.5908511,0.8845666400000001
Computación Emergente,2425-3,2,anon_217,4,5,0.023161888,1.6454301,1.622268212
Computación Emergente,2425-3,2,anon_217,6,5,-1.1619456,1.1086285,2.2705741
Computación Emergente,2425-3,2,anon_217,8,5,-0.35925084,0.5492709,0.9085217400000001
Computación Emergente,2425-3,2,anon_218,4,5,1.137572,2.9644027,1.8268307
Computación Emergente,2425-3,2,anon_218,6,5,0.029183626,2.422728,2.393544374
Computación Emergente,2425-3,2,anon_218,8,5,0.70188314,1.6824261,0.9805429600000001
Computación Emergente,2425-3,2,anon_219,4,5,-0.0017251968,1.6616793,1.6634044968000001
Computación Emergente,2425-3,2,anon_219,6,5,-1.2005382,1.1327035,2.3332417000000003
Computación Emergente,2425-3,2,anon_219,8,5,0.7333289,1.6260946,0.8927657000000001
Computación Emergente,2526-1,1,anon_174,4,5,1.2490237,3.1335492,1.8845255
Computación Emergente,2526-1,1,anon_174,6,5,0.7730895,2.8620725,2.088983
Computación Emergente,2526-1,1,anon_174,8,5,-0.19880891,1.8183345,2.01714341
Computación Emergente,2526-1,1,anon_205,4,5,1.0230625,2.5288363,1.5057738
Computación Emergente,2526-1,1,anon_205,6,5,0.6637819,2.4302435,1.7664616
Computación Emergente,2526-1,1,anon_205,8,5,-0.07383597,1.7268145,1.80065047
Computación Emergente,2526-1,1,anon_212,4,5,1.3428841,3.0145478,1.6716636999999999
Computación Emergente,2526-1,1,anon_212,6,5,1.326595,3.125915,1.79932
Computación Emergente,2526-1,1,anon_212,8,5,0.9520489,2.597997,1.6459481
Computación Emergente,2526-1,1,anon_220,4,5,2.2850764,3.8912377,1.6061613000000001
Computación Emergente,2526-1,1,anon_220,6,5,2.1224432,3.4858155,1.3633723
Computación Emergente,2526-1,1,anon_220,8,5,1.2167175,2.5271995,1.3104820000000001
Computación Emergente,2526-1,1,anon_221,4,5,6.6103845,10.163399,3.5530144999999997
Computación Emergente,2526-1,1,anon_221,6,5,8.444096,11.796504,3.3524080000000005
Computación Emergente,2526-1,1,anon_221,8,5,10.7839365,16.460716,5.676779500000002
Computación Emergente,2526-1,1,anon_222,4,5,2.2688184,3.7421026,1.4732842000000002
Computación Emergente,2526-1,1,anon_222,6,5,2.1478071,3.4458132,1.2980060999999998
Computación Emergente,2526-1,1,anon_222,8,5,1.2238166,2.4184742,1.1946576
Computación Emergente,2526-1,1,anon_223,4,5,2.2974288,3.7454567,1.4480279
Computación Emergente,2526-1,1,anon_223,6,5,4.225377,5.750195,1.5248179999999998
Computación Emergente,2526-1,1,anon_223,8,5,3.3926601,4.6999454,1.3072852999999998
Computación Emergente,2526-1,1,anon_224,4,5,6.7049847,10.148491,3.4435063
Computación Emergente,2526-1,1,anon_224,6,5,7.5355783,10.610205,3.0746267000000005
Computación Emergente,2526-1,1,anon_224,8,5,7.450266,12.61471,5.1644440000000005
Computación Emergente,2526-1,1,anon_225,4,5,2.4097142,4.3017664,1.8920522000000002
Computación Emergente,2526-1,1,anon_225,6,5,2.2889547,3.827831,1.5388763
Computación Emergente,2526-1,1,anon_225,8,5,1.0725513,2.6475675,1.5750162
Computación Emergente,2526-1,1,anon_226,4,5,3.3450189,4.7384753,1.3934564000000003
Computación Emergente,2526-1,1,anon_226,6,5,4.2803907,5.680362,1.3999712999999998
Computación Emergente,2526-1,1,anon_226,8,5,4.418051,5.8325253,1.4144743000000002
Computación Emergente,2526-1,1,anon_227,4,5,4.3990526,5.93038,1.5313274000000003
Computación Emergente,2526-1,1,anon_227,6,5,4.3336887,5.7029443,1.3692556000000007
Computación Emergente,2526-1,1,anon_227,8,5,4.4525003,5.805439,1.3529387000000002
Computación Emergente,2526-1,1,anon_228,4,5,7.801029,11.28389,3.4828609999999998
Computación Emergente,2526-1,1,anon_228,6,5,10.721368,14.137117,3.415749
Computación Emergente,2526-1,1,anon_228,8,5,12.973825,18.347599,5.373773999999999
Computación Emergente,2526-1,1,anon_229,4,5,0.97715735,2.259084,1.28192665
Computación Emergente,2526-1,1,anon_229,6,5,1.900516,3.2496912,1.3491752
Computación Emergente,2526-1,1,anon_229,8,5,1.204756,2.3477302,1.1429742
Computación Emergente,2526-1,1,anon_230,4,5,2.307825,3.5324793,1.2246543
Computación Emergente,2526-1,1,anon_230,6,5,2.0524526,3.294802,1.2423493999999997
Computación Emergente,2526-1,1,anon_230,8,5,1.1976726,2.3227222,1.1250495999999999
Computación Emergente,2526-1,1,anon_231,4,5,4.5856714,7.114377,2.5287056000000003
Computación Emergente,2526-1,1,anon_231,6,5,4.518152,6.640129,2.1219770000000002
Computación Emergente,2526-1,1,anon_231,8,5,4.004401,7.647892,3.643491
Computación Emergente,2526-1,1,anon_232,4,5,5.7034082,8.443003,2.739594799999999
Computación Emergente,2526-1,1,anon_232,6,5,8.7109785,11.535254,2.8242755000000006
Computación Emergente,2526-1,1,anon_232,8,5,8.259085,13.24793,4.9888449999999995
Computación Emergente,2526-1,1,anon_233,4,5,1.2273734,2.6314027,1.4040293000000001
Computación Emergente,2526-1,1,anon_233,6,5,0.80902565,2.474393,1.66536735
Computación Emergente,2526-1,1,anon_233,8,5,-0.04637289,1.5930974,1.63947029
Computación Emergente,2526-1,1,anon_234,4,5,6.6087537,8.229954,1.621200299999999
Computación Emergente,2526-1,1,anon_234,6,5,6.604321,7.843066,1.2387450000000007
Computación Emergente,2526-1,1,anon_234,8,5,5.6443014,7.004279,1.3599776000000006
Computación Emergente,2526-1,1,anon_235,4,5,4.622433,6.6744742,2.0520411999999997
Computación Emergente,2526-1,1,anon_235,6,5,6.486419,8.68981,2.203391
Computación Emergente,2526-1,1,anon_235,8,5,10.419524,15.04234,4.622816
Computación Emergente,2526-1,1,anon_236,4,5,0.9014453,2.4631362,1.5616909
Computación Emergente,2526-1,1,anon_236,6,5,0.58519477,2.402811,1.8176162299999998
Computación Emergente,2526-1,1,anon_236,8,5,0.931333,3.0052416,2.0739086
Computación Emergente,2526-1,1,anon_237,4,5,6.828702,9.05618,2.2274779999999996
Computación Emergente,2526-1,1,anon_237,6,5,8.960878,11.300865,2.3399870000000007
Computación Emergente,2526-1,1,anon_237,8,5,10.545227,15.022439,4.477212
Computación Emergente,2526-1,1,anon_238,4,5,0.41940117,1.9525768,1.53317563
Computación Emergente,2526-1,1,anon_238,6,5,0.35908186,2.00698,1.6478981400000001
Computación Emergente,2526-1,1,anon_238,8,5,-0.051071882,1.3024652,1.3535370820000001
Computación Emergente,2526-1,1,anon_239,4,5,1.9837394,3.5765586,1.5928191999999999
Computación Emergente,2526-1,1,anon_239,6,5,1.6904185,3.5323539,1.8419354
Computación Emergente,2526-1,1,anon_239,8,5,0.9257528,3.170765,2.2450121999999997
Computación Emergente,2526-1,1,anon_240,4,5,0.3441527,1.9057715,1.5616188
Computación Emergente,2526-1,1,anon_240,6,5,0.29224312,1.9933873,1.70114418
Computación Emergente,2526-1,1,anon_240,8,5,-0.07265842,1.3419614,1.41461982
Computación Emergente,2526-1,1,anon_241,4,5,0.6511712,2.309166,1.6579948
Computación Emergente,2526-1,1,anon_241,6,5,0.45089906,2.339623,1.88872394
Computación Emergente,2526-1,1,anon_241,8,5,-0.13189882,2.0426872,2.17458602
Computación Emergente,2526-1,1,anon_242,4,5,1.8393252,3.4687293,1.6294041000000001
Computación Emergente,2526-1,1,anon_242,6,5,1.6219153,3.482791,1.8608757000000002
Computación Emergente,2526-1,1,anon_242,8,5,0.9018369,3.293862,2.3920250999999997
Computación Emergente,2526-1,1,anon_243,4,5,0.5384917,2.2243319,1.6858402000000001
Computación Emergente,2526-1,1,anon_243,6,5,0.41167748,2.3043866,1.89270912
Computación Emergente,2526-1,1,anon_243,8,5,-0.15200889,2.1664975,2.31850639
Computación Emergente,2526-1,1,anon_244,4,5,0.18669403,1.8010528,1.61435877
Computación Emergente,2526-1,1,anon_244,6,5,0.15276766,1.9695687,1.8168010399999999
Computación Emergente,2526-1,1,anon_244,8,5,-0.10498136,1.4776789,1.58266026
Computación Emergente,2526-2,1,anon_174,4,5,1.0703279,2.111902,1.0415741
Computación Emergente,2526-2,1,anon_174,6,5,0.71782106,1.935704,1.21788294
Computación Emergente,2526-2,1,anon_174,8,5,-0.33219355,0.006904006,0.339097556
Computación Emergente,2526-2,1,anon_222,4,5,0.33655894,2.0478861,1.71132716
Computación Emergente,2526-2,1,anon_222,6,5,-0.18695605,1.1268814,1.31383745
Computación Emergente,2526-2,1,anon_222,8,5,-0.38013536,-0.12937218,0.25076318
Computación Emergente,2526-2,1,anon_244,4,5,0.0021047592,1.3195949,1.3174901408
Computación Emergente,2526-2,1,anon_244,6,5,-0.23567629,1.2465128,1.48218909
Computación Emergente,2526-2,1,anon_244,8,5,-0.29065567,0.20795178,0.49860744999999995
Computación Emergente,2526-2,1,anon_245,4,5,3.3863182,4.594205,1.2078867999999998
Computación Emergente,2526-2,1,anon_245,6,5,2.5204675,3.533019,1.0125514999999998
Computación Emergente,2526-2,1,anon_245,8,5,0.6654094,1.0388,0.3733905999999999
Computación Emergente,2526-2,1,anon_246,4,5,0.3591913,2.0901263,1.7309350000000001
Computación Emergente,2526-2,1,anon_246,6,5,-0.17717755,1.1645579,1.3417354499999998
Computación Emergente,2526-2,1,anon_246,8,5,-0.37992913,-0.11219859,0.26773054
Computación Emergente,2526-2,1,anon_247,4,5,4.4115105,5.8231163,1.4116057999999994
Computación Emergente,2526-2,1,anon_247,6,5,5.3317432,6.347882,1.0161388000000002
Computación Emergente,2526-2,1,anon_247,8,5,5.0171757,5.377534,0.3603582999999997
Computación Emergente,2526-2,1,anon_248,4,5,0.29152083,1.96189,1.6703691699999998
Computación Emergente,2526-2,1,anon_248,6,5,-0.20698166,1.0510643,1.25804596
Computación Emergente,2526-2,1,anon_248,8,5,-0.3793984,-0.16160673,0.21779167000000002
Computación Emergente,2526-2,1,anon_249,4,5,0.2692945,1.9182204,1.6489259
Computación Emergente,2526-2,1,anon_249,6,5,-0.21710801,1.013021,1.23012901
Computación Emergente,2526-2,1,anon_249,8,5,-0.3783899,-0.17666143,0.20172847
Computación Emergente,2526-2,1,anon_250,4,5,9.059029,9.849079,0.790049999999999
Computación Emergente,2526-2,1,anon_250,6,5,10.038582,10.83441,0.7958280000000002
Computación Emergente,2526-2,1,anon_250,8,5,7.551643,8.177596,0.6259529999999991
Computación Emergente,2526-2,1,anon_251,4,5,4.6968966,5.793659,1.0967624000000002
Computación Emergente,2526-2,1,anon_251,6,5,3.964291,4.818453,0.8541620000000001
Computación Emergente,2526-2,1,anon_251,8,5,1.83905,2.0566308,0.21758080000000013
Computación Emergente,2526-2,1,anon_252,4,5,10.823579,11.35569,0.5321109999999987
Computación Emergente,2526-2,1,anon_252,6,5,11.743082,12.397886,0.6548040000000004
Computación Emergente,2526-2,1,anon_252,8,5,9.018574,9.638281,0.619707
Computación Emergente,2526-2,1,anon_253,4,5,0.18461311,1.740279,1.55566589
Computación Emergente,2526-2,1,anon_253,6,5,-0.25663853,0.8612525,1.11789103
Computación Emergente,2526-2,1,anon_253,8,5,-0.36931866,-0.17169052,0.19762814
Computación Emergente,2526-2,1,anon_254,4,5,1.3221534,2.6518161,1.3296627
Computación Emergente,2526-2,1,anon_254,6,5,0.719422,1.6670144,0.9475924
Computación Emergente,2526-2,1,anon_254,8,5,-0.35789675,-0.16822332,0.18967342999999998
Computación Emergente,2526-2,1,anon_255,4,5,1.2972264,2.6059043,1.3086779000000002
Computación Emergente,2526-2,1,anon_255,6,5,0.7176551,1.6281614,0.9105063
Computación Emergente,2526-2,1,anon_255,8,5,-0.3476109,-0.15792757,0.18968333
Computación Emergente,2526-2,1,anon_256,4,5,0.12829065,1.6051391,1.4768484499999999
Computación Emergente,2526-2,1,anon_256,6,5,-0.28280854,0.7496038,1.03241234
Computación Emergente,2526-2,1,anon_256,8,5,-0.35641032,-0.14226657,0.21414375
Computación Emergente,2526-2,1,anon_257,4,5,4.3851614,5.5408325,1.1556710999999993
Computación Emergente,2526-2,1,anon_257,6,5,4.9685893,6.067285,1.0986957000000004
Computación Emergente,2526-2,1,anon_257,8,5,3.0223083,3.1487358,0.1264274999999997
Computación Emergente,2526-2,1,anon_258,4,5,1.2269483,2.4663146,1.2393663
Computación Emergente,2526-2,1,anon_258,6,5,1.8475103,2.7705154,0.9230050999999999
Computación Emergente,2526-2,1,anon_258,8,5,0.7678271,0.9084455,0.14061840000000003
Computación Emergente,2526-2,1,anon_259,4,5,1.2052755,2.4193537,1.2140781999999999
Computación Emergente,2526-2,1,anon_259,6,5,0.7122316,1.6228123,0.9105807000000001
Computación Emergente,2526-2,1,anon_259,8,5,-0.2993719,-0.11183643,0.18753547000000004
Computación Emergente,2526-2,1,anon_260,4,5,5.903454,6.787301,0.8838470000000003
Computación Emergente,2526-2,1,anon_260,6,5,5.673451,6.3853407,0.7118897000000004
Computación Emergente,2526-2,1,anon_260,8,5,4.0035834,4.167386,0.16380259999999947
Computación Emergente,2526-2,1,anon_261,4,5,0.054570794,1.3824866,1.327915806
Computación Emergente,2526-2,1,anon_261,6,5,-0.31237483,0.8068539,1.1192287300000001
Computación Emergente,2526-2,1,anon_261,8,5,-0.3218351,-0.08069801,0.24113709
Computación Emergente,2526-2,1,anon_262,4,5,1.6080407,2.7099185,1.1018778
Computación Emergente,2526-2,1,anon_262,6,5,1.2154344,2.1904323,0.9749979
Computación Emergente,2526-2,1,anon_262,8,5,0.74836534,0.9716825,0.22331716000000001
Computación Emergente,2526-2,1,anon_263,4,5,0.033223987,1.2961541,1.2629301130000001
Computación Emergente,2526-2,1,anon_263,6,5,-0.3173797,0.85797364,1.17535334
Computación Emergente,2526-2,1,anon_263,8,5,-0.31290025,-0.0516603,0.26123995
Computación Emergente,2526-2,1,anon_264,4,5,0.02435565,1.253885,1.22952935
Computación Emergente,2526-2,1,anon_264,6,5,-0.31817853,0.884672,1.20285053
Computación Emergente,2526-2,1,anon_264,8,5,-0.31736046,-0.036135912,0.281224548
Computación Emergente,2526-2,1,anon_265,4,5,1.3598007,2.4952502,1.1354495
Computación Emergente,2526-2,1,anon_265,6,5,1.1278582,2.215643,1.0877848
Computación Emergente,2526-2,1,anon_265,8,5,0.73685473,1.0181923,0.2813375699999999
Computación Emergente,2526-2,1,anon_266,4,5,2.7970314,3.9158702,1.1188388000000002
Computación Emergente,2526-2,1,anon_266,6,5,2.195527,3.460656,1.2651290000000004
Computación Emergente,2526-2,1,anon_266,8,5,0.7334271,1.0549892,0.3215621000000001
Computación Emergente,2526-2,1,anon_267,4,5,1.0585274,2.131231,1.0727036
Computación Emergente,2526-2,1,anon_267,6,5,0.71495706,1.9709766,1.25601954
Computación Emergente,2526-2,1,anon_267,8,5,-0.3351187,0.02470988,0.35982858
Computación Emergente,2526-2,1,anon_268,4,5,1.4856814,2.614226,1.1285446
Computación Emergente,2526-2,1,anon_268,6,5,1.161418,2.3826108,1.2211928
Computación Emergente,2526-2,1,anon_268,8,5,0.72707623,1.0975709,0.37049467
Computación Emergente,2526-2,1,anon_269,4,5,1.0382211,2.1689792,1.1307581
Computación Emergente,2526-2,1,anon_269,6,5,0.7112336,2.0382767,1.3270431
Computación Emergente,2526-2,1,anon_269,8,5,-0.3393131,0.06266624,0.40197933999999996
Computación Emergente,2526-2,1,anon_270,4,5,1.02966,2.1873572,1.1576972
Computación Emergente,2526-2,1,anon_270,6,5,0.71036434,2.070223,1.35985866
Computación Emergente,2526-2,1,anon_270,8,5,-0.3405705,0.08289683,0.42346733000000003
Computación Emergente,2526-2,1,anon_271,4,5,-0.0059845448,1.2362666,1.2422511448
Computación Emergente,2526-2,1,anon_271,6,5,-0.28122044,1.1199946,1.40121504
Computación Emergente,2526-2,1,anon_271,8,5,-0.32251543,0.11478305,0.43729848
Computación Emergente,2526-2,1,anon_272,4,5,1.0155481,2.2230308,1.2074827000000001
Computación Emergente,2526-2,1,anon_272,6,5,0.7105789,2.1305575,1.4199786
Computación Emergente,2526-2,1,anon_272,8,5,-0.34130174,0.1260745,0.46737624
Computación Emergente,2526-2,1,anon_273,4,5,-0.0036034584,1.2773108,1.2809142584
Computación Emergente,2526-2,1,anon_273,6,5,-0.26044083,1.1829245,1.44336533
Computación Emergente,2526-2,1,anon_273,8,5,-0.31117445,0.16004705,0.47122149999999996
Computación Emergente,2526-2,1,anon_274,4,5,-0.0011444092,1.298322,1.2994664092
Computación Emergente,2526-2,1,anon_274,6,5,-0.24852884,1.2146697,1.46319854
Computación Emergente,2526-2,1,anon_274,8,5,-0.30227405,0.18369114,0.48596519000000005
Computación Emergente,2526-2,1,anon_275,4,5,3.807681,5.3963714,1.5886903999999995
Computación Emergente,2526-2,1,anon_275,6,5,3.3907542,5.0999727,1.7092185000000004
Computación Emergente,2526-2,1,anon_275,8,5,1.8254611,2.4326487,0.6071876
Computación Emergente,2526-2,1,anon_276,4,5,4.111433,5.6873026,1.5758695999999999
Computación Emergente,2526-2,1,anon_276,6,5,3.9901266,5.4317603,1.4416336999999997
Computación Emergente,2526-2,1,anon_276,8,5,3.0109217,3.470834,0.45991230000000005
Computación Emergente,2526-2,1,anon_277,4,5,1.4153206,2.7746859,1.3593653
Computación Emergente,2526-2,1,anon_277,6,5,1.1883231,2.668952,1.4806289
Computación Emergente,2526-2,1,anon_277,8,5,0.83888215,1.3442903,0.50540815
Computación Emergente,2526-2,1,anon_278,4,5,0.9550364,2.335062,1.3800256000000002
Computación Emergente,2526-2,1,anon_278,6,5,0.7309014,2.303191,1.5722896
Computación Emergente,2526-2,1,anon_278,8,5,-0.31579477,0.3102848,0.62607957
Computación Emergente,2526-2,1,anon_279,4,5,6.6542883,8.633495,1.9792066999999998
Computación Emergente,2526-2,1,anon_279,6,5,7.6665606,9.509395,1.8428343999999992
Computación Emergente,2526-2,1,anon_279,8,5,9.362301,10.30057,0.938269
Computación Emergente,2526-2,1,anon_280,4,5,2.136485,3.6910095,1.5545244999999999
Computación Emergente,2526-2,1,anon_280,6,5,1.9633,3.6580405,1.6947404999999998
Computación Emergente,2526-2,1,anon_280,8,5,0.79712564,1.4718996,0.67477396
Computación Emergente,2526-2,1,anon_281,4,5,1.8703476,3.1849558,1.3146082
Computación Emergente,2526-2,1,anon_281,6,5,1.4299368,2.9839377,1.5540009
Computación Emergente,2526-2,1,anon_281,8,5,2.8986926,3.8867435,0.9880509000000002
Computación Emergente,2526-2,1,anon_282,4,5,0.82488155,2.389271,1.56438945
Computación Emergente,2526-2,1,anon_282,6,5,0.75508696,2.3755572,1.62047024
Computación Emergente,2526-2,1,anon_282,8,5,-0.2496453,0.4418412,0.6914865
Computación Emergente,2526-3,1,anon_174,4,5,0.10457051,0.45070332,0.34613281
Computación Emergente,2526-3,1,anon_174,6,5,-0.033701777,0.16111857,0.194820347
Computación Emergente,2526-3,1,anon_174,8,5,-0.05440843,0.052269667,0.106678097
Computación Emergente,2526-3,1,anon_283,4,5,2.4429169,2.7338247,0.2909077999999998
Computación Emergente,2526-3,1,anon_283,6,5,2.3959913,2.5811734,0.18518210000000002
Computación Emergente,2526-3,1,anon_283,8,5,3.459362,3.623755,0.164393
Computación Emergente,2526-3,1,anon_284,4,5,15.761388,17.3029,1.5415120000000009
Computación Emergente,2526-3,1,anon_284,6,5,15.15211,15.809491,0.6573809999999991
Computación Emergente,2526-3,1,anon_284,8,5,17.646576,18.068623,0.4220469999999992
Computación Emergente,2526-3,1,anon_285,4,5,14.93551,18.192476,3.2569659999999985
Computación Emergente,2526-3,1,anon_285,6,5,16.548182,18.416285,1.8681029999999978
Computación Emergente,2526-3,1,anon_285,8,5,23.838707,25.252804,1.4140970000000017
Computación Emergente,2526-3,1,anon_286,4,5,14.686606,15.915845,1.2292389999999997
Computación Emergente,2526-3,1,anon_286,6,5,12.958961,13.45312,0.4941589999999998
Computación Emergente,2526-3,1,anon_286,8,5,17.619953,18.066847,0.44689400000000035
Computación Emergente,2526-3,1,anon_287,4,5,18.469168,21.979282,3.5101140000000015
Computación Emergente,2526-3,1,anon_287,6,5,19.277468,21.099077,1.8216090000000023
Computación Emergente,2526-3,1,anon_287,8,5,22.241558,23.308008,1.0664499999999997
Computación Emergente,2526-3,1,anon_288,4,5,13.9863405,15.841947,1.8556064999999986
Computación Emergente,2526-3,1,anon_288,6,5,13.191865,14.112121,0.9202560000000002
Computación Emergente,2526-3,1,anon_288,8,5,18.817863,19.174622,0.35675900000000027
Computación Emergente,2526-3,1,anon_289,4,5,0.09227419,0.21693772,0.12466353
Computación Emergente,2526-3,1,anon_289,6,5,-0.05820781,0.011832356,0.070040166
Computación Emergente,2526-3,1,anon_289,8,5,-0.08583695,0.032151937,0.11798888699999999
Computación Emergente,2526-3,1,anon_290,4,5,7.503395,8.091581,0.5881859999999994
Computación Emergente,2526-3,1,anon_290,6,5,6.4852695,7.1905193,0.7052497999999998
Computación Emergente,2526-3,1,anon_290,8,5,6.0066648,6.3389363,0.33227150000000005
Computación Emergente,2526-3,1,anon_291,4,5,0.21324354,1.1185137,0.90527016
Computación Emergente,2526-3,1,anon_291,6,5,-0.0036355853,0.38738215,0.3910177353
Computación Emergente,2526-3,1,anon_291,8,5,-0.08899397,0.05071038,0.13970435
Computación Emergente,2526-3,1,anon_292,4,5,7.406682,7.7345924,0.3279104000000004
Computación Emergente,2526-3,1,anon_292,6,5,7.6588364,7.8907766,0.23194019999999949
Computación Emergente,2526-3,1,anon_292,8,5,7.732745,7.8303666,0.0976215999999992
Computación Emergente,2526-3,1,anon_293,4,5,0.11066234,0.53116095,0.42049861
Computación Emergente,2526-3,1,anon_293,6,5,-0.12654716,0.13262671,0.25917387000000003
Computación Emergente,2526-3,1,anon_293,8,5,-0.10919297,0.013069749,0.122262719
Computación Emergente,2526-3,1,anon_294,4,5,0.10816407,0.5202558,0.41209173000000004
Computación Emergente,2526-3,1,anon_294,6,5,-0.12329143,0.13000959,0.25330102
Computación Emergente,2526-3,1,anon_294,8,5,-0.10236335,0.010842502,0.11320585200000001
Computación Emergente,2526-3,1,anon_295,4,5,0.18926048,1.0779475,0.8886870200000001
Computación Emergente,2526-3,1,anon_295,6,5,0.05880761,0.40101427,0.34220666
Computación Emergente,2526-3,1,anon_295,8,5,2.0391994,2.200037,0.1608375999999998
Computación Emergente,2526-3,1,anon_296,4,5,0.107961774,0.5003491,0.392387326
Computación Emergente,2526-3,1,anon_296,6,5,-0.11393452,0.12741876,0.24135328
Computación Emergente,2526-3,1,anon_296,8,5,-0.08575213,0.0084738135,0.09422594349999999
Computación Emergente,2526-3,1,anon_297,4,5,13.908496,15.999428,2.0909320000000005
Computación Emergente,2526-3,1,anon_297,6,5,13.11445,14.259868,1.1454180000000012
Computación Emergente,2526-3,1,anon_297,8,5,16.742928,17.081684,0.33875600000000006
Computación Emergente,2526-3,1,anon_298,4,5,9.79025,10.501208,0.7109579999999998
Computación Emergente,2526-3,1,anon_298,6,5,7.865244,8.105029,0.23978500000000036
Computación Emergente,2526-3,1,anon_298,8,5,7.745497,7.897203,0.1517059999999999
Computación Emergente,2526-3,1,anon_299,4,5,0.11957586,0.47573924,0.35616338000000003
Computación Emergente,2526-3,1,anon_299,6,5,-0.09227735,0.1310888,0.22336614999999999
Computación Emergente,2526-3,1,anon_299,8,5,-0.053536594,0.010967076,0.06450367
Computación Emergente,2526-3,1,anon_300,4,5,17.637785,21.160254,3.5224689999999974
Computación Emergente,2526-3,1,anon_300,6,5,18.420565,20.235857,1.8152919999999995
Computación Emergente,2526-3,1,anon_300,8,5,21.267822,22.276154,1.0083319999999993
Computación Emergente,2526-3,1,anon_301,4,5,8.242452,8.981982,0.7395300000000002
Computación Emergente,2526-3,1,anon_301,6,5,7.7387753,8.517092,0.7783166999999995
Computación Emergente,2526-3,1,anon_301,8,5,9.421058,10.033394,0.6123359999999991
Computación Emergente,2526-3,1,anon_302,4,5,-0.05028534,0.15842414,0.20870948
Computación Emergente,2526-3,1,anon_302,6,5,-0.116918325,0.04594487,0.16286319500000002
Computación Emergente,2526-3,1,anon_302,8,5,-0.114464104,0.08498269,0.19944679399999998
Computación Emergente,2526-3,1,anon_303,4,5,10.349999,12.019914,1.6699149999999996
Computación Emergente,2526-3,1,anon_303,6,5,9.185622,10.347154,1.1615319999999993
Computación Emergente,2526-3,1,anon_303,8,5,11.20669,11.483551,0.27686100000000025
Computación Emergente,2526-3,1,anon_304,4,5,0.18536663,1.0131967,0.82783007
Computación Emergente,2526-3,1,anon_304,6,5,0.32639176,0.48559988,0.15920812
Computación Emergente,2526-3,1,anon_304,8,5,-0.032601535,0.15478128,0.18738281499999998
Computación Emergente,2526-3,1,anon_305,4,5,15.307835,18.065413,2.7575779999999988
Computación Emergente,2526-3,1,anon_305,6,5,14.34608,15.770015,1.4239350000000002
Computación Emergente,2526-3,1,anon_305,8,5,14.655565,15.051943,0.39637800000000034
Computación Emergente,2526-3,1,anon_306,4,5,6.2284756,7.3958015,1.1673258999999998
Computación Emergente,2526-3,1,anon_306,6,5,6.308655,7.612152,1.3034970000000001
Computación Emergente,2526-3,1,anon_306,8,5,9.821934,10.045313,0.22337899999999955
Computación Emergente,2526-3,1,anon_307,4,5,0.10803378,0.4460705,0.33803671999999996
Computación Emergente,2526-3,1,anon_307,6,5,0.035425603,0.20759648,0.172170877
Computación Emergente,2526-3,1,anon_307,8,5,-0.058753967,0.097564876,0.15631884299999999
Computación Emergente,2526-3,1,anon_308,4,5,11.649308,13.801722,2.1524140000000003
Computación Emergente,2526-3,1,anon_308,6,5,10.512628,11.1008625,0.5882345000000004
Computación Emergente,2526-3,1,anon_308,8,5,11.28574,11.518996,0.23325599999999902
Computación Emergente,2526-3,1,anon_309,4,5,0.11662114,0.44846636,0.33184522
Computación Emergente,2526-3,1,anon_309,6,5,0.077858806,0.23664683,0.158788024
Computación Emergente,2526-3,1,anon_309,8,5,2.1488948,2.235404,0.08650920000000006
Computación Emergente,2526-3,1,anon_310,4,5,13.498773,15.944814,2.4460409999999992
Computación Emergente,2526-3,1,anon_310,6,5,11.936898,12.77418,0.8372820000000001
Computación Emergente,2526-3,1,anon_310,8,5,10.165847,10.360398,0.19455100000000058
Computación Emergente,2526-3,1,anon_311,4,5,0.13049078,0.4532944,0.32280361999999996
Computación Emergente,2526-3,1,anon_311,6,5,0.12562913,0.2676552,0.14202606999999998
Computación Emergente,2526-3,1,anon_311,8,5,-0.05515039,0.17171267,0.22686306
Computación Emergente,2526-3,1,anon_312,4,5,7.2152367,8.942168,1.7269313000000004
Computación Emergente,2526-3,1,anon_312,6,5,6.33842,7.949766,1.6113460000000002
Computación Emergente,2526-3,1,anon_312,8,5,7.4981127,7.88588,0.38776730000000015
Computación Emergente,2526-3,1,anon_313,4,5,1.7705889,2.1762245,0.4056356000000001
Computación Emergente,2526-3,1,anon_313,6,5,1.6027143,1.8352287,0.23251440000000012
Computación Emergente,2526-3,1,anon_313,8,5,1.2047861,1.4870026,0.2822165000000001
Computación Emergente,2526-3,1,anon_314,4,5,0.99193645,1.2247393,0.23280285
Computación Emergente,2526-3,1,anon_314,6,5,1.1004272,1.2634902,0.16306299999999996
Computación Emergente,2526-3,1,anon_314,8,5,1.1072841,1.3208954,0.21361129999999995
Computación Emergente,2526-3,1,anon_315,4,5,1.4718244,1.7312152,0.25939080000000003
Computación Emergente,2526-3,1,anon_315,6,5,1.4716808,1.7309475,0.2592667000000002
Computación Emergente,2526-3,1,anon_315,8,5,1.2197142,1.4808547,0.2611405
Computación Emergente,2526-3,1,anon_316,4,5,12.537343,15.116578,2.5792350000000006
Computación Emergente,2526-3,1,anon_316,6,5,10.651919,12.173133,1.5212140000000005
Computación Emergente,2526-3,1,anon_316,8,5,11.212263,11.472986,0.2607230000000005
Computación Emergente,2526-3,1,anon_317,4,5,0.35348666,1.3175194,0.9640327399999999
Computación Emergente,2526-3,1,anon_317,6,5,0.6489212,1.0291909,0.38026969999999993
Computación Emergente,2526-3,1,anon_317,8,5,0.011962473,0.47469217,0.46272969700000005
Computación Emergente,2526-3,1,anon_318,4,5,-0.0940671,0.21592355,0.30999065
Computación Emergente,2526-3,1,anon_318,6,5,-0.054202378,0.18936282,0.24356519799999998
Computación Emergente,2526-3,1,anon_318,8,5,-0.017933846,0.25239667,0.27033051599999997
Computación Emergente,2526-3,1,anon_319,4,5,8.255735,9.93737,1.681635
Computación Emergente,2526-3,1,anon_319,6,5,8.881399,10.110622,1.2292229999999993
Computación Emergente,2526-3,1,anon_319,8,5,16.16499,16.905752,0.7407620000000001
Computación Emergente,2526-3,1,anon_320,4,5,1.1200572,1.3426951,0.22263790000000006
Computación Emergente,2526-3,1,anon_320,6,5,1.1067041,1.3764908,0.26978670000000005
Computación Emergente,2526-3,1,anon_320,8,5,2.1740968,2.4395745,0.2654776999999999
Computación Emergente,2526-3,1,anon_321,4,5,5.9011927,7.4924293,1.5912366000000002
Computación Emergente,2526-3,1,anon_321,6,5,4.617693,5.754051,1.1363579999999995
Computación Emergente,2526-3,1,anon_321,8,5,3.8981357,4.3026767,0.40454100000000004
Estructura de Datos,2425-3,2,anon_011,4,5,1.4427197,2.8520997,1.40938
Estructura de Datos,2425-3,2,anon_011,6,5,0.9314208,1.3389698,0.40754900000000005
Estructura de Datos,2425-3,2,anon_011,8,5,0.68698895,1.2904891,0.60350015
Estructura de Datos,2425-3,2,anon_037,4,5,5.4613886,6.477105,1.0157163999999996
Estructura de Datos,2425-3,2,anon_037,6,5,5.1532373,5.897487,0.7442497000000001
Estructura de Datos,2425-3,2,anon_037,8,5,4.537776,5.168262,0.6304860000000003
Estructura de Datos,2425-3,2,anon_050,4,5,3.3312502,4.3627644,1.0315141999999997
Estructura de Datos,2425-3,2,anon_050,6,5,1.4738195,2.377353,0.9035334999999998
Estructura de Datos,2425-3,2,anon_050,8,5,1.1267338,2.0803993,0.9536654999999998
Estructura de Datos,2425-3,2,anon_052,4,5,8.897678,10.637384,1.739706
Estructura de Datos,2425-3,2,anon_052,6,5,9.259498,9.858304,0.5988059999999997
Estructura de Datos,2425-3,2,anon_052,8,5,8.759014,9.887588,1.1285739999999986
Estructura de Datos,2425-3,2,anon_055,4,5,3.5144763,4.361848,0.8473717000000001
Estructura de Datos,2425-3,2,anon_055,6,5,1.7654114,2.6269007,0.8614893000000001
Estructura de Datos,2425-3,2,anon_055,8,5,1.1327149,2.3280392,1.1953243
Estructura de Datos,2425-3,2,anon_301,4,5,11.206997,14.124878,2.9178810000000013
Estructura de Datos,2425-3,2,anon_301,6,5,14.62164,18.617748,3.9961079999999995
Estructura de Datos,2425-3,2,anon_301,8,5,14.562649,17.573492,3.0108430000000013
Estructura de Datos,2425-3,2,anon_322,4,5,8.544999,10.318148,1.773149
Estructura de Datos,2425-3,2,anon_322,6,5,14.025233,15.899518,1.8742850000000004
Estructura de Datos,2425-3,2,anon_322,8,5,17.309566,19.632883,2.3233169999999994
Estructura de Datos,2425-3,2,anon_323,4,5,8.747967,11.665506,2.9175390000000014
Estructura de Datos,2425-3,2,anon_323,6,5,14.149174,16.124142,1.9749679999999987
Estructura de Datos,2425-3,2,anon_323,8,5,16.311813,18.67513,2.3633169999999986
Estructura de Datos,2425-3,2,anon_324,4,5,1.0897216,2.8343554,1.7446338000000001
Estructura de Datos,2425-3,2,anon_324,6,5,-0.16723752,1.0032883,1.17052582
Estructura de Datos,2425-3,2,anon_324,8,5,0.11014974,0.98511046,0.87496072
Estructura de Datos,2425-3,2,anon_325,4,5,5.625016,6.7884426,1.1634266000000002
Estructura de Datos,2425-3,2,anon_325,6,5,4.6701303,5.297824,0.6276937
Estructura de Datos,2425-3,2,anon_325,8,5,4.4192657,4.8119173,0.39265159999999977
Estructura de Datos,2425-3,2,anon_326,4,5,1.3473778,2.9668744,1.6194966
Estructura de Datos,2425-3,2,anon_326,6,5,1.0544844,1.5171154,0.462631
Estructura de Datos,2425-3,2,anon_326,8,5,0.7305641,1.508283,0.7777189
Estructura de Datos,2425-3,2,anon_327,4,5,6.6751785,7.6393514,0.9641728999999994
Estructura de Datos,2425-3,2,anon_327,6,5,7.5922556,8.262764,0.670508400000001
Estructura de Datos,2425-3,2,anon_327,8,5,9.059423,9.920283,0.8608599999999988
Estructura de Datos,2425-3,2,anon_328,4,5,9.868965,12.684208,2.8152430000000006
Estructura de Datos,2425-3,2,anon_328,6,5,11.268955,12.893797,1.6248419999999992
Estructura de Datos,2425-3,2,anon_328,8,5,10.422285,11.636294,1.214008999999999
Estructura de Datos,2425-3,2,anon_329,4,5,14.358885,18.203466,3.844580999999998
Estructura de Datos,2425-3,2,anon_329,6,5,19.20969,22.786053,3.5763630000000006
Estructura de Datos,2425-3,2,anon_329,8,5,17.656183,20.724352,3.068169000000001
Estructura de Datos,2425-3,2,anon_330,4,5,15.247723,18.83135,3.583627
Estructura de Datos,2425-3,2,anon_330,6,5,17.038227,19.896233,2.8580059999999996
Estructura de Datos,2425-3,2,anon_330,8,5,15.733507,18.060139,2.326632
Estructura de Datos,2425-3,2,anon_331,4,5,1.276231,2.6812367,1.4050057
Estructura de Datos,2425-3,2,anon_331,6,5,0.36734915,1.0727789,0.7054297500000001
Estructura de Datos,2425-3,2,anon_331,8,5,0.38813782,0.99317676,0.60503894
Estructura de Datos,2425-3,2,anon_332,4,5,1.2334616,2.7787185,1.5452569
Estructura de Datos,2425-3,2,anon_332,6,5,-0.12493205,0.83932567,0.96425772
Estructura de Datos,2425-3,2,anon_332,8,5,0.06351662,0.7076126,0.64409598
Estructura de Datos,2425-3,2,anon_333,4,5,2.7389047,4.134526,1.3956213000000002
Estructura de Datos,2425-3,2,anon_333,6,5,1.0093671,2.030793,1.0214259
Estructura de Datos,2425-3,2,anon_333,8,5,2.2262335,3.0643466,0.8381130999999997
Estructura de Datos,2425-3,2,anon_334,4,5,3.261652,3.9651613,0.7035092999999999
Estructura de Datos,2425-3,2,anon_334,6,5,2.163931,2.5056052,0.34167420000000037
Estructura de Datos,2425-3,2,anon_334,8,5,2.9574485,3.304675,0.3472265000000001
Estructura de Datos,2425-3,2,anon_335,4,5,1.309473,3.0908415,1.7813684999999997
Estructura de Datos,2425-3,2,anon_335,6,5,1.173633,1.9242792,0.7506462
Estructura de Datos,2425-3,2,anon_335,8,5,1.082006,1.897011,0.815005
Estructura de Datos,2425-3,2,anon_336,4,5,5.5749454,6.5365186,0.9615732000000001
Estructura de Datos,2425-3,2,anon_336,6,5,4.9218445,5.8848867,0.9630422000000003
Estructura de Datos,2425-3,2,anon_336,8,5,4.317547,4.7895336,0.47198660000000014
Estructura de Datos,2425-3,2,anon_337,4,5,4.528948,5.1174183,0.5884703
Estructura de Datos,2425-3,2,anon_337,6,5,2.812796,3.5031757,0.6903796999999998
Estructura de Datos,2425-3,2,anon_337,8,5,2.5469985,3.2194104,0.6724119000000002
Estructura de Datos,2425-3,2,anon_338,4,5,1.4369282,3.0709894,1.6340612
Estructura de Datos,2425-3,2,anon_338,6,5,0.09667528,0.8986676,0.80199232
Estructura de Datos,2425-3,2,anon_338,8,5,0.06611276,0.6541505,0.58803774
Estructura de Datos,2425-3,2,anon_339,4,5,3.3013697,4.1972284,0.8958587000000002
Estructura de Datos,2425-3,2,anon_339,6,5,1.8449688,2.377219,0.5322502000000002
Estructura de Datos,2425-3,2,anon_339,8,5,2.6444192,3.2001014,0.5556821999999997
Estructura de Datos,2425-3,2,anon_340,4,5,1.635215,3.1364164,1.5012013999999998
Estructura de Datos,2425-3,2,anon_340,6,5,0.52321005,1.1036975,0.58048745
Estructura de Datos,2425-3,2,anon_340,8,5,0.13749087,0.930023,0.7925321300000001
Estructura de Datos,2425-3,2,anon_341,4,5,1.4979035,3.2307267,1.7328232
Estructura de Datos,2425-3,2,anon_341,6,5,0.039349437,0.8478546,0.808505163
Estructura de Datos,2425-3,2,anon_341,8,5,-0.05586791,0.6467981,0.7026660100000001
Estructura de Datos,2425-3,2,anon_342,4,5,1.4608651,3.2438817,1.7830166000000003
Estructura de Datos,2425-3,2,anon_342,6,5,-0.07372689,0.7177068,0.79143369
Estructura de Datos,2425-3,2,anon_342,8,5,-0.10412252,0.62442213,0.72854465
Estructura de Datos,2425-3,2,anon_343,4,5,5.788211,6.6080475,0.8198364999999992
Estructura de Datos,2425-3,2,anon_343,6,5,3.3907056,4.891443,1.5007373999999998
Estructura de Datos,2425-3,2,anon_343,8,5,3.4544764,4.551134,1.0966576000000003
Estructura de Datos,2425-3,2,anon_344,4,5,1.5869617,3.3441331,1.7571714
Estructura de Datos,2425-3,2,anon_344,6,5,0.3903252,1.3617564,0.9714312
Estructura de Datos,2425-3,2,anon_344,8,5,-0.142501,0.8792819,1.0217828999999998
Estructura de Datos,2425-3,2,anon_345,4,5,4.6162276,5.620744,1.0045164
Estructura de Datos,2425-3,2,anon_345,6,5,6.216906,6.91296,0.6960540000000002
Estructura de Datos,2425-3,2,anon_345,8,5,5.9587607,6.8049674,0.8462066999999998
Estructura de Datos,2526-1,2,anon_012,4,5,0.77928066,2.2340548,1.45477414
Estructura de Datos,2526-1,2,anon_012,6,5,0.50077534,1.7377627,1.23698736
Estructura de Datos,2526-1,2,anon_012,8,5,-0.2554741,0.5889262,0.8444003
Estructura de Datos,2526-1,2,anon_060,4,5,1.4757602,2.0040517,0.5282915000000001
Estructura de Datos,2526-1,2,anon_060,6,5,2.145,3.2814028,1.1364028
Estructura de Datos,2526-1,2,anon_060,8,5,2.2311099,3.0462172,0.8151073000000002
Estructura de Datos,2526-1,2,anon_324,4,5,1.290591,2.1436865,0.8530954999999998
Estructura de Datos,2526-1,2,anon_324,6,5,-0.12865877,0.860914,0.98957277
Estructura de Datos,2526-1,2,anon_324,8,5,-0.33866072,-0.047483325,0.291177395
Estructura de Datos,2526-1,2,anon_333,4,5,0.30440235,1.2430058,0.93860345
Estructura de Datos,2526-1,2,anon_333,6,5,-0.55273604,0.22242999,0.77516603
Estructura de Datos,2526-1,2,anon_333,8,5,-0.18574679,0.27972007,0.46546686
Estructura de Datos,2526-1,2,anon_336,4,5,2.845271,4.3218713,1.4766002999999999
Estructura de Datos,2526-1,2,anon_336,6,5,3.9056017,5.2649307,1.3593289999999998
Estructura de Datos,2526-1,2,anon_336,8,5,5.515332,6.501603,0.9862710000000003
Estructura de Datos,2526-1,2,anon_342,4,5,5.3294454,6.017297,0.6878516000000001
Estructura de Datos,2526-1,2,anon_342,6,5,5.27679,5.873947,0.5971570000000002
Estructura de Datos,2526-1,2,anon_342,8,5,5.5430074,5.9634686,0.4204612000000001
Estructura de Datos,2526-1,2,anon_346,4,5,2.5950856,3.9734776,1.3783919999999998
Estructura de Datos,2526-1,2,anon_346,6,5,1.7649393,2.9765837,1.2116444
Estructura de Datos,2526-1,2,anon_346,8,5,0.4126166,1.4764467,1.0638301
Estructura de Datos,2526-1,2,anon_347,4,5,2.622478,3.3581994,0.7357214000000001
Estructura de Datos,2526-1,2,anon_347,6,5,1.5207884,2.2648144,0.7440260000000001
Estructura de Datos,2526-1,2,anon_347,8,5,1.342799,1.9308841,0.5880851
Estructura de Datos,2526-1,2,anon_348,4,5,2.3690877,3.2027183,0.8336305999999998
Estructura de Datos,2526-1,2,anon_348,6,5,1.3591523,2.102046,0.7428937
Estructura de Datos,2526-1,2,anon_348,8,5,0.26801682,0.60304344,0.33502662
Estructura de Datos,2526-1,2,anon_349,4,5,1.9127554,3.5338383,1.6210829000000002
Estructura de Datos,2526-1,2,anon_349,6,5,1.3241613,2.487465,1.1633036999999997
Estructura de Datos,2526-1,2,anon_349,8,5,0.3479073,1.2413013,0.893394
Estructura de Datos,2526-1,2,anon_350,4,5,4.300496,4.843048,0.5425519999999997
Estructura de Datos,2526-1,2,anon_350,6,5,2.5140343,2.7991953,0.285161
Estructura de Datos,2526-1,2,anon_350,8,5,1.0016794,1.2969944,0.295315
Estructura de Datos,2526-1,2,anon_351,4,5,1.5653481,2.591482,1.0261339
Estructura de Datos,2526-1,2,anon_351,6,5,0.83401775,1.6940019,0.85998415
Estructura de Datos,2526-1,2,anon_351,8,5,0.20389128,0.38608086,0.18218958000000002
Estructura de Datos,2526-1,2,anon_352,4,5,0.54912114,1.5429493,0.9938281600000001
Estructura de Datos,2526-1,2,anon_352,6,5,-0.6057763,0.2904067,0.8961830000000001
Estructura de Datos,2526-1,2,anon_352,8,5,-0.37021804,0.08801675,0.45823479
Estructura de Datos,2526-1,2,anon_353,4,5,4.590266,5.9864893,1.3962233
Estructura de Datos,2526-1,2,anon_353,6,5,3.946031,4.694585,0.7485539999999999
Estructura de Datos,2526-1,2,anon_353,8,5,2.3403869,3.2783644,0.9379775000000001
Estructura de Datos,2526-1,2,anon_354,4,5,1.1552579,2.158771,1.0035131000000002
Estructura de Datos,2526-1,2,anon_354,6,5,0.5551586,1.517441,0.9622824000000001
Estructura de Datos,2526-1,2,anon_354,8,5,0.04264438,0.27955425,0.23690987
Estructura de Datos,2526-1,2,anon_355,4,5,1.0478601,2.0218186,0.9739585
Estructura de Datos,2526-1,2,anon_355,6,5,0.48024213,1.46196,0.98171787
Estructura de Datos,2526-1,2,anon_355,8,5,0.0015645027,0.24562216,0.2440576573
Estructura de Datos,2526-1,2,anon_356,4,5,0.9527576,1.8891102,0.9363526
Estructura de Datos,2526-1,2,anon_356,6,5,0.41308284,1.4088544,0.9957715600000001
Estructura de Datos,2526-1,2,anon_356,8,5,-0.033647776,0.22590292,0.259550696
Estructura de Datos,2526-1,2,anon_357,4,5,0.8632872,1.177957,0.3146697999999999
Estructura de Datos,2526-1,2,anon_357,6,5,0.17697978,0.83291304,0.65593326
Estructura de Datos,2526-1,2,anon_357,8,5,-0.10394883,0.2705201,0.37446893
Estructura de Datos,2526-1,2,anon_358,4,5,3.8670425,4.7978277,0.9307851999999999
Estructura de Datos,2526-1,2,anon_358,6,5,7.2012744,8.00943,0.8081556000000001
Estructura de Datos,2526-1,2,anon_358,8,5,5.952821,6.509901,0.55708
Estructura de Datos,2526-1,2,anon_359,4,5,0.72907805,0.95356035,0.2244822999999999
Estructura de Datos,2526-1,2,anon_359,6,5,0.11052704,0.7434093,0.63288226
Estructura de Datos,2526-1,2,anon_359,8,5,-0.0035402775,0.3640113,0.3675515775
Estructura de Datos,2526-1,2,anon_360,4,5,0.53814936,1.0987732,0.5606238399999999
Estructura de Datos,2526-1,2,anon_360,6,5,0.10962248,1.1238968,1.01427432
Estructura de Datos,2526-1,2,anon_360,8,5,-0.12128341,0.20806527,0.32934868
Estructura de Datos,2526-1,2,anon_361,4,5,0.6488478,0.84294605,0.19409825000000003
Estructura de Datos,2526-1,2,anon_361,6,5,0.082472324,0.7019366,0.619464276
Estructura de Datos,2526-1,2,anon_361,8,5,0.10530865,0.42604613,0.32073748
Estructura de Datos,2526-1,2,anon_362,4,5,0.27518296,0.83668923,0.56150627
Estructura de Datos,2526-1,2,anon_362,6,5,0.024218082,0.3102821,0.28606401800000003
Estructura de Datos,2526-1,2,anon_362,8,5,0.22994494,0.64595747,0.41601253000000005
Estructura de Datos,2526-1,2,anon_363,4,5,2.023667,2.6490347,0.6253677
Estructura de Datos,2526-1,2,anon_363,6,5,1.4282564,2.3446493,0.9163929
Estructura de Datos,2526-1,2,anon_363,8,5,1.0290718,1.3391312,0.3100593999999999
Estructura de Datos,2526-1,2,anon_364,4,5,5.158911,6.9275265,1.7686155000000001
Estructura de Datos,2526-1,2,anon_364,6,5,13.104551,15.356354,2.251802999999999
Estructura de Datos,2526-1,2,anon_364,8,5,17.016886,18.776003,1.7591169999999998
Estructura de Datos,2526-1,2,anon_365,4,5,0.382648,0.6932132,0.3105652
Estructura de Datos,2526-1,2,anon_365,6,5,0.05365491,0.65353966,0.59988475
Estructura de Datos,2526-1,2,anon_365,8,5,0.37873232,0.67313325,0.29440093
Estructura de Datos,2526-1,2,anon_366,4,5,5.5375032,6.17541,0.6379068000000006
Estructura de Datos,2526-1,2,anon_366,6,5,8.266605,8.830217,0.5636119999999991
Estructura de Datos,2526-1,2,anon_366,8,5,6.7739954,7.5125647,0.7385693000000009
Estructura de Datos,2526-1,2,anon_367,4,5,4.4640236,5.5484304,1.0844068
Estructura de Datos,2526-1,2,anon_367,6,5,11.093847,12.047079,0.9532319999999999
Estructura de Datos,2526-1,2,anon_367,8,5,10.974876,11.658831,0.6839549999999992
Estructura de Datos,2526-1,2,anon_368,4,5,3.4765368,4.0528293,0.5762925000000001
Estructura de Datos,2526-1,2,anon_368,6,5,2.7088509,3.453822,0.7449711000000003
Estructura de Datos,2526-1,2,anon_368,8,5,2.0123706,2.5549936,0.5426229999999999
Estructura de Datos,2526-1,2,anon_369,4,5,1.5968673,2.3966737,0.7998064
Estructura de Datos,2526-1,2,anon_369,6,5,1.1643047,2.5046892,1.3403845
Estructura de Datos,2526-1,2,anon_369,8,5,0.6966014,1.207106,0.5105046
Estructura de Datos,2526-2,2,anon_031,4,5,3.2917635,7.6132793,4.3215158
Estructura de Datos,2526-2,2,anon_031,6,5,2.921717,6.229712,3.307995
Estructura de Datos,2526-2,2,anon_031,8,5,2.9262438,5.478705,2.5524611999999998
Estructura de Datos,2526-2,2,anon_064,4,5,0.10913825,4.3778896,4.26875135
Estructura de Datos,2526-2,2,anon_064,6,5,-0.20561743,3.1446223,3.35023973
Estructura de Datos,2526-2,2,anon_064,8,5,-0.16537547,2.438756,2.60413147
Estructura de Datos,2526-2,2,anon_067,4,5,2.1662898,6.500375,4.3340852000000005
Estructura de Datos,2526-2,2,anon_067,6,5,2.8280358,6.204182,3.3761462000000004
Estructura de Datos,2526-2,2,anon_067,8,5,2.857726,5.446125,2.5883990000000003
Estructura de Datos,2526-2,2,anon_077,4,5,0.21566701,3.6585393,3.4428722900000004
Estructura de Datos,2526-2,2,anon_077,6,5,-0.19898772,2.7992716,2.99825932
Estructura de Datos,2526-2,2,anon_077,8,5,-0.1502943,2.4765134,2.6268077
Estructura de Datos,2526-2,2,anon_080,4,5,5.4618435,9.316372,3.8545285
Estructura de Datos,2526-2,2,anon_080,6,5,8.862377,12.037802,3.175424999999999
Estructura de Datos,2526-2,2,anon_080,8,5,8.910413,11.557249,2.6468360000000004
Estructura de Datos,2526-2,2,anon_087,4,5,0.33680892,3.4111872,3.07437828
Estructura de Datos,2526-2,2,anon_087,6,5,-0.14487123,2.8079195,2.9527907300000003
Estructura de Datos,2526-2,2,anon_087,8,5,-0.104724884,2.4974248,2.602149684
Estructura de Datos,2526-2,2,anon_205,4,5,0.36586142,3.6474175,3.28155608
Estructura de Datos,2526-2,2,anon_205,6,5,-0.058716536,2.9853544,3.044070936
Estructura de Datos,2526-2,2,anon_205,8,5,-0.012462616,2.5324469,2.544909516
Estructura de Datos,2526-2,2,anon_347,4,5,3.3479311,7.6109915,4.2630604000000005
Estructura de Datos,2526-2,2,anon_347,6,5,6.9545126,10.342859,3.3883464000000005
Estructura de Datos,2526-2,2,anon_347,8,5,6.962255,9.499655,2.5374000000000008
Estructura de Datos,2526-2,2,anon_355,4,5,0.1651144,3.8467355,3.6816211
Estructura de Datos,2526-2,2,anon_355,6,5,-0.19525385,2.8544948,3.0497486499999997
Estructura de Datos,2526-2,2,anon_355,8,5,-0.14887667,2.4739556,2.62283227
Estructura de Datos,2526-2,2,anon_360,4,5,0.23865747,3.6548018,3.41614433
Estructura de Datos,2526-2,2,anon_360,6,5,-0.16138649,2.8659425,3.02732899
Estructura de Datos,2526-2,2,anon_360,8,5,-0.1120559,2.4921203,2.6041762
Estructura de Datos,2526-2,2,anon_370,4,5,26.710175,30.659521,3.949346000000002
Estructura de Datos,2526-2,2,anon_370,6,5,32.44963,35.23886,2.7892300000000034
Estructura de Datos,2526-2,2,anon_370,8,5,36.18828,39.168785,2.980505000000001
Estructura de Datos,2526-2,2,anon_371,4,5,0.09124446,4.180049,4.08880454
Estructura de Datos,2526-2,2,anon_371,6,5,3.8300264,7.2018657,3.3718393
Estructura de Datos,2526-2,2,anon_371,8,5,3.862093,6.462603,2.6005099999999994
Estructura de Datos,2526-2,2,anon_372,4,5,0.23794389,3.7916238,3.55367991
Estructura de Datos,2526-2,2,anon_372,6,5,3.8369083,7.0069103,3.170002
Estructura de Datos,2526-2,2,anon_372,8,5,3.9162514,6.542347,2.6260956
Estructura de Datos,2526-2,2,anon_373,4,5,0.1467669,3.9113212,3.7645543000000004
Estructura de Datos,2526-2,2,anon_373,6,5,-0.20197058,2.8502824,3.0522529800000004
Estructura de Datos,2526-2,2,anon_373,8,5,0.8256439,3.4702282,2.6445843
Estructura de Datos,2526-2,2,anon_374,4,5,0.12660551,3.9165583,3.78995279
Estructura de Datos,2526-2,2,anon_374,6,5,-0.23696518,2.7920237,3.02898888
Estructura de Datos,2526-2,2,anon_374,8,5,-0.19129825,2.45518,2.64647825
Estructura de Datos,2526-2,2,anon_375,4,5,0.18946338,3.7222247,3.53276132
Estructura de Datos,2526-2,2,anon_375,6,5,-0.21093535,2.796739,3.0076743500000003
Estructura de Datos,2526-2,2,anon_375,8,5,-0.16243672,2.471234,2.63367072
Estructura de Datos,2526-2,2,anon_376,4,5,3.3476143,6.869128,3.5215137
Estructura de Datos,2526-2,2,anon_376,6,5,2.8717413,5.8672056,2.9954643
Estructura de Datos,2526-2,2,anon_376,8,5,2.9045897,5.5193396,2.6147499000000005
Estructura de Datos,2526-2,2,anon_377,4,5,0.40288877,3.3696227,2.9667339299999997
Estructura de Datos,2526-2,2,anon_377,6,5,1.8820901,4.902954,3.0208639
Estructura de Datos,2526-2,2,anon_377,8,5,1.9598303,4.5320597,2.5722293999999994
Estructura de Datos,2526-3,2,anon_004,4,5,0.80145645,3.0020142,2.20055775
Estructura de Datos,2526-3,2,anon_004,6,5,3.9983087,5.6039906,1.6056819000000004
Estructura de Datos,2526-3,2,anon_004,8,5,3.6725092,5.8945484,2.2220391999999998
Estructura de Datos,2526-3,2,anon_007,4,5,0.6080234,2.160864,1.5528406000000001
Estructura de Datos,2526-3,2,anon_007,6,5,-0.09473562,1.272795,1.36753062
Estructura de Datos,2526-3,2,anon_007,8,5,0.32474113,1.9156797,1.59093857
Estructura de Datos,2526-3,2,anon_081,4,5,4.0586967,5.905326,1.8466293
Estructura de Datos,2526-3,2,anon_081,6,5,2.3414276,3.3131654,0.9717378000000001
Estructura de Datos,2526-3,2,anon_081,8,5,2.0502949,2.9299607,0.8796658000000002
Estructura de Datos,2526-3,2,anon_087,4,5,2.9570665,4.2404103,1.2833438
Estructura de Datos,2526-3,2,anon_087,6,5,2.4328752,3.2604444,0.8275692000000001
Estructura de Datos,2526-3,2,anon_087,8,5,2.348597,2.8766222,0.5280252000000001
Estructura de Datos,2526-3,2,anon_324,4,5,0.2404685,1.7614017,1.5209332
Estructura de Datos,2526-3,2,anon_324,6,5,-0.13842607,1.0244219,1.16284797
Estructura de Datos,2526-3,2,anon_324,8,5,0.030551553,1.1469665,1.116414947
Estructura de Datos,2526-3,2,anon_326,4,5,5.146526,6.7365947,1.5900687000000007
Estructura de Datos,2526-3,2,anon_326,6,5,8.526291,9.127483,0.6011919999999993
Estructura de Datos,2526-3,2,anon_326,8,5,12.139093,14.9199915,2.7808984999999993
Estructura de Datos,2526-3,2,anon_339,4,5,-0.029668808,0.9755206,1.005189408
Estructura de Datos,2526-3,2,anon_339,6,5,-0.0869987,0.124382496,0.211381196
Estructura de Datos,2526-3,2,anon_339,8,5,-0.2645197,0.2483052,0.5128249
Estructura de Datos,2526-3,2,anon_341,4,5,-0.1497674,0.878515,1.0282824000000002
Estructura de Datos,2526-3,2,anon_341,6,5,-0.18881798,0.3142203,0.50303828
Estructura de Datos,2526-3,2,anon_341,8,5,-0.55304503,0.4231918,0.97623683
Estructura de Datos,2526-3,2,anon_349,4,5,8.8730545,11.154494,2.2814394999999994
Estructura de Datos,2526-3,2,anon_349,6,5,11.919487,15.9461155,4.026628499999999
Estructura de Datos,2526-3,2,anon_349,8,5,10.707589,14.883097,4.175507999999999
Estructura de Datos,2526-3,2,anon_356,4,5,-0.08873534,1.465752,1.5544873399999999
Estructura de Datos,2526-3,2,anon_356,6,5,-0.21959043,0.6778766,0.89746703
Estructura de Datos,2526-3,2,anon_356,8,5,-0.091949105,1.1733897,1.265338805
Estructura de Datos,2526-3,2,anon_362,4,5,11.226628,17.791409,6.564781000000002
Estructura de Datos,2526-3,2,anon_362,6,5,11.934662,13.717511,1.7828490000000006
Estructura de Datos,2526-3,2,anon_362,8,5,12.67076,14.799451,2.128691
Estructura de Datos,2526-3,2,anon_363,4,5,1.545744,2.0953572,0.5496132
Estructura de Datos,2526-3,2,anon_363,6,5,4.5427446,6.330679,1.7879344000000001
Estructura de Datos,2526-3,2,anon_363,8,5,7.048231,8.660516,1.612284999999999
Estructura de Datos,2526-3,2,anon_365,4,5,16.275177,18.774414,2.499237000000001
Estructura de Datos,2526-3,2,anon_365,6,5,17.687517,19.749828,2.062311000000001
Estructura de Datos,2526-3,2,anon_365,8,5,20.193502,22.840479,2.6469769999999997
Estructura de Datos,2526-3,2,anon_372,4,5,9.1838255,13.089286,3.9054605000000002
Estructura de Datos,2526-3,2,anon_372,6,5,12.497797,18.66991,6.172113000000001
Estructura de Datos,2526-3,2,anon_372,8,5,11.3247175,12.711487,1.3867694999999998
Estructura de Datos,2526-3,2,anon_375,4,5,7.4125447,9.248074,1.835529300000001
Estructura de Datos,2526-3,2,anon_375,6,5,6.680546,7.449944,0.7693980000000007
Estructura de Datos,2526-3,2,anon_375,8,5,5.621116,6.847026,1.2259099999999998
Estructura de Datos,2526-3,2,anon_378,4,5,3.6500282,6.670992,3.0209638
Estructura de Datos,2526-3,2,anon_378,6,5,2.5780063,4.227872,1.6498656999999994
Estructura de Datos,2526-3,2,anon_378,8,5,2.451179,3.9768746,1.5256955999999997
Estructura de Datos,2526-3,2,anon_379,4,5,19.169174,27.086792,7.917617999999997
Estructura de Datos,2526-3,2,anon_379,6,5,19.532597,23.35529,3.822693000000001
Estructura de Datos,2526-3,2,anon_379,8,5,18.53141,21.996538,3.465128
Estructura de Datos,2526-3,2,anon_380,4,5,0.55908775,1.9783884,1.41930065
Estructura de Datos,2526-3,2,anon_380,6,5,0.021657228,1.0228491,1.001191872
Estructura de Datos,2526-3,2,anon_380,8,5,0.3055507,1.6393902,1.3338395
Estructura de Datos,2526-3,2,anon_381,4,5,7.7387567,9.516778,1.7780213000000007
Estructura de Datos,2526-3,2,anon_381,6,5,7.4297905,8.578989,1.1491984999999998
Estructura de Datos,2526-3,2,anon_381,8,5,5.2349906,7.0637913,1.8288007000000004
Estructura de Datos,2526-3,2,anon_382,4,5,4.555504,5.36476,0.8092560000000004
Estructura de Datos,2526-3,2,anon_382,6,5,2.8308182,4.164275,1.3334568
Estructura de Datos,2526-3,2,anon_382,8,5,2.3372083,3.8335936,1.4963853
Estructura de Datos,2526-3,2,anon_383,4,5,4.6275444,5.662285,1.0347406000000001
Estructura de Datos,2526-3,2,anon_383,6,5,4.390219,5.8303347,1.4401156999999998
Estructura de Datos,2526-3,2,anon_383,8,5,3.9850593,4.4121246,0.4270653000000002
Estructura de Datos,2526-3,2,anon_384,4,5,0.49957156,2.6390724,2.1395008399999997
Estructura de Datos,2526-3,2,anon_384,6,5,0.470325,1.3811593,0.9108343
Estructura de Datos,2526-3,2,anon_384,8,5,2.8034687,5.072316,2.2688473
Estructura de Datos,2526-3,2,anon_385,4,5,-0.2884071,1.0307992,1.3192062999999998
Estructura de Datos,2526-3,2,anon_385,6,5,-0.18937564,0.15994024,0.34931588
Estructura de Datos,2526-3,2,anon_385,8,5,-0.28164887,0.32926726,0.61091613
Estructura de Datos,2526-3,2,anon_386,4,5,4.242492,5.3184986,1.0760065999999995
Estructura de Datos,2526-3,2,anon_386,6,5,3.178558,3.962306,0.7837479999999997
Estructura de Datos,2526-3,2,anon_386,8,5,2.8314617,3.7457964,0.9143347
Estructura de Datos,2526-3,2,anon_387,4,5,8.699827,10.208746,1.5089189999999988
Estructura de Datos,2526-3,2,anon_387,6,5,4.9841137,7.1100283,2.1259145999999998
Estructura de Datos,2526-3,2,anon_387,8,5,4.388341,6.229266,1.8409250000000004
Estructura de Datos,2526-3,2,anon_388,4,5,8.3896265,12.322869,3.9332425000000004
Estructura de Datos,2526-3,2,anon_388,6,5,8.750832,10.570379,1.819547
Estructura de Datos,2526-3,2,anon_388,8,5,12.295469,14.335445,2.0399759999999993
Estructura de Datos,2526-3,2,anon_389,4,5,-0.037616253,1.0605967,1.098212953
Estructura de Datos,2526-3,2,anon_389,6,5,-0.041805744,0.68088496,0.722690704
Estructura de Datos,2526-3,2,anon_389,8,5,-0.68424153,0.5744935,1.25873503
Estructura de Datos,2526-3,2,anon_390,4,5,0.15537119,0.8927667,0.73739551
Estructura de Datos,2526-3,2,anon_390,6,5,-0.15014195,0.21126044,0.36140238999999996
Estructura de Datos,2526-3,2,anon_390,8,5,-0.41506577,0.34911466,0.76418043
Estructura de Datos,2526-3,2,anon_391,4,5,2.3722377,3.0931716,0.7209338999999999
Estructura de Datos,2526-3,2,anon_391,6,5,1.2623845,1.4241828,0.16179830000000006
Estructura de Datos,2526-3,2,anon_391,8,5,0.7972431,1.6753811,0.8781380000000001
Estructura de Datos,2526-3,2,anon_392,4,5,0.1182704,0.89516664,0.77689624
Estructura de Datos,2526-3,2,anon_392,6,5,-0.20472312,0.4311347,0.63585782
Estructura de Datos,2526-3,2,anon_392,8,5,-0.48053622,0.5094502,0.9899864199999999
Matemáticas Discretas,2526-2,1,anon_md_2526_2_1_001,4,5,6.42865,7.4682894,1.0396393999999995
Matemáticas Discretas,2526-2,1,anon_md_2526_2_1_001,6,5,6.2061844,8.271255,2.0650706000000003
Matemáticas Discretas,2526-2,1,anon_md_2526_2_1_001,8,5,5.8097243,6.267241,0.4575167000000002
Matemáticas Discretas,2526-2,1,anon_md_2526_2_1_002,4,5,3.798065,5.102681,1.3046159999999998
Matemáticas Discretas,2526-2,1,anon_md_2526_2_1_002,6,5,6.501521,8.540904,2.039382999999999
Matemáticas Discretas,2526-2,1,anon_md_2526_2_1_002,8,5,8.552277,9.46772,0.9154429999999998
Matemáticas Discretas,2526-2,1,anon_md_2526_2_1_003,4,5,3.8012538,5.1171026,1.3158488
Matemáticas Discretas,2526-2,1,anon_md_2526_2_1_003,6,5,3.131072,4.7609377,1.6298657000000003
Matemáticas Discretas,2526-2,1,anon_md_2526_2_1_003,8,5,3.1256127,3.962193,0.8365803
Matemáticas Discretas,2526-2,1,anon_md_2526_2_1_004,4,5,4.787996,6.3326874,1.5446914000000005
Matemáticas Discretas,2526-2,1,anon_md_2526_2_1_004,6,5,4.5352917,6.804958,2.2696663
Matemáticas Discretas,2526-2,1,anon_md_2526_2_1_004,8,5,3.0458822,4.006596,0.9607138000000002
Matemáticas Discretas,2526-2,1,anon_md_2526_2_1_005,4,5,4.201742,5.127737,0.9259949999999995
Matemáticas Discretas,2526-2,1,anon_md_2526_2_1_005,6,5,6.907036,8.687705,1.7806689999999996
Matemáticas Discretas,2526-2,1,anon_md_2526_2_1_005,8,5,7.783783,8.393752,0.6099689999999995
Matemáticas Discretas,2526-2,1,anon_md_2526_2_1_006,4,5,2.7829657,4.0925336,1.3095679000000002
Matemáticas Discretas,2526-2,1,anon_md_2526_2_1_006,6,5,1.4447416,3.29635,1.8516084
Matemáticas Discretas,2526-2,1,anon_md_2526_2_1_006,8,5,0.8857218,1.9660012,1.0802794
Matemáticas Discretas,2526-2,1,anon_md_2526_2_1_007,4,5,6.28559,7.506642,1.2210520000000002
Matemáticas Discretas,2526-2,1,anon_md_2526_2_1_007,6,5,6.9089003,9.136477,2.2275766999999993
Matemáticas Discretas,2526-2,1,anon_md_2526_2_1_007,8,5,8.720279,9.520381,0.8001020000000008
Matemáticas Discretas,2526-2,1,anon_md_2526_2_1_008,4,5,4.276657,5.2459326,0.9692755999999996
Matemáticas Discretas,2526-2,1,anon_md_2526_2_1_008,6,5,3.771964,5.0269976,1.2550335999999995
Matemáticas Discretas,2526-2,1,anon_md_2526_2_1_008,8,5,2.2991705,3.0151262,0.7159557000000003
Matemáticas Discretas,2526-2,1,anon_md_2526_2_1_009,4,5,2.6428316,4.1356764,1.4928448000000003
Matemáticas Discretas,2526-2,1,anon_md_2526_2_1_009,6,5,1.0858402,3.2751908,2.1893506
Matemáticas Discretas,2526-2,1,anon_md_2526_2_1_009,8,5,0.7712363,1.9247065,1.1534702000000001
Matemáticas Discretas,2526-2,1,anon_md_2526_2_1_010,4,5,3.1726627,4.0935507,0.9208879999999997
Matemáticas Discretas,2526-2,1,anon_md_2526_2_1_010,6,5,2.0426755,3.2948728,1.2521972999999997
Matemáticas Discretas,2526-2,1,anon_md_2526_2_1_010,8,5,1.1596879,2.0061188,0.8464308999999999
Matemáticas Discretas,2526-2,1,anon_md_2526_2_1_011,4,5,2.6603627,4.1632247,1.502862
Matemáticas Discretas,2526-2,1,anon_md_2526_2_1_011,6,5,1.0285709,3.1971498,2.1685789
Matemáticas Discretas,2526-2,1,anon_md_2526_2_1_011,8,5,1.8043809,2.903771,1.0993901
Matemáticas Discretas,2526-2,1,anon_md_2526_2_1_012,4,5,4.9885254,6.402213,1.4136875999999994
Matemáticas Discretas,2526-2,1,anon_md_2526_2_1_012,6,5,6.453001,8.416193,1.9631919999999994
Matemáticas Discretas,2526-2,1,anon_md_2526_2_1_012,8,5,6.463908,7.332161,0.8682530000000002
Matemáticas Discretas,2526-2,1,anon_md_2526_2_1_013,4,5,4.9972963,6.4113603,1.4140639999999998
Matemáticas Discretas,2526-2,1,anon_md_2526_2_1_013,6,5,4.2931566,5.985293,1.6921364000000008
Matemáticas Discretas,2526-2,1,anon_md_2526_2_1_013,8,5,3.1656928,4.015144,0.8494512000000003
Matemáticas Discretas,2526-2,1,anon_md_2526_2_1_014,4,5,4.824997,6.394015,1.5690179999999998
Matemáticas Discretas,2526-2,1,anon_md_2526_2_1_014,6,5,5.2118454,7.0861783,1.8743329000000006
Matemáticas Discretas,2526-2,1,anon_md_2526_2_1_014,8,5,7.375308,8.255889,0.8805809999999994
Matemáticas Discretas,2526-2,1,anon_md_2526_2_1_015,4,5,7.4237795,8.690356,1.2665764999999993
Matemáticas Discretas,2526-2,1,anon_md_2526_2_1_015,6,5,9.926351,12.505627,2.579276
Matemáticas Discretas,2526-2,1,anon_md_2526_2_1_015,8,5,11.838427,12.794828,0.9564010000000014
Matemáticas Discretas,2526-2,1,anon_md_2526_2_1_016,4,5,4.1033034,5.3248653,1.2215619000000002
Matemáticas Discretas,2526-2,1,anon_md_2526_2_1_016,6,5,3.1724105,4.4286675,1.2562570000000006
Matemáticas Discretas,2526-2,1,anon_md_2526_2_1_016,8,5,2.175107,2.90149,0.7263829999999998
Matemáticas Discretas,2526-2,1,anon_md_2526_2_1_017,4,5,5.0374827,6.4467955,1.4093128000000004
Matemáticas Discretas,2526-2,1,anon_md_2526_2_1_017,6,5,6.3894286,8.105931,1.7165024000000004
Matemáticas Discretas,2526-2,1,anon_md_2526_2_1_017,8,5,8.524958,9.356846,0.8318880000000011
Matemáticas Discretas,2526-2,1,anon_md_2526_2_1_018,4,5,3.2365282,4.2346964,0.9981681999999998
Matemáticas Discretas,2526-2,1,anon_md_2526_2_1_018,6,5,5.7121134,6.9792094,1.2670960000000004
Matemáticas Discretas,2526-2,1,anon_md_2526_2_1_018,8,5,6.7416463,7.2965627,0.5549163999999998
Matemáticas Discretas,2526-2,1,anon_md_2526_2_1_019,4,5,2.7510948,4.261786,1.5106911999999997
Matemáticas Discretas,2526-2,1,anon_md_2526_2_1_019,6,5,0.905056,2.9280572,2.0230012
Matemáticas Discretas,2526-2,1,anon_md_2526_2_1_019,8,5,0.8168608,1.8388506,1.0219898
Matemáticas Discretas,2526-2,1,anon_md_2526_2_1_020,4,5,1.6797781,3.1320164,1.4522382999999999
Matemáticas Discretas,2526-2,1,anon_md_2526_2_1_020,6,5,-0.71905446,1.9111042,2.63015866
Matemáticas Discretas,2526-2,1,anon_md_2526_2_1_020,8,5,-0.2859131,0.82169473,1.10760783
Matemáticas Discretas,2526-2,1,anon_md_2526_2_1_021,4,5,1.6926754,3.1463122,1.4536368000000002
Matemáticas Discretas,2526-2,1,anon_md_2526_2_1_021,6,5,-0.726351,1.893983,2.6203339999999997
Matemáticas Discretas,2526-2,1,anon_md_2526_2_1_021,8,5,-0.27978528,0.8104358,1.09022108
Matemáticas Discretas,2526-2,1,anon_md_2526_2_1_022,4,5,6.406451,7.6767097,1.2702587000000003
Matemáticas Discretas,2526-2,1,anon_md_2526_2_1_022,6,5,7.882145,9.718088,1.8359429999999994
Matemáticas Discretas,2526-2,1,anon_md_2526_2_1_022,8,5,9.802832,10.536756,0.733924
Matemáticas Discretas,2526-2,1,anon_md_2526_2_1_023,4,5,3.144096,4.332224,1.1881280000000003
Matemáticas Discretas,2526-2,1,anon_md_2526_2_1_023,6,5,1.6367972,3.0083537,1.3715564999999998
Matemáticas Discretas,2526-2,1,anon_md_2526_2_1_023,8,5,1.1285397,1.8532369,0.7246972
Matemáticas Discretas,2526-2,1,anon_md_2526_2_1_024,4,5,5.119827,6.504035,1.384208
Matemáticas Discretas,2526-2,1,anon_md_2526_2_1_024,6,5,4.22237,5.438939,1.2165690000000007
Matemáticas Discretas,2526-2,1,anon_md_2526_2_1_024,8,5,5.3839064,6.123713,0.7398066000000005
Matemáticas Discretas,2526-2,1,anon_md_2526_2_1_025,4,5,2.8321419,4.3240027,1.4918608000000004
Matemáticas Discretas,2526-2,1,anon_md_2526_2_1_025,6,5,0.86526823,2.8285842,1.96331597
Matemáticas Discretas,2526-2,1,anon_md_2526_2_1_025,8,5,0.85991526,1.7782404,0.9183251400000001
Matemáticas Discretas,2526-2,1,anon_md_2526_2_1_026,4,5,2.8463159,4.333337,1.4870211000000002
Matemáticas Discretas,2526-2,1,anon_md_2526_2_1_026,6,5,0.8602326,2.810769,1.9505364
Matemáticas Discretas,2526-2,1,anon_md_2526_2_1_026,8,5,0.867064,1.7826234,0.9155594000000001
Matemáticas Discretas,2526-2,1,anon_md_2526_2_1_027,4,5,4.9781823,6.490481,1.5122986999999997
Matemáticas Discretas,2526-2,1,anon_md_2526_2_1_027,6,5,5.1074705,6.2883763,1.1809058000000006
Matemáticas Discretas,2526-2,1,anon_md_2526_2_1_027,8,5,5.2841063,6.0710177,0.7869113999999993
Matemáticas Discretas,2526-2,1,anon_md_2526_2_1_028,4,5,3.2139773,4.3949623,1.1809850000000006
Matemáticas Discretas,2526-2,1,anon_md_2526_2_1_028,6,5,2.8789334,3.917815,1.0388815999999998
Matemáticas Discretas,2526-2,1,anon_md_2526_2_1_028,8,5,5.488618,6.0925784,0.6039604000000001
Matemáticas Discretas,2526-2,1,anon_md_2526_2_1_029,4,5,2.8896418,4.3594646,1.4698227999999998
Matemáticas Discretas,2526-2,1,anon_md_2526_2_1_029,6,5,0.8463628,2.7555132,1.9091504000000001
Matemáticas Discretas,2526-2,1,anon_md_2526_2_1_029,8,5,0.88797605,1.7956762,0.9077001499999999
Matemáticas Discretas,2526-2,1,anon_md_2526_2_1_030,4,5,3.07122,4.398205,1.326985
Matemáticas Discretas,2526-2,1,anon_md_2526_2_1_030,6,5,1.2271286,2.8115988,1.5844702000000002
Matemáticas Discretas,2526-2,1,anon_md_2526_2_1_030,8,5,1.0428636,1.8388528,0.7959892
Matemáticas Discretas,2526-2,1,anon_md_2526_2_1_031,4,5,2.9190257,4.3752937,1.4562680000000001
Matemáticas Discretas,2526-2,1,anon_md_2526_2_1_031,6,5,0.8378813,2.717299,1.8794177
Matemáticas Discretas,2526-2,1,anon_md_2526_2_1_031,8,5,0.9014652,1.8039906,0.9025254000000001
Matemáticas Discretas,2526-2,1,anon_md_2526_2_1_032,4,5,3.2836905,4.4404144,1.1567238999999998
Matemáticas Discretas,2526-2,1,anon_md_2526_2_1_032,6,5,2.1854994,2.9311929,0.7456935000000002
Matemáticas Discretas,2526-2,1,anon_md_2526_2_1_032,8,5,1.3170252,1.9069197,0.5898945
Matemáticas Discretas,2526-2,1,anon_md_2526_2_1_033,4,5,3.2888193,4.4514427,1.1626234000000002
Matemáticas Discretas,2526-2,1,anon_md_2526_2_1_033,6,5,2.1949553,2.9122028,0.7172475
Matemáticas Discretas,2526-2,1,anon_md_2526_2_1_033,8,5,1.3111012,1.919765,0.6086638
Matemáticas Discretas,2526-2,1,anon_md_2526_2_1_034,4,5,2.2077277,3.3353617,1.127634
Matemáticas Discretas,2526-2,1,anon_md_2526_2_1_034,6,5,-3.0755997e-05,1.7994792,1.799509955997
Matemáticas Discretas,2526-2,1,anon_md_2526_2_1_034,8,5,0.055286527,0.8011067,0.7458201729999999
Matemáticas Discretas,2526-2,1,anon_md_2526_2_1_035,4,5,3.2920988,4.4648542,1.1727554000000002
Matemáticas Discretas,2526-2,1,anon_md_2526_2_1_035,6,5,2.9181101,3.78858,0.8704699000000002
Matemáticas Discretas,2526-2,1,anon_md_2526_2_1_035,8,5,5.4241056,6.1163874,0.6922818
Matemáticas Discretas,2526-2,2,anon_md_2526_2_2_001,4,5,4.450501,5.5845823,1.1340813
Matemáticas Discretas,2526-2,2,anon_md_2526_2_2_001,6,5,6.60047,8.395521,1.7950510000000008
Matemáticas Discretas,2526-2,2,anon_md_2526_2_2_001,8,5,5.505858,6.5774813,1.0716232999999997
Matemáticas Discretas,2526-2,2,anon_md_2526_2_2_002,4,5,4.534732,5.5894437,1.0547117000000004
Matemáticas Discretas,2526-2,2,anon_md_2526_2_2_002,6,5,3.5476322,5.2198405,1.6722083000000003
Matemáticas Discretas,2526-2,2,anon_md_2526_2_2_002,8,5,4.4795246,5.4814625,1.0019378999999997
Matemáticas Discretas,2526-2,2,anon_md_2526_2_2_003,4,5,2.2232645,3.5450785,1.3218139999999998
Matemáticas Discretas,2526-2,2,anon_md_2526_2_2_003,6,5,1.3573653,3.2481012,1.8907358999999997
Matemáticas Discretas,2526-2,2,anon_md_2526_2_2_003,8,5,0.40251255,1.4419309,1.03941835
Matemáticas Discretas,2526-2,2,anon_md_2526_2_2_004,4,5,4.336543,5.545756,1.209213
Matemáticas Discretas,2526-2,2,anon_md_2526_2_2_004,6,5,3.4145598,5.4166303,2.0020704999999994
Matemáticas Discretas,2526-2,2,anon_md_2526_2_2_004,8,5,4.418849,5.46701,1.0481610000000003
Matemáticas Discretas,2526-2,2,anon_md_2526_2_2_005,4,5,5.4227457,6.5732584,1.1505127000000002
Matemáticas Discretas,2526-2,2,anon_md_2526_2_2_005,6,5,4.472413,6.376992,1.904579
Matemáticas Discretas,2526-2,2,anon_md_2526_2_2_005,8,5,4.433798,5.4521384,1.0183403999999996
Matemáticas Discretas,2526-2,2,anon_md_2526_2_2_006,4,5,5.262582,6.5309,1.2683179999999998
Matemáticas Discretas,2526-2,2,anon_md_2526_2_2_006,6,5,6.381904,8.648934,2.267030000000001
Matemáticas Discretas,2526-2,2,anon_md_2526_2_2_006,8,5,6.420972,7.496322,1.0753500000000003
Matemáticas Discretas,2526-2,2,anon_md_2526_2_2_007,4,5,3.328267,4.5615425,1.2332755
Matemáticas Discretas,2526-2,2,anon_md_2526_2_2_007,6,5,2.4065094,4.086767,1.6802576
Matemáticas Discretas,2526-2,2,anon_md_2526_2_2_007,8,5,1.4028838,2.4059587,1.0030748999999999
Matemáticas Discretas,2526-2,2,anon_md_2526_2_2_008,4,5,6.4184303,7.5649037,1.1464734000000005
Matemáticas Discretas,2526-2,2,anon_md_2526_2_2_008,6,5,5.4746723,7.4347005,1.9600282
Matemáticas Discretas,2526-2,2,anon_md_2526_2_2_008,8,5,5.4338346,6.458369,1.0245344000000003
Matemáticas Discretas,2526-2,2,anon_md_2526_2_2_009,4,5,3.2394326,4.51697,1.2775373999999995
Matemáticas Discretas,2526-2,2,anon_md_2526_2_2_009,6,5,2.366455,4.309989,1.9435339999999997
Matemáticas Discretas,2526-2,2,anon_md_2526_2_2_009,8,5,1.4066784,2.4382997,1.0316212999999999
Matemáticas Discretas,2526-2,2,anon_md_2526_2_2_010,4,5,2.2026243,3.4941425,1.2915182
Matemáticas Discretas,2526-2,2,anon_md_2526_2_2_010,6,5,1.3542236,3.3189042,1.9646805999999999
Matemáticas Discretas,2526-2,2,anon_md_2526_2_2_010,8,5,0.411368,1.4427345,1.0313665
Matemáticas Discretas,2526-2,2,anon_md_2526_2_2_011,4,5,3.2109432,4.511358,1.3004148000000004
Matemáticas Discretas,2526-2,2,anon_md_2526_2_2_011,6,5,3.3544288,5.35061,1.9961811999999997
Matemáticas Discretas,2526-2,2,anon_md_2526_2_2_011,8,5,2.41221,3.4450464,1.0328363999999999
Matemáticas Discretas,2526-2,2,anon_md_2526_2_2_012,4,5,3.230884,4.496205,1.2653209999999997
Matemáticas Discretas,2526-2,2,anon_md_2526_2_2_012,6,5,4.3419285,6.4447675,2.1028390000000003
Matemáticas Discretas,2526-2,2,anon_md_2526_2_2_012,8,5,6.399398,7.486119,1.0867210000000007
Matemáticas Discretas,2526-2,2,anon_md_2526_2_2_013,4,5,3.2205431,4.4744573,1.2539142
Matemáticas Discretas,2526-2,2,anon_md_2526_2_2_013,6,5,2.3725524,4.4521437,2.0795912999999997
Matemáticas Discretas,2526-2,2,anon_md_2526_2_2_013,8,5,1.4240562,2.455987,1.0319307999999998
Matemáticas Discretas,2526-2,2,anon_md_2526_2_2_014,4,5,3.222419,4.466825,1.2444060000000001
Matemáticas Discretas,2526-2,2,anon_md_2526_2_2_014,6,5,2.3760836,4.464248,2.0881644000000006
Matemáticas Discretas,2526-2,2,anon_md_2526_2_2_014,8,5,1.426999,2.456943,1.029944
Matemáticas Discretas,2526-2,2,anon_md_2526_2_2_015,4,5,2.212348,3.4532292,1.2408812
Matemáticas Discretas,2526-2,2,anon_md_2526_2_2_015,6,5,1.3707058,3.3809505,2.0102447
Matemáticas Discretas,2526-2,2,anon_md_2526_2_2_015,8,5,0.42560363,1.4464148,1.02081117
Matemáticas Discretas,2526-2,2,anon_md_2526_2_2_016,4,5,4.2889633,5.530829,1.2418657
Matemáticas Discretas,2526-2,2,anon_md_2526_2_2_016,6,5,4.367601,6.278925,1.9113240000000005
Matemáticas Discretas,2526-2,2,anon_md_2526_2_2_016,8,5,6.3851767,7.4550667,1.06989
Matemáticas Discretas,2526-2,2,anon_md_2526_2_2_017,4,5,3.237864,4.478743,1.2408789999999996
Matemáticas Discretas,2526-2,2,anon_md_2526_2_2_017,6,5,2.3662448,4.270368,1.9041232000000003
Matemáticas Discretas,2526-2,2,anon_md_2526_2_2_017,8,5,1.4037738,2.4274905,1.0237167000000003
Matemáticas Discretas,2526-2,2,anon_md_2526_2_2_018,4,5,3.2437537,4.497284,1.2535302999999995
Matemáticas Discretas,2526-2,2,anon_md_2526_2_2_018,6,5,2.3558435,4.152362,1.7965185
Matemáticas Discretas,2526-2,2,anon_md_2526_2_2_018,8,5,1.3864149,2.4116654,1.0252505
Matemáticas Discretas,2526-2,2,anon_md_2526_2_2_019,4,5,5.3013215,6.5397882,1.2384667
Matemáticas Discretas,2526-2,2,anon_md_2526_2_2_019,6,5,4.3934865,6.3236127,1.9301262000000001
Matemáticas Discretas,2526-2,2,anon_md_2526_2_2_019,8,5,3.4030247,4.436743,1.0337182999999999
Matemáticas Discretas,2526-2,2,anon_md_2526_2_2_020,4,5,5.297122,6.535762,1.2386400000000002
Matemáticas Discretas,2526-2,2,anon_md_2526_2_2_020,6,5,4.391798,6.331098,1.9393000000000002
Matemáticas Discretas,2526-2,2,anon_md_2526_2_2_020,8,5,3.4020252,4.4384947,1.0364694999999995
Matemáticas Discretas,2526-2,2,anon_md_2526_2_2_021,4,5,6.2877436,7.479672,1.1919284
Matemáticas Discretas,2526-2,2,anon_md_2526_2_2_021,6,5,7.3969407,9.842177,2.4452362999999995
Matemáticas Discretas,2526-2,2,anon_md_2526_2_2_021,8,5,8.421926,9.535811,1.1138850000000016
Matemáticas Discretas,2526-3,1,anon_md_2526_3_1_001,4,5,4.537385,5.2649746,0.7275896000000008
Matemáticas Discretas,2526-3,1,anon_md_2526_3_1_001,6,5,6.5260706,8.772375,2.2463044000000005
Matemáticas Discretas,2526-3,1,anon_md_2526_3_1_001,8,5,9.819598,11.8051405,1.985542500000001
Matemáticas Discretas,2526-3,1,anon_md_2526_3_1_002,4,5,1.9261582,3.4289746,1.5028164000000002
Matemáticas Discretas,2526-3,1,anon_md_2526_3_1_002,6,5,0.9496434,2.7072992,1.7576558
Matemáticas Discretas,2526-3,1,anon_md_2526_3_1_002,8,5,-0.028654456,1.6925647,1.7212191559999999
Matemáticas Discretas,2526-3,1,anon_md_2526_3_1_003,4,5,2.4497168,3.6948931,1.2451762999999998
Matemáticas Discretas,2526-3,1,anon_md_2526_3_1_003,6,5,1.2876937,2.8922858,1.6045920999999999
Matemáticas Discretas,2526-3,1,anon_md_2526_3_1_003,8,5,2.6342556,3.804181,1.1699254
Matemáticas Discretas,2526-3,1,anon_md_2526_3_1_004,4,5,1.8878145,3.331827,1.4440125000000001
Matemáticas Discretas,2526-3,1,anon_md_2526_3_1_004,6,5,2.5139785,3.7535105,1.239532
Matemáticas Discretas,2526-3,1,anon_md_2526_3_1_004,8,5,2.6712394,3.6319256,0.9606862
Matemáticas Discretas,2526-3,1,anon_md_2526_3_1_005,4,5,2.4212046,3.621684,1.2004794000000003
Matemáticas Discretas,2526-3,1,anon_md_2526_3_1_005,6,5,1.3030928,2.8363547,1.5332618999999998
Matemáticas Discretas,2526-3,1,anon_md_2526_3_1_005,8,5,1.3740941,2.7870312,1.4129371
Matemáticas Discretas,2526-3,1,anon_md_2526_3_1_006,4,5,2.6643388,3.7542415,1.0899027000000001
Matemáticas Discretas,2526-3,1,anon_md_2526_3_1_006,6,5,1.5514703,2.949238,1.3977676999999997
Matemáticas Discretas,2526-3,1,anon_md_2526_3_1_006,8,5,2.820787,3.875225,1.0544379999999998
Matemáticas Discretas,2526-3,1,anon_md_2526_3_1_007,4,5,-0.2372241,1.6893017,1.9265257999999998
Matemáticas Discretas,2526-3,1,anon_md_2526_3_1_007,6,5,-0.021959782,1.6385111,1.660470882
Matemáticas Discretas,2526-3,1,anon_md_2526_3_1_007,8,5,-0.26156843,1.1907252,1.45229363
Matemáticas Discretas,2526-3,1,anon_md_2526_3_1_008,4,5,8.514479,8.902879,0.38840000000000074
Matemáticas Discretas,2526-3,1,anon_md_2526_3_1_008,6,5,9.17424,11.503667,2.329427000000001
Matemáticas Discretas,2526-3,1,anon_md_2526_3_1_008,8,5,10.2538805,11.444877,1.1909965000000007
Matemáticas Discretas,2526-3,1,anon_md_2526_3_1_009,4,5,-0.3055284,1.5596932,1.8652216
Matemáticas Discretas,2526-3,1,anon_md_2526_3_1_009,6,5,-0.041009903,1.5407373,1.581747203
Matemáticas Discretas,2526-3,1,anon_md_2526_3_1_009,8,5,0.9439646,2.1418478,1.1978831999999997
Matemáticas Discretas,2526-3,1,anon_md_2526_3_1_010,4,5,5.0140915,5.5439024,0.5298109000000002
Matemáticas Discretas,2526-3,1,anon_md_2526_3_1_010,6,5,5.7306747,7.481639,1.7509643000000006
Matemáticas Discretas,2526-3,1,anon_md_2526_3_1_010,8,5,7.965392,9.423265,1.457873000000001
Matemáticas Discretas,2526-3,1,anon_md_2526_3_1_011,4,5,-0.36696863,1.4377105,1.8046791299999998
Matemáticas Discretas,2526-3,1,anon_md_2526_3_1_011,6,5,1.620611,2.6185436,0.9979326000000002
Matemáticas Discretas,2526-3,1,anon_md_2526_3_1_011,8,5,2.515314,3.0962296,0.5809156
Matemáticas Discretas,2526-3,1,anon_md_2526_3_1_012,4,5,8.326878,9.09016,0.7632819999999985
Matemáticas Discretas,2526-3,1,anon_md_2526_3_1_012,6,5,8.137274,10.406048,2.2687740000000005
Matemáticas Discretas,2526-3,1,anon_md_2526_3_1_012,8,5,11.260216,12.50544,1.2452240000000003
Matemáticas Discretas,2526-3,1,anon_md_2526_3_1_013,4,5,2.3064866,3.2619815,0.9554949000000001
Matemáticas Discretas,2526-3,1,anon_md_2526_3_1_013,6,5,1.3812532,2.5440595,1.1628063
Matemáticas Discretas,2526-3,1,anon_md_2526_3_1_013,8,5,0.3607443,1.6107811,1.2500368000000002
Matemáticas Discretas,2526-3,1,anon_md_2526_3_1_014,4,5,0.7573943,1.984885,1.2274907000000002
Matemáticas Discretas,2526-3,1,anon_md_2526_3_1_014,6,5,0.5026312,1.701364,1.1987328000000002
Matemáticas Discretas,2526-3,1,anon_md_2526_3_1_014,8,5,-0.0064406395,1.2035116,1.2099522395
Matemáticas Discretas,2526-3,1,anon_md_2526_3_1_015,4,5,1.7036238,2.664666,0.9610422000000001
Matemáticas Discretas,2526-3,1,anon_md_2526_3_1_015,6,5,1.0276431,2.1144345,1.0867914000000003
Matemáticas Discretas,2526-3,1,anon_md_2526_3_1_015,8,5,0.21100217,1.3744143,1.16341213
Matemáticas Discretas,2526-3,1,anon_md_2526_3_1_016,4,5,2.2702727,3.1036015,0.8333287999999999
Matemáticas Discretas,2526-3,1,anon_md_2526_3_1_016,6,5,1.4201026,2.4110084,0.9909058
Matemáticas Discretas,2526-3,1,anon_md_2526_3_1_016,8,5,0.4127829,1.525235,1.1124520999999998
Matemáticas Discretas,2526-3,1,anon_md_2526_3_1_017,4,5,-0.4925592,1.1299983,1.6225575
Matemáticas Discretas,2526-3,1,anon_md_2526_3_1_017,6,5,-0.06657624,1.7222532,1.78882944
Matemáticas Discretas,2526-3,1,anon_md_2526_3_1_017,8,5,-0.1251688,0.9075307,1.0326995
Matemáticas Discretas,2526-3,1,anon_md_2526_3_1_018,4,5,2.4915686,3.3124866,0.8209180000000003
Matemáticas Discretas,2526-3,1,anon_md_2526_3_1_018,6,5,4.180723,4.748764,0.568041
Matemáticas Discretas,2526-3,1,anon_md_2526_3_1_018,8,5,6.3179965,6.6941853,0.37618880000000043
Matemáticas Discretas,2526-3,1,anon_md_2526_3_1_019,4,5,0.70564497,1.6385105,0.9328655299999999
Matemáticas Discretas,2526-3,1,anon_md_2526_3_1_019,6,5,0.55574524,1.8421996,1.28645436
Matemáticas Discretas,2526-3,1,anon_md_2526_3_1_019,8,5,0.098425984,1.0364054,0.937979416
Matemáticas Discretas,2526-3,1,anon_md_2526_3_1_020,4,5,0.7040851,1.5946121,0.890527
Matemáticas Discretas,2526-3,1,anon_md_2526_3_1_020,6,5,0.5725483,1.8799872,1.3074389
Matemáticas Discretas,2526-3,1,anon_md_2526_3_1_020,8,5,0.121094465,1.0071946,0.8861001350000001
Matemáticas Discretas,2526-3,1,anon_md_2526_3_1_021,4,5,8.460211,10.386667,1.926456
Matemáticas Discretas,2526-3,1,anon_md_2526_3_1_021,6,5,10.206748,12.813689,2.606941000000001
Matemáticas Discretas,2526-3,1,anon_md_2526_3_1_021,8,5,12.022049,13.700606,1.6785569999999996
Matemáticas Discretas,2526-3,1,anon_md_2526_3_1_022,4,5,6.721345,8.724306,2.002961
Matemáticas Discretas,2526-3,1,anon_md_2526_3_1_022,6,5,8.138385,10.236535,2.0981500000000004
Matemáticas Discretas,2526-3,1,anon_md_2526_3_1_022,8,5,8.917756,10.469226,1.5514700000000001
Matemáticas Discretas,2526-3,1,anon_md_2526_3_1_023,4,5,2.4380364,3.1294312,0.6913947999999999
Matemáticas Discretas,2526-3,1,anon_md_2526_3_1_023,6,5,1.7197986,2.368874,0.6490753999999999
Matemáticas Discretas,2526-3,1,anon_md_2526_3_1_023,8,5,0.6150418,1.4886323,0.8735904999999999
Matemáticas Discretas,2526-3,1,anon_md_2526_3_1_024,4,5,1.6773391,2.060701,0.3833618999999999
Matemáticas Discretas,2526-3,1,anon_md_2526_3_1_024,6,5,1.1951334,2.1137326,0.9185992000000001
Matemáticas Discretas,2526-3,1,anon_md_2526_3_1_024,8,5,0.39868706,1.1810968,0.78240974
Matemáticas Discretas,2526-3,1,anon_md_2526_3_1_025,4,5,5.21986,6.611864,1.392004
Matemáticas Discretas,2526-3,1,anon_md_2526_3_1_025,6,5,4.41467,5.5867147,1.1720446999999998
Matemáticas Discretas,2526-3,1,anon_md_2526_3_1_025,8,5,4.740924,5.3977704,0.6568464
Matemáticas Discretas,2526-3,1,anon_md_2526_3_1_026,4,5,-0.45123816,0.85807776,1.30931592
Matemáticas Discretas,2526-3,1,anon_md_2526_3_1_026,6,5,1.5836556,3.0360894,1.4524337999999999
Matemáticas Discretas,2526-3,1,anon_md_2526_3_1_026,8,5,1.3874111,2.140826,0.7534149000000001
Matemáticas Discretas,2526-3,1,anon_md_2526_3_1_027,4,5,2.196833,2.51807,0.321237
Matemáticas Discretas,2526-3,1,anon_md_2526_3_1_027,6,5,4.154057,4.3413377,0.18728070000000052
Matemáticas Discretas,2526-3,1,anon_md_2526_3_1_027,8,5,5.208448,5.4017987,0.19335069999999988
Matemáticas Discretas,2526-3,1,anon_md_2526_3_1_028,4,5,2.401881,2.9384274,0.5365464000000002
Matemáticas Discretas,2526-3,1,anon_md_2526_3_1_028,6,5,3.062131,3.373407,0.3112759999999999
Matemáticas Discretas,2526-3,1,anon_md_2526_3_1_028,8,5,2.9879127,3.3671017,0.3791890000000002
Matemáticas Discretas,2526-3,1,anon_md_2526_3_1_029,4,5,2.1939557,2.4721894,0.2782336999999999
Matemáticas Discretas,2526-3,1,anon_md_2526_3_1_029,6,5,1.6190903,2.2851782,0.6660878999999997
Matemáticas Discretas,2526-3,1,anon_md_2526_3_1_029,8,5,0.5938413,1.3053607,0.7115194
Matemáticas Discretas,2526-3,1,anon_md_2526_3_1_030,4,5,2.392414,2.8621557,0.46974170000000015
Matemáticas Discretas,2526-3,1,anon_md_2526_3_1_030,6,5,3.06959,3.3687177,0.2991277000000001
Matemáticas Discretas,2526-3,1,anon_md_2526_3_1_030,8,5,4.091508,4.386992,0.2954840000000001
Matemáticas Discretas,2526-3,1,anon_md_2526_3_1_031,4,5,1.5406157,1.8677485,0.3271328
Matemáticas Discretas,2526-3,1,anon_md_2526_3_1_031,6,5,3.5156794,4.4083138,0.8926344000000004
Matemáticas Discretas,2526-3,1,anon_md_2526_3_1_031,8,5,3.8641963,4.4148593,0.5506629999999997
