materia,trimestre,estudiante_id,seccion,hito,Participaciones de la semana,Participaciones de la semana anterior,Año que cursa,Tamaño del grupo,contextual_supera_temporales
Algoritmos y Programación,2425-2,anon_001,1,4,4.2482246848893785,4.921621274316684,6.422433064596546,3.040313249653168,True
Algoritmos y Programación,2425-2,anon_001,1,6,4.2482246848893785,4.921621274316684,6.422433064596546,3.040313249653168,True
Algoritmos y Programación,2425-2,anon_001,1,8,4.2482246848893785,4.921621274316684,6.422433064596546,3.040313249653168,True
Algoritmos y Programación,2425-2,anon_002,1,4,4.2482246848893785,4.921621274316684,6.422433064596546,3.040313249653168,True
Algoritmos y Programación,2425-2,anon_002,1,6,4.2482246848893785,4.921621274316684,6.422433064596546,3.040313249653168,True
Algoritmos y Programación,2425-2,anon_002,1,8,4.2482246848893785,4.921621274316684,6.422433064596546,3.040313249653168,True
Algoritmos y Programación,2425-2,anon_003,1,4,2.2033489548965353,3.575363768077146,8.775923812374876,2.878179340488197,True
Algoritmos y Programación,2425-2,anon_003,1,6,6.628772371804118,3.575363768077146,8.821394920211015,3.2683677846654238,True
Algoritmos y Programación,2425-2,anon_003,1,8,2.2033489548965353,7.7433651986451295,2.8732083917136055,2.8732083917136055,False
Algoritmos y Programación,2425-2,anon_004,1,4,4.2482246848893785,4.921621274316684,6.422433064596546,3.040313249653168,True
Algoritmos y Programación,2425-2,anon_004,1,6,4.2482246848893785,4.921621274316684,6.422433064596546,3.040313249653168,True
Algoritmos y Programación,2425-2,anon_004,1,8,4.2482246848893785,4.921621274316684,6.422433064596546,3.040313249653168,True
Algoritmos y Programación,2425-2,anon_005,1,4,4.2482246848893785,7.7433651986451295,1.093291650493585,4.385834109972041,False
Algoritmos y Programación,2425-2,anon_005,1,6,6.628772371804118,7.477683647293395,8.821394920211015,6.126257914552712,True
Algoritmos y Programación,2425-2,anon_005,1,8,6.628772371804118,4.921621274316684,7.791775851510326,1.7644338617657471,True
Algoritmos y Programación,2425-2,anon_006,1,4,4.2482246848893785,4.921621274316684,6.422433064596546,3.040313249653168,True
Algoritmos y Programación,2425-2,anon_006,1,6,4.2482246848893785,4.921621274316684,6.422433064596546,3.040313249653168,True
Algoritmos y Programación,2425-2,anon_006,1,8,4.2482246848893785,4.921621274316684,6.422433064596546,3.040313249653168,True
Algoritmos y Programación,2425-2,anon_007,1,4,4.2482246848893785,4.921621274316684,6.422433064596546,3.040313249653168,True
Algoritmos y Programación,2425-2,anon_007,1,6,4.2482246848893785,4.921621274316684,6.422433064596546,3.040313249653168,True
Algoritmos y Programación,2425-2,anon_007,1,8,4.2482246848893785,4.921621274316684,6.422433064596546,3.040313249653168,True
Algoritmos y Programación,2425-2,anon_008,1,4,2.2033489548965353,7.7433651986451295,2.8732083917136055,2.8732083917136055,False
Algoritmos y Programación,2425-2,anon_008,1,6,6.628772371804118,7.477683647293395,8.821394920211015,6.126257914552712,True
Algoritmos y Programación,2425-2,anon_008,1,8,2.2033489548965353,7.7433651986451295,2.8732083917136055,2.8732083917136055,False
Algoritmos y Programación,2425-2,anon_009,1,4,4.787173924697115,0.0,1.7774586937563344,0.0,False
Algoritmos y Programación,2425-2,anon_009,1,6,4.787173924697115,4.787173924697115,6.422433064596546,7.667845195350237,True
Algoritmos y Programación,2425-2,anon_009,1,8,4.397114995815428,1.5203322918030944,8.821394920211015,0.0,True
Algoritmos y Programación,2425-2,anon_010,1,4,1.5203322918030944,1.5203322918030944,5.84730165596231,0.0,True
Algoritmos y Programación,2425-2,anon_010,1,6,4.397114995815428,1.5203322918030944,6.384670801841465,1.5203322918030944,True
Algoritmos y Programación,2425-2,anon_010,1,8,0.0,1.5203322918030944,2.8732083917136055,0.0,True
Algoritmos y Programación,2425-2,anon_011,1,4,4.787173924697115,0.0,1.7774586937563344,0.0,False
Algoritmos y Programación,2425-2,anon_011,1,6,4.397114995815428,4.787173924697115,7.791775851510326,7.270323387529033,True
Algoritmos y Programación,2425-2,anon_011,1,8,4.397114995815428,4.787173924697115,7.791775851510326,7.270323387529033,True
Algoritmos y Programación,2425-2,anon_012,1,4,4.2482246848893785,4.921621274316684,6.422433064596546,3.040313249653168,True
Algoritmos y Programación,2425-2,anon_012,1,6,4.2482246848893785,4.921621274316684,6.422433064596546,3.040313249653168,True
Algoritmos y Programación,2425-2,anon_012,1,8,4.2482246848893785,4.921621274316684,6.422433064596546,3.040313249653168,True
Algoritmos y Programación,2425-2,anon_013,1,4,4.2482246848893785,4.921621274316684,6.422433064596546,3.040313249653168,True
Algoritmos y Programación,2425-2,anon_013,1,6,4.2482246848893785,4.921621274316684,6.422433064596546,3.040313249653168,True
Algoritmos y Programación,2425-2,anon_013,1,8,4.2482246848893785,4.921621274316684,6.422433064596546,3.040313249653168,True
Algoritmos y Programación,2425-2,anon_014,1,4,6.8742855177501845,7.477683647293395,5.84730165596231,5.84730165596231,False
Algoritmos y Programación,2425-2,anon_014,1,6,6.628772371804118,7.477683647293395,8.821394920211015,6.126257914552712,True
Algoritmos y Programación,2425-2,anon_014,1,8,6.628772371804118,7.7433651986451295,6.384670801841465,8.775923812374876,True
Algoritmos y Programación,2425-2,anon_015,1,4,2.2033489548965353,7.7433651986451295,2.8732083917136055,2.8732083917136055,False
Algoritmos y Programación,2425-2,anon_015,1,6,6.628772371804118,3.575363768077146,8.821394920211015,3.2683677846654238,True
Algoritmos y Programación,2425-2,anon_015,1,8,6.8742855177501845,7.7433651986451295,8.836656849138715,8.836656849138715,True
Algoritmos y Programación,2425-2,anon_016,1,4,0.0,0.0,6.422433064596546,5.17728907371086,True
Algoritmos y Programación,2425-2,anon_016,1,6,0.0,0.0,6.422433064596546,5.17728907371086,True
Algoritmos y Programación,2425-2,anon_016,1,8,0.0,0.0,7.791775851510326,4.404722461206112,True
Algoritmos y Programación,2425-2,anon_017,1,4,4.2482246848893785,4.921621274316684,6.422433064596546,3.040313249653168,True
Algoritmos y Programación,2425-2,anon_017,1,6,4.2482246848893785,4.921621274316684,6.422433064596546,3.040313249653168,True
Algoritmos y Programación,2425-2,anon_017,1,8,6.628772371804118,4.921621274316684,7.791775851510326,1.7644338617657471,True
Algoritmos y Programación,2425-2,anon_018,1,4,6.8742855177501845,4.921621274316684,3.4827036231916244,3.8249415296458267,False
Algoritmos y Programación,2425-2,anon_018,1,6,4.2482246848893785,7.7433651986451295,1.093291650493585,4.385834109972041,False
Algoritmos y Programación,2425-2,anon_018,1,8,6.8742855177501845,7.477683647293395,5.84730165596231,5.84730165596231,False
Algoritmos y Programación,2425-2,anon_019,1,4,4.2482246848893785,4.921621274316684,6.422433064596546,3.040313249653168,True
Algoritmos y Programación,2425-2,anon_019,1,6,4.2482246848893785,4.921621274316684,6.422433064596546,3.040313249653168,True
Algoritmos y Programación,2425-2,anon_019,1,8,4.2482246848893785,4.921621274316684,6.422433064596546,3.040313249653168,True
Algoritmos y Programación,2425-2,anon_020,1,4,2.2033489548965353,7.7433651986451295,2.8732083917136055,2.8732083917136055,False
Algoritmos y Programación,2425-2,anon_020,1,6,6.628772371804118,3.575363768077146,8.821394920211015,3.2683677846654238,True
Algoritmos y Programación,2425-2,anon_020,1,8,6.8742855177501845,3.575363768077146,4.864338510038371,8.821394920211015,True
Algoritmos y Programación,2425-2,anon_021,1,4,4.397114995815428,4.787173924697115,7.791775851510326,7.270323387529033,True
Algoritmos y Programación,2425-2,anon_021,1,6,4.787173924697115,4.787173924697115,6.422433064596546,7.667845195350237,True
Algoritmos y Programación,2425-2,anon_021,1,8,4.787173924697115,4.787173924697115,6.422433064596546,7.667845195350237,True
Algoritmos y Programación,2425-2,anon_022,1,4,4.2482246848893785,4.921621274316684,6.422433064596546,3.040313249653168,True
Algoritmos y Programación,2425-2,anon_022,1,6,6.628772371804118,7.477683647293395,8.821394920211015,6.126257914552712,True
Algoritmos y Programación,2425-2,anon_022,1,8,4.2482246848893785,4.921621274316684,6.422433064596546,3.040313249653168,True
Algoritmos y Programación,2425-2,anon_023,1,4,2.2033489548965353,7.7433651986451295,2.8732083917136055,2.8732083917136055,False
Algoritmos y Programación,2425-2,anon_023,1,6,6.8742855177501845,7.477683647293395,5.84730165596231,5.84730165596231,False
Algoritmos y Programación,2425-2,anon_023,1,8,6.628772371804118,3.575363768077146,8.821394920211015,3.2683677846654238,True
Algoritmos y Programación,2425-2,anon_024,1,4,4.397114995815428,4.787173924697115,7.791775851510326,7.270323387529033,True
Algoritmos y Programación,2425-2,anon_024,1,6,4.397114995815428,1.5203322918030944,8.821394920211015,0.0,True
Algoritmos y Programación,2425-2,anon_024,1,8,4.787173924697115,4.787173924697115,6.422433064596546,7.667845195350237,True
Algoritmos y Programación,2425-2,anon_025,1,4,4.2482246848893785,3.575363768077146,1.7774586937563344,2.8732083917136055,False
Algoritmos y Programación,2425-2,anon_025,1,6,4.2482246848893785,4.921621274316684,6.422433064596546,3.040313249653168,True
Algoritmos y Programación,2425-2,anon_025,1,8,4.2482246848893785,4.921621274316684,6.422433064596546,3.040313249653168,True
Algoritmos y Programación,2425-2,anon_026,1,4,4.2482246848893785,4.921621274316684,6.422433064596546,3.040313249653168,True
Algoritmos y Programación,2425-2,anon_026,1,6,4.2482246848893785,4.921621274316684,6.422433064596546,3.040313249653168,True
Algoritmos y Programación,2425-2,anon_026,1,8,4.2482246848893785,4.921621274316684,6.422433064596546,3.040313249653168,True
Algoritmos y Programación,2425-2,anon_027,1,4,4.397114995815428,4.787173924697115,7.791775851510326,7.270323387529033,True
Algoritmos y Programación,2425-2,anon_027,1,6,4.397114995815428,1.5203322918030944,8.821394920211015,0.0,True
Algoritmos y Programación,2425-2,anon_027,1,8,4.787173924697115,1.5203322918030944,1.093291650493585,2.8583980391790007,False
Algoritmos y Programación,2425-2,anon_028,1,4,6.8742855177501845,3.575363768077146,4.864338510038371,8.821394920211015,True
Algoritmos y Programación,2425-2,anon_028,1,6,4.2482246848893785,7.477683647293395,10.40630580370596,6.282030954772377,True
Algoritmos y Programación,2425-2,anon_028,1,8,6.8742855177501845,4.921621274316684,3.4827036231916244,3.8249415296458267,False
Algoritmos y Programación,2425-2,anon_029,1,4,4.2482246848893785,4.921621274316684,6.422433064596546,3.040313249653168,True
Algoritmos y Programación,2425-2,anon_029,1,6,4.2482246848893785,4.921621274316684,6.422433064596546,3.040313249653168,True
Algoritmos y Programación,2425-2,anon_029,1,8,4.2482246848893785,4.921621274316684,6.422433064596546,3.040313249653168,True
Algoritmos y Programación,2425-2,anon_030,1,4,6.8742855177501845,3.575363768077146,4.864338510038371,8.821394920211015,True
Algoritmos y Programación,2425-2,anon_030,1,6,4.2482246848893785,7.477683647293395,10.40630580370596,6.282030954772377,True
Algoritmos y Programación,2425-2,anon_030,1,8,6.628772371804118,3.575363768077146,8.821394920211015,3.2683677846654238,True
Algoritmos y Programación,2425-2,anon_031,2,4,4.787173924697115,4.787173924697115,6.422433064596546,7.667845195350237,True
Algoritmos y Programación,2425-2,anon_031,2,6,4.787173924697115,4.787173924697115,6.422433064596546,7.667845195350237,True
Algoritmos y Programación,2425-2,anon_031,2,8,4.787173924697115,4.787173924697115,6.422433064596546,7.667845195350237,True
Algoritmos y Programación,2425-2,anon_032,2,4,4.2482246848893785,4.921621274316684,6.422433064596546,3.040313249653168,True
Algoritmos y Programación,2425-2,anon_032,2,6,4.2482246848893785,4.921621274316684,6.422433064596546,3.040313249653168,True
Algoritmos y Programación,2425-2,anon_032,2,8,4.2482246848893785,4.921621274316684,6.422433064596546,3.040313249653168,True
Algoritmos y Programación,2425-2,anon_033,2,4,0.0,0.0,8.836656849138715,0.0,True
Algoritmos y Programación,2425-2,anon_033,2,6,0.0,4.864338510038371,3.4827036231916244,0.0,False
Algoritmos y Programación,2425-2,anon_033,2,8,0.0,8.821394920211015,5.84730165596231,0.0,False
Algoritmos y Programación,2425-2,anon_034,2,4,4.787173924697115,1.5203322918030944,10.40630580370596,4.3935406835167,True
Algoritmos y Programación,2425-2,anon_034,2,6,4.787173924697115,4.787173924697115,6.422433064596546,7.667845195350237,True
Algoritmos y Programación,2425-2,anon_034,2,8,4.787173924697115,4.787173924697115,6.422433064596546,7.667845195350237,True
Algoritmos y Programación,2425-2,anon_035,2,4,2.2033489548965353,4.921621274316684,4.864338510038371,2.4409276343311515,False
Algoritmos y Programación,2425-2,anon_035,2,6,4.2482246848893785,4.921621274316684,6.422433064596546,3.040313249653168,True
Algoritmos y Programación,2425-2,anon_035,2,8,4.2482246848893785,4.921621274316684,6.422433064596546,3.040313249653168,True
Algoritmos y Programación,2425-2,anon_036,2,4,0.0,5.797496963265391,4.864338510038371,1.5203322918030944,False
Algoritmos y Programación,2425-2,anon_036,2,6,5.797496963265391,5.797496963265391,6.422433064596546,5.797496963265391,True
Algoritmos y Programación,2425-2,anon_036,2,8,5.797496963265391,0.0,1.093291650493585,0.0,False
Algoritmos y Programación,2425-2,anon_037,2,4,4.2482246848893785,4.921621274316684,6.422433064596546,3.040313249653168,True
Algoritmos y Programación,2425-2,anon_037,2,6,4.2482246848893785,4.921621274316684,6.422433064596546,3.040313249653168,True
Algoritmos y Programación,2425-2,anon_037,2,8,4.2482246848893785,4.921621274316684,6.422433064596546,3.040313249653168,True
Algoritmos y Programación,2425-2,anon_038,2,4,5.797496963265391,0.0,10.40630580370596,1.5203322918030944,True
Algoritmos y Programación,2425-2,anon_038,2,6,5.797496963265391,5.797496963265391,6.422433064596546,5.797496963265391,True
Algoritmos y Programación,2425-2,anon_038,2,8,5.797496963265391,5.797496963265391,6.422433064596546,5.797496963265391,True
Algoritmos y Programación,2425-2,anon_039,2,4,0.0,1.5203322918030944,4.759276875574516,0.0,True
Algoritmos y Programación,2425-2,anon_039,2,6,4.787173924697115,0.0,1.7774586937563344,0.0,False
Algoritmos y Programación,2425-2,anon_039,2,8,0.0,4.787173924697115,4.864338510038371,2.8583980391790007,True
Algoritmos y Programación,2425-2,anon_040,2,4,0.0,0.0,6.422433064596546,5.17728907371086,True
Algoritmos y Programación,2425-2,anon_040,2,6,0.0,0.0,6.422433064596546,5.17728907371086,True
Algoritmos y Programación,2425-2,anon_040,2,8,0.0,0.0,6.422433064596546,5.17728907371086,True
Algoritmos y Programación,2425-2,anon_041,2,4,4.787173924697115,4.787173924697115,6.422433064596546,7.667845195350237,True
Algoritmos y Programación,2425-2,anon_041,2,6,4.787173924697115,4.787173924697115,6.422433064596546,7.667845195350237,True
Algoritmos y Programación,2425-2,anon_041,2,8,4.787173924697115,4.787173924697115,6.422433064596546,7.667845195350237,True
Algoritmos y Programación,2425-2,anon_042,2,4,4.787173924697115,1.5203322918030944,10.40630580370596,4.3935406835167,True
Algoritmos y Programación,2425-2,anon_042,2,6,4.397114995815428,4.787173924697115,7.791775851510326,7.270323387529033,True
Algoritmos y Programación,2425-2,anon_042,2,8,1.5203322918030944,1.5203322918030944,5.84730165596231,0.0,True
Algoritmos y Programación,2425-2,anon_043,2,4,0.0,0.0,8.775923812374876,0.0,True
Algoritmos y Programación,2425-2,anon_043,2,6,4.787173924697115,1.5203322918030944,10.40630580370596,4.3935406835167,True
Algoritmos y Programación,2425-2,anon_043,2,8,0.0,4.787173924697115,4.864338510038371,2.8583980391790007,True
Algoritmos y Programación,2425-2,anon_044,2,4,1.5203322918030944,0.0,4.864338510038371,0.0,True
Algoritmos y Programación,2425-2,anon_044,2,6,4.787173924697115,4.787173924697115,6.422433064596546,7.667845195350237,True
Algoritmos y Programación,2425-2,anon_044,2,8,0.0,0.0,8.775923812374876,0.0,True
Algoritmos y Programación,2425-2,anon_045,2,4,8.821394920211015,4.864338510038371,7.791775851510326,3.394660855694898,False
Algoritmos y Programación,2425-2,anon_045,2,6,0.0,4.864338510038371,3.4827036231916244,0.0,False
Algoritmos y Programación,2425-2,anon_045,2,8,8.821394920211015,8.821394920211015,8.821394920211015,8.821394920211015,False
Algoritmos y Programación,2425-2,anon_046,2,4,4.787173924697115,4.787173924697115,6.422433064596546,7.667845195350237,True
Algoritmos y Programación,2425-2,anon_046,2,6,4.787173924697115,4.787173924697115,6.422433064596546,7.667845195350237,True
Algoritmos y Programación,2425-2,anon_046,2,8,4.787173924697115,4.787173924697115,6.422433064596546,7.667845195350237,True
Algoritmos y Programación,2425-2,anon_047,2,4,2.2033489548965353,4.921621274316684,4.864338510038371,2.4409276343311515,False
Algoritmos y Programación,2425-2,anon_047,2,6,4.2482246848893785,4.921621274316684,6.422433064596546,3.040313249653168,True
Algoritmos y Programación,2425-2,anon_047,2,8,4.2482246848893785,4.921621274316684,6.422433064596546,3.040313249653168,True
Algoritmos y Programación,2425-2,anon_048,2,4,4.397114995815428,4.787173924697115,7.791775851510326,7.270323387529033,True
Algoritmos y Programación,2425-2,anon_048,2,6,4.787173924697115,1.5203322918030944,10.40630580370596,4.3935406835167,True
Algoritmos y Programación,2425-2,anon_048,2,8,4.787173924697115,1.5203322918030944,10.40630580370596,4.3935406835167,True
Algoritmos y Programación,2425-2,anon_049,2,4,4.787173924697115,4.787173924697115,6.422433064596546,7.667845195350237,True
Algoritmos y Programación,2425-2,anon_049,2,6,4.397114995815428,4.787173924697115,7.791775851510326,7.270323387529033,True
Algoritmos y Programación,2425-2,anon_049,2,8,4.787173924697115,4.787173924697115,6.422433064596546,7.667845195350237,True
Algoritmos y Programación,2425-2,anon_050,2,4,4.787173924697115,1.5203322918030944,10.40630580370596,4.3935406835167,True
Algoritmos y Programación,2425-2,anon_050,2,6,4.787173924697115,4.787173924697115,6.422433064596546,7.667845195350237,True
Algoritmos y Programación,2425-2,anon_050,2,8,4.787173924697115,4.787173924697115,6.422433064596546,7.667845195350237,True
Algoritmos y Programación,2425-2,anon_051,2,4,4.787173924697115,4.787173924697115,6.422433064596546,7.667845195350237,True
Algoritmos y Programación,2425-2,anon_051,2,6,4.787173924697115,4.787173924697115,6.422433064596546,7.667845195350237,True
Algoritmos y Programación,2425-2,anon_051,2,8,4.787173924697115,4.787173924697115,6.422433064596546,7.667845195350237,True
Algoritmos y Programación,2425-2,anon_052,2,4,6.628772371804118,7.7433651986451295,6.384670801841465,8.775923812374876,True
Algoritmos y Programación,2425-2,anon_052,2,6,6.628772371804118,3.575363768077146,8.821394920211015,3.2683677846654238,True
Algoritmos y Programación,2425-2,anon_052,2,8,6.628772371804118,3.575363768077146,8.821394920211015,3.2683677846654238,True
Algoritmos y Programación,2425-2,anon_053,2,4,4.2482246848893785,4.921621274316684,6.422433064596546,3.040313249653168,True
Algoritmos y Programación,2425-2,anon_053,2,6,4.2482246848893785,4.921621274316684,6.422433064596546,3.040313249653168,True
Algoritmos y Programación,2425-2,anon_053,2,8,2.2033489548965353,4.921621274316684,4.864338510038371,2.4409276343311515,False
Algoritmos y Programación,2425-2,anon_054,2,4,4.2482246848893785,4.921621274316684,6.422433064596546,3.040313249653168,True
Algoritmos y Programación,2425-2,anon_054,2,6,4.2482246848893785,4.921621274316684,6.422433064596546,3.040313249653168,True
Algoritmos y Programación,2425-2,anon_054,2,8,4.2482246848893785,7.477683647293395,10.40630580370596,6.282030954772377,True
Algoritmos y Programación,2425-2,anon_055,2,4,2.2033489548965353,4.921621274316684,4.864338510038371,2.4409276343311515,False
Algoritmos y Programación,2425-2,anon_055,2,6,4.2482246848893785,3.575363768077146,1.7774586937563344,2.8732083917136055,False
Algoritmos y Programación,2425-2,anon_055,2,8,2.2033489548965353,4.921621274316684,4.864338510038371,2.4409276343311515,False
Algoritmos y Programación,2425-2,anon_056,2,4,4.787173924697115,4.787173924697115,6.422433064596546,7.667845195350237,True
Algoritmos y Programación,2425-2,anon_056,2,6,4.787173924697115,4.787173924697115,6.422433064596546,7.667845195350237,True
Algoritmos y Programación,2425-2,anon_056,2,8,4.787173924697115,4.787173924697115,6.422433064596546,7.667845195350237,True
Algoritmos y Programación,2425-2,anon_057,2,4,0.0,0.0,2.8732083917136055,0.0,True
Algoritmos y Programación,2425-2,anon_057,2,6,0.0,0.0,4.864338510038371,0.0,True
Algoritmos y Programación,2425-2,anon_057,2,8,0.0,0.0,3.4827036231916244,0.0,True
Algoritmos y Programación,2425-2,anon_058,2,4,4.787173924697115,4.787173924697115,6.422433064596546,7.667845195350237,True
Algoritmos y Programación,2425-2,anon_058,2,6,4.787173924697115,4.787173924697115,6.422433064596546,7.667845195350237,True
Algoritmos y Programación,2425-2,anon_058,2,8,4.787173924697115,4.787173924697115,6.422433064596546,7.667845195350237,True
Algoritmos y Programación,2425-2,anon_059,2,4,0.0,0.0,1.7774586937563344,0.0,True
Algoritmos y Programación,2425-2,anon_059,2,6,0.0,0.0,6.422433064596546,5.17728907371086,True
Algoritmos y Programación,2425-2,anon_059,2,8,0.0,0.0,7.791775851510326,4.404722461206112,True
Algoritmos y Programación,2425-2,anon_060,2,4,4.397114995815428,4.787173924697115,7.791775851510326,7.270323387529033,True
Algoritmos y Programación,2425-2,anon_060,2,6,4.787173924697115,4.787173924697115,6.422433064596546,7.667845195350237,True
Algoritmos y Programación,2425-2,anon_060,2,8,4.397114995815428,4.787173924697115,7.791775851510326,7.270323387529033,True
Algoritmos y Programación,2526-1,anon_061,1,4,0.0,0.0,0.0,5.335181669938859,True
Algoritmos y Programación,2526-1,anon_061,1,6,0.0,0.0,0.0,2.2432152989507728,True
Algoritmos y Programación,2526-1,anon_061,1,8,0.0,0.0,0.0,11.743301155200385,True
Algoritmos y Programación,2526-1,anon_062,1,4,0.0,0.0,0.0,9.373225370606654,True
Algoritmos y Programación,2526-1,anon_062,1,6,0.0,8.881784197001252e-16,0.0,0.45566768600692775,True
Algoritmos y Programación,2526-1,anon_062,1,8,0.0,0.0,0.0,3.697789921003829,True
Algoritmos y Programación,2526-1,anon_063,1,4,0.0,8.881784197001252e-16,,8.00753456991242,True
Algoritmos y Programación,2526-1,anon_063,1,6,0.0,0.0,,1.0016174380716976,True
Algoritmos y Programación,2526-1,anon_063,1,8,0.0,8.881784197001252e-16,,8.00753456991242,True
Algoritmos y Programación,2526-1,anon_064,1,4,0.0,0.0,0.0,3.697789921003829,True
Algoritmos y Programación,2526-1,anon_064,1,6,0.0,0.0,0.0,3.697789921003829,True
Algoritmos y Programación,2526-1,anon_064,1,8,0.0,0.0,0.0,3.697789921003829,True
Algoritmos y Programación,2526-1,anon_065,1,4,0.0,0.0,,1.0016174380716976,True
Algoritmos y Programación,2526-1,anon_065,1,6,0.0,0.0,,3.5668598807769776,True
Algoritmos y Programación,2526-1,anon_065,1,8,0.0,8.881784197001252e-16,,3.672155885358592,True
Algoritmos y Programación,2526-1,anon_066,1,4,0.0,0.0,0.0,3.697789921003829,True
Algoritmos y Programación,2526-1,anon_066,1,6,0.0,0.0,0.0,3.697789921003829,True
Algoritmos y Programación,2526-1,anon_066,1,8,0.0,0.0,0.0,3.697789921003829,True
Algoritmos y Programación,2526-1,anon_067,1,4,0.0,8.881784197001252e-16,0.0,0.45566768600692775,True
Algoritmos y Programación,2526-1,anon_067,1,6,0.0,0.0,0.0,1.2772073659872314,True
Algoritmos y Programación,2526-1,anon_067,1,8,0.0,0.0,0.0,7.600678492007324,True
Algoritmos y Programación,2526-1,anon_068,1,4,0.0,0.0,0.0,3.292378228607068,True
Algoritmos y Programación,2526-1,anon_068,1,6,0.0,0.0,0.0,3.292378228607068,True
Algoritmos y Programación,2526-1,anon_068,1,8,0.0,0.0,0.0,3.292378228607068,True
Algoritmos y Programación,2526-1,anon_069,1,4,0.0,0.0,0.0,9.026421617414085,True
Algoritmos y Programación,2526-1,anon_069,1,6,0.0,0.0,0.0,3.697789921003829,True
Algoritmos y Programación,2526-1,anon_069,1,8,0.0,8.881784197001252e-16,0.0,3.658148183738021,True
Algoritmos y Programación,2526-1,anon_070,1,4,0.0,0.0,0.0,3.348190945650982,True
Algoritmos y Programación,2526-1,anon_070,1,6,0.0,0.0,0.0,3.697789921003829,True
Algoritmos y Programación,2526-1,anon_070,1,8,0.0,0.0,0.0,3.697789921003829,True
Algoritmos y Programación,2526-1,anon_071,1,4,0.0,0.0,0.0,3.697789921003829,True
Algoritmos y Programación,2526-1,anon_071,1,6,0.0,0.0,0.0,3.697789921003829,True
Algoritmos y Programación,2526-1,anon_071,1,8,0.0,0.0,0.0,3.697789921003829,True
Algoritmos y Programación,2526-1,anon_072,1,4,0.0,0.0,0.0,5.142891525893299,True
Algoritmos y Programación,2526-1,anon_072,1,6,0.0,0.0,0.0,5.142891525893299,True
Algoritmos y Programación,2526-1,anon_072,1,8,0.0,0.0,0.0,5.142891525893299,True
Algoritmos y Programación,2526-1,anon_073,1,4,0.0,0.0,0.0,3.697789921003829,True
Algoritmos y Programación,2526-1,anon_073,1,6,0.0,0.0,0.0,3.697789921003829,True
Algoritmos y Programación,2526-1,anon_073,1,8,0.0,0.0,0.0,3.697789921003829,True
Algoritmos y Programación,2526-1,anon_074,1,4,0.0,0.0,0.0,3.697789921003829,True
Algoritmos y Programación,2526-1,anon_074,1,6,0.0,0.0,0.0,3.697789921003829,True
Algoritmos y Programación,2526-1,anon_074,1,8,0.0,0.0,0.0,2.8057263079763324,True
Algoritmos y Programación,2526-1,anon_075,1,4,0.0,0.0,0.0,3.292378228607068,True
Algoritmos y Programación,2526-1,anon_075,1,6,0.0,0.0,0.0,3.292378228607068,True
Algoritmos y Programación,2526-1,anon_075,1,8,0.0,0.0,0.0,3.292378228607068,True
Algoritmos y Programación,2526-1,anon_076,1,4,0.0,0.0,0.0,2.10638629451285,True
Algoritmos y Programación,2526-1,anon_076,1,6,0.0,0.0,0.0,5.142891525893299,True
Algoritmos y Programación,2526-1,anon_076,1,8,0.0,0.0,0.0,5.142891525893299,True
Algoritmos y Programación,2526-1,anon_077,1,4,0.0,0.0,0.0,3.697789921003829,True
Algoritmos y Programación,2526-1,anon_077,1,6,0.0,0.0,0.0,3.697789921003829,True
Algoritmos y Programación,2526-1,anon_077,1,8,0.0,0.0,0.0,3.697789921003829,True
Algoritmos y Programación,2526-1,anon_078,1,4,0.0,0.0,0.0,3.697789921003829,True
Algoritmos y Programación,2526-1,anon_078,1,6,0.0,0.0,0.0,3.697789921003829,True
Algoritmos y Programación,2526-1,anon_078,1,8,0.0,0.0,0.0,3.697789921003829,True
Algoritmos y Programación,2526-1,anon_079,1,4,0.0,0.0,0.0,3.292378228607068,True
Algoritmos y Programación,2526-1,anon_079,1,6,0.0,0.0,0.0,3.292378228607068,True
Algoritmos y Programación,2526-1,anon_079,1,8,0.0,0.0,0.0,3.292378228607068,True
Algoritmos y Programación,2526-1,anon_080,1,4,0.0,0.0,0.0,3.375778690534677,True
Algoritmos y Programación,2526-1,anon_080,1,6,0.0,0.0,0.0,3.697789921003829,True
Algoritmos y Programación,2526-1,anon_080,1,8,0.0,0.0,0.0,3.697789921003829,True
Algoritmos y Programación,2526-1,anon_081,1,4,0.0,0.0,0.0,3.697789921003829,True
Algoritmos y Programación,2526-1,anon_081,1,6,0.0,0.0,0.0,3.697789921003829,True
Algoritmos y Programación,2526-1,anon_081,1,8,0.0,0.0,0.0,3.697789921003829,True
Algoritmos y Programación,2526-1,anon_082,1,4,0.0,0.0,0.0,3.292378228607068,True
Algoritmos y Programación,2526-1,anon_082,1,6,0.0,0.0,0.0,3.292378228607068,True
Algoritmos y Programación,2526-1,anon_082,1,8,0.0,0.0,0.0,3.292378228607068,True
Algoritmos y Programación,2526-1,anon_083,1,4,0.0,0.0,0.0,2.2339851305368548,True
Algoritmos y Programación,2526-1,anon_083,1,6,0.0,0.0,0.0,4.014578989618472,True
Algoritmos y Programación,2526-1,anon_083,1,8,0.0,0.0,0.0,0.19514532730115608,True
Algoritmos y Programación,2526-1,anon_084,1,4,0.0,0.0,0.0,3.697789921003829,True
Algoritmos y Programación,2526-1,anon_084,1,6,0.0,0.0,0.0,3.697789921003829,True
Algoritmos y Programación,2526-1,anon_084,1,8,0.0,0.0,0.0,3.697789921003829,True
Algoritmos y Programación,2526-1,anon_085,1,4,0.0,0.0,0.0,5.142891525893299,True
Algoritmos y Programación,2526-1,anon_085,1,6,0.0,0.0,0.0,5.142891525893299,True
Algoritmos y Programación,2526-1,anon_085,1,8,0.0,0.0,0.0,5.142891525893299,True
Algoritmos y Programación,2526-1,anon_086,1,4,0.0,0.0,0.0,3.697789921003829,True
Algoritmos y Programación,2526-1,anon_086,1,6,0.0,0.0,0.0,3.697789921003829,True
Algoritmos y Programación,2526-1,anon_086,1,8,0.0,0.0,0.0,3.697789921003829,True
Algoritmos y Programación,2526-1,anon_087,1,4,0.0,0.0,0.0,3.697789921003829,True
Algoritmos y Programación,2526-1,anon_087,1,6,0.0,0.0,0.0,3.697789921003829,True
Algoritmos y Programación,2526-1,anon_087,1,8,0.0,0.0,0.0,3.697789921003829,True
Algoritmos y Programación,2526-2,anon_088,1,4,8.7279012904059,9.373350030118385,6.056495169314929,3.4510499128675276,False
Algoritmos y Programación,2526-2,anon_088,1,6,8.7279012904059,9.373350030118385,6.056495169314929,3.4510499128675276,False
Algoritmos y Programación,2526-2,anon_088,1,8,8.7279012904059,9.373350030118385,6.056495169314929,3.4510499128675276,False
Algoritmos y Programación,2526-2,anon_089,1,4,7.501685800991957,9.373350030118385,6.884866144600255,3.5720667754965865,False
Algoritmos y Programación,2526-2,anon_089,1,6,8.7279012904059,9.373350030118385,6.056495169314929,3.4510499128675276,False
Algoritmos y Programación,2526-2,anon_089,1,8,8.7279012904059,9.373350030118385,6.056495169314929,3.4510499128675276,False
Algoritmos y Programación,2526-2,anon_090,1,4,8.7279012904059,9.373350030118385,6.056495169314929,3.4510499128675276,False
Algoritmos y Programación,2526-2,anon_090,1,6,8.7279012904059,9.373350030118385,6.056495169314929,3.4510499128675276,False
Algoritmos y Programación,2526-2,anon_090,1,8,8.7279012904059,9.373350030118385,6.056495169314929,3.4510499128675276,False
Algoritmos y Programación,2526-2,anon_091,1,4,7.501685800991957,5.435548962630515,11.078979924036897,10.29769428774851,True
Algoritmos y Programación,2526-2,anon_091,1,6,9.255602756815737,5.435548962630515,11.136383965094083,11.078979924036897,True
Algoritmos y Programación,2526-2,anon_091,1,8,8.7279012904059,9.373350030118385,6.056495169314929,3.4510499128675276,False
Algoritmos y Programación,2526-2,anon_092,1,4,8.7279012904059,9.373350030118385,6.056495169314929,3.4510499128675276,False
Algoritmos y Programación,2526-2,anon_092,1,6,8.7279012904059,9.373350030118385,6.056495169314929,3.4510499128675276,False
Algoritmos y Programación,2526-2,anon_092,1,8,8.7279012904059,9.373350030118385,6.056495169314929,3.4510499128675276,False
Algoritmos y Programación,2526-2,anon_093,1,4,9.255602756815737,9.373350030118385,9.317464649133777,0.9694136180539203,False
Algoritmos y Programación,2526-2,anon_093,1,6,8.7279012904059,9.373350030118385,6.056495169314929,3.4510499128675276,False
Algoritmos y Programación,2526-2,anon_093,1,8,8.7279012904059,9.373350030118385,6.056495169314929,3.4510499128675276,False
Algoritmos y Programación,2526-2,anon_094,1,4,4.79010022291803,9.373350030118385,4.418844472433152,6.392637057327332,False
Algoritmos y Programación,2526-2,anon_094,1,6,8.7279012904059,9.373350030118385,6.056495169314929,3.4510499128675276,False
Algoritmos y Programación,2526-2,anon_094,1,8,8.7279012904059,9.373350030118385,6.056495169314929,3.4510499128675276,False
Algoritmos y Programación,2526-2,anon_095,1,4,8.7279012904059,9.373350030118385,6.056495169314929,3.4510499128675276,False
Algoritmos y Programación,2526-2,anon_095,1,6,8.7279012904059,9.373350030118385,6.056495169314929,3.4510499128675276,False
Algoritmos y Programación,2526-2,anon_095,1,8,8.7279012904059,9.373350030118385,6.056495169314929,3.4510499128675276,False
Algoritmos y Programación,2526-2,anon_096,1,4,7.985862155965287,7.116773021328576,6.056495169314929,5.776702894174446,False
Algoritmos y Programación,2526-2,anon_096,1,6,7.985862155965287,7.116773021328576,6.056495169314929,5.776702894174446,False
Algoritmos y Programación,2526-2,anon_096,1,8,7.985862155965287,7.116773021328576,6.056495169314929,5.776702894174446,False
Algoritmos y Programación,2526-2,anon_097,1,4,8.7279012904059,9.373350030118385,6.056495169314929,3.4510499128675276,False
Algoritmos y Programación,2526-2,anon_097,1,6,8.7279012904059,9.373350030118385,6.056495169314929,3.4510499128675276,False
Algoritmos y Programación,2526-2,anon_097,1,8,8.7279012904059,9.373350030118385,6.056495169314929,3.4510499128675276,False
Algoritmos y Programación,2526-2,anon_098,1,4,8.7279012904059,9.373350030118385,6.056495169314929,3.4510499128675276,False
Algoritmos y Programación,2526-2,anon_098,1,6,8.7279012904059,9.373350030118385,6.056495169314929,3.4510499128675276,False
Algoritmos y Programación,2526-2,anon_098,1,8,8.7279012904059,9.373350030118385,6.056495169314929,3.4510499128675276,False
Algoritmos y Programación,2526-2,anon_099,1,4,7.137745565773308,7.125773195876288,6.056495169314929,4.89794142123531,False
Algoritmos y Programación,2526-2,anon_099,1,6,7.137745565773308,7.125773195876288,6.056495169314929,4.89794142123531,False
Algoritmos y Programación,2526-2,anon_099,1,8,7.137745565773308,7.125773195876288,6.056495169314929,4.89794142123531,False
Algoritmos y Programación,2526-2,anon_100,1,4,8.7279012904059,9.373350030118385,6.056495169314929,3.4510499128675276,False
Algoritmos y Programación,2526-2,anon_100,1,6,8.7279012904059,9.373350030118385,6.056495169314929,3.4510499128675276,False
Algoritmos y Programación,2526-2,anon_100,1,8,8.7279012904059,9.373350030118385,6.056495169314929,3.4510499128675276,False
Algoritmos y Programación,2526-2,anon_101,1,4,7.985862155965287,7.116773021328576,6.056495169314929,5.776702894174446,False
Algoritmos y Programación,2526-2,anon_101,1,6,7.985862155965287,7.116773021328576,6.056495169314929,5.776702894174446,False
Algoritmos y Programación,2526-2,anon_101,1,8,7.985862155965287,7.116773021328576,6.056495169314929,5.776702894174446,False
Algoritmos y Programación,2526-2,anon_102,1,4,8.7279012904059,7.501685800991957,11.54461766830944,5.55491744960321,True
Algoritmos y Programación,2526-2,anon_102,1,6,8.7279012904059,9.373350030118385,6.056495169314929,3.4510499128675276,False
Algoritmos y Programación,2526-2,anon_102,1,8,8.7279012904059,9.373350030118385,6.056495169314929,3.4510499128675276,False
Algoritmos y Programación,2526-2,anon_103,1,4,7.985862155965287,7.116773021328576,6.056495169314929,5.776702894174446,False
Algoritmos y Programación,2526-2,anon_103,1,6,7.985862155965287,7.116773021328576,6.056495169314929,5.776702894174446,False
Algoritmos y Programación,2526-2,anon_103,1,8,7.985862155965287,7.116773021328576,6.056495169314929,5.776702894174446,False
Algoritmos y Programación,2526-2,anon_104,1,4,7.137745565773308,7.125773195876288,6.056495169314929,4.89794142123531,False
Algoritmos y Programación,2526-2,anon_104,1,6,7.137745565773308,7.125773195876288,6.056495169314929,4.89794142123531,False
Algoritmos y Programación,2526-2,anon_104,1,8,7.137745565773308,7.125773195876288,6.056495169314929,4.89794142123531,False
Algoritmos y Programación,2526-2,anon_105,1,4,4.79010022291803,9.373350030118385,4.418844472433152,6.392637057327332,False
Algoritmos y Programación,2526-2,anon_105,1,6,8.7279012904059,9.373350030118385,6.056495169314929,3.4510499128675276,False
Algoritmos y Programación,2526-2,anon_105,1,8,8.7279012904059,9.373350030118385,6.056495169314929,3.4510499128675276,False
Algoritmos y Programación,2526-2,anon_106,1,4,8.7279012904059,9.373350030118385,6.056495169314929,3.4510499128675276,False
Algoritmos y Programación,2526-2,anon_106,1,6,8.7279012904059,9.373350030118385,6.056495169314929,3.4510499128675276,False
Algoritmos y Programación,2526-2,anon_106,1,8,8.7279012904059,9.373350030118385,6.056495169314929,3.4510499128675276,False
Algoritmos y Programación,2526-2,anon_107,1,4,11.13498772838833,6.598552112735915,11.136383965094083,11.136383965094083,True
Algoritmos y Programación,2526-2,anon_107,1,6,7.985862155965287,7.116773021328576,6.056495169314929,5.776702894174446,False
Algoritmos y Programación,2526-2,anon_107,1,8,7.985862155965287,7.116773021328576,6.056495169314929,5.776702894174446,False
Algoritmos y Programación,2526-2,anon_108,1,4,8.7279012904059,9.373350030118385,6.056495169314929,3.4510499128675276,False
Algoritmos y Programación,2526-2,anon_108,1,6,8.7279012904059,9.373350030118385,6.056495169314929,3.4510499128675276,False
Algoritmos y Programación,2526-2,anon_108,1,8,8.7279012904059,9.373350030118385,6.056495169314929,3.4510499128675276,False
Algoritmos y Programación,2526-2,anon_109,1,4,8.7279012904059,5.435548962630515,4.418844472433152,5.747188317614847,False
Algoritmos y Programación,2526-2,anon_109,1,6,8.7279012904059,7.501685800991957,11.54461766830944,5.55491744960321,True
Algoritmos y Programación,2526-2,anon_109,1,8,8.7279012904059,9.373350030118385,6.056495169314929,3.4510499128675276,False
Algoritmos y Programación,2526-2,anon_110,1,4,8.7279012904059,9.373350030118385,6.056495169314929,3.4510499128675276,False
Algoritmos y Programación,2526-2,anon_110,1,6,9.255602756815737,9.373350030118385,9.317464649133777,0.9694136180539203,False
Algoritmos y Programación,2526-2,anon_110,1,8,8.7279012904059,9.373350030118385,6.056495169314929,3.4510499128675276,False
Algoritmos y Programación,2526-2,anon_111,1,4,8.7279012904059,7.501685800991957,11.54461766830944,5.55491744960321,True
Algoritmos y Programación,2526-2,anon_111,1,6,8.7279012904059,9.373350030118385,6.056495169314929,3.4510499128675276,False
Algoritmos y Programación,2526-2,anon_111,1,8,8.7279012904059,9.373350030118385,6.056495169314929,3.4510499128675276,False
Algoritmos y Programación,2526-2,anon_112,1,4,8.7279012904059,9.373350030118385,6.056495169314929,3.4510499128675276,False
Algoritmos y Programación,2526-2,anon_112,1,6,8.7279012904059,9.373350030118385,6.056495169314929,3.4510499128675276,False
Algoritmos y Programación,2526-2,anon_112,1,8,8.7279012904059,9.373350030118385,6.056495169314929,3.4510499128675276,False
Algoritmos y Programación,2526-2,anon_113,1,4,7.985862155965287,7.116773021328576,6.056495169314929,5.776702894174446,False
Algoritmos y Programación,2526-2,anon_113,1,6,7.985862155965287,7.116773021328576,6.056495169314929,5.776702894174446,False
Algoritmos y Programación,2526-2,anon_113,1,8,7.985862155965287,7.116773021328576,6.056495169314929,5.776702894174446,False
Algoritmos y Programación,2526-2,anon_114,1,4,4.79010022291803,9.373350030118385,4.418844472433152,6.392637057327332,False
Algoritmos y Programación,2526-2,anon_114,1,6,8.7279012904059,9.373350030118385,6.056495169314929,3.4510499128675276,False
Algoritmos y Programación,2526-2,anon_114,1,8,8.7279012904059,9.373350030118385,6.056495169314929,3.4510499128675276,False
Algoritmos y Programación,2526-2,anon_115,1,4,8.7279012904059,9.373350030118385,6.056495169314929,3.4510499128675276,False
Algoritmos y Programación,2526-2,anon_115,1,6,8.7279012904059,9.373350030118385,6.056495169314929,3.4510499128675276,False
Algoritmos y Programación,2526-2,anon_115,1,8,8.7279012904059,9.373350030118385,6.056495169314929,3.4510499128675276,False
Algoritmos y Programación,2526-2,anon_116,1,4,8.7279012904059,9.373350030118385,6.056495169314929,3.4510499128675276,False
Algoritmos y Programación,2526-2,anon_116,1,6,8.7279012904059,9.373350030118385,6.056495169314929,3.4510499128675276,False
Algoritmos y Programación,2526-2,anon_116,1,8,8.7279012904059,9.373350030118385,6.056495169314929,3.4510499128675276,False
Algoritmos y Programación,2526-2,anon_117,1,4,8.7279012904059,9.373350030118385,6.056495169314929,3.4510499128675276,False
Algoritmos y Programación,2526-2,anon_117,1,6,8.7279012904059,9.373350030118385,6.056495169314929,3.4510499128675276,False
Algoritmos y Programación,2526-2,anon_117,1,8,8.7279012904059,9.373350030118385,6.056495169314929,3.4510499128675276,False
Algoritmos y Programación,2526-3,anon_118,1,4,9.025559326295859,6.595901395901397,6.3715290355246665,4.741006362058995,False
Algoritmos y Programación,2526-3,anon_118,1,6,9.025559326295859,8.66496463481272,11.545893947861728,4.284552964236864,True
Algoritmos y Programación,2526-3,anon_118,1,8,9.025559326295859,6.595901395901397,6.3715290355246665,4.741006362058995,False
Algoritmos y Programación,2526-3,anon_119,1,4,9.025559326295859,8.66496463481272,11.545893947861728,4.284552964236864,True
Algoritmos y Programación,2526-3,anon_119,1,6,9.025559326295859,8.66496463481272,11.545893947861728,4.284552964236864,True
Algoritmos y Programación,2526-3,anon_119,1,8,9.025559326295859,8.66496463481272,11.545893947861728,4.284552964236864,True
Algoritmos y Programación,2526-3,anon_120,1,4,7.383117748433366,7.370591427021162,11.545893947861728,5.001700935717621,True
Algoritmos y Programación,2526-3,anon_120,1,6,7.383117748433366,7.370591427021162,11.545893947861728,5.001700935717621,True
Algoritmos y Programación,2526-3,anon_120,1,8,7.383117748433366,7.370591427021162,11.545893947861728,5.001700935717621,True
Algoritmos y Programación,2526-3,anon_121,1,4,9.025559326295859,8.66496463481272,11.545893947861728,4.284552964236864,True
Algoritmos y Programación,2526-3,anon_121,1,6,9.025559326295859,8.66496463481272,11.545893947861728,4.284552964236864,True
Algoritmos y Programación,2526-3,anon_121,1,8,9.025559326295859,8.66496463481272,11.545893947861728,4.284552964236864,True
Algoritmos y Programación,2526-3,anon_122,1,4,9.025559326295859,8.66496463481272,11.545893947861728,4.284552964236864,True
Algoritmos y Programación,2526-3,anon_122,1,6,9.025559326295859,8.66496463481272,11.545893947861728,4.284552964236864,True
Algoritmos y Programación,2526-3,anon_122,1,8,9.025559326295859,8.66496463481272,11.545893947861728,4.284552964236864,True
Algoritmos y Programación,2526-3,anon_123,1,4,9.025559326295859,8.66496463481272,11.545893947861728,4.284552964236864,True
Algoritmos y Programación,2526-3,anon_123,1,6,9.025559326295859,8.66496463481272,11.545893947861728,4.284552964236864,True
Algoritmos y Programación,2526-3,anon_123,1,8,9.025559326295859,11.000220328460832,7.370591427021162,5.650606585788561,False
Algoritmos y Programación,2526-3,anon_124,1,4,9.025559326295859,8.66496463481272,11.545893947861728,4.284552964236864,True
Algoritmos y Programación,2526-3,anon_124,1,6,9.025559326295859,8.66496463481272,11.545893947861728,4.284552964236864,True
Algoritmos y Programación,2526-3,anon_124,1,8,9.025559326295859,8.66496463481272,11.545893947861728,4.284552964236864,True
Algoritmos y Programación,2526-3,anon_125,1,4,9.025559326295859,8.66496463481272,11.545893947861728,4.284552964236864,True
Algoritmos y Programación,2526-3,anon_125,1,6,9.025559326295859,8.66496463481272,11.545893947861728,4.284552964236864,True
Algoritmos y Programación,2526-3,anon_125,1,8,9.025559326295859,8.66496463481272,11.545893947861728,4.284552964236864,True
Algoritmos y Programación,2526-3,anon_126,1,4,9.025559326295859,8.66496463481272,11.545893947861728,4.284552964236864,True
Algoritmos y Programación,2526-3,anon_126,1,6,9.025559326295859,8.66496463481272,11.545893947861728,4.284552964236864,True
Algoritmos y Programación,2526-3,anon_126,1,8,10.812115204684865,8.66496463481272,10.349624033329142,1.2550520686743605,False
Algoritmos y Programación,2526-3,anon_127,1,4,6.92125181456186,11.000220328460832,11.301663485137714,11.301663485137714,True
Algoritmos y Programación,2526-3,anon_127,1,6,6.92125181456186,8.66496463481272,6.010934344041527,4.380411670575855,False
Algoritmos y Programación,2526-3,anon_127,1,8,9.025559326295859,8.66496463481272,11.545893947861728,4.284552964236864,True
Algoritmos y Programación,2526-3,anon_128,1,4,9.025559326295859,8.66496463481272,11.545893947861728,4.284552964236864,True
Algoritmos y Programación,2526-3,anon_128,1,6,9.025559326295859,8.66496463481272,11.545893947861728,4.284552964236864,True
Algoritmos y Programación,2526-3,anon_128,1,8,9.025559326295859,8.66496463481272,11.545893947861728,4.284552964236864,True
Algoritmos y Programación,2526-3,anon_129,1,4,10.812115204684865,11.000220328460832,6.297387589681801,7.576539268448416,False
Algoritmos y Programación,2526-3,anon_129,1,6,9.025559326295859,8.66496463481272,11.545893947861728,4.284552964236864,True
Algoritmos y Programación,2526-3,anon_129,1,8,9.025559326295859,8.66496463481272,11.545893947861728,4.284552964236864,True
Algoritmos y Programación,2526-3,anon_130,1,4,9.025559326295859,8.66496463481272,11.545893947861728,4.284552964236864,True
Algoritmos y Programación,2526-3,anon_130,1,6,9.025559326295859,8.66496463481272,11.545893947861728,4.284552964236864,True
Algoritmos y Programación,2526-3,anon_130,1,8,9.025559326295859,8.66496463481272,11.545893947861728,4.284552964236864,True
Algoritmos y Programación,2526-3,anon_131,1,4,6.998999647046954,8.66496463481272,4.560162192777408,4.344646243310438,False
Algoritmos y Programación,2526-3,anon_131,1,6,9.025559326295859,8.66496463481272,11.545893947861728,4.284552964236864,True
Algoritmos y Programación,2526-3,anon_131,1,8,9.025559326295859,8.66496463481272,11.545893947861728,4.284552964236864,True
Algoritmos y Programación,2526-3,anon_132,1,4,10.812115204684865,7.955869557457522,11.243407487791641,11.243407487791641,True
Algoritmos y Programación,2526-3,anon_132,1,6,9.025559326295859,8.66496463481272,11.545893947861728,4.284552964236864,True
Algoritmos y Programación,2526-3,anon_132,1,8,9.025559326295859,8.66496463481272,11.545893947861728,4.284552964236864,True
Algoritmos y Programación,2526-3,anon_133,1,4,11.243407487791641,2.417580032555616,8.724389464554706,2.4301063539678207,False
Algoritmos y Programación,2526-3,anon_133,1,6,6.889683480799052,8.825827455236025,7.370591427021162,2.4301063539678207,False
Algoritmos y Programación,2526-3,anon_133,1,8,11.243407487791641,2.417580032555616,8.724389464554706,2.4301063539678207,False
Algoritmos y Programación,2526-3,anon_134,1,4,9.025559326295859,6.595901395901397,6.3715290355246665,4.741006362058995,False
Algoritmos y Programación,2526-3,anon_134,1,6,9.025559326295859,8.66496463481272,11.545893947861728,4.284552964236864,True
Algoritmos y Programación,2526-3,anon_134,1,8,9.025559326295859,11.000220328460832,7.370591427021162,5.650606585788561,False
Algoritmos y Programación,2526-3,anon_135,1,4,6.889683480799052,6.889683480799052,11.545893947861728,6.889683480799052,True
Algoritmos y Programación,2526-3,anon_135,1,6,2.417580032555616,6.889683480799052,6.010934344041527,2.4301063539678207,False
Algoritmos y Programación,2526-3,anon_135,1,8,6.889683480799052,6.889683480799052,11.545893947861728,6.889683480799052,True
Algoritmos y Programación,2526-3,anon_136,1,4,8.459305645659121,7.558117938281105,11.545893947861728,6.235655611482772,True
Algoritmos y Programación,2526-3,anon_136,1,6,8.459305645659121,7.558117938281105,11.545893947861728,6.235655611482772,True
Algoritmos y Programación,2526-3,anon_136,1,8,8.459305645659121,7.558117938281105,11.545893947861728,6.235655611482772,True
Algoritmos y Programación,2526-3,anon_137,1,4,6.92125181456186,8.66496463481272,6.010934344041527,4.380411670575855,False
Algoritmos y Programación,2526-3,anon_137,1,6,9.025559326295859,8.66496463481272,11.545893947861728,4.284552964236864,True
Algoritmos y Programación,2526-3,anon_137,1,8,9.025559326295859,8.66496463481272,11.545893947861728,4.284552964236864,True
Algoritmos y Programación,2526-3,anon_138,1,4,9.025559326295859,8.66496463481272,11.545893947861728,4.284552964236864,True
Algoritmos y Programación,2526-3,anon_138,1,6,9.025559326295859,8.66496463481272,11.545893947861728,4.284552964236864,True
Algoritmos y Programación,2526-3,anon_138,1,8,9.025559326295859,8.66496463481272,11.545893947861728,4.284552964236864,True
Algoritmos y Programación,2526-3,anon_139,1,4,2.417580032555616,8.825827455236025,11.301663485137714,2.417580032555616,True
Algoritmos y Programación,2526-3,anon_139,1,6,6.889683480799052,6.889683480799052,11.545893947861728,6.889683480799052,True
Algoritmos y Programación,2526-3,anon_139,1,8,6.889683480799052,6.889683480799052,11.545893947861728,6.889683480799052,True
Algoritmos y Programación,2526-3,anon_140,1,4,10.812115204684865,11.000220328460832,6.297387589681801,7.576539268448416,False
Algoritmos y Programación,2526-3,anon_140,1,6,9.025559326295859,8.66496463481272,11.545893947861728,4.284552964236864,True
Algoritmos y Programación,2526-3,anon_140,1,8,9.025559326295859,7.955869557457522,4.4483048869971515,5.041470620417989,False
Algoritmos y Programación,2526-3,anon_141,1,4,9.025559326295859,7.955869557457522,4.4483048869971515,5.041470620417989,False
Algoritmos y Programación,2526-3,anon_141,1,6,9.025559326295859,8.66496463481272,11.545893947861728,4.284552964236864,True
Algoritmos y Programación,2526-3,anon_141,1,8,9.025559326295859,6.595901395901397,6.3715290355246665,4.741006362058995,False
Algoritmos y Programación,2526-3,anon_142,1,4,9.025559326295859,8.66496463481272,11.545893947861728,4.284552964236864,True
Algoritmos y Programación,2526-3,anon_142,1,6,9.025559326295859,8.66496463481272,11.545893947861728,4.284552964236864,True
Algoritmos y Programación,2526-3,anon_142,1,8,9.025559326295859,8.66496463481272,11.545893947861728,4.284552964236864,True
Algoritmos y Programación,2526-3,anon_143,1,4,6.998999647046954,6.595901395901397,11.336907757960391,11.336907757960391,True
Algoritmos y Programación,2526-3,anon_143,1,6,9.025559326295859,8.66496463481272,11.545893947861728,4.284552964236864,True
Algoritmos y Programación,2526-3,anon_143,1,8,6.92125181456186,8.66496463481272,6.010934344041527,4.380411670575855,False
Algoritmos y Programación,2526-3,anon_144,1,4,9.025559326295859,8.66496463481272,11.545893947861728,4.284552964236864,True
Algoritmos y Programación,2526-3,anon_144,1,6,9.025559326295859,8.66496463481272,11.545893947861728,4.284552964236864,True
Algoritmos y Programación,2526-3,anon_144,1,8,10.812115204684865,8.66496463481272,10.349624033329142,1.2550520686743605,False
Algoritmos y Programación,2526-3,anon_145,1,4,6.998999647046954,7.955869557457522,11.343645890357392,11.343645890357392,True
Algoritmos y Programación,2526-3,anon_145,1,6,9.025559326295859,6.595901395901397,6.3715290355246665,4.741006362058995,False
Algoritmos y Programación,2526-3,anon_145,1,8,9.025559326295859,11.000220328460832,7.370591427021162,5.650606585788561,False
Algoritmos y Programación,2526-3,anon_146,1,4,9.025559326295859,11.000220328460832,7.370591427021162,5.650606585788561,False
Algoritmos y Programación,2526-3,anon_146,1,6,9.025559326295859,8.66496463481272,11.545893947861728,4.284552964236864,True
Algoritmos y Programación,2526-3,anon_146,1,8,6.92125181456186,8.66496463481272,6.010934344041527,4.380411670575855,False
Algoritmos y Programación,2526-3,anon_147,1,4,9.025559326295859,8.66496463481272,11.545893947861728,4.284552964236864,True
Algoritmos y Programación,2526-3,anon_147,1,6,9.025559326295859,8.66496463481272,11.545893947861728,4.284552964236864,True
Algoritmos y Programación,2526-3,anon_147,1,8,9.025559326295859,7.955869557457522,4.4483048869971515,5.041470620417989,False
Computación Emergente,2425-3,anon_186,2,4,17.058615651787417,14.407608204920562,5.289395257275095,5.289395257275095,False
Computación Emergente,2425-3,anon_186,2,6,17.058615651787417,14.407608204920562,5.289395257275095,5.289395257275095,False
Computación Emergente,2425-3,anon_186,2,8,17.058615651787417,14.407608204920562,5.289395257275095,5.289395257275095,False
Computación Emergente,2425-3,anon_187,2,4,4.882552315840654,8.564438273295416,5.7253329543114235,5.7253329543114235,False
Computación Emergente,2425-3,anon_187,2,6,4.882552315840654,6.5122104476697515,3.9843891081349296,8.279731962105675,True
Computación Emergente,2425-3,anon_187,2,8,4.882552315840654,8.564438273295416,5.7253329543114235,5.7253329543114235,False
Computación Emergente,2425-3,anon_188,2,4,17.058615651787417,14.407608204920562,5.289395257275095,5.289395257275095,False
Computación Emergente,2425-3,anon_188,2,6,17.058615651787417,14.407608204920562,5.289395257275095,5.289395257275095,False
Computación Emergente,2425-3,anon_188,2,8,17.058615651787417,14.407608204920562,5.289395257275095,5.289395257275095,False
Computación Emergente,2425-3,anon_189,2,4,14.375974623315827,16.778891008446482,5.289395257275095,5.745951562180618,False
Computación Emergente,2425-3,anon_189,2,6,14.375974623315827,11.896974730095303,2.9431377383961514,5.079655946537934,False
Computación Emergente,2425-3,anon_189,2,8,8.09881686130599,16.778891008446482,5.7253329543114235,5.633199278771451,False
Computación Emergente,2425-3,anon_190,2,4,17.058615651787417,14.407608204920562,5.289395257275095,5.289395257275095,False
Computación Emergente,2425-3,anon_190,2,6,17.058615651787417,14.407608204920562,5.289395257275095,5.289395257275095,False
Computación Emergente,2425-3,anon_190,2,8,17.058615651787417,14.407608204920562,5.289395257275095,5.289395257275095,False
Computación Emergente,2425-3,anon_191,2,4,17.058615651787417,14.407608204920562,5.289395257275095,5.289395257275095,False
Computación Emergente,2425-3,anon_191,2,6,17.058615651787417,14.407608204920562,5.289395257275095,5.289395257275095,False
Computación Emergente,2425-3,anon_191,2,8,17.058615651787417,14.407608204920562,5.289395257275095,5.289395257275095,False
Computación Emergente,2425-3,anon_192,2,4,17.058615651787417,14.407608204920562,5.289395257275095,5.289395257275095,False
Computación Emergente,2425-3,anon_192,2,6,17.058615651787417,11.669868003396722,2.9431377383961514,3.524870612697809,False
Computación Emergente,2425-3,anon_192,2,8,17.058615651787417,14.407608204920562,5.289395257275095,5.289395257275095,False
Computación Emergente,2425-3,anon_193,2,4,14.375974623315827,16.778891008446482,5.289395257275095,5.745951562180618,False
Computación Emergente,2425-3,anon_193,2,6,14.375974623315827,16.778891008446482,5.289395257275095,5.745951562180618,False
Computación Emergente,2425-3,anon_193,2,8,14.375974623315827,16.778891008446482,5.289395257275095,5.745951562180618,False
Computación Emergente,2425-3,anon_194,2,4,17.058615651787417,14.407608204920562,5.289395257275095,5.289395257275095,False
Computación Emergente,2425-3,anon_194,2,6,17.058615651787417,14.407608204920562,5.289395257275095,5.289395257275095,False
Computación Emergente,2425-3,anon_194,2,8,17.058615651787417,14.407608204920562,5.289395257275095,5.289395257275095,False
Computación Emergente,2425-3,anon_195,2,4,17.058615651787417,14.407608204920562,5.289395257275095,5.289395257275095,False
Computación Emergente,2425-3,anon_195,2,6,17.058615651787417,14.407608204920562,5.289395257275095,5.289395257275095,False
Computación Emergente,2425-3,anon_195,2,8,17.058615651787417,14.407608204920562,5.289395257275095,5.289395257275095,False
Computación Emergente,2425-3,anon_196,2,4,17.058615651787417,14.407608204920562,5.289395257275095,5.289395257275095,False
Computación Emergente,2425-3,anon_196,2,6,17.058615651787417,11.669868003396722,2.9431377383961514,3.524870612697809,False
Computación Emergente,2425-3,anon_196,2,8,17.058615651787417,14.407608204920562,5.289395257275095,5.289395257275095,False
Computación Emergente,2425-3,anon_197,2,4,17.058615651787417,14.407608204920562,5.289395257275095,5.289395257275095,False
Computación Emergente,2425-3,anon_197,2,6,17.058615651787417,14.407608204920562,5.289395257275095,5.289395257275095,False
Computación Emergente,2425-3,anon_197,2,8,17.058615651787417,14.407608204920562,5.289395257275095,5.289395257275095,False
Computación Emergente,2425-3,anon_198,2,4,17.058615651787417,14.407608204920562,5.289395257275095,5.289395257275095,False
Computación Emergente,2425-3,anon_198,2,6,17.058615651787417,14.407608204920562,5.289395257275095,5.289395257275095,False
Computación Emergente,2425-3,anon_198,2,8,8.203361212678107,14.407608204920562,5.7253329543114235,3.9787376762382034,False
Computación Emergente,2425-3,anon_199,2,4,14.375974623315827,16.778891008446482,5.289395257275095,5.745951562180618,False
Computación Emergente,2425-3,anon_199,2,6,14.375974623315827,16.778891008446482,5.289395257275095,5.745951562180618,False
Computación Emergente,2425-3,anon_199,2,8,14.375974623315827,16.778891008446482,5.289395257275095,5.745951562180618,False
Computación Emergente,2425-3,anon_200,2,4,8.09881686130599,16.778891008446482,5.7253329543114235,5.633199278771451,False
Computación Emergente,2425-3,anon_200,2,6,8.09881686130599,16.778891008446482,5.7253329543114235,5.633199278771451,False
Computación Emergente,2425-3,anon_200,2,8,14.375974623315827,16.778891008446482,5.289395257275095,5.745951562180618,False
Computación Emergente,2425-3,anon_201,2,4,14.375974623315827,16.778891008446482,5.289395257275095,5.745951562180618,False
Computación Emergente,2425-3,anon_201,2,6,14.375974623315827,16.778891008446482,5.289395257275095,5.745951562180618,False
Computación Emergente,2425-3,anon_201,2,8,14.375974623315827,16.778891008446482,5.289395257275095,5.745951562180618,False
Computación Emergente,2425-3,anon_202,2,4,14.375974623315827,16.778891008446482,5.289395257275095,5.745951562180618,False
Computación Emergente,2425-3,anon_202,2,6,8.09881686130599,16.778891008446482,5.7253329543114235,5.633199278771451,False
Computación Emergente,2425-3,anon_202,2,8,14.375974623315827,16.778891008446482,5.289395257275095,5.745951562180618,False
Computación Emergente,2425-3,anon_203,2,4,17.058615651787417,14.407608204920562,5.289395257275095,5.289395257275095,False
Computación Emergente,2425-3,anon_203,2,6,17.058615651787417,14.407608204920562,5.289395257275095,5.289395257275095,False
Computación Emergente,2425-3,anon_203,2,8,17.058615651787417,14.407608204920562,5.289395257275095,5.289395257275095,False
Computación Emergente,2425-3,anon_204,2,4,8.09881686130599,16.778891008446482,5.7253329543114235,5.633199278771451,False
Computación Emergente,2425-3,anon_204,2,6,14.375974623315827,16.778891008446482,5.289395257275095,5.745951562180618,False
Computación Emergente,2425-3,anon_204,2,8,14.375974623315827,16.778891008446482,5.289395257275095,5.745951562180618,False
Computación Emergente,2425-3,anon_205,2,4,14.375974623315827,16.778891008446482,5.289395257275095,5.745951562180618,False
Computación Emergente,2425-3,anon_205,2,6,14.375974623315827,16.778891008446482,5.289395257275095,5.745951562180618,False
Computación Emergente,2425-3,anon_205,2,8,14.375974623315827,16.778891008446482,5.289395257275095,5.745951562180618,False
Computación Emergente,2425-3,anon_206,2,4,17.058615651787417,14.407608204920562,5.289395257275095,5.289395257275095,False
Computación Emergente,2425-3,anon_206,2,6,17.058615651787417,14.407608204920562,5.289395257275095,5.289395257275095,False
Computación Emergente,2425-3,anon_206,2,8,17.058615651787417,14.407608204920562,5.289395257275095,5.289395257275095,False
Computación Emergente,2425-3,anon_207,2,4,17.058615651787417,14.407608204920562,5.289395257275095,5.289395257275095,False
Computación Emergente,2425-3,anon_207,2,6,17.058615651787417,14.407608204920562,5.289395257275095,5.289395257275095,False
Computación Emergente,2425-3,anon_207,2,8,17.058615651787417,14.407608204920562,5.289395257275095,5.289395257275095,False
Computación Emergente,2425-3,anon_208,2,4,17.058615651787417,14.407608204920562,5.289395257275095,5.289395257275095,False
Computación Emergente,2425-3,anon_208,2,6,17.058615651787417,14.407608204920562,5.289395257275095,5.289395257275095,False
Computación Emergente,2425-3,anon_208,2,8,17.058615651787417,14.407608204920562,5.289395257275095,5.289395257275095,False
Computación Emergente,2425-3,anon_209,2,4,14.375974623315827,16.778891008446482,5.289395257275095,5.745951562180618,False
Computación Emergente,2425-3,anon_209,2,6,14.375974623315827,16.778891008446482,5.289395257275095,5.745951562180618,False
Computación Emergente,2425-3,anon_209,2,8,8.09881686130599,16.778891008446482,5.7253329543114235,5.633199278771451,False
Computación Emergente,2425-3,anon_210,2,4,14.375974623315827,16.778891008446482,5.289395257275095,5.745951562180618,False
Computación Emergente,2425-3,anon_210,2,6,14.375974623315827,16.778891008446482,5.289395257275095,5.745951562180618,False
Computación Emergente,2425-3,anon_210,2,8,14.375974623315827,16.778891008446482,5.289395257275095,5.745951562180618,False
Computación Emergente,2425-3,anon_211,2,4,14.375974623315827,16.778891008446482,5.289395257275095,5.745951562180618,False
Computación Emergente,2425-3,anon_211,2,6,14.375974623315827,16.778891008446482,5.289395257275095,5.745951562180618,False
Computación Emergente,2425-3,anon_211,2,8,14.375974623315827,16.778891008446482,5.289395257275095,5.745951562180618,False
Computación Emergente,2425-3,anon_212,2,4,17.058615651787417,14.407608204920562,5.289395257275095,5.289395257275095,False
Computación Emergente,2425-3,anon_212,2,6,17.058615651787417,14.407608204920562,5.289395257275095,5.289395257275095,False
Computación Emergente,2425-3,anon_212,2,8,17.058615651787417,14.407608204920562,5.289395257275095,5.289395257275095,False
Computación Emergente,2425-3,anon_213,2,4,17.058615651787417,14.407608204920562,5.289395257275095,5.289395257275095,False
Computación Emergente,2425-3,anon_213,2,6,17.058615651787417,14.407608204920562,5.289395257275095,5.289395257275095,False
Computación Emergente,2425-3,anon_213,2,8,17.058615651787417,14.407608204920562,5.289395257275095,5.289395257275095,False
Computación Emergente,2425-3,anon_214,2,4,17.058615651787417,14.407608204920562,5.289395257275095,5.289395257275095,False
Computación Emergente,2425-3,anon_214,2,6,17.058615651787417,14.407608204920562,5.289395257275095,5.289395257275095,False
Computación Emergente,2425-3,anon_214,2,8,17.058615651787417,14.407608204920562,5.289395257275095,5.289395257275095,False
Computación Emergente,2425-3,anon_215,2,4,17.058615651787417,14.407608204920562,5.289395257275095,5.289395257275095,False
Computación Emergente,2425-3,anon_215,2,6,17.058615651787417,14.407608204920562,5.289395257275095,5.289395257275095,False
Computación Emergente,2425-3,anon_215,2,8,17.058615651787417,14.407608204920562,5.289395257275095,5.289395257275095,False
Computación Emergente,2425-3,anon_216,2,4,14.375974623315827,16.778891008446482,5.289395257275095,5.745951562180618,False
Computación Emergente,2425-3,anon_216,2,6,14.375974623315827,16.778891008446482,5.289395257275095,5.745951562180618,False
Computación Emergente,2425-3,anon_216,2,8,14.375974623315827,16.778891008446482,5.289395257275095,5.745951562180618,False
Computación Emergente,2425-3,anon_217,2,4,17.058615651787417,14.407608204920562,5.289395257275095,5.289395257275095,False
Computación Emergente,2425-3,anon_217,2,6,17.058615651787417,14.407608204920562,5.289395257275095,5.289395257275095,False
Computación Emergente,2425-3,anon_217,2,8,17.058615651787417,14.407608204920562,5.289395257275095,5.289395257275095,False
Computación Emergente,2425-3,anon_218,2,4,17.058615651787417,14.407608204920562,5.289395257275095,5.289395257275095,False
Computación Emergente,2425-3,anon_218,2,6,17.058615651787417,14.407608204920562,5.289395257275095,5.289395257275095,False
Computación Emergente,2425-3,anon_218,2,8,17.058615651787417,14.407608204920562,5.289395257275095,5.289395257275095,False
Computación Emergente,2425-3,anon_219,2,4,17.058615651787417,14.407608204920562,5.289395257275095,5.289395257275095,False
Computación Emergente,2425-3,anon_219,2,6,17.058615651787417,14.407608204920562,5.289395257275095,5.289395257275095,False
Computación Emergente,2425-3,anon_219,2,8,8.203361212678107,14.407608204920562,5.7253329543114235,3.9787376762382034,False
Computación Emergente,2425-3,anon_185,2,4,17.058615651787417,14.407608204920562,5.289395257275095,5.289395257275095,False
Computación Emergente,2425-3,anon_185,2,6,17.058615651787417,14.407608204920562,5.289395257275095,5.289395257275095,False
Computación Emergente,2425-3,anon_185,2,8,17.058615651787417,14.407608204920562,5.289395257275095,5.289395257275095,False
Computación Emergente,2425-3,anon_148,1,4,14.375974623315827,16.778891008446482,5.289395257275095,5.745951562180618,False
Computación Emergente,2425-3,anon_148,1,6,14.375974623315827,11.896974730095303,2.9431377383961514,5.079655946537934,False
Computación Emergente,2425-3,anon_148,1,8,14.375974623315827,16.778891008446482,5.289395257275095,5.745951562180618,False
Computación Emergente,2425-3,anon_149,1,4,14.375974623315827,16.778891008446482,5.289395257275095,5.745951562180618,False
Computación Emergente,2425-3,anon_149,1,6,14.375974623315827,11.896974730095303,2.9431377383961514,5.079655946537934,False
Computación Emergente,2425-3,anon_149,1,8,8.09881686130599,16.778891008446482,5.7253329543114235,5.633199278771451,False
Computación Emergente,2425-3,anon_150,1,4,14.375974623315827,16.778891008446482,5.289395257275095,5.745951562180618,False
Computación Emergente,2425-3,anon_150,1,6,14.375974623315827,11.896974730095303,2.9431377383961514,5.079655946537934,False
Computación Emergente,2425-3,anon_150,1,8,14.375974623315827,16.778891008446482,5.289395257275095,5.745951562180618,False
Computación Emergente,2425-3,anon_151,1,4,17.058615651787417,14.407608204920562,5.289395257275095,5.289395257275095,False
Computación Emergente,2425-3,anon_151,1,6,17.058615651787417,14.407608204920562,5.289395257275095,5.289395257275095,False
Computación Emergente,2425-3,anon_151,1,8,8.203361212678107,14.407608204920562,5.7253329543114235,3.9787376762382034,False
Computación Emergente,2425-3,anon_152,1,4,17.058615651787417,14.407608204920562,5.289395257275095,5.289395257275095,False
Computación Emergente,2425-3,anon_152,1,6,17.058615651787417,11.669868003396722,2.9431377383961514,3.524870612697809,False
Computación Emergente,2425-3,anon_152,1,8,17.058615651787417,14.407608204920562,5.289395257275095,5.289395257275095,False
Computación Emergente,2425-3,anon_153,1,4,17.058615651787417,14.407608204920562,5.289395257275095,5.289395257275095,False
Computación Emergente,2425-3,anon_153,1,6,17.058615651787417,14.407608204920562,5.289395257275095,5.289395257275095,False
Computación Emergente,2425-3,anon_153,1,8,17.058615651787417,14.407608204920562,5.289395257275095,5.289395257275095,False
Computación Emergente,2425-3,anon_154,1,4,17.058615651787417,14.407608204920562,5.289395257275095,5.289395257275095,False
Computación Emergente,2425-3,anon_154,1,6,17.058615651787417,14.407608204920562,5.289395257275095,5.289395257275095,False
Computación Emergente,2425-3,anon_154,1,8,17.058615651787417,14.407608204920562,5.289395257275095,5.289395257275095,False
Computación Emergente,2425-3,anon_155,1,4,14.375974623315827,16.778891008446482,5.289395257275095,5.745951562180618,False
Computación Emergente,2425-3,anon_155,1,6,14.375974623315827,11.896974730095303,2.9431377383961514,5.079655946537934,False
Computación Emergente,2425-3,anon_155,1,8,14.375974623315827,16.778891008446482,5.289395257275095,5.745951562180618,False
Computación Emergente,2425-3,anon_156,1,4,14.375974623315827,16.778891008446482,5.289395257275095,5.745951562180618,False
Computación Emergente,2425-3,anon_156,1,6,14.375974623315827,16.778891008446482,5.289395257275095,5.745951562180618,False
Computación Emergente,2425-3,anon_156,1,8,14.375974623315827,16.778891008446482,5.289395257275095,5.745951562180618,False
Computación Emergente,2425-3,anon_157,1,4,14.375974623315827,16.778891008446482,5.289395257275095,5.745951562180618,False
Computación Emergente,2425-3,anon_157,1,6,14.375974623315827,16.778891008446482,5.289395257275095,5.745951562180618,False
Computación Emergente,2425-3,anon_157,1,8,14.375974623315827,16.778891008446482,5.289395257275095,5.745951562180618,False
Computación Emergente,2425-3,anon_158,1,4,14.375974623315827,16.778891008446482,5.289395257275095,5.745951562180618,False
Computación Emergente,2425-3,anon_158,1,6,14.375974623315827,16.778891008446482,5.289395257275095,5.745951562180618,False
Computación Emergente,2425-3,anon_158,1,8,14.375974623315827,16.778891008446482,5.289395257275095,5.745951562180618,False
Computación Emergente,2425-3,anon_159,1,4,14.375974623315827,16.778891008446482,5.289395257275095,5.745951562180618,False
Computación Emergente,2425-3,anon_159,1,6,14.375974623315827,11.896974730095303,2.9431377383961514,5.079655946537934,False
Computación Emergente,2425-3,anon_159,1,8,14.375974623315827,16.778891008446482,5.289395257275095,5.745951562180618,False
Computación Emergente,2425-3,anon_160,1,4,17.058615651787417,14.407608204920562,5.289395257275095,5.289395257275095,False
Computación Emergente,2425-3,anon_160,1,6,17.058615651787417,11.669868003396722,2.9431377383961514,3.524870612697809,False
Computación Emergente,2425-3,anon_160,1,8,17.058615651787417,14.407608204920562,5.289395257275095,5.289395257275095,False
Computación Emergente,2425-3,anon_161,1,4,17.058615651787417,14.407608204920562,5.289395257275095,5.289395257275095,False
Computación Emergente,2425-3,anon_161,1,6,17.058615651787417,14.407608204920562,5.289395257275095,5.289395257275095,False
Computación Emergente,2425-3,anon_161,1,8,17.058615651787417,14.407608204920562,5.289395257275095,5.289395257275095,False
Computación Emergente,2425-3,anon_162,1,4,9.854298953392309,8.564438273295416,5.289395257275095,2.839105318983991,False
Computación Emergente,2425-3,anon_162,1,6,9.854298953392309,8.564438273295416,5.289395257275095,2.839105318983991,False
Computación Emergente,2425-3,anon_162,1,8,9.854298953392309,8.564438273295416,5.289395257275095,2.839105318983991,False
Computación Emergente,2425-3,anon_163,1,4,9.854298953392309,8.564438273295416,5.289395257275095,2.839105318983991,False
Computación Emergente,2425-3,anon_163,1,6,9.854298953392309,8.564438273295416,5.289395257275095,2.839105318983991,False
Computación Emergente,2425-3,anon_163,1,8,9.854298953392309,8.564438273295416,5.289395257275095,2.839105318983991,False
Computación Emergente,2425-3,anon_164,1,4,8.09881686130599,16.778891008446482,5.7253329543114235,5.633199278771451,False
Computación Emergente,2425-3,anon_164,1,6,14.375974623315827,11.896974730095303,2.9431377383961514,5.079655946537934,False
Computación Emergente,2425-3,anon_164,1,8,8.09881686130599,16.778891008446482,5.7253329543114235,5.633199278771451,False
Computación Emergente,2425-3,anon_165,1,4,8.09881686130599,16.778891008446482,5.7253329543114235,5.633199278771451,False
Computación Emergente,2425-3,anon_165,1,6,14.375974623315827,11.896974730095303,2.9431377383961514,5.079655946537934,False
Computación Emergente,2425-3,anon_165,1,8,8.09881686130599,16.778891008446482,5.7253329543114235,5.633199278771451,False
Computación Emergente,2425-3,anon_166,1,4,14.375974623315827,16.778891008446482,5.289395257275095,5.745951562180618,False
Computación Emergente,2425-3,anon_166,1,6,14.375974623315827,16.778891008446482,5.289395257275095,5.745951562180618,False
Computación Emergente,2425-3,anon_166,1,8,8.09881686130599,16.778891008446482,5.7253329543114235,5.633199278771451,False
Computación Emergente,2425-3,anon_167,1,4,9.854298953392309,8.564438273295416,5.289395257275095,2.839105318983991,False
Computación Emergente,2425-3,anon_167,1,6,9.854298953392309,8.564438273295416,5.289395257275095,2.839105318983991,False
Computación Emergente,2425-3,anon_167,1,8,9.854298953392309,8.564438273295416,5.289395257275095,2.839105318983991,False
Computación Emergente,2425-3,anon_168,1,4,9.854298953392309,8.564438273295416,5.289395257275095,2.839105318983991,False
Computación Emergente,2425-3,anon_168,1,6,9.854298953392309,6.5122104476697515,2.9431377383961514,2.78489319453723,False
Computación Emergente,2425-3,anon_168,1,8,4.882552315840654,8.564438273295416,5.7253329543114235,5.7253329543114235,False
Computación Emergente,2425-3,anon_169,1,4,14.375974623315827,16.778891008446482,5.289395257275095,5.745951562180618,False
Computación Emergente,2425-3,anon_169,1,6,14.375974623315827,16.778891008446482,5.289395257275095,5.745951562180618,False
Computación Emergente,2425-3,anon_169,1,8,14.375974623315827,16.778891008446482,5.289395257275095,5.745951562180618,False
Computación Emergente,2425-3,anon_170,1,4,9.854298953392309,8.564438273295416,5.289395257275095,2.839105318983991,False
Computación Emergente,2425-3,anon_170,1,6,9.854298953392309,8.564438273295416,5.289395257275095,2.839105318983991,False
Computación Emergente,2425-3,anon_170,1,8,9.854298953392309,8.564438273295416,5.289395257275095,2.839105318983991,False
Computación Emergente,2425-3,anon_171,1,4,8.09881686130599,16.778891008446482,5.7253329543114235,5.633199278771451,False
Computación Emergente,2425-3,anon_171,1,6,14.375974623315827,11.896974730095303,2.9431377383961514,5.079655946537934,False
Computación Emergente,2425-3,anon_171,1,8,14.375974623315827,16.778891008446482,5.289395257275095,5.745951562180618,False
Computación Emergente,2425-3,anon_172,1,4,14.375974623315827,16.778891008446482,5.289395257275095,5.745951562180618,False
Computación Emergente,2425-3,anon_172,1,6,14.375974623315827,16.778891008446482,5.289395257275095,5.745951562180618,False
Computación Emergente,2425-3,anon_172,1,8,14.375974623315827,16.778891008446482,5.289395257275095,5.745951562180618,False
Computación Emergente,2425-3,anon_173,1,4,8.09881686130599,16.778891008446482,5.7253329543114235,5.633199278771451,False
Computación Emergente,2425-3,anon_173,1,6,14.375974623315827,11.896974730095303,2.9431377383961514,5.079655946537934,False
Computación Emergente,2425-3,anon_173,1,8,8.09881686130599,16.778891008446482,5.7253329543114235,5.633199278771451,False
Computación Emergente,2425-3,anon_174,1,4,4.882552315840654,8.564438273295416,5.7253329543114235,5.7253329543114235,False
Computación Emergente,2425-3,anon_174,1,6,9.854298953392309,6.5122104476697515,2.9431377383961514,2.78489319453723,False
Computación Emergente,2425-3,anon_174,1,8,4.882552315840654,8.564438273295416,5.7253329543114235,5.7253329543114235,False
Computación Emergente,2425-3,anon_175,1,4,17.058615651787417,14.407608204920562,5.289395257275095,5.289395257275095,False
Computación Emergente,2425-3,anon_175,1,6,17.058615651787417,14.407608204920562,5.289395257275095,5.289395257275095,False
Computación Emergente,2425-3,anon_175,1,8,17.058615651787417,14.407608204920562,5.289395257275095,5.289395257275095,False
Computación Emergente,2425-3,anon_176,1,4,8.09881686130599,16.778891008446482,5.7253329543114235,5.633199278771451,False
Computación Emergente,2425-3,anon_176,1,6,14.375974623315827,11.896974730095303,2.9431377383961514,5.079655946537934,False
Computación Emergente,2425-3,anon_176,1,8,8.09881686130599,16.778891008446482,5.7253329543114235,5.633199278771451,False
Computación Emergente,2425-3,anon_177,1,4,17.058615651787417,14.407608204920562,5.289395257275095,5.289395257275095,False
Computación Emergente,2425-3,anon_177,1,6,17.058615651787417,14.407608204920562,5.289395257275095,5.289395257275095,False
Computación Emergente,2425-3,anon_177,1,8,17.058615651787417,14.407608204920562,5.289395257275095,5.289395257275095,False
Computación Emergente,2425-3,anon_178,1,4,9.854298953392309,8.564438273295416,5.289395257275095,2.839105318983991,False
Computación Emergente,2425-3,anon_178,1,6,9.854298953392309,6.5122104476697515,2.9431377383961514,2.78489319453723,False
Computación Emergente,2425-3,anon_178,1,8,4.882552315840654,8.564438273295416,5.7253329543114235,5.7253329543114235,False
Computación Emergente,2425-3,anon_179,1,4,14.375974623315827,16.778891008446482,5.289395257275095,5.745951562180618,False
Computación Emergente,2425-3,anon_179,1,6,14.375974623315827,16.778891008446482,5.289395257275095,5.745951562180618,False
Computación Emergente,2425-3,anon_179,1,8,14.375974623315827,16.778891008446482,5.289395257275095,5.745951562180618,False
Computación Emergente,2425-3,anon_180,1,4,14.375974623315827,16.778891008446482,5.289395257275095,5.745951562180618,False
Computación Emergente,2425-3,anon_180,1,6,14.375974623315827,16.778891008446482,5.289395257275095,5.745951562180618,False
Computación Emergente,2425-3,anon_180,1,8,14.375974623315827,16.778891008446482,5.289395257275095,5.745951562180618,False
Computación Emergente,2425-3,anon_181,1,4,14.375974623315827,16.778891008446482,5.289395257275095,5.745951562180618,False
Computación Emergente,2425-3,anon_181,1,6,14.375974623315827,16.778891008446482,5.289395257275095,5.745951562180618,False
Computación Emergente,2425-3,anon_181,1,8,14.375974623315827,16.778891008446482,5.289395257275095,5.745951562180618,False
Computación Emergente,2425-3,anon_182,1,4,14.375974623315827,16.778891008446482,5.289395257275095,5.745951562180618,False
Computación Emergente,2425-3,anon_182,1,6,14.375974623315827,16.778891008446482,5.289395257275095,5.745951562180618,False
Computación Emergente,2425-3,anon_182,1,8,8.09881686130599,16.778891008446482,5.7253329543114235,5.633199278771451,False
Computación Emergente,2425-3,anon_183,1,4,8.09881686130599,16.778891008446482,5.7253329543114235,5.633199278771451,False
Computación Emergente,2425-3,anon_183,1,6,14.375974623315827,11.896974730095303,2.9431377383961514,5.079655946537934,False
Computación Emergente,2425-3,anon_183,1,8,8.09881686130599,16.778891008446482,5.7253329543114235,5.633199278771451,False
Computación Emergente,2425-3,anon_184,1,4,17.058615651787417,14.407608204920562,5.289395257275095,5.289395257275095,False
Computación Emergente,2425-3,anon_184,1,6,17.058615651787417,11.669868003396722,2.9431377383961514,3.524870612697809,False
Computación Emergente,2425-3,anon_184,1,8,17.058615651787417,14.407608204920562,5.289395257275095,5.289395257275095,False
Computación Emergente,2425-3,anon_185,1,4,17.058615651787417,14.407608204920562,5.289395257275095,5.289395257275095,False
Computación Emergente,2425-3,anon_185,1,6,17.058615651787417,14.407608204920562,5.289395257275095,5.289395257275095,False
Computación Emergente,2425-3,anon_185,1,8,17.058615651787417,14.407608204920562,5.289395257275095,5.289395257275095,False
Computación Emergente,2526-1,anon_220,1,4,0.0,0.0,0.0,5.645075813387784,True
Computación Emergente,2526-1,anon_220,1,6,0.0,0.0,0.0,5.645075813387784,True
Computación Emergente,2526-1,anon_220,1,8,0.0,0.0,0.0,5.645075813387784,True
Computación Emergente,2526-1,anon_221,1,4,8.881784197001252e-16,0.0,0.0,9.197424483524651,True
Computación Emergente,2526-1,anon_221,1,6,0.0,0.0,0.0,1.826203998000416,True
Computación Emergente,2526-1,anon_221,1,8,8.881784197001252e-16,0.0,0.0,9.197424483524651,True
Computación Emergente,2526-1,anon_222,1,4,0.0,0.0,0.0,1.2312143850309116,True
Computación Emergente,2526-1,anon_222,1,6,0.0,0.0,0.0,5.645075813387784,True
Computación Emergente,2526-1,anon_222,1,8,0.0,0.0,0.0,5.645075813387784,True
Computación Emergente,2526-1,anon_223,1,4,0.0,0.0,0.0,5.645075813387784,True
Computación Emergente,2526-1,anon_223,1,6,8.881784197001252e-16,0.0,0.0,10.119373556089254,True
Computación Emergente,2526-1,anon_223,1,8,0.0,0.0,0.0,5.645075813387784,True
Computación Emergente,2526-1,anon_224,1,4,0.0,0.0,0.0,2.633622005910876,True
Computación Emergente,2526-1,anon_224,1,6,0.0,0.0,0.0,1.2082932517097573,True
Computación Emergente,2526-1,anon_224,1,8,0.0,0.0,0.0,3.7703825855124826,True
Computación Emergente,2526-1,anon_225,1,4,0.0,0.0,0.0,5.270734279066958,True
Computación Emergente,2526-1,anon_225,1,6,0.0,0.0,0.0,5.270734279066958,True
Computación Emergente,2526-1,anon_225,1,8,0.0,0.0,0.0,5.270734279066958,True
Computación Emergente,2526-1,anon_226,1,4,0.0,0.0,0.0,2.7307260225097245,True
Computación Emergente,2526-1,anon_226,1,6,0.0,0.0,0.0,1.4809333348355622,True
Computación Emergente,2526-1,anon_226,1,8,0.0,0.0,0.0,1.2312143850309116,True
Computación Emergente,2526-1,anon_227,1,4,8.881784197001252e-16,0.0,0.0,13.171528491385903,True
Computación Emergente,2526-1,anon_227,1,6,0.0,0.0,0.0,5.645075813387784,True
Computación Emergente,2526-1,anon_227,1,8,0.0,0.0,0.0,1.2312143850309116,True
Computación Emergente,2526-1,anon_228,1,4,8.881784197001252e-16,0.0,0.0,9.197424483524651,True
Computación Emergente,2526-1,anon_228,1,6,8.881784197001252e-16,0.0,0.0,9.197424483524651,True
Computación Emergente,2526-1,anon_228,1,8,8.881784197001252e-16,0.0,0.0,9.197424483524651,True
Computación Emergente,2526-1,anon_229,1,4,0.0,0.0,0.0,5.645075813387784,True
Computación Emergente,2526-1,anon_229,1,6,0.0,0.0,0.0,1.4809333348355622,True
Computación Emergente,2526-1,anon_229,1,8,0.0,0.0,0.0,5.645075813387784,True
Computación Emergente,2526-1,anon_230,1,4,0.0,0.0,0.0,5.645075813387784,True
Computación Emergente,2526-1,anon_230,1,6,0.0,0.0,0.0,5.645075813387784,True
Computación Emergente,2526-1,anon_230,1,8,0.0,0.0,0.0,5.645075813387784,True
Computación Emergente,2526-1,anon_231,1,4,0.0,0.0,0.0,1.826203998000416,True
Computación Emergente,2526-1,anon_231,1,6,0.0,0.0,0.0,3.8122603810325746,True
Computación Emergente,2526-1,anon_231,1,8,0.0,0.0,0.0,3.7703825855124826,True
Computación Emergente,2526-1,anon_232,1,4,0.0,0.0,0.0,1.826203998000416,True
Computación Emergente,2526-1,anon_232,1,6,8.881784197001252e-16,0.0,0.0,9.197424483524651,True
Computación Emergente,2526-1,anon_232,1,8,0.0,0.0,0.0,1.2082932517097573,True
Computación Emergente,2526-1,anon_233,1,4,0.0,0.0,0.0,5.270734279066958,True
Computación Emergente,2526-1,anon_233,1,6,0.0,0.0,0.0,5.270734279066958,True
Computación Emergente,2526-1,anon_233,1,8,0.0,0.0,0.0,5.270734279066958,True
Computación Emergente,2526-1,anon_234,1,4,0.0,0.0,0.0,5.262130387799921,True
Computación Emergente,2526-1,anon_234,1,6,0.0,0.0,0.0,5.645075813387784,True
Computación Emergente,2526-1,anon_234,1,8,0.0,0.0,0.0,5.645075813387784,True
Computación Emergente,2526-1,anon_174,1,4,0.0,0.0,0.0,3.8122603810325746,True
Computación Emergente,2526-1,anon_174,1,6,0.0,0.0,0.0,3.8122603810325746,True
Computación Emergente,2526-1,anon_174,1,8,0.0,0.0,0.0,3.8122603810325746,True
Computación Emergente,2526-1,anon_205,1,4,0.0,0.0,0.0,5.270734279066958,True
Computación Emergente,2526-1,anon_205,1,6,0.0,0.0,0.0,5.270734279066958,True
Computación Emergente,2526-1,anon_205,1,8,0.0,0.0,0.0,5.270734279066958,True
Computación Emergente,2526-1,anon_235,1,4,8.881784197001252e-16,0.0,0.0,9.197424483524651,True
Computación Emergente,2526-1,anon_235,1,6,0.0,0.0,0.0,1.826203998000416,True
Computación Emergente,2526-1,anon_235,1,8,8.881784197001252e-16,0.0,0.0,0.0,False
Computación Emergente,2526-1,anon_236,1,4,0.0,0.0,0.0,5.270734279066958,True
Computación Emergente,2526-1,anon_236,1,6,0.0,0.0,0.0,5.270734279066958,True
Computación Emergente,2526-1,anon_236,1,8,0.0,0.0,0.0,0.7768806980991565,True
Computación Emergente,2526-1,anon_237,1,4,0.0,0.0,0.0,1.147958398550326,True
Computación Emergente,2526-1,anon_237,1,6,8.881784197001252e-16,0.0,0.0,3.6975337939675335,True
Computación Emergente,2526-1,anon_237,1,8,8.881784197001252e-16,0.0,0.0,9.197424483524651,True
Computación Emergente,2526-1,anon_238,1,4,0.0,0.0,0.0,5.645075813387784,True
Computación Emergente,2526-1,anon_238,1,6,0.0,0.0,0.0,5.645075813387784,True
Computación Emergente,2526-1,anon_238,1,8,0.0,0.0,0.0,5.645075813387784,True
Computación Emergente,2526-1,anon_239,1,4,0.0,0.0,0.0,0.7768806980991565,True
Computación Emergente,2526-1,anon_239,1,6,0.0,0.0,0.0,5.270734279066958,True
Computación Emergente,2526-1,anon_239,1,8,0.0,0.0,0.0,5.270734279066958,True
Computación Emergente,2526-1,anon_240,1,4,0.0,0.0,0.0,5.645075813387784,True
Computación Emergente,2526-1,anon_240,1,6,0.0,0.0,0.0,5.645075813387784,True
Computación Emergente,2526-1,anon_240,1,8,0.0,0.0,0.0,5.645075813387784,True
Computación Emergente,2526-1,anon_241,1,4,0.0,0.0,0.0,5.270734279066958,True
Computación Emergente,2526-1,anon_241,1,6,0.0,0.0,0.0,5.270734279066958,True
Computación Emergente,2526-1,anon_241,1,8,0.0,0.0,0.0,5.270734279066958,True
Computación Emergente,2526-1,anon_242,1,4,0.0,0.0,0.0,0.7768806980991565,True
Computación Emergente,2526-1,anon_242,1,6,0.0,0.0,0.0,5.270734279066958,True
Computación Emergente,2526-1,anon_242,1,8,0.0,0.0,0.0,5.270734279066958,True
Computación Emergente,2526-1,anon_212,1,4,0.0,0.0,0.0,1.2312143850309116,True
Computación Emergente,2526-1,anon_212,1,6,0.0,0.0,0.0,5.645075813387784,True
Computación Emergente,2526-1,anon_212,1,8,0.0,0.0,0.0,5.645075813387784,True
Computación Emergente,2526-1,anon_243,1,4,0.0,0.0,0.0,5.270734279066958,True
Computación Emergente,2526-1,anon_243,1,6,0.0,0.0,0.0,5.270734279066958,True
Computación Emergente,2526-1,anon_243,1,8,0.0,0.0,0.0,5.270734279066958,True
Computación Emergente,2526-1,anon_244,1,4,0.0,0.0,0.0,5.645075813387784,True
Computación Emergente,2526-1,anon_244,1,6,0.0,0.0,0.0,5.645075813387784,True
Computación Emergente,2526-1,anon_244,1,8,0.0,0.0,0.0,5.645075813387784,True
Computación Emergente,2526-2,anon_245,1,4,14.163014866119127,16.858603930846204,5.192780837887383,5.700490201953617,False
Computación Emergente,2526-2,anon_245,1,6,14.163014866119127,16.858603930846204,5.192780837887383,5.700490201953617,False
Computación Emergente,2526-2,anon_245,1,8,14.163014866119127,16.858603930846204,5.192780837887383,5.700490201953617,False
Computación Emergente,2526-2,anon_246,1,4,17.4226745805084,17.43327240870824,5.192780837887383,5.192780837887383,False
Computación Emergente,2526-2,anon_246,1,6,17.4226745805084,17.43327240870824,5.192780837887383,5.192780837887383,False
Computación Emergente,2526-2,anon_246,1,8,17.4226745805084,17.43327240870824,5.192780837887383,5.192780837887383,False
Computación Emergente,2526-2,anon_222,1,4,17.4226745805084,17.43327240870824,5.192780837887383,5.192780837887383,False
Computación Emergente,2526-2,anon_222,1,6,17.4226745805084,17.43327240870824,5.192780837887383,5.192780837887383,False
Computación Emergente,2526-2,anon_222,1,8,17.4226745805084,17.43327240870824,5.192780837887383,5.192780837887383,False
Computación Emergente,2526-2,anon_247,1,4,13.96238986190153,0.10091752772164853,14.432989690721651,12.135332708528587,True
Computación Emergente,2526-2,anon_247,1,6,17.4226745805084,13.853820711646106,3.0416278108534964,3.331457619103913,False
Computación Emergente,2526-2,anon_247,1,8,17.4226745805084,13.853820711646106,3.0416278108534964,3.331457619103913,False
Computación Emergente,2526-2,anon_248,1,4,17.4226745805084,17.43327240870824,5.192780837887383,5.192780837887383,False
Computación Emergente,2526-2,anon_248,1,6,17.4226745805084,17.43327240870824,5.192780837887383,5.192780837887383,False
Computación Emergente,2526-2,anon_248,1,8,17.4226745805084,17.43327240870824,5.192780837887383,5.192780837887383,False
Computación Emergente,2526-2,anon_249,1,4,17.4226745805084,17.43327240870824,5.192780837887383,5.192780837887383,False
Computación Emergente,2526-2,anon_249,1,6,17.4226745805084,17.43327240870824,5.192780837887383,5.192780837887383,False
Computación Emergente,2526-2,anon_249,1,8,17.4226745805084,17.43327240870824,5.192780837887383,5.192780837887383,False
Computación Emergente,2526-2,anon_250,1,4,8.899895915903317,14.5339072184433,12.229893742621016,6.757795572303344,False
Computación Emergente,2526-2,anon_250,1,6,14.163014866119127,13.276932356965837,3.0416278108534964,5.013081463990554,False
Computación Emergente,2526-2,anon_250,1,8,14.163014866119127,13.276932356965837,3.0416278108534964,5.013081463990554,False
Computación Emergente,2526-2,anon_251,1,4,10.168002852538937,16.858603930846204,5.4784688995215305,5.155729616996613,False
Computación Emergente,2526-2,anon_251,1,6,14.163014866119127,16.858603930846204,5.192780837887383,5.700490201953617,False
Computación Emergente,2526-2,anon_251,1,8,14.163014866119127,16.858603930846204,5.192780837887383,5.700490201953617,False
Computación Emergente,2526-2,anon_252,1,4,8.899895915903317,14.5339072184433,12.229893742621016,6.757795572303344,False
Computación Emergente,2526-2,anon_252,1,6,14.163014866119127,13.276932356965837,3.0416278108534964,5.013081463990554,False
Computación Emergente,2526-2,anon_252,1,8,14.163014866119127,13.276932356965837,3.0416278108534964,5.013081463990554,False
Computación Emergente,2526-2,anon_253,1,4,17.4226745805084,17.43327240870824,5.192780837887383,5.192780837887383,False
Computación Emergente,2526-2,anon_253,1,6,17.4226745805084,17.43327240870824,5.192780837887383,5.192780837887383,False
Computación Emergente,2526-2,anon_253,1,8,17.4226745805084,17.43327240870824,5.192780837887383,5.192780837887383,False
Computación Emergente,2526-2,anon_254,1,4,14.163014866119127,16.858603930846204,5.192780837887383,5.700490201953617,False
Computación Emergente,2526-2,anon_254,1,6,14.163014866119127,16.858603930846204,5.192780837887383,5.700490201953617,False
Computación Emergente,2526-2,anon_254,1,8,14.163014866119127,16.858603930846204,5.192780837887383,5.700490201953617,False
Computación Emergente,2526-2,anon_255,1,4,14.163014866119127,16.858603930846204,5.192780837887383,5.700490201953617,False
Computación Emergente,2526-2,anon_255,1,6,14.163014866119127,16.858603930846204,5.192780837887383,5.700490201953617,False
Computación Emergente,2526-2,anon_255,1,8,14.163014866119127,16.858603930846204,5.192780837887383,5.700490201953617,False
Computación Emergente,2526-2,anon_256,1,4,17.4226745805084,17.43327240870824,5.192780837887383,5.192780837887383,False
Computación Emergente,2526-2,anon_256,1,6,17.4226745805084,17.43327240870824,5.192780837887383,5.192780837887383,False
Computación Emergente,2526-2,anon_256,1,8,17.4226745805084,17.43327240870824,5.192780837887383,5.192780837887383,False
Computación Emergente,2526-2,anon_257,1,4,10.168002852538937,16.858603930846204,5.4784688995215305,5.155729616996613,False
Computación Emergente,2526-2,anon_257,1,6,10.168002852538937,16.858603930846204,5.4784688995215305,5.155729616996613,False
Computación Emergente,2526-2,anon_257,1,8,14.163014866119127,16.858603930846204,5.192780837887383,5.700490201953617,False
Computación Emergente,2526-2,anon_258,1,4,14.163014866119127,16.858603930846204,5.192780837887383,5.700490201953617,False
Computación Emergente,2526-2,anon_258,1,6,14.163014866119127,13.276932356965837,3.0416278108534964,5.013081463990554,False
Computación Emergente,2526-2,anon_258,1,8,14.163014866119127,16.858603930846204,5.192780837887383,5.700490201953617,False
Computación Emergente,2526-2,anon_259,1,4,15.759477526158008,11.453869677884846,,4.674609741830684,False
Computación Emergente,2526-2,anon_259,1,6,15.759477526158008,11.453869677884846,,4.674609741830684,False
Computación Emergente,2526-2,anon_259,1,8,15.759477526158008,11.453869677884846,,4.674609741830684,False
Computación Emergente,2526-2,anon_260,1,4,17.4226745805084,0.10091752772164853,12.135332708528587,14.44889043108285,False
Computación Emergente,2526-2,anon_260,1,6,17.4226745805084,17.43327240870824,5.192780837887383,5.192780837887383,False
Computación Emergente,2526-2,anon_260,1,8,17.4226745805084,17.43327240870824,5.192780837887383,5.192780837887383,False
Computación Emergente,2526-2,anon_261,1,4,17.4226745805084,17.43327240870824,5.192780837887383,5.192780837887383,False
Computación Emergente,2526-2,anon_261,1,6,17.4226745805084,17.43327240870824,5.192780837887383,5.192780837887383,False
Computación Emergente,2526-2,anon_261,1,8,17.4226745805084,17.43327240870824,5.192780837887383,5.192780837887383,False
Computación Emergente,2526-2,anon_262,1,4,17.4226745805084,17.43327240870824,5.192780837887383,5.192780837887383,False
Computación Emergente,2526-2,anon_262,1,6,17.4226745805084,17.43327240870824,5.192780837887383,5.192780837887383,False
Computación Emergente,2526-2,anon_262,1,8,17.4226745805084,17.43327240870824,5.192780837887383,5.192780837887383,False
Computación Emergente,2526-2,anon_263,1,4,17.4226745805084,17.43327240870824,5.192780837887383,5.192780837887383,False
Computación Emergente,2526-2,anon_263,1,6,17.4226745805084,17.43327240870824,5.192780837887383,5.192780837887383,False
Computación Emergente,2526-2,anon_263,1,8,17.4226745805084,17.43327240870824,5.192780837887383,5.192780837887383,False
Computación Emergente,2526-2,anon_264,1,4,17.4226745805084,17.43327240870824,5.192780837887383,5.192780837887383,False
Computación Emergente,2526-2,anon_264,1,6,17.4226745805084,17.43327240870824,5.192780837887383,5.192780837887383,False
Computación Emergente,2526-2,anon_264,1,8,17.4226745805084,17.43327240870824,5.192780837887383,5.192780837887383,False
Computación Emergente,2526-2,anon_265,1,4,13.96238986190153,17.43327240870824,5.4784688995215305,3.547570310484218,False
Computación Emergente,2526-2,anon_265,1,6,17.4226745805084,17.43327240870824,5.192780837887383,5.192780837887383,False
Computación Emergente,2526-2,anon_265,1,8,17.4226745805084,17.43327240870824,5.192780837887383,5.192780837887383,False
Computación Emergente,2526-2,anon_266,1,4,14.163014866119127,16.858603930846204,5.192780837887383,5.700490201953617,False
Computación Emergente,2526-2,anon_266,1,6,14.163014866119127,16.858603930846204,5.192780837887383,5.700490201953617,False
Computación Emergente,2526-2,anon_266,1,8,14.163014866119127,16.858603930846204,5.192780837887383,5.700490201953617,False
Computación Emergente,2526-2,anon_174,1,4,14.163014866119127,16.858603930846204,5.192780837887383,5.700490201953617,False
Computación Emergente,2526-2,anon_174,1,6,14.163014866119127,16.858603930846204,5.192780837887383,5.700490201953617,False
Computación Emergente,2526-2,anon_174,1,8,14.163014866119127,16.858603930846204,5.192780837887383,5.700490201953617,False
Computación Emergente,2526-2,anon_267,1,4,14.163014866119127,16.858603930846204,5.192780837887383,5.700490201953617,False
Computación Emergente,2526-2,anon_267,1,6,14.163014866119127,16.858603930846204,5.192780837887383,5.700490201953617,False
Computación Emergente,2526-2,anon_267,1,8,14.163014866119127,16.858603930846204,5.192780837887383,5.700490201953617,False
Computación Emergente,2526-2,anon_268,1,4,17.4226745805084,17.43327240870824,5.192780837887383,5.192780837887383,False
Computación Emergente,2526-2,anon_268,1,6,17.4226745805084,17.43327240870824,5.192780837887383,5.192780837887383,False
Computación Emergente,2526-2,anon_268,1,8,17.4226745805084,17.43327240870824,5.192780837887383,5.192780837887383,False
Computación Emergente,2526-2,anon_269,1,4,14.163014866119127,16.858603930846204,5.192780837887383,5.700490201953617,False
Computación Emergente,2526-2,anon_269,1,6,14.163014866119127,16.858603930846204,5.192780837887383,5.700490201953617,False
Computación Emergente,2526-2,anon_269,1,8,14.163014866119127,16.858603930846204,5.192780837887383,5.700490201953617,False
Computación Emergente,2526-2,anon_270,1,4,14.163014866119127,16.858603930846204,5.192780837887383,5.700490201953617,False
Computación Emergente,2526-2,anon_270,1,6,14.163014866119127,16.858603930846204,5.192780837887383,5.700490201953617,False
Computación Emergente,2526-2,anon_270,1,8,14.163014866119127,16.858603930846204,5.192780837887383,5.700490201953617,False
Computación Emergente,2526-2,anon_271,1,4,17.4226745805084,17.43327240870824,5.192780837887383,5.192780837887383,False
Computación Emergente,2526-2,anon_271,1,6,17.4226745805084,17.43327240870824,5.192780837887383,5.192780837887383,False
Computación Emergente,2526-2,anon_271,1,8,17.4226745805084,17.43327240870824,5.192780837887383,5.192780837887383,False
Computación Emergente,2526-2,anon_272,1,4,14.163014866119127,16.858603930846204,5.192780837887383,5.700490201953617,False
Computación Emergente,2526-2,anon_272,1,6,14.163014866119127,16.858603930846204,5.192780837887383,5.700490201953617,False
Computación Emergente,2526-2,anon_272,1,8,14.163014866119127,16.858603930846204,5.192780837887383,5.700490201953617,False
Computación Emergente,2526-2,anon_273,1,4,17.4226745805084,17.43327240870824,5.192780837887383,5.192780837887383,False
Computación Emergente,2526-2,anon_273,1,6,17.4226745805084,17.43327240870824,5.192780837887383,5.192780837887383,False
Computación Emergente,2526-2,anon_273,1,8,17.4226745805084,17.43327240870824,5.192780837887383,5.192780837887383,False
Computación Emergente,2526-2,anon_274,1,4,17.4226745805084,17.43327240870824,5.192780837887383,5.192780837887383,False
Computación Emergente,2526-2,anon_274,1,6,17.4226745805084,17.43327240870824,5.192780837887383,5.192780837887383,False
Computación Emergente,2526-2,anon_274,1,8,17.4226745805084,17.43327240870824,5.192780837887383,5.192780837887383,False
Computación Emergente,2526-2,anon_244,1,4,17.4226745805084,17.43327240870824,5.192780837887383,5.192780837887383,False
Computación Emergente,2526-2,anon_244,1,6,17.4226745805084,17.43327240870824,5.192780837887383,5.192780837887383,False
Computación Emergente,2526-2,anon_244,1,8,17.4226745805084,17.43327240870824,5.192780837887383,5.192780837887383,False
Computación Emergente,2526-2,anon_275,1,4,10.168002852538937,16.858603930846204,5.4784688995215305,5.155729616996613,False
Computación Emergente,2526-2,anon_275,1,6,14.163014866119127,16.858603930846204,5.192780837887383,5.700490201953617,False
Computación Emergente,2526-2,anon_275,1,8,14.163014866119127,16.858603930846204,5.192780837887383,5.700490201953617,False
Computación Emergente,2526-2,anon_276,1,4,13.96238986190153,17.43327240870824,5.4784688995215305,3.547570310484218,False
Computación Emergente,2526-2,anon_276,1,6,17.4226745805084,17.43327240870824,5.192780837887383,5.192780837887383,False
Computación Emergente,2526-2,anon_276,1,8,17.4226745805084,17.43327240870824,5.192780837887383,5.192780837887383,False
Computación Emergente,2526-2,anon_277,1,4,17.4226745805084,17.43327240870824,5.192780837887383,5.192780837887383,False
Computación Emergente,2526-2,anon_277,1,6,17.4226745805084,17.43327240870824,5.192780837887383,5.192780837887383,False
Computación Emergente,2526-2,anon_277,1,8,17.4226745805084,17.43327240870824,5.192780837887383,5.192780837887383,False
Computación Emergente,2526-2,anon_278,1,4,14.163014866119127,16.858603930846204,5.192780837887383,5.700490201953617,False
Computación Emergente,2526-2,anon_278,1,6,14.163014866119127,16.858603930846204,5.192780837887383,5.700490201953617,False
Computación Emergente,2526-2,anon_278,1,8,14.163014866119127,16.858603930846204,5.192780837887383,5.700490201953617,False
Computación Emergente,2526-2,anon_279,1,4,0.10515886229227078,17.43327240870824,12.240491570820858,14.538148553013922,False
Computación Emergente,2526-2,anon_279,1,6,13.96238986190153,17.43327240870824,5.4784688995215305,3.547570310484218,False
Computación Emergente,2526-2,anon_279,1,8,0.10515886229227078,13.853820711646106,12.198210080075366,14.432989690721651,True
Computación Emergente,2526-2,anon_280,1,4,10.168002852538937,16.858603930846204,5.4784688995215305,5.155729616996613,False
Computación Emergente,2526-2,anon_280,1,6,14.163014866119127,16.858603930846204,5.192780837887383,5.700490201953617,False
Computación Emergente,2526-2,anon_280,1,8,14.163014866119127,16.858603930846204,5.192780837887383,5.700490201953617,False
Computación Emergente,2526-2,anon_281,1,4,15.945900113907912,7.399101779981134,5.192780837887383,3.7476900338325465,False
Computación Emergente,2526-2,anon_281,1,6,15.945900113907912,7.399101779981134,5.192780837887383,3.7476900338325465,False
Computación Emergente,2526-2,anon_281,1,8,15.945900113907912,12.198210080075366,12.229893742621016,12.198210080075366,False
Computación Emergente,2526-2,anon_282,1,4,14.163014866119127,16.858603930846204,5.192780837887383,5.700490201953617,False
Computación Emergente,2526-2,anon_282,1,6,14.163014866119127,16.858603930846204,5.192780837887383,5.700490201953617,False
Computación Emergente,2526-2,anon_282,1,8,14.163014866119127,16.858603930846204,5.192780837887383,5.700490201953617,False
Computación Emergente,2526-3,anon_283,1,4,6.382174367975473,9.627024548555497,2.120477025712513,3.2320767213536596,False
Computación Emergente,2526-3,anon_283,1,6,7.995908388409681,7.530810909199573,4.5313422809420185,4.5313422809420185,False
Computación Emergente,2526-3,anon_283,1,8,6.382174367975473,7.530810909199573,2.0723333576105807,2.3855265264536785,False
Computación Emergente,2526-3,anon_284,1,4,2.057285551818423,0.0,0.0,0.0,False
Computación Emergente,2526-3,anon_284,1,6,3.0799236380777426,6.2781669239061255,2.0723333576105807,3.9041274733582423,False
Computación Emergente,2526-3,anon_284,1,8,3.0799236380777426,0.0,0.0,0.0,False
Computación Emergente,2526-3,anon_285,1,4,0.0,0.0,0.0,0.0,False
Computación Emergente,2526-3,anon_285,1,6,7.999284838872468,7.530810909199573,2.9994686282575547,4.105338428560344,False
Computación Emergente,2526-3,anon_285,1,8,0.0,0.0,0.0,0.0,False
Computación Emergente,2526-3,anon_286,1,4,2.057285551818423,0.0,0.0,0.0,False
Computación Emergente,2526-3,anon_286,1,6,6.267580674516393,6.2781669239061255,4.5313422809420185,4.582867437111339,False
Computación Emergente,2526-3,anon_286,1,8,0.0,0.0,0.0,0.0,False
Computación Emergente,2526-3,anon_287,1,4,0.0,0.0,0.0,0.0,False
Computación Emergente,2526-3,anon_287,1,6,7.999284838872468,7.530810909199573,2.9994686282575547,4.105338428560344,False
Computación Emergente,2526-3,anon_287,1,8,7.999284838872468,7.999284838872468,7.999284838872468,7.999284838872468,False
Computación Emergente,2526-3,anon_288,1,4,0.0,0.0,7.999284838872468,8.040731910576469,True
Computación Emergente,2526-3,anon_288,1,6,1.0015045462620522,4.146204017188705,2.0723333576105807,3.831347008870422,False
Computación Emergente,2526-3,anon_288,1,8,1.1058698003027896,1.1058698003027896,0.0,0.0,False
Computación Emergente,2526-3,anon_289,1,4,7.995908388409681,7.530810909199573,4.5313422809420185,4.5313422809420185,False
Computación Emergente,2526-3,anon_289,1,6,7.995908388409681,7.530810909199573,4.5313422809420185,4.5313422809420185,False
Computación Emergente,2526-3,anon_289,1,8,7.995908388409681,7.530810909199573,4.5313422809420185,4.5313422809420185,False
Computación Emergente,2526-3,anon_290,1,4,7.995908388409681,9.627024548555497,2.533428501042899,2.16265024962034,False
Computación Emergente,2526-3,anon_290,1,6,7.995908388409681,7.530810909199573,4.5313422809420185,4.5313422809420185,False
Computación Emergente,2526-3,anon_290,1,8,7.995908388409681,7.530810909199573,4.5313422809420185,4.5313422809420185,False
Computación Emergente,2526-3,anon_291,1,4,4.314501672821217,4.146204017188705,4.5313422809420185,3.408812881461347,True
Computación Emergente,2526-3,anon_291,1,6,4.314501672821217,4.146204017188705,4.5313422809420185,3.408812881461347,True
Computación Emergente,2526-3,anon_291,1,8,4.314501672821217,4.146204017188705,4.5313422809420185,3.408812881461347,True
Computación Emergente,2526-3,anon_292,1,4,2.057285551818423,6.2781669239061255,2.9994686282575547,2.0537323816080297,False
Computación Emergente,2526-3,anon_292,1,6,3.0799236380777426,6.2781669239061255,2.0723333576105807,3.9041274733582423,False
Computación Emergente,2526-3,anon_292,1,8,6.267580674516393,1.038021642023618,2.533428501042899,3.9020993551902636,False
Computación Emergente,2526-3,anon_293,1,4,6.267580674516393,6.2781669239061255,4.5313422809420185,4.582867437111339,False
Computación Emergente,2526-3,anon_293,1,6,6.267580674516393,6.2781669239061255,4.5313422809420185,4.582867437111339,False
Computación Emergente,2526-3,anon_293,1,8,6.267580674516393,6.2781669239061255,4.5313422809420185,4.582867437111339,False
Computación Emergente,2526-3,anon_294,1,4,6.267580674516393,6.2781669239061255,4.5313422809420185,4.582867437111339,False
Computación Emergente,2526-3,anon_294,1,6,6.267580674516393,6.2781669239061255,4.5313422809420185,4.582867437111339,False
Computación Emergente,2526-3,anon_294,1,8,6.267580674516393,6.2781669239061255,4.5313422809420185,4.582867437111339,False
Computación Emergente,2526-3,anon_295,1,4,4.314501672821217,4.146204017188705,4.5313422809420185,3.408812881461347,True
Computación Emergente,2526-3,anon_295,1,6,4.314501672821217,4.146204017188705,4.5313422809420185,3.408812881461347,True
Computación Emergente,2526-3,anon_295,1,8,4.314501672821217,0.0,3.464566107467663,8.054643211459819,True
Computación Emergente,2526-3,anon_296,1,4,6.267580674516393,6.2781669239061255,4.5313422809420185,4.582867437111339,False
Computación Emergente,2526-3,anon_296,1,6,6.267580674516393,6.2781669239061255,4.5313422809420185,4.582867437111339,False
Computación Emergente,2526-3,anon_296,1,8,6.267580674516393,6.2781669239061255,4.5313422809420185,4.582867437111339,False
Computación Emergente,2526-3,anon_297,1,4,0.0,1.0015045462620522,7.999284838872468,7.320805696254331,True
Computación Emergente,2526-3,anon_297,1,6,1.0015045462620522,4.146204017188705,2.0723333576105807,3.831347008870422,False
Computación Emergente,2526-3,anon_297,1,8,1.1058698003027896,0.0,0.0,0.0,False
Computación Emergente,2526-3,anon_298,1,4,3.0799236380777426,6.2781669239061255,2.0723333576105807,3.9041274733582423,False
Computación Emergente,2526-3,anon_298,1,6,6.267580674516393,6.2781669239061255,4.5313422809420185,4.582867437111339,False
Computación Emergente,2526-3,anon_298,1,8,3.0799236380777426,6.2781669239061255,2.0723333576105807,3.9041274733582423,False
Computación Emergente,2526-3,anon_299,1,4,6.267580674516393,6.2781669239061255,4.5313422809420185,4.582867437111339,False
Computación Emergente,2526-3,anon_299,1,6,6.267580674516393,6.2781669239061255,4.5313422809420185,4.582867437111339,False
Computación Emergente,2526-3,anon_299,1,8,6.267580674516393,6.2781669239061255,4.5313422809420185,4.582867437111339,False
Computación Emergente,2526-3,anon_300,1,4,0.0,0.0,0.0,0.0,False
Computación Emergente,2526-3,anon_300,1,6,7.999284838872468,7.530810909199573,2.9994686282575547,4.105338428560344,False
Computación Emergente,2526-3,anon_300,1,8,7.995908388409681,0.0,1.1058698003027896,0.0,False
Computación Emergente,2526-3,anon_301,1,4,6.382174367975473,7.999284838872468,5.0472321460922505,5.0472321460922505,False
Computación Emergente,2526-3,anon_301,1,6,7.995908388409681,7.530810909199573,4.5313422809420185,4.5313422809420185,False
Computación Emergente,2526-3,anon_301,1,8,6.382174367975473,9.627024548555497,2.120477025712513,3.2320767213536596,False
Computación Emergente,2526-3,anon_302,1,4,7.995908388409681,7.530810909199573,4.5313422809420185,4.5313422809420185,False
Computación Emergente,2526-3,anon_302,1,6,7.995908388409681,7.530810909199573,4.5313422809420185,4.5313422809420185,False
Computación Emergente,2526-3,anon_302,1,8,7.995908388409681,7.530810909199573,4.5313422809420185,4.5313422809420185,False
Computación Emergente,2526-3,anon_303,1,4,1.1058698003027896,0.0,0.0,0.0,False
Computación Emergente,2526-3,anon_303,1,6,4.314501672821217,4.146204017188705,4.5313422809420185,3.408812881461347,True
Computación Emergente,2526-3,anon_303,1,8,0.0,1.0015045462620522,7.999284838872468,7.320805696254331,True
Computación Emergente,2526-3,anon_174,1,4,6.267580674516393,6.2781669239061255,4.5313422809420185,4.582867437111339,False
Computación Emergente,2526-3,anon_174,1,6,6.267580674516393,6.2781669239061255,4.5313422809420185,4.582867437111339,False
Computación Emergente,2526-3,anon_174,1,8,6.267580674516393,6.2781669239061255,4.5313422809420185,4.582867437111339,False
Computación Emergente,2526-3,anon_304,1,4,4.314501672821217,4.146204017188705,4.5313422809420185,3.408812881461347,True
Computación Emergente,2526-3,anon_304,1,6,4.314501672821217,4.146204017188705,4.5313422809420185,3.408812881461347,True
Computación Emergente,2526-3,anon_304,1,8,4.314501672821217,4.146204017188705,4.5313422809420185,3.408812881461347,True
Computación Emergente,2526-3,anon_305,1,4,0.0,0.0,7.999284838872468,8.040731910576469,True
Computación Emergente,2526-3,anon_305,1,6,1.0015045462620522,4.146204017188705,2.0723333576105807,3.831347008870422,False
Computación Emergente,2526-3,anon_305,1,8,0.0,4.146204017188705,2.9994686282575547,7.999284838872468,True
Computación Emergente,2526-3,anon_306,1,4,4.314501672821217,1.0015045462620522,2.533428501042899,2.00337506514283,False
Computación Emergente,2526-3,anon_306,1,6,1.0015045462620522,4.146204017188705,2.0723333576105807,3.831347008870422,False
Computación Emergente,2526-3,anon_306,1,8,0.0,0.0,7.999284838872468,8.040731910576469,True
Computación Emergente,2526-3,anon_307,1,4,6.267580674516393,6.2781669239061255,4.5313422809420185,4.582867437111339,False
Computación Emergente,2526-3,anon_307,1,6,6.267580674516393,6.2781669239061255,4.5313422809420185,4.582867437111339,False
Computación Emergente,2526-3,anon_307,1,8,6.267580674516393,6.2781669239061255,4.5313422809420185,4.582867437111339,False
Computación Emergente,2526-3,anon_308,1,4,0.0,1.038021642023618,0.0,0.0,False
Computación Emergente,2526-3,anon_308,1,6,6.267580674516393,6.2781669239061255,4.5313422809420185,4.582867437111339,False
Computación Emergente,2526-3,anon_308,1,8,2.057285551818423,6.2781669239061255,2.9994686282575547,2.0537323816080297,False
Computación Emergente,2526-3,anon_309,1,4,6.267580674516393,6.2781669239061255,4.5313422809420185,4.582867437111339,False
Computación Emergente,2526-3,anon_309,1,6,6.267580674516393,6.2781669239061255,4.5313422809420185,4.582867437111339,False
Computación Emergente,2526-3,anon_309,1,8,6.267580674516393,2.057285551818423,3.464566107467663,2.043146132218297,False
Computación Emergente,2526-3,anon_310,1,4,0.0,1.038021642023618,0.0,0.0,False
Computación Emergente,2526-3,anon_310,1,6,6.267580674516393,6.2781669239061255,4.5313422809420185,4.582867437111339,False
Computación Emergente,2526-3,anon_310,1,8,6.267580674516393,6.2781669239061255,4.5313422809420185,4.582867437111339,False
Computación Emergente,2526-3,anon_311,1,4,6.267580674516393,6.2781669239061255,4.5313422809420185,4.582867437111339,False
Computación Emergente,2526-3,anon_311,1,6,6.267580674516393,6.2781669239061255,4.5313422809420185,4.582867437111339,False
Computación Emergente,2526-3,anon_311,1,8,6.267580674516393,6.2781669239061255,4.5313422809420185,4.582867437111339,False
Computación Emergente,2526-3,anon_312,1,4,1.0015045462620522,0.0,5.0472321460922505,7.2121381144858105,True
Computación Emergente,2526-3,anon_312,1,6,4.314501672821217,4.146204017188705,4.5313422809420185,3.408812881461347,True
Computación Emergente,2526-3,anon_312,1,8,1.0015045462620522,1.0015045462620522,2.120477025712513,5.875696437968092,True
Computación Emergente,2526-3,anon_313,1,4,6.267580674516393,6.2781669239061255,4.5313422809420185,4.582867437111339,False
Computación Emergente,2526-3,anon_313,1,6,6.267580674516393,6.2781669239061255,4.5313422809420185,4.582867437111339,False
Computación Emergente,2526-3,anon_313,1,8,6.267580674516393,6.2781669239061255,4.5313422809420185,4.582867437111339,False
Computación Emergente,2526-3,anon_314,1,4,7.995908388409681,9.627024548555497,2.533428501042899,2.16265024962034,False
Computación Emergente,2526-3,anon_314,1,6,7.995908388409681,7.530810909199573,4.5313422809420185,4.5313422809420185,False
Computación Emergente,2526-3,anon_314,1,8,7.995908388409681,7.530810909199573,4.5313422809420185,4.5313422809420185,False
Computación Emergente,2526-3,anon_315,1,4,6.267580674516393,1.038021642023618,2.533428501042899,3.9020993551902636,False
Computación Emergente,2526-3,anon_315,1,6,6.267580674516393,6.2781669239061255,4.5313422809420185,4.582867437111339,False
Computación Emergente,2526-3,anon_315,1,8,6.267580674516393,6.2781669239061255,4.5313422809420185,4.582867437111339,False
Computación Emergente,2526-3,anon_316,1,4,1.0015045462620522,1.0015045462620522,2.120477025712513,5.875696437968092,True
Computación Emergente,2526-3,anon_316,1,6,4.314501672821217,4.146204017188705,4.5313422809420185,3.408812881461347,True
Computación Emergente,2526-3,anon_316,1,8,0.0,4.146204017188705,2.9994686282575547,7.999284838872468,True
Computación Emergente,2526-3,anon_317,1,4,4.314501672821217,4.146204017188705,4.5313422809420185,3.408812881461347,True
Computación Emergente,2526-3,anon_317,1,6,4.314501672821217,4.146204017188705,4.5313422809420185,3.408812881461347,True
Computación Emergente,2526-3,anon_317,1,8,4.314501672821217,4.146204017188705,4.5313422809420185,3.408812881461347,True
Computación Emergente,2526-3,anon_318,1,4,7.995908388409681,7.530810909199573,4.5313422809420185,4.5313422809420185,False
Computación Emergente,2526-3,anon_318,1,6,7.995908388409681,7.530810909199573,4.5313422809420185,4.5313422809420185,False
Computación Emergente,2526-3,anon_318,1,8,7.995908388409681,7.530810909199573,4.5313422809420185,4.5313422809420185,False
Computación Emergente,2526-3,anon_319,1,4,6.267580674516393,2.057285551818423,3.464566107467663,2.043146132218297,False
Computación Emergente,2526-3,anon_319,1,6,3.0799236380777426,6.2781669239061255,2.0723333576105807,3.9041274733582423,False
Computación Emergente,2526-3,anon_319,1,8,0.0,0.0,0.0,0.0,False
Computación Emergente,2526-3,anon_320,1,4,6.382174367975473,7.530810909199573,2.0723333576105807,2.3855265264536785,False
Computación Emergente,2526-3,anon_320,1,6,7.995908388409681,7.530810909199573,4.5313422809420185,4.5313422809420185,False
Computación Emergente,2526-3,anon_320,1,8,7.995908388409681,9.627024548555497,2.533428501042899,2.16265024962034,False
Computación Emergente,2526-3,anon_321,1,4,6.267580674516393,6.2781669239061255,4.5313422809420185,4.582867437111339,False
Computación Emergente,2526-3,anon_321,1,6,6.267580674516393,6.2781669239061255,4.5313422809420185,4.582867437111339,False
Computación Emergente,2526-3,anon_321,1,8,6.267580674516393,6.2781669239061255,4.5313422809420185,4.582867437111339,False
Estructura de Datos,2425-3,anon_322,2,4,3.181577185700898,0.4955044955044956,13.767779625219072,5.463281355322879,True
Estructura de Datos,2425-3,anon_322,2,6,3.181577185700898,0.4955044955044956,13.767779625219072,5.463281355322879,True
Estructura de Datos,2425-3,anon_322,2,8,3.181577185700898,0.4955044955044956,13.767779625219072,5.463281355322879,True
Estructura de Datos,2425-3,anon_323,2,4,4.275457169475338,4.33641292163059,16.71743655646835,16.71743655646835,True
Estructura de Datos,2425-3,anon_323,2,6,3.181577185700898,0.4955044955044956,13.767779625219072,5.463281355322879,True
Estructura de Datos,2425-3,anon_323,2,8,3.181577185700898,4.483598875351453,16.85473289597001,16.85473289597001,True
Estructura de Datos,2425-3,anon_324,2,4,19.121014645845026,19.19186001221948,0.9951155941112235,5.447858935575915,False
Estructura de Datos,2425-3,anon_324,2,6,19.121014645845026,19.19186001221948,0.9951155941112235,5.447858935575915,False
Estructura de Datos,2425-3,anon_324,2,8,19.121014645845026,19.19186001221948,0.9951155941112235,5.447858935575915,False
Estructura de Datos,2425-3,anon_037,2,4,13.673155710269112,12.139364850380172,10.553376463902685,3.3513880339313875,False
Estructura de Datos,2425-3,anon_037,2,6,12.139364850380172,12.139364850380172,0.9951155941112235,4.612980354047491,False
Estructura de Datos,2425-3,anon_037,2,8,12.139364850380172,12.139364850380172,0.9951155941112235,4.612980354047491,False
Estructura de Datos,2425-3,anon_325,2,4,4.035087903494482,4.33641292163059,0.9951155941112235,4.5305923989989765,True
Estructura de Datos,2425-3,anon_325,2,6,4.035087903494482,4.33641292163059,0.9951155941112235,4.5305923989989765,True
Estructura de Datos,2425-3,anon_325,2,8,4.035087903494482,4.33641292163059,0.9951155941112235,4.5305923989989765,True
Estructura de Datos,2425-3,anon_326,2,4,4.035087903494482,4.33641292163059,0.9951155941112235,4.5305923989989765,True
Estructura de Datos,2425-3,anon_326,2,6,4.035087903494482,4.33641292163059,0.9951155941112235,4.5305923989989765,True
Estructura de Datos,2425-3,anon_326,2,8,4.035087903494482,4.33641292163059,0.9951155941112235,4.5305923989989765,True
Estructura de Datos,2425-3,anon_327,2,4,4.275457169475338,4.681147936021169,12.371134020618557,4.483598875351453,True
Estructura de Datos,2425-3,anon_327,2,6,3.181577185700898,4.33641292163059,10.553376463902685,6.3264083952981185,True
Estructura de Datos,2425-3,anon_327,2,8,3.181577185700898,4.681147936021169,16.85473289597001,1.3020216896505552,True
Estructura de Datos,2425-3,anon_328,2,4,12.371134020618557,13.744001076643565,12.371134020618557,1.3020216896505552,False
Estructura de Datos,2425-3,anon_328,2,6,13.673155710269112,12.139364850380172,10.553376463902685,3.3513880339313875,False
Estructura de Datos,2425-3,anon_328,2,8,12.139364850380172,12.139364850380172,0.9951155941112235,4.612980354047491,False
Estructura de Datos,2425-3,anon_329,2,4,0.1941794773683867,4.483598875351453,13.767779625219072,1.3020216896505552,True
Estructura de Datos,2425-3,anon_329,2,6,4.035087903494482,0.4955044955044956,10.028687156998846,1.8042724115262958,True
Estructura de Datos,2425-3,anon_329,2,8,4.035087903494482,4.33641292163059,0.9951155941112235,4.5305923989989765,True
Estructura de Datos,2425-3,anon_330,2,4,13.744001076643565,6.1467712139364306,13.744001076643565,13.673155710269112,False
Estructura de Datos,2425-3,anon_330,2,6,13.673155710269112,12.139364850380172,10.553376463902685,3.3513880339313875,False
Estructura de Datos,2425-3,anon_330,2,8,12.139364850380172,12.139364850380172,0.9951155941112235,4.612980354047491,False
Estructura de Datos,2425-3,anon_331,2,4,9.985861212847373,9.02774977447578,0.9951155941112235,5.525707993110201,False
Estructura de Datos,2425-3,anon_331,2,6,9.985861212847373,9.02774977447578,0.9951155941112235,5.525707993110201,False
Estructura de Datos,2425-3,anon_331,2,8,9.985861212847373,9.02774977447578,0.9951155941112235,5.525707993110201,False
Estructura de Datos,2425-3,anon_011,2,4,4.035087903494482,4.33641292163059,0.9951155941112235,4.5305923989989765,True
Estructura de Datos,2425-3,anon_011,2,6,4.035087903494482,4.33641292163059,0.9951155941112235,4.5305923989989765,True
Estructura de Datos,2425-3,anon_011,2,8,4.035087903494482,4.33641292163059,0.9951155941112235,4.5305923989989765,True
Estructura de Datos,2425-3,anon_332,2,4,19.121014645845026,19.19186001221948,0.9951155941112235,5.447858935575915,False
Estructura de Datos,2425-3,anon_332,2,6,19.121014645845026,19.19186001221948,0.9951155941112235,5.447858935575915,False
Estructura de Datos,2425-3,anon_332,2,8,19.121014645845026,19.19186001221948,0.9951155941112235,5.447858935575915,False
Estructura de Datos,2425-3,anon_333,2,4,13.673155710269112,15.38984592690294,10.553376463902685,7.526384496332682,False
Estructura de Datos,2425-3,anon_333,2,6,18.47103033969088,15.38984592690294,0.9951155941112235,5.212004029286695,False
Estructura de Datos,2425-3,anon_333,2,8,13.673155710269112,15.38984592690294,10.553376463902685,7.526384496332682,False
Estructura de Datos,2425-3,anon_301,2,4,13.744001076643565,4.234596963724723,13.673155710269112,13.673155710269112,False
Estructura de Datos,2425-3,anon_301,2,6,13.767779625219072,13.767779625219072,16.85473289597001,1.7763568394002505e-15,True
Estructura de Datos,2425-3,anon_301,2,8,13.767779625219072,19.19186001221948,10.553376463902685,1.2240327146901553,False
Estructura de Datos,2425-3,anon_334,2,4,4.035087903494482,4.33641292163059,0.9951155941112235,4.5305923989989765,True
Estructura de Datos,2425-3,anon_334,2,6,4.035087903494482,4.33641292163059,0.9951155941112235,4.5305923989989765,True
Estructura de Datos,2425-3,anon_334,2,8,3.181577185700898,4.33641292163059,10.553376463902685,6.3264083952981185,True
Estructura de Datos,2425-3,anon_335,2,4,18.47103033969088,15.38984592690294,0.9951155941112235,5.212004029286695,False
Estructura de Datos,2425-3,anon_335,2,6,13.673155710269112,15.38984592690294,10.553376463902685,7.526384496332682,False
Estructura de Datos,2425-3,anon_335,2,8,18.47103033969088,15.38984592690294,0.9951155941112235,5.212004029286695,False
Estructura de Datos,2425-3,anon_336,2,4,13.673155710269112,12.139364850380172,10.553376463902685,3.3513880339313875,False
Estructura de Datos,2425-3,anon_336,2,6,12.139364850380172,12.139364850380172,0.9951155941112235,4.612980354047491,False
Estructura de Datos,2425-3,anon_336,2,8,12.139364850380172,12.139364850380172,0.9951155941112235,4.612980354047491,False
Estructura de Datos,2425-3,anon_337,2,4,13.767779625219072,19.19186001221948,10.553376463902685,1.2240327146901553,False
Estructura de Datos,2425-3,anon_337,2,6,19.121014645845026,19.19186001221948,0.9951155941112235,5.447858935575915,False
Estructura de Datos,2425-3,anon_337,2,8,19.121014645845026,19.19186001221948,0.9951155941112235,5.447858935575915,False
Estructura de Datos,2425-3,anon_338,2,4,9.985861212847373,9.02774977447578,0.9951155941112235,5.525707993110201,False
Estructura de Datos,2425-3,anon_338,2,6,9.985861212847373,9.02774977447578,0.9951155941112235,5.525707993110201,False
Estructura de Datos,2425-3,anon_338,2,8,9.985861212847373,9.02774977447578,0.9951155941112235,5.525707993110201,False
Estructura de Datos,2425-3,anon_339,2,4,4.035087903494482,4.33641292163059,0.9951155941112235,4.5305923989989765,True
Estructura de Datos,2425-3,anon_339,2,6,4.035087903494482,4.33641292163059,0.9951155941112235,4.5305923989989765,True
Estructura de Datos,2425-3,anon_339,2,8,3.181577185700898,4.33641292163059,10.553376463902685,6.3264083952981185,True
Estructura de Datos,2425-3,anon_340,2,4,4.035087903494482,4.33641292163059,0.9951155941112235,4.5305923989989765,True
Estructura de Datos,2425-3,anon_340,2,6,4.035087903494482,4.33641292163059,0.9951155941112235,4.5305923989989765,True
Estructura de Datos,2425-3,anon_340,2,8,4.035087903494482,4.33641292163059,0.9951155941112235,4.5305923989989765,True
Estructura de Datos,2425-3,anon_341,2,4,9.985861212847373,9.02774977447578,0.9951155941112235,5.525707993110201,False
Estructura de Datos,2425-3,anon_341,2,6,9.985861212847373,9.02774977447578,0.9951155941112235,5.525707993110201,False
Estructura de Datos,2425-3,anon_341,2,8,9.985861212847373,9.02774977447578,0.9951155941112235,5.525707993110201,False
Estructura de Datos,2425-3,anon_342,2,4,19.121014645845026,19.19186001221948,0.9951155941112235,5.447858935575915,False
Estructura de Datos,2425-3,anon_342,2,6,19.121014645845026,19.19186001221948,0.9951155941112235,5.447858935575915,False
Estructura de Datos,2425-3,anon_342,2,8,19.121014645845026,19.19186001221948,0.9951155941112235,5.447858935575915,False
Estructura de Datos,2425-3,anon_050,2,4,4.035087903494482,4.33641292163059,0.9951155941112235,4.5305923989989765,True
Estructura de Datos,2425-3,anon_050,2,6,4.035087903494482,4.33641292163059,0.9951155941112235,4.5305923989989765,True
Estructura de Datos,2425-3,anon_050,2,8,4.035087903494482,4.33641292163059,0.9951155941112235,4.5305923989989765,True
Estructura de Datos,2425-3,anon_052,2,4,12.139364850380172,13.744001076643565,18.75714875370877,5.429174638186771,True
Estructura de Datos,2425-3,anon_052,2,6,13.673155710269112,12.139364850380172,10.553376463902685,3.3513880339313875,False
Estructura de Datos,2425-3,anon_052,2,8,12.139364850380172,12.139364850380172,0.9951155941112235,4.612980354047491,False
Estructura de Datos,2425-3,anon_343,2,4,4.035087903494482,4.33641292163059,0.9951155941112235,4.5305923989989765,True
Estructura de Datos,2425-3,anon_343,2,6,4.035087903494482,4.33641292163059,0.9951155941112235,4.5305923989989765,True
Estructura de Datos,2425-3,anon_343,2,8,4.035087903494482,4.33641292163059,0.9951155941112235,4.5305923989989765,True
Estructura de Datos,2425-3,anon_344,2,4,18.47103033969088,15.38984592690294,0.9951155941112235,5.212004029286695,False
Estructura de Datos,2425-3,anon_344,2,6,18.47103033969088,15.38984592690294,0.9951155941112235,5.212004029286695,False
Estructura de Datos,2425-3,anon_344,2,8,18.47103033969088,15.38984592690294,0.9951155941112235,5.212004029286695,False
Estructura de Datos,2425-3,anon_055,2,4,12.139364850380172,12.139364850380172,0.9951155941112235,4.612980354047491,False
Estructura de Datos,2425-3,anon_055,2,6,12.139364850380172,12.139364850380172,0.9951155941112235,4.612980354047491,False
Estructura de Datos,2425-3,anon_055,2,8,12.139364850380172,12.139364850380172,0.9951155941112235,4.612980354047491,False
Estructura de Datos,2425-3,anon_345,2,4,4.035087903494482,4.33641292163059,0.9951155941112235,4.5305923989989765,True
Estructura de Datos,2425-3,anon_345,2,6,4.035087903494482,0.4955044955044956,10.028687156998846,1.8042724115262958,True
Estructura de Datos,2425-3,anon_345,2,8,4.035087903494482,4.33641292163059,0.9951155941112235,4.5305923989989765,True
Estructura de Datos,2526-1,anon_346,2,4,9.865284974093264,3.015530484287865,5.136544235964383,0.6231507516375814,False
Estructura de Datos,2526-1,anon_346,2,6,9.865284974093264,3.015530484287865,5.136544235964383,0.6231507516375814,False
Estructura de Datos,2526-1,anon_346,2,8,9.865284974093264,3.015530484287865,5.136544235964383,0.6231507516375814,False
Estructura de Datos,2526-1,anon_347,2,4,10.168165531250246,10.168165531250246,5.136544235964383,4.505603560995966,False
Estructura de Datos,2526-1,anon_347,2,6,10.168165531250246,10.168165531250246,5.136544235964383,4.505603560995966,False
Estructura de Datos,2526-1,anon_347,2,8,10.168165531250246,15.510618740012152,6.837602935002428,4.399078392956557,False
Estructura de Datos,2526-1,anon_348,2,4,10.168165531250246,10.168165531250246,5.136544235964383,4.505603560995966,False
Estructura de Datos,2526-1,anon_348,2,6,10.168165531250246,10.168165531250246,5.136544235964383,4.505603560995966,False
Estructura de Datos,2526-1,anon_348,2,8,10.168165531250246,10.168165531250246,5.136544235964383,4.505603560995966,False
Estructura de Datos,2526-1,anon_349,2,4,9.865284974093264,3.015530484287865,5.136544235964383,0.6231507516375814,False
Estructura de Datos,2526-1,anon_349,2,6,9.865284974093264,3.015530484287865,5.136544235964383,0.6231507516375814,False
Estructura de Datos,2526-1,anon_349,2,8,9.865284974093264,3.015530484287865,5.136544235964383,0.6231507516375814,False
Estructura de Datos,2526-1,anon_324,2,4,19.764705882352942,19.70027888778916,5.136544235964383,5.268338509828023,False
Estructura de Datos,2526-1,anon_324,2,6,19.764705882352942,19.70027888778916,5.136544235964383,5.268338509828023,False
Estructura de Datos,2526-1,anon_324,2,8,19.764705882352942,19.70027888778916,5.136544235964383,5.268338509828023,False
Estructura de Datos,2526-1,anon_350,2,4,10.374073773748952,9.344450414229952,5.136544235964383,5.759694987601964,False
Estructura de Datos,2526-1,anon_350,2,6,10.374073773748952,9.344450414229952,5.136544235964383,5.759694987601964,False
Estructura de Datos,2526-1,anon_350,2,8,10.374073773748952,9.344450414229952,5.136544235964383,5.759694987601964,False
Estructura de Datos,2526-1,anon_351,2,4,10.168165531250246,10.168165531250246,5.136544235964383,4.505603560995966,False
Estructura de Datos,2526-1,anon_351,2,6,10.168165531250246,10.168165531250246,5.136544235964383,4.505603560995966,False
Estructura de Datos,2526-1,anon_351,2,8,10.168165531250246,10.168165531250246,5.136544235964383,4.505603560995966,False
Estructura de Datos,2526-1,anon_352,2,4,12.87881568096107,15.045368478433423,5.136544235964383,5.4920113722820645,False
Estructura de Datos,2526-1,anon_352,2,6,12.87881568096107,15.045368478433423,5.136544235964383,5.4920113722820645,False
Estructura de Datos,2526-1,anon_352,2,8,12.87881568096107,15.045368478433423,5.136544235964383,5.4920113722820645,False
Estructura de Datos,2526-1,anon_353,2,4,9.865284974093264,11.40922026070815,6.837602935002428,0.19675272824061718,False
Estructura de Datos,2526-1,anon_353,2,6,9.865284974093264,3.015530484287865,5.136544235964383,0.6231507516375814,False
Estructura de Datos,2526-1,anon_353,2,8,9.865284974093264,3.015530484287865,5.136544235964383,0.6231507516375814,False
Estructura de Datos,2526-1,anon_354,2,4,10.168165531250246,10.168165531250246,5.136544235964383,4.505603560995966,False
Estructura de Datos,2526-1,anon_354,2,6,10.168165531250246,10.168165531250246,5.136544235964383,4.505603560995966,False
Estructura de Datos,2526-1,anon_354,2,8,10.168165531250246,10.168165531250246,5.136544235964383,4.505603560995966,False
Estructura de Datos,2526-1,anon_355,2,4,10.168165531250246,10.168165531250246,5.136544235964383,4.505603560995966,False
Estructura de Datos,2526-1,anon_355,2,6,10.168165531250246,10.168165531250246,5.136544235964383,4.505603560995966,False
Estructura de Datos,2526-1,anon_355,2,8,10.168165531250246,10.168165531250246,5.136544235964383,4.505603560995966,False
Estructura de Datos,2526-1,anon_356,2,4,10.168165531250246,10.168165531250246,5.136544235964383,4.505603560995966,False
Estructura de Datos,2526-1,anon_356,2,6,10.168165531250246,10.168165531250246,5.136544235964383,4.505603560995966,False
Estructura de Datos,2526-1,anon_356,2,8,10.168165531250246,10.168165531250246,5.136544235964383,4.505603560995966,False
Estructura de Datos,2526-1,anon_012,2,4,9.865284974093264,3.015530484287865,5.136544235964383,0.6231507516375814,False
Estructura de Datos,2526-1,anon_012,2,6,9.865284974093264,3.015530484287865,5.136544235964383,0.6231507516375814,False
Estructura de Datos,2526-1,anon_012,2,8,9.865284974093264,3.015530484287865,5.136544235964383,0.6231507516375814,False
Estructura de Datos,2526-1,anon_333,2,4,12.87881568096107,15.045368478433423,5.136544235964383,5.4920113722820645,False
Estructura de Datos,2526-1,anon_333,2,6,12.87881568096107,15.045368478433423,5.136544235964383,5.4920113722820645,False
Estructura de Datos,2526-1,anon_333,2,8,12.87881568096107,15.045368478433423,5.136544235964383,5.4920113722820645,False
Estructura de Datos,2526-1,anon_357,2,4,10.374073773748952,9.344450414229952,5.136544235964383,5.759694987601964,False
Estructura de Datos,2526-1,anon_357,2,6,10.374073773748952,9.344450414229952,5.136544235964383,5.759694987601964,False
Estructura de Datos,2526-1,anon_357,2,8,10.374073773748952,9.344450414229952,5.136544235964383,5.759694987601964,False
Estructura de Datos,2526-1,anon_336,2,4,9.865284974093264,16.23821212706422,16.33740072072718,1.905460342766042,True
Estructura de Datos,2526-1,anon_336,2,6,9.865284974093264,11.40922026070815,6.837602935002428,0.19675272824061718,False
Estructura de Datos,2526-1,anon_336,2,8,9.865284974093264,16.23821212706422,16.33740072072718,1.905460342766042,True
Estructura de Datos,2526-1,anon_358,2,4,16.70934978274967,10.168165531250246,6.016275836546386,5.720823298838566,False
Estructura de Datos,2526-1,anon_358,2,6,8.79439043609154,10.168165531250246,14.431940377961139,5.662561970254279,True
Estructura de Datos,2526-1,anon_358,2,8,10.168165531250246,10.168165531250246,5.136544235964383,4.505603560995966,False
Estructura de Datos,2526-1,anon_359,2,4,10.374073773748952,9.344450414229952,5.136544235964383,5.759694987601964,False
Estructura de Datos,2526-1,anon_359,2,6,10.374073773748952,9.344450414229952,5.136544235964383,5.759694987601964,False
Estructura de Datos,2526-1,anon_359,2,8,10.374073773748952,9.344450414229952,5.136544235964383,5.759694987601964,False
Estructura de Datos,2526-1,anon_360,2,4,10.168165531250246,10.168165531250246,5.136544235964383,4.505603560995966,False
Estructura de Datos,2526-1,anon_360,2,6,10.168165531250246,10.168165531250246,5.136544235964383,4.505603560995966,False
Estructura de Datos,2526-1,anon_360,2,8,10.168165531250246,10.168165531250246,5.136544235964383,4.505603560995966,False
Estructura de Datos,2526-1,anon_361,2,4,10.374073773748952,9.344450414229952,5.136544235964383,5.759694987601964,False
Estructura de Datos,2526-1,anon_361,2,6,10.374073773748952,9.344450414229952,5.136544235964383,5.759694987601964,False
Estructura de Datos,2526-1,anon_361,2,8,10.374073773748952,9.344450414229952,5.136544235964383,5.759694987601964,False
Estructura de Datos,2526-1,anon_362,2,4,19.764705882352942,19.70027888778916,5.136544235964383,5.268338509828023,False
Estructura de Datos,2526-1,anon_362,2,6,19.764705882352942,19.70027888778916,5.136544235964383,5.268338509828023,False
Estructura de Datos,2526-1,anon_362,2,8,19.764705882352942,19.70027888778916,5.136544235964383,5.268338509828023,False
Estructura de Datos,2526-1,anon_363,2,4,10.168165531250246,10.168165531250246,5.136544235964383,4.505603560995966,False
Estructura de Datos,2526-1,anon_363,2,6,10.168165531250246,10.168165531250246,5.136544235964383,4.505603560995966,False
Estructura de Datos,2526-1,anon_363,2,8,10.168165531250246,10.168165531250246,5.136544235964383,4.505603560995966,False
Estructura de Datos,2526-1,anon_342,2,4,19.764705882352942,0.09918859366296218,14.431940377961139,14.431940377961139,False
Estructura de Datos,2526-1,anon_342,2,6,19.764705882352942,19.70027888778916,5.136544235964383,5.268338509828023,False
Estructura de Datos,2526-1,anon_342,2,8,19.764705882352942,19.70027888778916,5.136544235964383,5.268338509828023,False
Estructura de Datos,2526-1,anon_364,2,4,17.95664788819428,15.045368478433423,6.016275836546386,3.623896103896103,False
Estructura de Datos,2526-1,anon_364,2,6,8.414373170082513,15.045368478433423,14.431940377961139,8.414373170082513,False
Estructura de Datos,2526-1,anon_364,2,8,12.87881568096107,6.695384615384613,14.431940377961139,6.695384615384613,True
Estructura de Datos,2526-1,anon_365,2,4,10.374073773748952,9.344450414229952,5.136544235964383,5.759694987601964,False
Estructura de Datos,2526-1,anon_365,2,6,10.374073773748952,9.344450414229952,5.136544235964383,5.759694987601964,False
Estructura de Datos,2526-1,anon_365,2,8,10.374073773748952,9.344450414229952,5.136544235964383,5.759694987601964,False
Estructura de Datos,2526-1,anon_366,2,4,10.168165531250246,10.168165531250246,5.136544235964383,4.505603560995966,False
Estructura de Datos,2526-1,anon_366,2,6,8.79439043609154,10.168165531250246,14.431940377961139,5.662561970254279,True
Estructura de Datos,2526-1,anon_366,2,8,10.168165531250246,10.168165531250246,5.136544235964383,4.505603560995966,False
Estructura de Datos,2526-1,anon_367,2,4,12.154450085996478,3.015530484287865,6.016275836546386,2.3923797326502836,False
Estructura de Datos,2526-1,anon_367,2,6,12.82791435368755,11.40922026070815,14.456952406345819,11.212467532467533,True
Estructura de Datos,2526-1,anon_367,2,8,9.865284974093264,11.40922026070815,6.837602935002428,0.19675272824061718,False
Estructura de Datos,2526-1,anon_368,2,4,10.168165531250246,10.168165531250246,5.136544235964383,4.505603560995966,False
Estructura de Datos,2526-1,anon_368,2,6,10.168165531250246,10.168165531250246,5.136544235964383,4.505603560995966,False
Estructura de Datos,2526-1,anon_368,2,8,10.168165531250246,10.168165531250246,5.136544235964383,4.505603560995966,False
Estructura de Datos,2526-1,anon_369,2,4,9.865284974093264,3.015530484287865,5.136544235964383,0.6231507516375814,False
Estructura de Datos,2526-1,anon_369,2,6,9.865284974093264,3.015530484287865,5.136544235964383,0.6231507516375814,False
Estructura de Datos,2526-1,anon_369,2,8,9.865284974093264,3.015530484287865,5.136544235964383,0.6231507516375814,False
Estructura de Datos,2526-1,anon_060,2,4,16.70934978274967,10.168165531250246,6.016275836546386,5.720823298838566,False
Estructura de Datos,2526-1,anon_060,2,6,10.168165531250246,15.510618740012152,6.837602935002428,4.399078392956557,False
Estructura de Datos,2526-1,anon_060,2,8,10.168165531250246,10.168165531250246,5.136544235964383,4.505603560995966,False
Estructura de Datos,2526-2,anon_031,2,4,0.0,0.0,0.0,2.189832313015705,True
Estructura de Datos,2526-2,anon_031,2,6,1.7763568394002505e-15,0.0,0.0,5.601781788178961,True
Estructura de Datos,2526-2,anon_031,2,8,1.7763568394002505e-15,0.0,0.0,5.601781788178961,True
Estructura de Datos,2526-2,anon_347,2,4,0.0,0.0,0.0,2.189832313015705,True
Estructura de Datos,2526-2,anon_347,2,6,0.0,1.7763568394002505e-15,0.0,7.592643531105068,True
Estructura de Datos,2526-2,anon_347,2,8,1.7763568394002505e-15,0.0,0.0,5.601781788178961,True
Estructura de Datos,2526-2,anon_064,2,4,1.7763568394002505e-15,0.0,0.0,4.392294338146009,True
Estructura de Datos,2526-2,anon_064,2,6,1.7763568394002505e-15,0.0,0.0,4.392294338146009,True
Estructura de Datos,2526-2,anon_064,2,8,1.7763568394002505e-15,0.0,0.0,4.392294338146009,True
Estructura de Datos,2526-2,anon_067,2,4,0.0,0.0,0.0,2.6305632889668593,True
Estructura de Datos,2526-2,anon_067,2,6,0.0,0.0,0.0,2.6305632889668593,True
Estructura de Datos,2526-2,anon_067,2,8,1.7763568394002505e-15,0.0,0.0,4.392294338146009,True
Estructura de Datos,2526-2,anon_370,2,4,0.0,1.7763568394002505e-15,0.0,13.150737345556,True
Estructura de Datos,2526-2,anon_370,2,6,0.0,0.0,0.0,9.11856143856144,True
Estructura de Datos,2526-2,anon_370,2,8,0.0,1.7763568394002505e-15,0.0,0.0,False
Estructura de Datos,2526-2,anon_371,2,4,1.7763568394002505e-15,0.0,0.0,4.392294338146009,True
Estructura de Datos,2526-2,anon_371,2,6,0.0,0.0,0.0,3.0661093819475305,True
Estructura de Datos,2526-2,anon_371,2,8,1.7763568394002505e-15,0.0,0.0,4.392294338146009,True
Estructura de Datos,2526-2,anon_372,2,4,1.7763568394002505e-15,0.0,0.0,4.90007643499802,True
Estructura de Datos,2526-2,anon_372,2,6,1.7763568394002505e-15,1.7763568394002505e-15,0.0,8.528782828956139,True
Estructura de Datos,2526-2,anon_372,2,8,1.7763568394002505e-15,0.0,0.0,4.90007643499802,True
Estructura de Datos,2526-2,anon_373,2,4,1.7763568394002505e-15,0.0,0.0,5.601781788178961,True
Estructura de Datos,2526-2,anon_373,2,6,1.7763568394002505e-15,0.0,0.0,5.601781788178961,True
Estructura de Datos,2526-2,anon_373,2,8,1.7763568394002505e-15,0.0,0.0,0.8035073734555604,True
Estructura de Datos,2526-2,anon_355,2,4,1.7763568394002505e-15,0.0,0.0,5.601781788178961,True
Estructura de Datos,2526-2,anon_355,2,6,1.7763568394002505e-15,0.0,0.0,5.601781788178961,True
Estructura de Datos,2526-2,anon_355,2,8,1.7763568394002505e-15,0.0,0.0,5.601781788178961,True
Estructura de Datos,2526-2,anon_374,2,4,1.7763568394002505e-15,0.0,0.0,4.392294338146009,True
Estructura de Datos,2526-2,anon_374,2,6,1.7763568394002505e-15,0.0,0.0,4.392294338146009,True
Estructura de Datos,2526-2,anon_374,2,8,1.7763568394002505e-15,0.0,0.0,4.392294338146009,True
Estructura de Datos,2526-2,anon_205,2,4,1.7763568394002505e-15,0.0,0.0,4.90007643499802,True
Estructura de Datos,2526-2,anon_205,2,6,1.7763568394002505e-15,0.0,0.0,4.90007643499802,True
Estructura de Datos,2526-2,anon_205,2,8,1.7763568394002505e-15,0.0,0.0,4.90007643499802,True
Estructura de Datos,2526-2,anon_360,2,4,1.7763568394002505e-15,0.0,0.0,5.601781788178961,True
Estructura de Datos,2526-2,anon_360,2,6,1.7763568394002505e-15,0.0,0.0,5.601781788178961,True
Estructura de Datos,2526-2,anon_360,2,8,1.7763568394002505e-15,0.0,0.0,5.601781788178961,True
Estructura de Datos,2526-2,anon_375,2,4,1.7763568394002505e-15,0.0,0.0,4.392294338146009,True
Estructura de Datos,2526-2,anon_375,2,6,1.7763568394002505e-15,0.0,0.0,4.392294338146009,True
Estructura de Datos,2526-2,anon_375,2,8,1.7763568394002505e-15,0.0,0.0,4.392294338146009,True
Estructura de Datos,2526-2,anon_077,2,4,1.7763568394002505e-15,0.0,0.0,4.392294338146009,True
Estructura de Datos,2526-2,anon_077,2,6,1.7763568394002505e-15,0.0,0.0,4.392294338146009,True
Estructura de Datos,2526-2,anon_077,2,8,1.7763568394002505e-15,0.0,0.0,4.392294338146009,True
Estructura de Datos,2526-2,anon_080,2,4,0.0,0.0,0.0,2.6305632889668593,True
Estructura de Datos,2526-2,anon_080,2,6,0.0,1.7763568394002505e-15,0.0,1.4578905630452024,True
Estructura de Datos,2526-2,anon_080,2,8,1.7763568394002505e-15,0.0,0.0,4.392294338146009,True
Estructura de Datos,2526-2,anon_376,2,4,0.0,0.0,0.0,2.6305632889668593,True
Estructura de Datos,2526-2,anon_376,2,6,1.7763568394002505e-15,0.0,0.0,4.392294338146009,True
Estructura de Datos,2526-2,anon_376,2,8,1.7763568394002505e-15,0.0,0.0,4.392294338146009,True
Estructura de Datos,2526-2,anon_377,2,4,1.7763568394002505e-15,0.0,0.0,5.601781788178961,True
Estructura de Datos,2526-2,anon_377,2,6,1.7763568394002505e-15,1.7763568394002505e-15,0.0,4.2760544062178525,True
Estructura de Datos,2526-2,anon_377,2,8,1.7763568394002505e-15,0.0,0.0,5.601781788178961,True
Estructura de Datos,2526-2,anon_087,2,4,1.7763568394002505e-15,0.0,0.0,4.392294338146009,True
Estructura de Datos,2526-2,anon_087,2,6,1.7763568394002505e-15,0.0,0.0,4.392294338146009,True
Estructura de Datos,2526-2,anon_087,2,8,1.7763568394002505e-15,0.0,0.0,4.392294338146009,True
Estructura de Datos,2526-3,anon_004,2,4,9.98362326714171,12.076742626118953,4.072899119445712,5.069773304279613,False
Estructura de Datos,2526-3,anon_004,2,6,17.262140825678085,12.076742626118953,15.147923416789396,15.22641006661732,False
Estructura de Datos,2526-3,anon_004,2,8,9.98362326714171,12.076742626118953,4.072899119445712,5.069773304279613,False
Estructura de Datos,2526-3,anon_349,2,4,17.262140825678085,15.252753336628768,15.147923416789396,8.032062445326694,False
Estructura de Datos,2526-3,anon_349,2,6,18.866605323146672,12.076742626118953,7.363536308980784,6.930642497625408,False
Estructura de Datos,2526-3,anon_349,2,8,18.866605323146672,12.076742626118953,7.363536308980784,6.930642497625408,False
Estructura de Datos,2526-3,anon_324,2,4,21.3329300827395,21.25444343291158,4.072899119445712,6.106520016122182,False
Estructura de Datos,2526-3,anon_324,2,6,21.3329300827395,21.25444343291158,4.072899119445712,6.106520016122182,False
Estructura de Datos,2526-3,anon_324,2,8,21.3329300827395,21.25444343291158,4.072899119445712,6.106520016122182,False
Estructura de Datos,2526-3,anon_372,2,4,15.22641006661732,0.0,15.147923416789396,8.881784197001252e-16,False
Estructura de Datos,2526-3,anon_372,2,6,15.147923416789396,15.435615776377858,17.340627475506007,8.881784197001252e-16,True
Estructura de Datos,2526-3,anon_372,2,8,21.3329300827395,21.25444343291158,4.072899119445712,6.106520016122182,False
Estructura de Datos,2526-3,anon_326,2,4,8.881784197001252e-16,6.73196339256871,15.147923416789396,0.8391641576416662,True
Estructura de Datos,2526-3,anon_326,2,6,8.881784197001252e-16,6.73196339256871,15.147923416789396,0.8391641576416662,True
Estructura de Datos,2526-3,anon_326,2,8,8.881784197001252e-16,0.0,15.147923416789396,0.8333967063863978,True
Estructura de Datos,2526-3,anon_378,2,4,20.8594551294671,11.453896957069547,4.072899119445712,5.633045062849779,False
Estructura de Datos,2526-3,anon_378,2,6,20.577855134556167,11.453896957069547,7.363536308980784,1.4392450456118278,False
Estructura de Datos,2526-3,anon_378,2,8,20.8594551294671,11.453896957069547,4.072899119445712,5.633045062849779,False
Estructura de Datos,2526-3,anon_379,2,4,20.577855134556167,18.71415182755389,15.27389367389367,8.881784197001252e-16,False
Estructura de Datos,2526-3,anon_379,2,6,15.22641006661732,11.453896957069547,15.147923416789396,8.881784197001252e-16,False
Estructura de Datos,2526-3,anon_379,2,8,20.8594551294671,15.22641006661732,15.22641006661732,15.22641006661732,False
Estructura de Datos,2526-3,anon_007,2,4,9.98362326714171,12.076742626118953,4.072899119445712,5.069773304279613,False
Estructura de Datos,2526-3,anon_007,2,6,9.98362326714171,12.076742626118953,4.072899119445712,5.069773304279613,False
Estructura de Datos,2526-3,anon_007,2,8,9.98362326714171,12.076742626118953,4.072899119445712,5.069773304279613,False
Estructura de Datos,2526-3,anon_356,2,4,6.73196339256871,6.73196339256871,4.072899119445712,6.73196339256871,False
Estructura de Datos,2526-3,anon_356,2,6,6.73196339256871,6.73196339256871,4.072899119445712,6.73196339256871,False
Estructura de Datos,2526-3,anon_356,2,8,6.73196339256871,6.73196339256871,4.072899119445712,6.73196339256871,False
Estructura de Datos,2526-3,anon_380,2,4,9.98362326714171,12.076742626118953,4.072899119445712,5.069773304279613,False
Estructura de Datos,2526-3,anon_380,2,6,9.98362326714171,12.076742626118953,4.072899119445712,5.069773304279613,False
Estructura de Datos,2526-3,anon_380,2,8,9.98362326714171,12.076742626118953,4.072899119445712,5.069773304279613,False
Estructura de Datos,2526-3,anon_381,2,4,8.881784197001252e-16,0.0,15.147923416789396,0.8333967063863978,True
Estructura de Datos,2526-3,anon_381,2,6,6.73196339256871,6.73196339256871,4.072899119445712,6.73196339256871,False
Estructura de Datos,2526-3,anon_381,2,8,6.73196339256871,6.73196339256871,4.072899119445712,6.73196339256871,False
Estructura de Datos,2526-3,anon_382,2,4,8.881784197001252e-16,6.73196339256871,15.147923416789396,0.8391641576416662,True
Estructura de Datos,2526-3,anon_382,2,6,6.73196339256871,6.73196339256871,4.072899119445712,6.73196339256871,False
Estructura de Datos,2526-3,anon_382,2,8,6.73196339256871,6.73196339256871,4.072899119445712,6.73196339256871,False
Estructura de Datos,2526-3,anon_383,2,4,21.3329300827395,15.22641006661732,18.792638477381814,15.22641006661732,False
Estructura de Datos,2526-3,anon_383,2,6,21.3329300827395,21.25444343291158,4.072899119445712,6.106520016122182,False
Estructura de Datos,2526-3,anon_383,2,8,21.3329300827395,21.25444343291158,4.072899119445712,6.106520016122182,False
Estructura de Datos,2526-3,anon_384,2,4,17.88547433974032,17.806987689912397,4.072899119445712,2.6590642731229988,False
Estructura de Datos,2526-3,anon_384,2,6,17.88547433974032,17.806987689912397,4.072899119445712,2.6590642731229988,False
Estructura de Datos,2526-3,anon_384,2,8,17.88547433974032,0.07848664982792286,15.22641006661732,15.22641006661732,False
Estructura de Datos,2526-3,anon_385,2,4,20.8594551294671,11.453896957069547,4.072899119445712,5.633045062849779,False
Estructura de Datos,2526-3,anon_385,2,6,20.8594551294671,11.453896957069547,4.072899119445712,5.633045062849779,False
Estructura de Datos,2526-3,anon_385,2,8,20.8594551294671,11.453896957069547,4.072899119445712,5.633045062849779,False
Estructura de Datos,2526-3,anon_375,2,4,9.98362326714171,10.360043711031576,18.792638477381814,4.913849962862096,True
Estructura de Datos,2526-3,anon_375,2,6,9.98362326714171,12.076742626118953,4.072899119445712,5.069773304279613,False
Estructura de Datos,2526-3,anon_375,2,8,9.98362326714171,12.076742626118953,4.072899119445712,5.069773304279613,False
Estructura de Datos,2526-3,anon_386,2,4,17.262140825678085,12.076742626118953,15.147923416789396,15.22641006661732,False
Estructura de Datos,2526-3,anon_386,2,6,9.98362326714171,12.076742626118953,4.072899119445712,5.069773304279613,False
Estructura de Datos,2526-3,anon_386,2,8,9.98362326714171,12.076742626118953,4.072899119445712,5.069773304279613,False
Estructura de Datos,2526-3,anon_387,2,4,6.73196339256871,0.0,15.22641006661732,0.2685862708719853,True
Estructura de Datos,2526-3,anon_387,2,6,6.73196339256871,6.73196339256871,4.072899119445712,6.73196339256871,False
Estructura de Datos,2526-3,anon_387,2,8,6.73196339256871,6.73196339256871,4.072899119445712,6.73196339256871,False
Estructura de Datos,2526-3,anon_339,2,4,6.73196339256871,6.73196339256871,4.072899119445712,6.73196339256871,False
Estructura de Datos,2526-3,anon_339,2,6,6.73196339256871,6.73196339256871,4.072899119445712,6.73196339256871,False
Estructura de Datos,2526-3,anon_339,2,8,6.73196339256871,6.73196339256871,4.072899119445712,6.73196339256871,False
Estructura de Datos,2526-3,anon_388,2,4,4.596958329928206,0.07848664982792286,15.147923416789396,15.147923416789396,True
Estructura de Datos,2526-3,anon_388,2,6,12.9969561958128,17.806987689912397,7.363536308980784,3.770824659727782,False
Estructura de Datos,2526-3,anon_388,2,8,17.88547433974032,0.07848664982792286,18.792638477381814,15.22641006661732,True
Estructura de Datos,2526-3,anon_341,2,4,20.8594551294671,11.453896957069547,4.072899119445712,5.633045062849779,False
Estructura de Datos,2526-3,anon_341,2,6,20.8594551294671,11.453896957069547,4.072899119445712,5.633045062849779,False
Estructura de Datos,2526-3,anon_341,2,8,20.8594551294671,11.453896957069547,4.072899119445712,5.633045062849779,False
Estructura de Datos,2526-3,anon_362,2,4,21.3329300827395,15.435615776377858,10.04878567144194,15.435615776377858,False
Estructura de Datos,2526-3,anon_362,2,6,15.147923416789396,21.25444343291158,15.147923416789396,15.147923416789396,False
Estructura de Datos,2526-3,anon_362,2,8,15.147923416789396,21.25444343291158,15.147923416789396,15.147923416789396,False
Estructura de Datos,2526-3,anon_389,2,4,21.3329300827395,21.25444343291158,4.072899119445712,6.106520016122182,False
Estructura de Datos,2526-3,anon_389,2,6,21.3329300827395,21.25444343291158,4.072899119445712,6.106520016122182,False
Estructura de Datos,2526-3,anon_389,2,8,21.3329300827395,21.25444343291158,4.072899119445712,6.106520016122182,False
Estructura de Datos,2526-3,anon_390,2,4,6.73196339256871,6.73196339256871,4.072899119445712,6.73196339256871,False
Estructura de Datos,2526-3,anon_390,2,6,6.73196339256871,6.73196339256871,4.072899119445712,6.73196339256871,False
Estructura de Datos,2526-3,anon_390,2,8,6.73196339256871,6.73196339256871,4.072899119445712,6.73196339256871,False
Estructura de Datos,2526-3,anon_363,2,4,6.73196339256871,3.5662284107644933,10.04878567144194,3.5662284107644933,True
Estructura de Datos,2526-3,anon_363,2,6,8.881784197001252e-16,3.5662284107644933,17.340627475506007,3.5662284107644933,True
Estructura de Datos,2526-3,anon_363,2,8,6.73196339256871,0.0,15.22641006661732,0.2685862708719853,True
Estructura de Datos,2526-3,anon_081,2,4,9.98362326714171,12.076742626118953,4.072899119445712,5.069773304279613,False
Estructura de Datos,2526-3,anon_081,2,6,9.98362326714171,12.076742626118953,4.072899119445712,5.069773304279613,False
Estructura de Datos,2526-3,anon_081,2,8,9.98362326714171,12.076742626118953,4.072899119445712,5.069773304279613,False
Estructura de Datos,2526-3,anon_365,2,4,15.22641006661732,18.71415182755389,15.147923416789396,15.147923416789396,False
Estructura de Datos,2526-3,anon_365,2,6,15.147923416789396,11.453896957069547,15.147923416789396,5.820851894219769,False
Estructura de Datos,2526-3,anon_365,2,8,20.8594551294671,18.71415182755389,18.792638477381814,3.5662284107644933,False
Estructura de Datos,2526-3,anon_391,2,4,6.73196339256871,6.73196339256871,4.072899119445712,6.73196339256871,False
Estructura de Datos,2526-3,anon_391,2,6,6.73196339256871,6.73196339256871,4.072899119445712,6.73196339256871,False
Estructura de Datos,2526-3,anon_391,2,8,6.73196339256871,6.73196339256871,4.072899119445712,6.73196339256871,False
Estructura de Datos,2526-3,anon_087,2,4,9.98362326714171,15.252753336628768,15.22641006661732,8.971532827034554,False
Estructura de Datos,2526-3,anon_087,2,6,9.98362326714171,12.076742626118953,4.072899119445712,5.069773304279613,False
Estructura de Datos,2526-3,anon_087,2,8,9.98362326714171,12.076742626118953,4.072899119445712,5.069773304279613,False
Estructura de Datos,2526-3,anon_392,2,4,6.73196339256871,6.73196339256871,4.072899119445712,6.73196339256871,False
Estructura de Datos,2526-3,anon_392,2,6,6.73196339256871,6.73196339256871,4.072899119445712,6.73196339256871,False
Estructura de Datos,2526-3,anon_392,2,8,6.73196339256871,6.73196339256871,4.072899119445712,6.73196339256871,False
Matemáticas Discretas,2526-2,anon_md_2526_2_2_001,2,4,0.0,0.0,0.0,3.351752577319589,True
Matemáticas Discretas,2526-2,anon_md_2526_2_2_001,2,6,0.0,0.0,0.0,3.351752577319589,True
Matemáticas Discretas,2526-2,anon_md_2526_2_2_001,2,8,0.0,0.0,0.0,4.212419179865481,True
Matemáticas Discretas,2526-2,anon_md_2526_2_2_002,2,4,0.0,0.0,0.0,4.0007514804982645,True
Matemáticas Discretas,2526-2,anon_md_2526_2_2_002,2,6,0.0,0.0,0.0,4.0007514804982645,True
Matemáticas Discretas,2526-2,anon_md_2526_2_2_002,2,8,0.0,0.0,0.0,3.998127438231469,True
Matemáticas Discretas,2526-2,anon_md_2526_2_2_003,2,4,0.0,0.0,0.0,3.268874821319176,True
Matemáticas Discretas,2526-2,anon_md_2526_2_2_003,2,6,0.0,0.0,0.0,3.268874821319176,True
Matemáticas Discretas,2526-2,anon_md_2526_2_2_003,2,8,0.0,0.0,0.0,3.268874821319176,True
Matemáticas Discretas,2526-2,anon_md_2526_2_2_004,2,4,0.0,0.0,0.0,4.678646225050622,True
Matemáticas Discretas,2526-2,anon_md_2526_2_2_004,2,6,0.0,0.0,0.0,4.678646225050622,True
Matemáticas Discretas,2526-2,anon_md_2526_2_2_004,2,8,0.0,0.0,0.0,3.3778701298701304,True
Matemáticas Discretas,2526-2,anon_md_2526_2_2_005,2,4,0.0,0.0,0.0,2.6065454545454547,True
Matemáticas Discretas,2526-2,anon_md_2526_2_2_005,2,6,0.0,0.0,0.0,4.212419179865481,True
Matemáticas Discretas,2526-2,anon_md_2526_2_2_005,2,8,0.0,0.0,0.0,2.6065454545454547,True
Matemáticas Discretas,2526-2,anon_md_2526_2_2_006,2,4,0.0,0.0,0.0,4.241017341040461,True
Matemáticas Discretas,2526-2,anon_md_2526_2_2_006,2,6,0.0,0.0,0.0,3.0649134948096872,True
Matemáticas Discretas,2526-2,anon_md_2526_2_2_006,2,8,0.0,0.0,0.0,0.8688686605981788,True
Matemáticas Discretas,2526-2,anon_md_2526_2_2_007,2,4,0.0,0.0,0.0,4.0007514804982645,True
Matemáticas Discretas,2526-2,anon_md_2526_2_2_007,2,6,0.0,0.0,0.0,4.0007514804982645,True
Matemáticas Discretas,2526-2,anon_md_2526_2_2_007,2,8,0.0,0.0,0.0,4.0007514804982645,True
Matemáticas Discretas,2526-2,anon_md_2526_2_2_008,2,4,8.881784197001252e-16,0.0,0.0,3.351752577319589,True
Matemáticas Discretas,2526-2,anon_md_2526_2_2_008,2,6,0.0,0.0,0.0,4.212419179865481,True
Matemáticas Discretas,2526-2,anon_md_2526_2_2_008,2,8,0.0,0.0,0.0,2.6065454545454547,True
Matemáticas Discretas,2526-2,anon_md_2526_2_2_009,2,4,0.0,0.0,0.0,4.678646225050622,True
Matemáticas Discretas,2526-2,anon_md_2526_2_2_009,2,6,0.0,0.0,0.0,4.678646225050622,True
Matemáticas Discretas,2526-2,anon_md_2526_2_2_009,2,8,0.0,0.0,0.0,4.678646225050622,True
Matemáticas Discretas,2526-2,anon_md_2526_2_2_010,2,4,0.0,0.0,0.0,3.268874821319176,True
Matemáticas Discretas,2526-2,anon_md_2526_2_2_010,2,6,0.0,0.0,0.0,3.268874821319176,True
Matemáticas Discretas,2526-2,anon_md_2526_2_2_010,2,8,0.0,0.0,0.0,3.268874821319176,True
Matemáticas Discretas,2526-2,anon_md_2526_2_2_011,2,4,0.0,0.0,0.0,3.351752577319589,True
Matemáticas Discretas,2526-2,anon_md_2526_2_2_011,2,6,0.0,0.0,0.0,3.351752577319589,True
Matemáticas Discretas,2526-2,anon_md_2526_2_2_011,2,8,0.0,0.0,0.0,4.678646225050622,True
Matemáticas Discretas,2526-2,anon_md_2526_2_2_012,2,4,0.0,0.0,0.0,4.678646225050622,True
Matemáticas Discretas,2526-2,anon_md_2526_2_2_012,2,6,0.0,0.0,0.0,0.0,False
Matemáticas Discretas,2526-2,anon_md_2526_2_2_012,2,8,0.0,0.0,0.0,3.351752577319589,True
Matemáticas Discretas,2526-2,anon_md_2526_2_2_013,2,4,0.0,0.0,0.0,3.268874821319176,True
Matemáticas Discretas,2526-2,anon_md_2526_2_2_013,2,6,0.0,0.0,0.0,3.268874821319176,True
Matemáticas Discretas,2526-2,anon_md_2526_2_2_013,2,8,0.0,0.0,0.0,3.268874821319176,True
Matemáticas Discretas,2526-2,anon_md_2526_2_2_014,2,4,0.0,0.0,0.0,3.268874821319176,True
Matemáticas Discretas,2526-2,anon_md_2526_2_2_014,2,6,0.0,0.0,0.0,3.268874821319176,True
Matemáticas Discretas,2526-2,anon_md_2526_2_2_014,2,8,0.0,0.0,0.0,3.268874821319176,True
Matemáticas Discretas,2526-2,anon_md_2526_2_2_015,2,4,0.0,0.0,0.0,3.268874821319176,True
Matemáticas Discretas,2526-2,anon_md_2526_2_2_015,2,6,0.0,0.0,0.0,3.268874821319176,True
Matemáticas Discretas,2526-2,anon_md_2526_2_2_015,2,8,0.0,0.0,0.0,3.268874821319176,True
Matemáticas Discretas,2526-2,anon_md_2526_2_2_016,2,4,0.0,0.0,0.0,4.0007514804982645,True
Matemáticas Discretas,2526-2,anon_md_2526_2_2_016,2,6,0.0,0.0,0.0,0.31933471933471935,True
Matemáticas Discretas,2526-2,anon_md_2526_2_2_016,2,8,0.0,0.0,0.0,7.215751295336787,True
Matemáticas Discretas,2526-2,anon_md_2526_2_2_017,2,4,0.0,0.0,0.0,4.212419179865481,True
Matemáticas Discretas,2526-2,anon_md_2526_2_2_017,2,6,0.0,0.0,0.0,4.212419179865481,True
Matemáticas Discretas,2526-2,anon_md_2526_2_2_017,2,8,0.0,0.0,0.0,4.212419179865481,True
Matemáticas Discretas,2526-2,anon_md_2526_2_2_018,2,4,0.0,0.0,0.0,4.0007514804982645,True
Matemáticas Discretas,2526-2,anon_md_2526_2_2_018,2,6,0.0,0.0,0.0,4.0007514804982645,True
Matemáticas Discretas,2526-2,anon_md_2526_2_2_018,2,8,0.0,0.0,0.0,4.0007514804982645,True
Matemáticas Discretas,2526-2,anon_md_2526_2_2_019,2,4,0.0,0.0,0.0,0.31933471933471935,True
Matemáticas Discretas,2526-2,anon_md_2526_2_2_019,2,6,0.0,0.0,0.0,4.0007514804982645,True
Matemáticas Discretas,2526-2,anon_md_2526_2_2_019,2,8,0.0,0.0,0.0,4.0007514804982645,True
Matemáticas Discretas,2526-2,anon_md_2526_2_2_020,2,4,0.0,0.0,0.0,0.31933471933471935,True
Matemáticas Discretas,2526-2,anon_md_2526_2_2_020,2,6,0.0,0.0,0.0,4.0007514804982645,True
Matemáticas Discretas,2526-2,anon_md_2526_2_2_020,2,8,0.0,0.0,0.0,4.0007514804982645,True
Matemáticas Discretas,2526-2,anon_md_2526_2_2_021,2,4,0.0,0.0,0.0,3.351752577319589,True
Matemáticas Discretas,2526-2,anon_md_2526_2_2_021,2,6,0.0,0.0,0.0,3.3778701298701304,True
Matemáticas Discretas,2526-2,anon_md_2526_2_2_021,2,8,0.0,0.0,0.0,0.0,False
Matemáticas Discretas,2526-2,anon_md_2526_2_1_001,1,4,7.178556701030926,5.471201307487885,3.351752577319589,1.4704498269896202,False
Matemáticas Discretas,2526-2,anon_md_2526_2_1_001,1,6,4.320086199832984,5.471201307487885,1.4097714037314466,4.0007514804982645,False
Matemáticas Discretas,2526-2,anon_md_2526_2_1_001,1,8,7.215751295336787,5.471201307487885,5.958298031865043,0.31933471933471935,False
Matemáticas Discretas,2526-2,anon_md_2526_2_1_002,1,4,3.3778701298701304,3.3778701298701304,6.840810087154451,3.3778701298701304,True
Matemáticas Discretas,2526-2,anon_md_2526_2_1_002,1,6,3.3778701298701304,3.351752577319589,3.863998718017198,3.351752577319589,True
Matemáticas Discretas,2526-2,anon_md_2526_2_1_002,1,8,3.3778701298701304,3.351752577319589,3.863998718017198,3.351752577319589,True
Matemáticas Discretas,2526-2,anon_md_2526_2_1_003,1,4,3.3778701298701304,3.3778701298701304,6.840810087154451,3.3778701298701304,True
Matemáticas Discretas,2526-2,anon_md_2526_2_1_003,1,6,8.030398802370211,8.030398802370211,1.4097714037314466,4.678646225050622,False
Matemáticas Discretas,2526-2,anon_md_2526_2_1_003,1,8,3.3778701298701304,8.030398802370211,5.958298031865043,3.351752577319589,False
Matemáticas Discretas,2526-2,anon_md_2526_2_1_004,1,4,6.333788316128864,5.2754412953076155,1.4097714037314466,3.268874821319176,False
Matemáticas Discretas,2526-2,anon_md_2526_2_1_004,1,6,6.333788316128864,5.2754412953076155,1.4097714037314466,3.268874821319176,False
Matemáticas Discretas,2526-2,anon_md_2526_2_1_004,1,8,6.333788316128864,5.2754412953076155,1.4097714037314466,3.268874821319176,False
Matemáticas Discretas,2526-2,anon_md_2526_2_1_005,1,4,4.320086199832984,7.178556701030926,5.958298031865043,0.31933471933471935,False
Matemáticas Discretas,2526-2,anon_md_2526_2_1_005,1,6,7.215751295336787,8.621761658031089,3.863998718017198,7.215751295336787,False
Matemáticas Discretas,2526-2,anon_md_2526_2_1_005,1,8,4.320086199832984,8.621761658031089,4.470923857503989,1.4060103626943015,False
Matemáticas Discretas,2526-2,anon_md_2526_2_1_006,1,4,8.030398802370211,8.030398802370211,1.4097714037314466,4.678646225050622,False
Matemáticas Discretas,2526-2,anon_md_2526_2_1_006,1,6,8.030398802370211,8.030398802370211,1.4097714037314466,4.678646225050622,False
Matemáticas Discretas,2526-2,anon_md_2526_2_1_006,1,8,8.030398802370211,8.030398802370211,1.4097714037314466,4.678646225050622,False
Matemáticas Discretas,2526-2,anon_md_2526_2_1_007,1,4,5.958298031865043,5.958298031865043,6.840810087154451,3.351752577319589,True
Matemáticas Discretas,2526-2,anon_md_2526_2_1_007,1,6,5.9929036089312255,5.958298031865043,5.958298031865043,2.6065454545454547,False
Matemáticas Discretas,2526-2,anon_md_2526_2_1_007,1,8,5.958298031865043,3.351752577319589,3.863998718017198,3.351752577319589,False
Matemáticas Discretas,2526-2,anon_md_2526_2_1_008,1,4,4.320086199832984,5.471201307487885,1.4097714037314466,4.0007514804982645,False
Matemáticas Discretas,2526-2,anon_md_2526_2_1_008,1,6,4.320086199832984,5.471201307487885,1.4097714037314466,4.0007514804982645,False
Matemáticas Discretas,2526-2,anon_md_2526_2_1_008,1,8,4.320086199832984,5.471201307487885,1.4097714037314466,4.0007514804982645,False
Matemáticas Discretas,2526-2,anon_md_2526_2_1_009,1,4,6.333788316128864,5.2754412953076155,1.4097714037314466,3.268874821319176,False
Matemáticas Discretas,2526-2,anon_md_2526_2_1_009,1,6,6.333788316128864,5.2754412953076155,1.4097714037314466,3.268874821319176,False
Matemáticas Discretas,2526-2,anon_md_2526_2_1_009,1,8,6.333788316128864,5.2754412953076155,1.4097714037314466,3.268874821319176,False
Matemáticas Discretas,2526-2,anon_md_2526_2_1_010,1,4,4.320086199832984,5.471201307487885,1.4097714037314466,4.0007514804982645,False
Matemáticas Discretas,2526-2,anon_md_2526_2_1_010,1,6,4.320086199832984,5.471201307487885,1.4097714037314466,4.0007514804982645,False
Matemáticas Discretas,2526-2,anon_md_2526_2_1_010,1,8,4.320086199832984,5.471201307487885,1.4097714037314466,4.0007514804982645,False
Matemáticas Discretas,2526-2,anon_md_2526_2_1_011,1,4,6.333788316128864,5.2754412953076155,1.4097714037314466,3.268874821319176,False
Matemáticas Discretas,2526-2,anon_md_2526_2_1_011,1,6,6.333788316128864,5.2754412953076155,1.4097714037314466,3.268874821319176,False
Matemáticas Discretas,2526-2,anon_md_2526_2_1_011,1,8,6.333788316128864,6.690995542347695,5.958298031865043,0.8688686605981788,False
Matemáticas Discretas,2526-2,anon_md_2526_2_1_012,1,4,3.3778701298701304,3.3778701298701304,6.840810087154451,3.3778701298701304,True
Matemáticas Discretas,2526-2,anon_md_2526_2_1_012,1,6,3.3778701298701304,3.3778701298701304,6.840810087154451,3.3778701298701304,True
Matemáticas Discretas,2526-2,anon_md_2526_2_1_012,1,8,3.3778701298701304,8.030398802370211,5.958298031865043,3.351752577319589,False
Matemáticas Discretas,2526-2,anon_md_2526_2_1_013,1,4,3.3778701298701304,3.3778701298701304,6.840810087154451,3.3778701298701304,True
Matemáticas Discretas,2526-2,anon_md_2526_2_1_013,1,6,8.030398802370211,8.030398802370211,1.4097714037314466,4.678646225050622,False
Matemáticas Discretas,2526-2,anon_md_2526_2_1_013,1,8,8.030398802370211,8.030398802370211,1.4097714037314466,4.678646225050622,False
Matemáticas Discretas,2526-2,anon_md_2526_2_1_014,1,4,6.139435364041605,6.690995542347695,6.840810087154451,4.241017341040461,True
Matemáticas Discretas,2526-2,anon_md_2526_2_1_014,1,6,6.139435364041605,5.2754412953076155,5.958298031865043,2.006566473988439,False
Matemáticas Discretas,2526-2,anon_md_2526_2_1_014,1,8,6.139435364041605,7.215751295336787,3.863998718017198,6.139435364041605,False
Matemáticas Discretas,2526-2,anon_md_2526_2_1_015,1,4,3.351752577319589,5.958298031865043,5.398072271965182,3.351752577319589,False
Matemáticas Discretas,2526-2,anon_md_2526_2_1_015,1,6,5.958298031865043,3.351752577319589,3.863998718017198,3.351752577319589,False
Matemáticas Discretas,2526-2,anon_md_2526_2_1_015,1,8,5.958298031865043,3.351752577319589,3.863998718017198,3.351752577319589,False
Matemáticas Discretas,2526-2,anon_md_2526_2_1_016,1,4,5.9929036089312255,5.958298031865043,5.958298031865043,2.6065454545454547,False
Matemáticas Discretas,2526-2,anon_md_2526_2_1_016,1,6,5.9929036089312255,5.9929036089312255,1.4097714037314466,4.212419179865481,False
Matemáticas Discretas,2526-2,anon_md_2526_2_1_016,1,8,5.9929036089312255,5.9929036089312255,1.4097714037314466,4.212419179865481,False
Matemáticas Discretas,2526-2,anon_md_2526_2_1_017,1,4,3.3778701298701304,3.3778701298701304,6.840810087154451,3.3778701298701304,True
Matemáticas Discretas,2526-2,anon_md_2526_2_1_017,1,6,3.3778701298701304,3.3778701298701304,6.840810087154451,3.3778701298701304,True
Matemáticas Discretas,2526-2,anon_md_2526_2_1_017,1,8,3.3778701298701304,3.351752577319589,3.863998718017198,3.351752577319589,True
Matemáticas Discretas,2526-2,anon_md_2526_2_1_018,1,4,4.320086199832984,5.471201307487885,1.4097714037314466,4.0007514804982645,False
Matemáticas Discretas,2526-2,anon_md_2526_2_1_018,1,6,7.178556701030926,7.178556701030926,5.398072271965182,7.178556701030926,False
Matemáticas Discretas,2526-2,anon_md_2526_2_1_018,1,8,7.215751295336787,7.178556701030926,6.840810087154451,3.998127438231469,False
Matemáticas Discretas,2526-2,anon_md_2526_2_1_019,1,4,6.333788316128864,5.2754412953076155,1.4097714037314466,3.268874821319176,False
Matemáticas Discretas,2526-2,anon_md_2526_2_1_019,1,6,6.333788316128864,5.2754412953076155,1.4097714037314466,3.268874821319176,False
Matemáticas Discretas,2526-2,anon_md_2526_2_1_019,1,8,6.333788316128864,5.2754412953076155,1.4097714037314466,3.268874821319176,False
Matemáticas Discretas,2526-2,anon_md_2526_2_1_020,1,4,6.333788316128864,5.2754412953076155,1.4097714037314466,3.268874821319176,False
Matemáticas Discretas,2526-2,anon_md_2526_2_1_020,1,6,6.333788316128864,5.2754412953076155,1.4097714037314466,3.268874821319176,False
Matemáticas Discretas,2526-2,anon_md_2526_2_1_020,1,8,6.333788316128864,5.2754412953076155,1.4097714037314466,3.268874821319176,False
Matemáticas Discretas,2526-2,anon_md_2526_2_1_021,1,4,6.333788316128864,5.2754412953076155,1.4097714037314466,3.268874821319176,False
Matemáticas Discretas,2526-2,anon_md_2526_2_1_021,1,6,6.333788316128864,5.2754412953076155,1.4097714037314466,3.268874821319176,False
Matemáticas Discretas,2526-2,anon_md_2526_2_1_021,1,8,6.333788316128864,5.2754412953076155,1.4097714037314466,3.268874821319176,False
Matemáticas Discretas,2526-2,anon_md_2526_2_1_022,1,4,3.351752577319589,5.9929036089312255,3.351752577319589,1.7804844290657442,False
Matemáticas Discretas,2526-2,anon_md_2526_2_1_022,1,6,5.958298031865043,5.958298031865043,6.840810087154451,3.351752577319589,True
Matemáticas Discretas,2526-2,anon_md_2526_2_1_022,1,8,5.958298031865043,3.351752577319589,3.863998718017198,3.351752577319589,False
Matemáticas Discretas,2526-2,anon_md_2526_2_1_023,1,4,5.9929036089312255,5.9929036089312255,1.4097714037314466,4.212419179865481,False
Matemáticas Discretas,2526-2,anon_md_2526_2_1_023,1,6,5.9929036089312255,5.9929036089312255,1.4097714037314466,4.212419179865481,False
Matemáticas Discretas,2526-2,anon_md_2526_2_1_023,1,8,5.9929036089312255,5.9929036089312255,1.4097714037314466,4.212419179865481,False
Matemáticas Discretas,2526-2,anon_md_2526_2_1_024,1,4,3.3778701298701304,3.3778701298701304,6.840810087154451,3.3778701298701304,True
Matemáticas Discretas,2526-2,anon_md_2526_2_1_024,1,6,8.030398802370211,8.030398802370211,1.4097714037314466,4.678646225050622,False
Matemáticas Discretas,2526-2,anon_md_2526_2_1_024,1,8,3.3778701298701304,3.3778701298701304,6.840810087154451,3.3778701298701304,True
Matemáticas Discretas,2526-2,anon_md_2526_2_1_025,1,4,6.333788316128864,5.2754412953076155,1.4097714037314466,3.268874821319176,False
Matemáticas Discretas,2526-2,anon_md_2526_2_1_025,1,6,6.333788316128864,5.2754412953076155,1.4097714037314466,3.268874821319176,False
Matemáticas Discretas,2526-2,anon_md_2526_2_1_025,1,8,6.333788316128864,5.2754412953076155,1.4097714037314466,3.268874821319176,False
Matemáticas Discretas,2526-2,anon_md_2526_2_1_026,1,4,6.333788316128864,5.2754412953076155,1.4097714037314466,3.268874821319176,False
Matemáticas Discretas,2526-2,anon_md_2526_2_1_026,1,6,6.333788316128864,5.2754412953076155,1.4097714037314466,3.268874821319176,False
Matemáticas Discretas,2526-2,anon_md_2526_2_1_026,1,8,6.333788316128864,5.2754412953076155,1.4097714037314466,3.268874821319176,False
Matemáticas Discretas,2526-2,anon_md_2526_2_1_027,1,4,6.139435364041605,6.690995542347695,6.840810087154451,4.241017341040461,True
Matemáticas Discretas,2526-2,anon_md_2526_2_1_027,1,6,6.333788316128864,6.690995542347695,5.958298031865043,0.8688686605981788,False
Matemáticas Discretas,2526-2,anon_md_2526_2_1_027,1,8,6.333788316128864,6.690995542347695,5.958298031865043,0.8688686605981788,False
Matemáticas Discretas,2526-2,anon_md_2526_2_1_028,1,4,5.9929036089312255,5.9929036089312255,1.4097714037314466,4.212419179865481,False
Matemáticas Discretas,2526-2,anon_md_2526_2_1_028,1,6,5.9929036089312255,5.958298031865043,5.958298031865043,2.6065454545454547,False
Matemáticas Discretas,2526-2,anon_md_2526_2_1_028,1,8,5.958298031865043,3.351752577319589,3.863998718017198,3.351752577319589,False
Matemáticas Discretas,2526-2,anon_md_2526_2_1_029,1,4,6.333788316128864,5.2754412953076155,1.4097714037314466,3.268874821319176,False
Matemáticas Discretas,2526-2,anon_md_2526_2_1_029,1,6,6.333788316128864,5.2754412953076155,1.4097714037314466,3.268874821319176,False
Matemáticas Discretas,2526-2,anon_md_2526_2_1_029,1,8,6.333788316128864,5.2754412953076155,1.4097714037314466,3.268874821319176,False
Matemáticas Discretas,2526-2,anon_md_2526_2_1_030,1,4,8.030398802370211,8.030398802370211,1.4097714037314466,4.678646225050622,False
Matemáticas Discretas,2526-2,anon_md_2526_2_1_030,1,6,8.030398802370211,8.030398802370211,1.4097714037314466,4.678646225050622,False
Matemáticas Discretas,2526-2,anon_md_2526_2_1_030,1,8,8.030398802370211,8.030398802370211,1.4097714037314466,4.678646225050622,False
Matemáticas Discretas,2526-2,anon_md_2526_2_1_031,1,4,6.333788316128864,5.2754412953076155,1.4097714037314466,3.268874821319176,False
Matemáticas Discretas,2526-2,anon_md_2526_2_1_031,1,6,6.333788316128864,5.2754412953076155,1.4097714037314466,3.268874821319176,False
Matemáticas Discretas,2526-2,anon_md_2526_2_1_031,1,8,6.333788316128864,5.2754412953076155,1.4097714037314466,3.268874821319176,False
Matemáticas Discretas,2526-2,anon_md_2526_2_1_032,1,4,4.320086199832984,5.471201307487885,1.4097714037314466,4.0007514804982645,False
Matemáticas Discretas,2526-2,anon_md_2526_2_1_032,1,6,4.320086199832984,5.471201307487885,1.4097714037314466,4.0007514804982645,False
Matemáticas Discretas,2526-2,anon_md_2526_2_1_032,1,8,4.320086199832984,5.471201307487885,1.4097714037314466,4.0007514804982645,False
Matemáticas Discretas,2526-2,anon_md_2526_2_1_033,1,4,4.320086199832984,5.471201307487885,1.4097714037314466,4.0007514804982645,False
Matemáticas Discretas,2526-2,anon_md_2526_2_1_033,1,6,4.320086199832984,5.471201307487885,1.4097714037314466,4.0007514804982645,False
Matemáticas Discretas,2526-2,anon_md_2526_2_1_033,1,8,4.320086199832984,5.471201307487885,1.4097714037314466,4.0007514804982645,False
Matemáticas Discretas,2526-2,anon_md_2526_2_1_034,1,4,5.9929036089312255,5.9929036089312255,1.4097714037314466,4.212419179865481,False
Matemáticas Discretas,2526-2,anon_md_2526_2_1_034,1,6,5.9929036089312255,5.9929036089312255,1.4097714037314466,4.212419179865481,False
Matemáticas Discretas,2526-2,anon_md_2526_2_1_034,1,8,5.9929036089312255,5.9929036089312255,1.4097714037314466,4.212419179865481,False
Matemáticas Discretas,2526-2,anon_md_2526_2_1_035,1,4,5.9929036089312255,5.9929036089312255,1.4097714037314466,4.212419179865481,False
Matemáticas Discretas,2526-2,anon_md_2526_2_1_035,1,6,5.9929036089312255,5.958298031865043,5.958298031865043,2.6065454545454547,False
Matemáticas Discretas,2526-2,anon_md_2526_2_1_035,1,8,5.958298031865043,3.351752577319589,3.863998718017198,3.351752577319589,False
Matemáticas Discretas,2526-3,anon_md_2526_3_1_001,1,4,7.396407857379311,4.333013681493469,2.778727200027115,0.879816119635124,False
Matemáticas Discretas,2526-3,anon_md_2526_3_1_001,1,6,3.6620229917395433,4.333013681493469,6.003696695461401,8.881784197001252e-16,True
Matemáticas Discretas,2526-3,anon_md_2526_3_1_001,1,8,3.6620229917395433,3.643146584565627,5.212769715299431,8.881784197001252e-16,True
Matemáticas Discretas,2526-3,anon_md_2526_3_1_002,1,4,5.232434405560494,5.329822211183594,3.7532612728136834,2.1358154321379628,False
Matemáticas Discretas,2526-3,anon_md_2526_3_1_002,1,6,5.232434405560494,5.329822211183594,3.7532612728136834,2.1358154321379628,False
Matemáticas Discretas,2526-3,anon_md_2526_3_1_002,1,8,5.232434405560494,5.329822211183594,3.7532612728136834,2.1358154321379628,False
Matemáticas Discretas,2526-3,anon_md_2526_3_1_003,1,4,4.937527114548418,4.937527114548418,3.7532612728136834,3.1621981298076682,False
Matemáticas Discretas,2526-3,anon_md_2526_3_1_003,1,6,4.937527114548418,4.937527114548418,3.7532612728136834,3.1621981298076682,False
Matemáticas Discretas,2526-3,anon_md_2526_3_1_003,1,8,3.6747163123348257,3.6747163123348257,4.02284518609578,3.6747163123348257,True
Matemáticas Discretas,2526-3,anon_md_2526_3_1_004,1,4,5.232434405560494,5.329822211183594,3.7532612728136834,2.1358154321379628,False
Matemáticas Discretas,2526-3,anon_md_2526_3_1_004,1,6,4.454707392609941,5.329822211183594,2.9563919097729325,4.173673724067686,False
Matemáticas Discretas,2526-3,anon_md_2526_3_1_004,1,8,5.232434405560494,4.565059087985406,2.778727200027115,4.207843586333521,False
Matemáticas Discretas,2526-3,anon_md_2526_3_1_005,1,4,4.937527114548418,4.937527114548418,3.7532612728136834,3.1621981298076682,False
Matemáticas Discretas,2526-3,anon_md_2526_3_1_005,1,6,4.937527114548418,4.937527114548418,3.7532612728136834,3.1621981298076682,False
Matemáticas Discretas,2526-3,anon_md_2526_3_1_005,1,8,4.937527114548418,3.6747163123348257,2.778727200027115,1.1449125101352235,False
Matemáticas Discretas,2526-3,anon_md_2526_3_1_006,1,4,0.0,0.0,3.7532612728136834,8.881784197001252e-16,True
Matemáticas Discretas,2526-3,anon_md_2526_3_1_006,1,6,0.0,0.0,3.7532612728136834,8.881784197001252e-16,True
Matemáticas Discretas,2526-3,anon_md_2526_3_1_006,1,8,0.0,8.881784197001252e-16,4.02284518609578,8.881784197001252e-16,True
Matemáticas Discretas,2526-3,anon_md_2526_3_1_007,1,4,7.396407857379311,7.415284264553227,3.7532612728136834,4.613759765358084,False
Matemáticas Discretas,2526-3,anon_md_2526_3_1_007,1,6,7.396407857379311,7.415284264553227,3.7532612728136834,4.613759765358084,False
Matemáticas Discretas,2526-3,anon_md_2526_3_1_007,1,8,7.396407857379311,7.415284264553227,3.7532612728136834,4.613759765358084,False
Matemáticas Discretas,2526-3,anon_md_2526_3_1_008,1,4,4.937527114548418,3.6747163123348257,2.778727200027115,1.1449125101352235,False
Matemáticas Discretas,2526-3,anon_md_2526_3_1_008,1,6,3.6620229917395433,3.6747163123348257,6.003696695461401,3.6620229917395433,True
Matemáticas Discretas,2526-3,anon_md_2526_3_1_008,1,8,3.6747163123348257,3.6747163123348257,4.02284518609578,3.6747163123348257,True
Matemáticas Discretas,2526-3,anon_md_2526_3_1_009,1,4,7.396407857379311,7.415284264553227,3.7532612728136834,4.613759765358084,False
Matemáticas Discretas,2526-3,anon_md_2526_3_1_009,1,6,7.396407857379311,7.415284264553227,3.7532612728136834,4.613759765358084,False
Matemáticas Discretas,2526-3,anon_md_2526_3_1_009,1,8,7.396407857379311,4.333013681493469,2.778727200027115,0.879816119635124,False
Matemáticas Discretas,2526-3,anon_md_2526_3_1_010,1,4,5.938403122736826,6.062305950091266,4.02284518609578,3.668358671656045,False
Matemáticas Discretas,2526-3,anon_md_2526_3_1_010,1,6,5.938403122736826,6.062305950091266,4.02284518609578,3.668358671656045,False
Matemáticas Discretas,2526-3,anon_md_2526_3_1_010,1,8,6.003696695461401,6.062305950091266,6.003696695461401,6.003696695461401,False
Matemáticas Discretas,2526-3,anon_md_2526_3_1_011,1,4,7.396407857379311,7.415284264553227,3.7532612728136834,4.613759765358084,False
Matemáticas Discretas,2526-3,anon_md_2526_3_1_011,1,6,4.666423490996497,7.415284264553227,2.9563919097729325,2.017082525317819,False
Matemáticas Discretas,2526-3,anon_md_2526_3_1_011,1,8,7.396407857379311,4.333013681493469,2.778727200027115,0.879816119635124,False
Matemáticas Discretas,2526-3,anon_md_2526_3_1_012,1,4,4.454707392609941,4.565059087985406,4.02284518609578,5.3709269935497295,True
Matemáticas Discretas,2526-3,anon_md_2526_3_1_012,1,6,5.212769715299431,5.329822211183594,3.6620229917395433,4.638612156807828,False
Matemáticas Discretas,2526-3,anon_md_2526_3_1_012,1,8,5.212769715299431,5.212769715299431,5.212769715299431,5.212769715299431,False
Matemáticas Discretas,2526-3,anon_md_2526_3_1_013,1,4,4.937527114548418,4.937527114548418,3.7532612728136834,3.1621981298076682,False
Matemáticas Discretas,2526-3,anon_md_2526_3_1_013,1,6,4.937527114548418,4.937527114548418,3.7532612728136834,3.1621981298076682,False
Matemáticas Discretas,2526-3,anon_md_2526_3_1_013,1,8,4.937527114548418,4.937527114548418,3.7532612728136834,3.1621981298076682,False
Matemáticas Discretas,2526-3,anon_md_2526_3_1_014,1,4,2.0270635817055056,3.184034173848301,3.7532612728136834,2.0270635817055056,True
Matemáticas Discretas,2526-3,anon_md_2526_3_1_014,1,6,2.0270635817055056,3.184034173848301,3.7532612728136834,2.0270635817055056,True
Matemáticas Discretas,2526-3,anon_md_2526_3_1_014,1,8,2.0270635817055056,3.184034173848301,3.7532612728136834,2.0270635817055056,True
Matemáticas Discretas,2526-3,anon_md_2526_3_1_015,1,4,5.232434405560494,5.329822211183594,3.7532612728136834,2.1358154321379628,False
Matemáticas Discretas,2526-3,anon_md_2526_3_1_015,1,6,5.232434405560494,5.329822211183594,3.7532612728136834,2.1358154321379628,False
Matemáticas Discretas,2526-3,anon_md_2526_3_1_015,1,8,5.232434405560494,5.329822211183594,3.7532612728136834,2.1358154321379628,False
Matemáticas Discretas,2526-3,anon_md_2526_3_1_016,1,4,4.937527114548418,4.937527114548418,3.7532612728136834,3.1621981298076682,False
Matemáticas Discretas,2526-3,anon_md_2526_3_1_016,1,6,4.937527114548418,4.937527114548418,3.7532612728136834,3.1621981298076682,False
Matemáticas Discretas,2526-3,anon_md_2526_3_1_016,1,8,4.937527114548418,4.937527114548418,3.7532612728136834,3.1621981298076682,False
Matemáticas Discretas,2526-3,anon_md_2526_3_1_017,1,4,7.396407857379311,7.415284264553227,3.7532612728136834,4.613759765358084,False
Matemáticas Discretas,2526-3,anon_md_2526_3_1_017,1,6,7.396407857379311,7.415284264553227,3.7532612728136834,4.613759765358084,False
Matemáticas Discretas,2526-3,anon_md_2526_3_1_017,1,8,7.396407857379311,7.415284264553227,3.7532612728136834,4.613759765358084,False
Matemáticas Discretas,2526-3,anon_md_2526_3_1_018,1,4,0.0,0.0,3.7532612728136834,8.881784197001252e-16,True
Matemáticas Discretas,2526-3,anon_md_2526_3_1_018,1,6,0.0,0.0,3.6620229917395433,8.881784197001252e-16,True
Matemáticas Discretas,2526-3,anon_md_2526_3_1_018,1,8,0.0,0.0,5.540142300323297,8.881784197001252e-16,True
Matemáticas Discretas,2526-3,anon_md_2526_3_1_019,1,4,2.0270635817055056,3.184034173848301,3.7532612728136834,2.0270635817055056,True
Matemáticas Discretas,2526-3,anon_md_2526_3_1_019,1,6,2.0270635817055056,3.184034173848301,3.7532612728136834,2.0270635817055056,True
Matemáticas Discretas,2526-3,anon_md_2526_3_1_019,1,8,2.0270635817055056,3.184034173848301,3.7532612728136834,2.0270635817055056,True
Matemáticas Discretas,2526-3,anon_md_2526_3_1_020,1,4,2.0270635817055056,3.184034173848301,3.7532612728136834,2.0270635817055056,True
Matemáticas Discretas,2526-3,anon_md_2526_3_1_020,1,6,2.0270635817055056,3.184034173848301,3.7532612728136834,2.0270635817055056,True
Matemáticas Discretas,2526-3,anon_md_2526_3_1_020,1,8,2.0270635817055056,3.184034173848301,3.7532612728136834,2.0270635817055056,True
Matemáticas Discretas,2526-3,anon_md_2526_3_1_021,1,4,3.6620229917395433,4.333013681493469,6.003696695461401,8.881784197001252e-16,True
Matemáticas Discretas,2526-3,anon_md_2526_3_1_021,1,6,3.6620229917395433,4.333013681493469,6.003696695461401,8.881784197001252e-16,True
Matemáticas Discretas,2526-3,anon_md_2526_3_1_021,1,8,3.6620229917395433,4.333013681493469,6.003696695461401,8.881784197001252e-16,True
Matemáticas Discretas,2526-3,anon_md_2526_3_1_022,1,4,3.6620229917395433,4.333013681493469,6.003696695461401,8.881784197001252e-16,True
Matemáticas Discretas,2526-3,anon_md_2526_3_1_022,1,6,4.666423490996497,4.333013681493469,4.02284518609578,3.676309167259981,False
Matemáticas Discretas,2526-3,anon_md_2526_3_1_022,1,8,4.666423490996497,4.333013681493469,4.02284518609578,3.676309167259981,False
Matemáticas Discretas,2526-3,anon_md_2526_3_1_023,1,4,0.0,0.0,3.7532612728136834,8.881784197001252e-16,True
Matemáticas Discretas,2526-3,anon_md_2526_3_1_023,1,6,0.0,0.0,3.7532612728136834,8.881784197001252e-16,True
Matemáticas Discretas,2526-3,anon_md_2526_3_1_023,1,8,0.0,0.0,3.7532612728136834,8.881784197001252e-16,True
Matemáticas Discretas,2526-3,anon_md_2526_3_1_024,1,4,5.232434405560494,5.329822211183594,3.7532612728136834,2.1358154321379628,False
Matemáticas Discretas,2526-3,anon_md_2526_3_1_024,1,6,5.232434405560494,5.329822211183594,3.7532612728136834,2.1358154321379628,False
Matemáticas Discretas,2526-3,anon_md_2526_3_1_024,1,8,5.232434405560494,5.329822211183594,3.7532612728136834,2.1358154321379628,False
Matemáticas Discretas,2526-3,anon_md_2526_3_1_025,1,4,3.6620229917395433,7.415284264553227,3.6620229917395433,3.6620229917395433,False
Matemáticas Discretas,2526-3,anon_md_2526_3_1_025,1,6,7.396407857379311,7.415284264553227,3.7532612728136834,4.613759765358084,False
Matemáticas Discretas,2526-3,anon_md_2526_3_1_025,1,8,7.396407857379311,4.333013681493469,2.778727200027115,0.879816119635124,False
Matemáticas Discretas,2526-3,anon_md_2526_3_1_026,1,4,7.396407857379311,7.415284264553227,3.7532612728136834,4.613759765358084,False
Matemáticas Discretas,2526-3,anon_md_2526_3_1_026,1,6,4.666423490996497,7.415284264553227,2.9563919097729325,2.017082525317819,False
Matemáticas Discretas,2526-3,anon_md_2526_3_1_026,1,8,7.396407857379311,7.415284264553227,3.7532612728136834,4.613759765358084,False
Matemáticas Discretas,2526-3,anon_md_2526_3_1_027,1,4,4.937527114548418,4.937527114548418,3.7532612728136834,3.1621981298076682,False
Matemáticas Discretas,2526-3,anon_md_2526_3_1_027,1,6,3.6620229917395433,4.937527114548418,3.6620229917395433,1.9954344047973196,False
Matemáticas Discretas,2526-3,anon_md_2526_3_1_027,1,8,3.6747163123348257,3.6747163123348257,4.02284518609578,3.6747163123348257,True
Matemáticas Discretas,2526-3,anon_md_2526_3_1_028,1,4,0.0,0.0,3.7532612728136834,8.881784197001252e-16,True
Matemáticas Discretas,2526-3,anon_md_2526_3_1_028,1,6,0.0,0.0,2.9563919097729325,8.881784197001252e-16,True
Matemáticas Discretas,2526-3,anon_md_2526_3_1_028,1,8,0.0,8.881784197001252e-16,2.778727200027115,8.881784197001252e-16,True
Matemáticas Discretas,2526-3,anon_md_2526_3_1_029,1,4,4.937527114548418,4.937527114548418,3.7532612728136834,3.1621981298076682,False
Matemáticas Discretas,2526-3,anon_md_2526_3_1_029,1,6,4.937527114548418,4.937527114548418,3.7532612728136834,3.1621981298076682,False
Matemáticas Discretas,2526-3,anon_md_2526_3_1_029,1,8,4.937527114548418,4.937527114548418,3.7532612728136834,3.1621981298076682,False
Matemáticas Discretas,2526-3,anon_md_2526_3_1_030,1,4,0.0,0.0,3.7532612728136834,8.881784197001252e-16,True
Matemáticas Discretas,2526-3,anon_md_2526_3_1_030,1,6,0.0,0.0,2.9563919097729325,8.881784197001252e-16,True
Matemáticas Discretas,2526-3,anon_md_2526_3_1_030,1,8,0.0,0.0,4.984279516723422,8.881784197001252e-16,True
Matemáticas Discretas,2526-3,anon_md_2526_3_1_031,1,4,5.232434405560494,5.329822211183594,3.7532612728136834,2.1358154321379628,False
Matemáticas Discretas,2526-3,anon_md_2526_3_1_031,1,6,5.212769715299431,5.329822211183594,3.6620229917395433,4.638612156807828,False
Matemáticas Discretas,2526-3,anon_md_2526_3_1_031,1,8,5.232434405560494,4.565059087985406,2.778727200027115,4.207843586333521,False
