tratamiento,materia,trimestre_prueba,estudiante_id,seccion,hito,total_trimestre_real,prediccion_continua,evidencia_completa
nan,Algoritmos y Programación,2425-2,anon_001,1,4,2.0,2.840077038318065,True
nan,Algoritmos y Programación,2425-2,anon_001,1,6,2.0,2.840077038318065,True
nan,Algoritmos y Programación,2425-2,anon_001,1,8,2.0,2.840077038318065,True
nan,Algoritmos y Programación,2425-2,anon_002,1,4,2.0,2.840077038318065,True
nan,Algoritmos y Programación,2425-2,anon_002,1,6,2.0,2.840077038318065,True
nan,Algoritmos y Programación,2425-2,anon_002,1,8,2.0,2.840077038318065,True
nan,Algoritmos y Programación,2425-2,anon_003,1,4,17.0,8.677506321734416,True
nan,Algoritmos y Programación,2425-2,anon_003,1,6,17.0,9.067694765911643,True
nan,Algoritmos y Programación,2425-2,anon_003,1,8,17.0,8.672535372959825,True
nan,Algoritmos y Programación,2425-2,anon_004,1,4,2.0,2.840077038318065,True
nan,Algoritmos y Programación,2425-2,anon_004,1,6,2.0,2.840077038318065,True
nan,Algoritmos y Programación,2425-2,anon_004,1,8,2.0,2.840077038318065,True
nan,Algoritmos y Programación,2425-2,anon_005,1,4,10.0,6.892618631739804,True
nan,Algoritmos y Programación,2425-2,anon_005,1,6,10.0,6.666761295024926,True
nan,Algoritmos y Programación,2425-2,anon_005,1,8,10.0,4.034893119480472,True
nan,Algoritmos y Programación,2425-2,anon_006,1,4,0.0,2.840077038318065,True
nan,Algoritmos y Programación,2425-2,anon_006,1,6,0.0,2.840077038318065,True
nan,Algoritmos y Programación,2425-2,anon_006,1,8,0.0,2.840077038318065,True
nan,Algoritmos y Programación,2425-2,anon_007,1,4,0.0,2.840077038318065,True
nan,Algoritmos y Programación,2425-2,anon_007,1,6,0.0,2.840077038318065,True
nan,Algoritmos y Programación,2425-2,anon_007,1,8,0.0,2.840077038318065,True
nan,Algoritmos y Programación,2425-2,anon_008,1,4,16.0,8.672535372959825,True
nan,Algoritmos y Programación,2425-2,anon_008,1,6,16.0,6.666761295024926,True
nan,Algoritmos y Programación,2425-2,anon_008,1,8,16.0,8.672535372959825,True
nan,Algoritmos y Programación,2425-2,anon_009,1,4,9.0,5.799326981246219,True
nan,Algoritmos y Programación,2425-2,anon_009,1,6,9.0,1.0121530565491046,True
nan,Algoritmos y Programación,2425-2,anon_009,1,8,9.0,5.799326981246219,True
nan,Algoritmos y Programación,2425-2,anon_010,1,4,22.0,5.799326981246219,True
nan,Algoritmos y Programación,2425-2,anon_010,1,6,22.0,4.278994689443125,True
nan,Algoritmos y Programación,2425-2,anon_010,1,8,22.0,5.799326981246219,True
nan,Algoritmos y Programación,2425-2,anon_011,1,4,6.0,5.799326981246219,True
nan,Algoritmos y Programación,2425-2,anon_011,1,6,6.0,1.4022119854307913,True
nan,Algoritmos y Programación,2425-2,anon_011,1,8,6.0,1.4022119854307913,True
nan,Algoritmos y Programación,2425-2,anon_012,1,4,0.0,2.840077038318065,True
nan,Algoritmos y Programación,2425-2,anon_012,1,6,0.0,2.840077038318065,True
nan,Algoritmos y Programación,2425-2,anon_012,1,8,0.0,2.840077038318065,True
nan,Algoritmos y Programación,2425-2,anon_013,1,4,0.0,2.840077038318065,True
nan,Algoritmos y Programación,2425-2,anon_013,1,6,0.0,2.840077038318065,True
nan,Algoritmos y Programación,2425-2,anon_013,1,8,0.0,2.840077038318065,True
nan,Algoritmos y Programación,2425-2,anon_014,1,4,23.0,11.64662863720853,True
nan,Algoritmos y Programación,2425-2,anon_014,1,6,23.0,6.666761295024926,True
nan,Algoritmos y Programación,2425-2,anon_014,1,8,23.0,10.66366549128459,True
nan,Algoritmos y Programación,2425-2,anon_015,1,4,24.0,8.672535372959825,True
nan,Algoritmos y Programación,2425-2,anon_015,1,6,24.0,9.067694765911643,True
nan,Algoritmos y Programación,2425-2,anon_015,1,8,24.0,14.635983830384934,True
nan,Algoritmos y Programación,2425-2,anon_016,1,4,1.0,5.799326981246219,True
nan,Algoritmos y Programación,2425-2,anon_016,1,6,1.0,5.799326981246219,True
nan,Algoritmos y Programación,2425-2,anon_016,1,8,1.0,5.799326981246219,True
nan,Algoritmos y Programación,2425-2,anon_017,1,4,1.0,2.840077038318065,True
nan,Algoritmos y Programación,2425-2,anon_017,1,6,1.0,2.840077038318065,True
nan,Algoritmos y Programación,2425-2,anon_017,1,8,1.0,4.034893119480472,True
nan,Algoritmos y Programación,2425-2,anon_018,1,4,17.0,7.761698312634749,True
nan,Algoritmos y Programación,2425-2,anon_018,1,6,17.0,6.892618631739804,True
nan,Algoritmos y Programación,2425-2,anon_018,1,8,17.0,11.64662863720853,True
nan,Algoritmos y Programación,2425-2,anon_019,1,4,0.0,2.840077038318065,True
nan,Algoritmos y Programación,2425-2,anon_019,1,6,0.0,2.840077038318065,True
nan,Algoritmos y Programación,2425-2,anon_019,1,8,0.0,2.840077038318065,True
nan,Algoritmos y Programación,2425-2,anon_020,1,4,24.0,8.672535372959825,True
nan,Algoritmos y Programación,2425-2,anon_020,1,6,24.0,9.067694765911643,True
nan,Algoritmos y Programación,2425-2,anon_020,1,8,24.0,10.66366549128459,True
nan,Algoritmos y Programación,2425-2,anon_021,1,4,4.0,1.4022119854307913,True
nan,Algoritmos y Programación,2425-2,anon_021,1,6,4.0,1.0121530565491046,True
nan,Algoritmos y Programación,2425-2,anon_021,1,8,4.0,1.0121530565491046,True
nan,Algoritmos y Programación,2425-2,anon_022,1,4,2.0,2.840077038318065,True
nan,Algoritmos y Programación,2425-2,anon_022,1,6,2.0,6.666761295024926,True
nan,Algoritmos y Programación,2425-2,anon_022,1,8,2.0,2.840077038318065,True
nan,Algoritmos y Programación,2425-2,anon_023,1,4,19.0,8.672535372959825,True
nan,Algoritmos y Programación,2425-2,anon_023,1,6,19.0,11.64662863720853,True
nan,Algoritmos y Programación,2425-2,anon_023,1,8,19.0,9.067694765911643,True
nan,Algoritmos y Programación,2425-2,anon_024,1,4,7.0,1.4022119854307913,True
nan,Algoritmos y Programación,2425-2,anon_024,1,6,7.0,5.799326981246219,True
nan,Algoritmos y Programación,2425-2,anon_024,1,8,7.0,1.0121530565491046,True
nan,Algoritmos y Programación,2425-2,anon_025,1,4,5.0,7.088301723207444,True
nan,Algoritmos y Programación,2425-2,anon_025,1,6,5.0,2.840077038318065,True
nan,Algoritmos y Programación,2425-2,anon_025,1,8,5.0,2.840077038318065,True
nan,Algoritmos y Programación,2425-2,anon_026,1,4,0.0,2.840077038318065,True
nan,Algoritmos y Programación,2425-2,anon_026,1,6,0.0,2.840077038318065,True
nan,Algoritmos y Programación,2425-2,anon_026,1,8,0.0,2.840077038318065,True
nan,Algoritmos y Programación,2425-2,anon_027,1,4,10.0,1.4022119854307913,True
nan,Algoritmos y Programación,2425-2,anon_027,1,6,10.0,5.799326981246219,True
nan,Algoritmos y Programación,2425-2,anon_027,1,8,10.0,5.799326981246219,True
nan,Algoritmos y Programación,2425-2,anon_028,1,4,18.0,10.66366549128459,True
nan,Algoritmos y Programación,2425-2,anon_028,1,6,18.0,4.1689449899151345,True
nan,Algoritmos y Programación,2425-2,anon_028,1,8,18.0,7.761698312634749,True
nan,Algoritmos y Programación,2425-2,anon_029,1,4,0.0,2.840077038318065,True
nan,Algoritmos y Programación,2425-2,anon_029,1,6,0.0,2.840077038318065,True
nan,Algoritmos y Programación,2425-2,anon_029,1,8,0.0,2.840077038318065,True
nan,Algoritmos y Programación,2425-2,anon_030,1,4,15.0,10.66366549128459,True
nan,Algoritmos y Programación,2425-2,anon_030,1,6,15.0,4.1689449899151345,True
nan,Algoritmos y Programación,2425-2,anon_030,1,8,15.0,9.067694765911643,True
nan,Algoritmos y Programación,2425-2,anon_031,2,4,1.0,1.0121530565491046,True
nan,Algoritmos y Programación,2425-2,anon_031,2,6,1.0,1.0121530565491046,True
nan,Algoritmos y Programación,2425-2,anon_031,2,8,1.0,1.0121530565491046,True
nan,Algoritmos y Programación,2425-2,anon_032,2,4,3.0,2.840077038318065,True
nan,Algoritmos y Programación,2425-2,anon_032,2,6,3.0,2.840077038318065,True
nan,Algoritmos y Programación,2425-2,anon_032,2,8,3.0,2.840077038318065,True
nan,Algoritmos y Programación,2425-2,anon_033,2,4,20.0,5.799326981246219,True
nan,Algoritmos y Programación,2425-2,anon_033,2,6,20.0,5.799326981246219,True
nan,Algoritmos y Programación,2425-2,anon_033,2,8,20.0,5.799326981246219,True
nan,Algoritmos y Programación,2425-2,anon_034,2,4,4.0,4.278994689443125,True
nan,Algoritmos y Programación,2425-2,anon_034,2,6,4.0,1.0121530565491046,True
nan,Algoritmos y Programación,2425-2,anon_034,2,8,4.0,1.0121530565491046,True
nan,Algoritmos y Programación,2425-2,anon_035,2,4,2.0,7.642953842709721,True
nan,Algoritmos y Programación,2425-2,anon_035,2,6,2.0,2.840077038318065,True
nan,Algoritmos y Programación,2425-2,anon_035,2,8,2.0,2.840077038318065,True
nan,Algoritmos y Programación,2425-2,anon_036,2,4,8.0,5.799326981246219,True
nan,Algoritmos y Programación,2425-2,anon_036,2,6,8.0,0.001830017980828722,True
nan,Algoritmos y Programación,2425-2,anon_036,2,8,8.0,5.799326981246219,True
nan,Algoritmos y Programación,2425-2,anon_037,2,4,0.0,2.840077038318065,True
nan,Algoritmos y Programación,2425-2,anon_037,2,6,0.0,2.840077038318065,True
nan,Algoritmos y Programación,2425-2,anon_037,2,8,0.0,2.840077038318065,True
nan,Algoritmos y Programación,2425-2,anon_038,2,4,1.0,5.799326981246219,True
nan,Algoritmos y Programación,2425-2,anon_038,2,6,1.0,0.001830017980828722,True
nan,Algoritmos y Programación,2425-2,anon_038,2,8,1.0,0.001830017980828722,True
nan,Algoritmos y Programación,2425-2,anon_039,2,4,7.0,5.799326981246219,True
nan,Algoritmos y Programación,2425-2,anon_039,2,6,7.0,5.799326981246219,True
nan,Algoritmos y Programación,2425-2,anon_039,2,8,7.0,5.799326981246219,True
nan,Algoritmos y Programación,2425-2,anon_040,2,4,2.0,5.799326981246219,True
nan,Algoritmos y Programación,2425-2,anon_040,2,6,2.0,5.799326981246219,True
nan,Algoritmos y Programación,2425-2,anon_040,2,8,2.0,5.799326981246219,True
nan,Algoritmos y Programación,2425-2,anon_041,2,4,0.0,1.0121530565491046,True
nan,Algoritmos y Programación,2425-2,anon_041,2,6,0.0,1.0121530565491046,True
nan,Algoritmos y Programación,2425-2,anon_041,2,8,0.0,1.0121530565491046,True
nan,Algoritmos y Programación,2425-2,anon_042,2,4,8.0,4.278994689443125,True
nan,Algoritmos y Programación,2425-2,anon_042,2,6,8.0,1.4022119854307913,True
nan,Algoritmos y Programación,2425-2,anon_042,2,8,8.0,5.799326981246219,True
nan,Algoritmos y Programación,2425-2,anon_043,2,4,9.0,5.799326981246219,True
nan,Algoritmos y Programación,2425-2,anon_043,2,6,9.0,4.278994689443125,True
nan,Algoritmos y Programación,2425-2,anon_043,2,8,9.0,5.799326981246219,True
nan,Algoritmos y Programación,2425-2,anon_044,2,4,13.0,5.799326981246219,True
nan,Algoritmos y Programación,2425-2,anon_044,2,6,13.0,1.0121530565491046,True
nan,Algoritmos y Programación,2425-2,anon_044,2,8,13.0,5.799326981246219,True
nan,Algoritmos y Programación,2425-2,anon_045,2,4,10.0,9.193987836941117,True
nan,Algoritmos y Programación,2425-2,anon_045,2,6,10.0,5.799326981246219,True
nan,Algoritmos y Programación,2425-2,anon_045,2,8,10.0,14.620721901457234,True
nan,Algoritmos y Programación,2425-2,anon_046,2,4,0.0,1.0121530565491046,True
nan,Algoritmos y Programación,2425-2,anon_046,2,6,0.0,1.0121530565491046,True
nan,Algoritmos y Programación,2425-2,anon_046,2,8,0.0,1.0121530565491046,True
nan,Algoritmos y Programación,2425-2,anon_047,2,4,5.0,7.642953842709721,True
nan,Algoritmos y Programación,2425-2,anon_047,2,6,5.0,2.840077038318065,True
nan,Algoritmos y Programación,2425-2,anon_047,2,8,5.0,2.840077038318065,True
nan,Algoritmos y Programación,2425-2,anon_048,2,4,3.0,1.4022119854307913,True
nan,Algoritmos y Programación,2425-2,anon_048,2,6,3.0,4.278994689443125,True
nan,Algoritmos y Programación,2425-2,anon_048,2,8,3.0,4.278994689443125,True
nan,Algoritmos y Programación,2425-2,anon_049,2,4,1.0,1.0121530565491046,True
nan,Algoritmos y Programación,2425-2,anon_049,2,6,1.0,1.4022119854307913,True
nan,Algoritmos y Programación,2425-2,anon_049,2,8,1.0,1.0121530565491046,True
nan,Algoritmos y Programación,2425-2,anon_050,2,4,3.0,4.278994689443125,True
nan,Algoritmos y Programación,2425-2,anon_050,2,6,3.0,1.0121530565491046,True
nan,Algoritmos y Programación,2425-2,anon_050,2,8,3.0,1.0121530565491046,True
nan,Algoritmos y Programación,2425-2,anon_051,2,4,2.0,1.0121530565491046,True
nan,Algoritmos y Programación,2425-2,anon_051,2,6,2.0,1.0121530565491046,True
nan,Algoritmos y Programación,2425-2,anon_051,2,8,2.0,1.0121530565491046,True
nan,Algoritmos y Programación,2425-2,anon_052,2,4,17.0,10.66366549128459,True
nan,Algoritmos y Programación,2425-2,anon_052,2,6,17.0,9.067694765911643,True
nan,Algoritmos y Programación,2425-2,anon_052,2,8,17.0,9.067694765911643,True
nan,Algoritmos y Programación,2425-2,anon_053,2,4,3.0,2.840077038318065,True
nan,Algoritmos y Programación,2425-2,anon_053,2,6,3.0,2.840077038318065,True
nan,Algoritmos y Programación,2425-2,anon_053,2,8,3.0,7.642953842709721,True
nan,Algoritmos y Programación,2425-2,anon_054,2,4,3.0,2.840077038318065,True
nan,Algoritmos y Programación,2425-2,anon_054,2,6,3.0,2.840077038318065,True
nan,Algoritmos y Programación,2425-2,anon_054,2,8,3.0,4.1689449899151345,True
nan,Algoritmos y Programación,2425-2,anon_055,2,4,10.0,7.642953842709721,True
nan,Algoritmos y Programación,2425-2,anon_055,2,6,10.0,7.088301723207444,True
nan,Algoritmos y Programación,2425-2,anon_055,2,8,10.0,7.642953842709721,True
nan,Algoritmos y Programación,2425-2,anon_056,2,4,0.0,1.0121530565491046,True
nan,Algoritmos y Programación,2425-2,anon_056,2,6,0.0,1.0121530565491046,True
nan,Algoritmos y Programación,2425-2,anon_056,2,8,0.0,1.0121530565491046,True
nan,Algoritmos y Programación,2425-2,anon_057,2,4,11.0,5.799326981246219,True
nan,Algoritmos y Programación,2425-2,anon_057,2,6,11.0,5.799326981246219,True
nan,Algoritmos y Programación,2425-2,anon_057,2,8,11.0,5.799326981246219,True
nan,Algoritmos y Programación,2425-2,anon_058,2,4,0.0,1.0121530565491046,True
nan,Algoritmos y Programación,2425-2,anon_058,2,6,0.0,1.0121530565491046,True
nan,Algoritmos y Programación,2425-2,anon_058,2,8,0.0,1.0121530565491046,True
nan,Algoritmos y Programación,2425-2,anon_059,2,4,5.0,5.799326981246219,True
nan,Algoritmos y Programación,2425-2,anon_059,2,6,5.0,5.799326981246219,True
nan,Algoritmos y Programación,2425-2,anon_059,2,8,5.0,5.799326981246219,True
nan,Algoritmos y Programación,2425-2,anon_060,2,4,2.0,1.4022119854307913,True
nan,Algoritmos y Programación,2425-2,anon_060,2,6,2.0,1.0121530565491046,True
nan,Algoritmos y Programación,2425-2,anon_060,2,8,2.0,1.4022119854307913,True
dropna,Algoritmos y Programación,2425-2,anon_001,1,4,2.0,2.840077038318065,True
dropna,Algoritmos y Programación,2425-2,anon_001,1,6,2.0,2.840077038318065,True
dropna,Algoritmos y Programación,2425-2,anon_001,1,8,2.0,2.840077038318065,True
dropna,Algoritmos y Programación,2425-2,anon_002,1,4,2.0,2.840077038318065,True
dropna,Algoritmos y Programación,2425-2,anon_002,1,6,2.0,2.840077038318065,True
dropna,Algoritmos y Programación,2425-2,anon_002,1,8,2.0,2.840077038318065,True
dropna,Algoritmos y Programación,2425-2,anon_003,1,4,17.0,8.677506321734416,True
dropna,Algoritmos y Programación,2425-2,anon_003,1,6,17.0,9.067694765911643,True
dropna,Algoritmos y Programación,2425-2,anon_003,1,8,17.0,8.672535372959825,True
dropna,Algoritmos y Programación,2425-2,anon_004,1,4,2.0,2.840077038318065,True
dropna,Algoritmos y Programación,2425-2,anon_004,1,6,2.0,2.840077038318065,True
dropna,Algoritmos y Programación,2425-2,anon_004,1,8,2.0,2.840077038318065,True
dropna,Algoritmos y Programación,2425-2,anon_005,1,4,10.0,6.892618631739804,True
dropna,Algoritmos y Programación,2425-2,anon_005,1,6,10.0,6.666761295024926,True
dropna,Algoritmos y Programación,2425-2,anon_005,1,8,10.0,4.034893119480472,True
dropna,Algoritmos y Programación,2425-2,anon_006,1,4,0.0,2.840077038318065,True
dropna,Algoritmos y Programación,2425-2,anon_006,1,6,0.0,2.840077038318065,True
dropna,Algoritmos y Programación,2425-2,anon_006,1,8,0.0,2.840077038318065,True
dropna,Algoritmos y Programación,2425-2,anon_007,1,4,0.0,2.840077038318065,True
dropna,Algoritmos y Programación,2425-2,anon_007,1,6,0.0,2.840077038318065,True
dropna,Algoritmos y Programación,2425-2,anon_007,1,8,0.0,2.840077038318065,True
dropna,Algoritmos y Programación,2425-2,anon_008,1,4,16.0,8.672535372959825,True
dropna,Algoritmos y Programación,2425-2,anon_008,1,6,16.0,6.666761295024926,True
dropna,Algoritmos y Programación,2425-2,anon_008,1,8,16.0,8.672535372959825,True
dropna,Algoritmos y Programación,2425-2,anon_009,1,4,9.0,5.799326981246219,True
dropna,Algoritmos y Programación,2425-2,anon_009,1,6,9.0,1.0121530565491046,True
dropna,Algoritmos y Programación,2425-2,anon_009,1,8,9.0,5.799326981246219,True
dropna,Algoritmos y Programación,2425-2,anon_010,1,4,22.0,5.799326981246219,True
dropna,Algoritmos y Programación,2425-2,anon_010,1,6,22.0,4.278994689443125,True
dropna,Algoritmos y Programación,2425-2,anon_010,1,8,22.0,5.799326981246219,True
dropna,Algoritmos y Programación,2425-2,anon_011,1,4,6.0,5.799326981246219,True
dropna,Algoritmos y Programación,2425-2,anon_011,1,6,6.0,1.4022119854307913,True
dropna,Algoritmos y Programación,2425-2,anon_011,1,8,6.0,1.4022119854307913,True
dropna,Algoritmos y Programación,2425-2,anon_012,1,4,0.0,2.840077038318065,True
dropna,Algoritmos y Programación,2425-2,anon_012,1,6,0.0,2.840077038318065,True
dropna,Algoritmos y Programación,2425-2,anon_012,1,8,0.0,2.840077038318065,True
dropna,Algoritmos y Programación,2425-2,anon_013,1,4,0.0,2.840077038318065,True
dropna,Algoritmos y Programación,2425-2,anon_013,1,6,0.0,2.840077038318065,True
dropna,Algoritmos y Programación,2425-2,anon_013,1,8,0.0,2.840077038318065,True
dropna,Algoritmos y Programación,2425-2,anon_014,1,4,23.0,11.64662863720853,True
dropna,Algoritmos y Programación,2425-2,anon_014,1,6,23.0,6.666761295024926,True
dropna,Algoritmos y Programación,2425-2,anon_014,1,8,23.0,10.66366549128459,True
dropna,Algoritmos y Programación,2425-2,anon_015,1,4,24.0,8.672535372959825,True
dropna,Algoritmos y Programación,2425-2,anon_015,1,6,24.0,9.067694765911643,True
dropna,Algoritmos y Programación,2425-2,anon_015,1,8,24.0,14.635983830384934,True
dropna,Algoritmos y Programación,2425-2,anon_016,1,4,1.0,5.799326981246219,True
dropna,Algoritmos y Programación,2425-2,anon_016,1,6,1.0,5.799326981246219,True
dropna,Algoritmos y Programación,2425-2,anon_016,1,8,1.0,5.799326981246219,True
dropna,Algoritmos y Programación,2425-2,anon_017,1,4,1.0,2.840077038318065,True
dropna,Algoritmos y Programación,2425-2,anon_017,1,6,1.0,2.840077038318065,True
dropna,Algoritmos y Programación,2425-2,anon_017,1,8,1.0,4.034893119480472,True
dropna,Algoritmos y Programación,2425-2,anon_018,1,4,17.0,7.761698312634749,True
dropna,Algoritmos y Programación,2425-2,anon_018,1,6,17.0,6.892618631739804,True
dropna,Algoritmos y Programación,2425-2,anon_018,1,8,17.0,11.64662863720853,True
dropna,Algoritmos y Programación,2425-2,anon_019,1,4,0.0,2.840077038318065,True
dropna,Algoritmos y Programación,2425-2,anon_019,1,6,0.0,2.840077038318065,True
dropna,Algoritmos y Programación,2425-2,anon_019,1,8,0.0,2.840077038318065,True
dropna,Algoritmos y Programación,2425-2,anon_020,1,4,24.0,8.672535372959825,True
dropna,Algoritmos y Programación,2425-2,anon_020,1,6,24.0,9.067694765911643,True
dropna,Algoritmos y Programación,2425-2,anon_020,1,8,24.0,10.66366549128459,True
dropna,Algoritmos y Programación,2425-2,anon_021,1,4,4.0,1.4022119854307913,True
dropna,Algoritmos y Programación,2425-2,anon_021,1,6,4.0,1.0121530565491046,True
dropna,Algoritmos y Programación,2425-2,anon_021,1,8,4.0,1.0121530565491046,True
dropna,Algoritmos y Programación,2425-2,anon_022,1,4,2.0,2.840077038318065,True
dropna,Algoritmos y Programación,2425-2,anon_022,1,6,2.0,6.666761295024926,True
dropna,Algoritmos y Programación,2425-2,anon_022,1,8,2.0,2.840077038318065,True
dropna,Algoritmos y Programación,2425-2,anon_023,1,4,19.0,8.672535372959825,True
dropna,Algoritmos y Programación,2425-2,anon_023,1,6,19.0,11.64662863720853,True
dropna,Algoritmos y Programación,2425-2,anon_023,1,8,19.0,9.067694765911643,True
dropna,Algoritmos y Programación,2425-2,anon_024,1,4,7.0,1.4022119854307913,True
dropna,Algoritmos y Programación,2425-2,anon_024,1,6,7.0,5.799326981246219,True
dropna,Algoritmos y Programación,2425-2,anon_024,1,8,7.0,1.0121530565491046,True
dropna,Algoritmos y Programación,2425-2,anon_025,1,4,5.0,7.088301723207444,True
dropna,Algoritmos y Programación,2425-2,anon_025,1,6,5.0,2.840077038318065,True
dropna,Algoritmos y Programación,2425-2,anon_025,1,8,5.0,2.840077038318065,True
dropna,Algoritmos y Programación,2425-2,anon_026,1,4,0.0,2.840077038318065,True
dropna,Algoritmos y Programación,2425-2,anon_026,1,6,0.0,2.840077038318065,True
dropna,Algoritmos y Programación,2425-2,anon_026,1,8,0.0,2.840077038318065,True
dropna,Algoritmos y Programación,2425-2,anon_027,1,4,10.0,1.4022119854307913,True
dropna,Algoritmos y Programación,2425-2,anon_027,1,6,10.0,5.799326981246219,True
dropna,Algoritmos y Programación,2425-2,anon_027,1,8,10.0,5.799326981246219,True
dropna,Algoritmos y Programación,2425-2,anon_028,1,4,18.0,10.66366549128459,True
dropna,Algoritmos y Programación,2425-2,anon_028,1,6,18.0,4.1689449899151345,True
dropna,Algoritmos y Programación,2425-2,anon_028,1,8,18.0,7.761698312634749,True
dropna,Algoritmos y Programación,2425-2,anon_029,1,4,0.0,2.840077038318065,True
dropna,Algoritmos y Programación,2425-2,anon_029,1,6,0.0,2.840077038318065,True
dropna,Algoritmos y Programación,2425-2,anon_029,1,8,0.0,2.840077038318065,True
dropna,Algoritmos y Programación,2425-2,anon_030,1,4,15.0,10.66366549128459,True
dropna,Algoritmos y Programación,2425-2,anon_030,1,6,15.0,4.1689449899151345,True
dropna,Algoritmos y Programación,2425-2,anon_030,1,8,15.0,9.067694765911643,True
dropna,Algoritmos y Programación,2425-2,anon_031,2,4,1.0,1.0121530565491046,True
dropna,Algoritmos y Programación,2425-2,anon_031,2,6,1.0,1.0121530565491046,True
dropna,Algoritmos y Programación,2425-2,anon_031,2,8,1.0,1.0121530565491046,True
dropna,Algoritmos y Programación,2425-2,anon_032,2,4,3.0,2.840077038318065,True
dropna,Algoritmos y Programación,2425-2,anon_032,2,6,3.0,2.840077038318065,True
dropna,Algoritmos y Programación,2425-2,anon_032,2,8,3.0,2.840077038318065,True
dropna,Algoritmos y Programación,2425-2,anon_033,2,4,20.0,5.799326981246219,True
dropna,Algoritmos y Programación,2425-2,anon_033,2,6,20.0,5.799326981246219,True
dropna,Algoritmos y Programación,2425-2,anon_033,2,8,20.0,5.799326981246219,True
dropna,Algoritmos y Programación,2425-2,anon_034,2,4,4.0,4.278994689443125,True
dropna,Algoritmos y Programación,2425-2,anon_034,2,6,4.0,1.0121530565491046,True
dropna,Algoritmos y Programación,2425-2,anon_034,2,8,4.0,1.0121530565491046,True
dropna,Algoritmos y Programación,2425-2,anon_035,2,4,2.0,7.642953842709721,True
dropna,Algoritmos y Programación,2425-2,anon_035,2,6,2.0,2.840077038318065,True
dropna,Algoritmos y Programación,2425-2,anon_035,2,8,2.0,2.840077038318065,True
dropna,Algoritmos y Programación,2425-2,anon_036,2,4,8.0,5.799326981246219,True
dropna,Algoritmos y Programación,2425-2,anon_036,2,6,8.0,0.001830017980828722,True
dropna,Algoritmos y Programación,2425-2,anon_036,2,8,8.0,5.799326981246219,True
dropna,Algoritmos y Programación,2425-2,anon_037,2,4,0.0,2.840077038318065,True
dropna,Algoritmos y Programación,2425-2,anon_037,2,6,0.0,2.840077038318065,True
dropna,Algoritmos y Programación,2425-2,anon_037,2,8,0.0,2.840077038318065,True
dropna,Algoritmos y Programación,2425-2,anon_038,2,4,1.0,5.799326981246219,True
dropna,Algoritmos y Programación,2425-2,anon_038,2,6,1.0,0.001830017980828722,True
dropna,Algoritmos y Programación,2425-2,anon_038,2,8,1.0,0.001830017980828722,True
dropna,Algoritmos y Programación,2425-2,anon_039,2,4,7.0,5.799326981246219,True
dropna,Algoritmos y Programación,2425-2,anon_039,2,6,7.0,5.799326981246219,True
dropna,Algoritmos y Programación,2425-2,anon_039,2,8,7.0,5.799326981246219,True
dropna,Algoritmos y Programación,2425-2,anon_040,2,4,2.0,5.799326981246219,True
dropna,Algoritmos y Programación,2425-2,anon_040,2,6,2.0,5.799326981246219,True
dropna,Algoritmos y Programación,2425-2,anon_040,2,8,2.0,5.799326981246219,True
dropna,Algoritmos y Programación,2425-2,anon_041,2,4,0.0,1.0121530565491046,True
dropna,Algoritmos y Programación,2425-2,anon_041,2,6,0.0,1.0121530565491046,True
dropna,Algoritmos y Programación,2425-2,anon_041,2,8,0.0,1.0121530565491046,True
dropna,Algoritmos y Programación,2425-2,anon_042,2,4,8.0,4.278994689443125,True
dropna,Algoritmos y Programación,2425-2,anon_042,2,6,8.0,1.4022119854307913,True
dropna,Algoritmos y Programación,2425-2,anon_042,2,8,8.0,5.799326981246219,True
dropna,Algoritmos y Programación,2425-2,anon_043,2,4,9.0,5.799326981246219,True
dropna,Algoritmos y Programación,2425-2,anon_043,2,6,9.0,4.278994689443125,True
dropna,Algoritmos y Programación,2425-2,anon_043,2,8,9.0,5.799326981246219,True
dropna,Algoritmos y Programación,2425-2,anon_044,2,4,13.0,5.799326981246219,True
dropna,Algoritmos y Programación,2425-2,anon_044,2,6,13.0,1.0121530565491046,True
dropna,Algoritmos y Programación,2425-2,anon_044,2,8,13.0,5.799326981246219,True
dropna,Algoritmos y Programación,2425-2,anon_045,2,4,10.0,9.193987836941117,True
dropna,Algoritmos y Programación,2425-2,anon_045,2,6,10.0,5.799326981246219,True
dropna,Algoritmos y Programación,2425-2,anon_045,2,8,10.0,14.620721901457234,True
dropna,Algoritmos y Programación,2425-2,anon_046,2,4,0.0,1.0121530565491046,True
dropna,Algoritmos y Programación,2425-2,anon_046,2,6,0.0,1.0121530565491046,True
dropna,Algoritmos y Programación,2425-2,anon_046,2,8,0.0,1.0121530565491046,True
dropna,Algoritmos y Programación,2425-2,anon_047,2,4,5.0,7.642953842709721,True
dropna,Algoritmos y Programación,2425-2,anon_047,2,6,5.0,2.840077038318065,True
dropna,Algoritmos y Programación,2425-2,anon_047,2,8,5.0,2.840077038318065,True
dropna,Algoritmos y Programación,2425-2,anon_048,2,4,3.0,1.4022119854307913,True
dropna,Algoritmos y Programación,2425-2,anon_048,2,6,3.0,4.278994689443125,True
dropna,Algoritmos y Programación,2425-2,anon_048,2,8,3.0,4.278994689443125,True
dropna,Algoritmos y Programación,2425-2,anon_049,2,4,1.0,1.0121530565491046,True
dropna,Algoritmos y Programación,2425-2,anon_049,2,6,1.0,1.4022119854307913,True
dropna,Algoritmos y Programación,2425-2,anon_049,2,8,1.0,1.0121530565491046,True
dropna,Algoritmos y Programación,2425-2,anon_050,2,4,3.0,4.278994689443125,True
dropna,Algoritmos y Programación,2425-2,anon_050,2,6,3.0,1.0121530565491046,True
dropna,Algoritmos y Programación,2425-2,anon_050,2,8,3.0,1.0121530565491046,True
dropna,Algoritmos y Programación,2425-2,anon_051,2,4,2.0,1.0121530565491046,True
dropna,Algoritmos y Programación,2425-2,anon_051,2,6,2.0,1.0121530565491046,True
dropna,Algoritmos y Programación,2425-2,anon_051,2,8,2.0,1.0121530565491046,True
dropna,Algoritmos y Programación,2425-2,anon_052,2,4,17.0,10.66366549128459,True
dropna,Algoritmos y Programación,2425-2,anon_052,2,6,17.0,9.067694765911643,True
dropna,Algoritmos y Programación,2425-2,anon_052,2,8,17.0,9.067694765911643,True
dropna,Algoritmos y Programación,2425-2,anon_053,2,4,3.0,2.840077038318065,True
dropna,Algoritmos y Programación,2425-2,anon_053,2,6,3.0,2.840077038318065,True
dropna,Algoritmos y Programación,2425-2,anon_053,2,8,3.0,7.642953842709721,True
dropna,Algoritmos y Programación,2425-2,anon_054,2,4,3.0,2.840077038318065,True
dropna,Algoritmos y Programación,2425-2,anon_054,2,6,3.0,2.840077038318065,True
dropna,Algoritmos y Programación,2425-2,anon_054,2,8,3.0,4.1689449899151345,True
dropna,Algoritmos y Programación,2425-2,anon_055,2,4,10.0,7.642953842709721,True
dropna,Algoritmos y Programación,2425-2,anon_055,2,6,10.0,7.088301723207444,True
dropna,Algoritmos y Programación,2425-2,anon_055,2,8,10.0,7.642953842709721,True
dropna,Algoritmos y Programación,2425-2,anon_056,2,4,0.0,1.0121530565491046,True
dropna,Algoritmos y Programación,2425-2,anon_056,2,6,0.0,1.0121530565491046,True
dropna,Algoritmos y Programación,2425-2,anon_056,2,8,0.0,1.0121530565491046,True
dropna,Algoritmos y Programación,2425-2,anon_057,2,4,11.0,5.799326981246219,True
dropna,Algoritmos y Programación,2425-2,anon_057,2,6,11.0,5.799326981246219,True
dropna,Algoritmos y Programación,2425-2,anon_057,2,8,11.0,5.799326981246219,True
dropna,Algoritmos y Programación,2425-2,anon_058,2,4,0.0,1.0121530565491046,True
dropna,Algoritmos y Programación,2425-2,anon_058,2,6,0.0,1.0121530565491046,True
dropna,Algoritmos y Programación,2425-2,anon_058,2,8,0.0,1.0121530565491046,True
dropna,Algoritmos y Programación,2425-2,anon_059,2,4,5.0,5.799326981246219,True
dropna,Algoritmos y Programación,2425-2,anon_059,2,6,5.0,5.799326981246219,True
dropna,Algoritmos y Programación,2425-2,anon_059,2,8,5.0,5.799326981246219,True
dropna,Algoritmos y Programación,2425-2,anon_060,2,4,2.0,1.4022119854307913,True
dropna,Algoritmos y Programación,2425-2,anon_060,2,6,2.0,1.0121530565491046,True
dropna,Algoritmos y Programación,2425-2,anon_060,2,8,2.0,1.4022119854307913,True
nan,Algoritmos y Programación,2526-1,anon_061,1,4,9.0,6.508035817949612,True
nan,Algoritmos y Programación,2526-1,anon_061,1,6,9.0,6.508035817949612,True
nan,Algoritmos y Programación,2526-1,anon_061,1,8,9.0,6.508035817949612,True
nan,Algoritmos y Programación,2526-1,anon_062,1,4,13.0,6.508035817949612,True
nan,Algoritmos y Programación,2526-1,anon_062,1,6,13.0,6.508035817949612,True
nan,Algoritmos y Programación,2526-1,anon_062,1,8,13.0,6.508035817949612,True
nan,Algoritmos y Programación,2526-1,anon_063,1,4,15.0,6.508035817949612,False
nan,Algoritmos y Programación,2526-1,anon_063,1,6,15.0,6.508035817949612,False
nan,Algoritmos y Programación,2526-1,anon_063,1,8,15.0,6.508035817949612,False
nan,Algoritmos y Programación,2526-1,anon_064,1,4,2.0,6.508035817949612,True
nan,Algoritmos y Programación,2526-1,anon_064,1,6,2.0,6.508035817949612,True
nan,Algoritmos y Programación,2526-1,anon_064,1,8,2.0,6.508035817949612,True
nan,Algoritmos y Programación,2526-1,anon_065,1,4,9.0,6.508035817949612,False
nan,Algoritmos y Programación,2526-1,anon_065,1,6,9.0,6.508035817949612,False
nan,Algoritmos y Programación,2526-1,anon_065,1,8,9.0,6.508035817949612,False
nan,Algoritmos y Programación,2526-1,anon_066,1,4,2.0,6.508035817949612,True
nan,Algoritmos y Programación,2526-1,anon_066,1,6,2.0,6.508035817949612,True
nan,Algoritmos y Programación,2526-1,anon_066,1,8,2.0,6.508035817949612,True
nan,Algoritmos y Programación,2526-1,anon_067,1,4,11.0,6.508035817949612,True
nan,Algoritmos y Programación,2526-1,anon_067,1,6,11.0,6.508035817949612,True
nan,Algoritmos y Programación,2526-1,anon_067,1,8,11.0,6.508035817949612,True
nan,Algoritmos y Programación,2526-1,anon_068,1,4,1.0,6.508035817949612,True
nan,Algoritmos y Programación,2526-1,anon_068,1,6,1.0,6.508035817949612,True
nan,Algoritmos y Programación,2526-1,anon_068,1,8,1.0,6.508035817949612,True
nan,Algoritmos y Programación,2526-1,anon_069,1,4,12.0,6.508035817949612,True
nan,Algoritmos y Programación,2526-1,anon_069,1,6,12.0,6.508035817949612,True
nan,Algoritmos y Programación,2526-1,anon_069,1,8,12.0,6.508035817949612,True
nan,Algoritmos y Programación,2526-1,anon_070,1,4,5.0,6.508035817949612,True
nan,Algoritmos y Programación,2526-1,anon_070,1,6,5.0,6.508035817949612,True
nan,Algoritmos y Programación,2526-1,anon_070,1,8,5.0,6.508035817949612,True
nan,Algoritmos y Programación,2526-1,anon_071,1,4,1.0,6.508035817949612,True
nan,Algoritmos y Programación,2526-1,anon_071,1,6,1.0,6.508035817949612,True
nan,Algoritmos y Programación,2526-1,anon_071,1,8,1.0,6.508035817949612,True
nan,Algoritmos y Programación,2526-1,anon_072,1,4,1.0,6.508035817949612,True
nan,Algoritmos y Programación,2526-1,anon_072,1,6,1.0,6.508035817949612,True
nan,Algoritmos y Programación,2526-1,anon_072,1,8,1.0,6.508035817949612,True
nan,Algoritmos y Programación,2526-1,anon_073,1,4,1.0,6.508035817949612,True
nan,Algoritmos y Programación,2526-1,anon_073,1,6,1.0,6.508035817949612,True
nan,Algoritmos y Programación,2526-1,anon_073,1,8,1.0,6.508035817949612,True
nan,Algoritmos y Programación,2526-1,anon_074,1,4,8.0,6.508035817949612,True
nan,Algoritmos y Programación,2526-1,anon_074,1,6,8.0,6.508035817949612,True
nan,Algoritmos y Programación,2526-1,anon_074,1,8,8.0,6.508035817949612,True
nan,Algoritmos y Programación,2526-1,anon_075,1,4,2.0,6.508035817949612,True
nan,Algoritmos y Programación,2526-1,anon_075,1,6,2.0,6.508035817949612,True
nan,Algoritmos y Programación,2526-1,anon_075,1,8,2.0,6.508035817949612,True
nan,Algoritmos y Programación,2526-1,anon_076,1,4,4.0,6.508035817949612,True
nan,Algoritmos y Programación,2526-1,anon_076,1,6,4.0,6.508035817949612,True
nan,Algoritmos y Programación,2526-1,anon_076,1,8,4.0,6.508035817949612,True
nan,Algoritmos y Programación,2526-1,anon_077,1,4,1.0,6.508035817949612,True
nan,Algoritmos y Programación,2526-1,anon_077,1,6,1.0,6.508035817949612,True
nan,Algoritmos y Programación,2526-1,anon_077,1,8,1.0,6.508035817949612,True
nan,Algoritmos y Programación,2526-1,anon_078,1,4,2.0,6.508035817949612,True
nan,Algoritmos y Programación,2526-1,anon_078,1,6,2.0,6.508035817949612,True
nan,Algoritmos y Programación,2526-1,anon_078,1,8,2.0,6.508035817949612,True
nan,Algoritmos y Programación,2526-1,anon_079,1,4,0.0,6.508035817949612,True
nan,Algoritmos y Programación,2526-1,anon_079,1,6,0.0,6.508035817949612,True
nan,Algoritmos y Programación,2526-1,anon_079,1,8,0.0,6.508035817949612,True
nan,Algoritmos y Programación,2526-1,anon_080,1,4,10.0,6.508035817949612,True
nan,Algoritmos y Programación,2526-1,anon_080,1,6,10.0,6.508035817949612,True
nan,Algoritmos y Programación,2526-1,anon_080,1,8,10.0,6.508035817949612,True
nan,Algoritmos y Programación,2526-1,anon_081,1,4,1.0,6.508035817949612,True
nan,Algoritmos y Programación,2526-1,anon_081,1,6,1.0,6.508035817949612,True
nan,Algoritmos y Programación,2526-1,anon_081,1,8,1.0,6.508035817949612,True
nan,Algoritmos y Programación,2526-1,anon_082,1,4,0.0,6.508035817949612,True
nan,Algoritmos y Programación,2526-1,anon_082,1,6,0.0,6.508035817949612,True
nan,Algoritmos y Programación,2526-1,anon_082,1,8,0.0,6.508035817949612,True
nan,Algoritmos y Programación,2526-1,anon_083,1,4,7.0,6.508035817949612,True
nan,Algoritmos y Programación,2526-1,anon_083,1,6,7.0,6.508035817949612,True
nan,Algoritmos y Programación,2526-1,anon_083,1,8,7.0,6.508035817949612,True
nan,Algoritmos y Programación,2526-1,anon_084,1,4,1.0,6.508035817949612,True
nan,Algoritmos y Programación,2526-1,anon_084,1,6,1.0,6.508035817949612,True
nan,Algoritmos y Programación,2526-1,anon_084,1,8,1.0,6.508035817949612,True
nan,Algoritmos y Programación,2526-1,anon_085,1,4,0.0,6.508035817949612,True
nan,Algoritmos y Programación,2526-1,anon_085,1,6,0.0,6.508035817949612,True
nan,Algoritmos y Programación,2526-1,anon_085,1,8,0.0,6.508035817949612,True
nan,Algoritmos y Programación,2526-1,anon_086,1,4,1.0,6.508035817949612,True
nan,Algoritmos y Programación,2526-1,anon_086,1,6,1.0,6.508035817949612,True
nan,Algoritmos y Programación,2526-1,anon_086,1,8,1.0,6.508035817949612,True
nan,Algoritmos y Programación,2526-1,anon_087,1,4,1.0,6.508035817949612,True
nan,Algoritmos y Programación,2526-1,anon_087,1,6,1.0,6.508035817949612,True
nan,Algoritmos y Programación,2526-1,anon_087,1,8,1.0,6.508035817949612,True
dropna,Algoritmos y Programación,2526-1,anon_061,1,4,9.0,6.508035817949612,True
dropna,Algoritmos y Programación,2526-1,anon_061,1,6,9.0,6.508035817949612,True
dropna,Algoritmos y Programación,2526-1,anon_061,1,8,9.0,6.508035817949612,True
dropna,Algoritmos y Programación,2526-1,anon_062,1,4,13.0,6.508035817949612,True
dropna,Algoritmos y Programación,2526-1,anon_062,1,6,13.0,6.508035817949612,True
dropna,Algoritmos y Programación,2526-1,anon_062,1,8,13.0,6.508035817949612,True
dropna,Algoritmos y Programación,2526-1,anon_063,1,4,15.0,6.508035817949612,False
dropna,Algoritmos y Programación,2526-1,anon_063,1,6,15.0,6.508035817949612,False
dropna,Algoritmos y Programación,2526-1,anon_063,1,8,15.0,6.508035817949612,False
dropna,Algoritmos y Programación,2526-1,anon_064,1,4,2.0,6.508035817949612,True
dropna,Algoritmos y Programación,2526-1,anon_064,1,6,2.0,6.508035817949612,True
dropna,Algoritmos y Programación,2526-1,anon_064,1,8,2.0,6.508035817949612,True
dropna,Algoritmos y Programación,2526-1,anon_065,1,4,9.0,6.508035817949612,False
dropna,Algoritmos y Programación,2526-1,anon_065,1,6,9.0,6.508035817949612,False
dropna,Algoritmos y Programación,2526-1,anon_065,1,8,9.0,6.508035817949612,False
dropna,Algoritmos y Programación,2526-1,anon_066,1,4,2.0,6.508035817949612,True
dropna,Algoritmos y Programación,2526-1,anon_066,1,6,2.0,6.508035817949612,True
dropna,Algoritmos y Programación,2526-1,anon_066,1,8,2.0,6.508035817949612,True
dropna,Algoritmos y Programación,2526-1,anon_067,1,4,11.0,6.508035817949612,True
dropna,Algoritmos y Programación,2526-1,anon_067,1,6,11.0,6.508035817949612,True
dropna,Algoritmos y Programación,2526-1,anon_067,1,8,11.0,6.508035817949612,True
dropna,Algoritmos y Programación,2526-1,anon_068,1,4,1.0,6.508035817949612,True
dropna,Algoritmos y Programación,2526-1,anon_068,1,6,1.0,6.508035817949612,True
dropna,Algoritmos y Programación,2526-1,anon_068,1,8,1.0,6.508035817949612,True
dropna,Algoritmos y Programación,2526-1,anon_069,1,4,12.0,6.508035817949612,True
dropna,Algoritmos y Programación,2526-1,anon_069,1,6,12.0,6.508035817949612,True
dropna,Algoritmos y Programación,2526-1,anon_069,1,8,12.0,6.508035817949612,True
dropna,Algoritmos y Programación,2526-1,anon_070,1,4,5.0,6.508035817949612,True
dropna,Algoritmos y Programación,2526-1,anon_070,1,6,5.0,6.508035817949612,True
dropna,Algoritmos y Programación,2526-1,anon_070,1,8,5.0,6.508035817949612,True
dropna,Algoritmos y Programación,2526-1,anon_071,1,4,1.0,6.508035817949612,True
dropna,Algoritmos y Programación,2526-1,anon_071,1,6,1.0,6.508035817949612,True
dropna,Algoritmos y Programación,2526-1,anon_071,1,8,1.0,6.508035817949612,True
dropna,Algoritmos y Programación,2526-1,anon_072,1,4,1.0,6.508035817949612,True
dropna,Algoritmos y Programación,2526-1,anon_072,1,6,1.0,6.508035817949612,True
dropna,Algoritmos y Programación,2526-1,anon_072,1,8,1.0,6.508035817949612,True
dropna,Algoritmos y Programación,2526-1,anon_073,1,4,1.0,6.508035817949612,True
dropna,Algoritmos y Programación,2526-1,anon_073,1,6,1.0,6.508035817949612,True
dropna,Algoritmos y Programación,2526-1,anon_073,1,8,1.0,6.508035817949612,True
dropna,Algoritmos y Programación,2526-1,anon_074,1,4,8.0,6.508035817949612,True
dropna,Algoritmos y Programación,2526-1,anon_074,1,6,8.0,6.508035817949612,True
dropna,Algoritmos y Programación,2526-1,anon_074,1,8,8.0,6.508035817949612,True
dropna,Algoritmos y Programación,2526-1,anon_075,1,4,2.0,6.508035817949612,True
dropna,Algoritmos y Programación,2526-1,anon_075,1,6,2.0,6.508035817949612,True
dropna,Algoritmos y Programación,2526-1,anon_075,1,8,2.0,6.508035817949612,True
dropna,Algoritmos y Programación,2526-1,anon_076,1,4,4.0,6.508035817949612,True
dropna,Algoritmos y Programación,2526-1,anon_076,1,6,4.0,6.508035817949612,True
dropna,Algoritmos y Programación,2526-1,anon_076,1,8,4.0,6.508035817949612,True
dropna,Algoritmos y Programación,2526-1,anon_077,1,4,1.0,6.508035817949612,True
dropna,Algoritmos y Programación,2526-1,anon_077,1,6,1.0,6.508035817949612,True
dropna,Algoritmos y Programación,2526-1,anon_077,1,8,1.0,6.508035817949612,True
dropna,Algoritmos y Programación,2526-1,anon_078,1,4,2.0,6.508035817949612,True
dropna,Algoritmos y Programación,2526-1,anon_078,1,6,2.0,6.508035817949612,True
dropna,Algoritmos y Programación,2526-1,anon_078,1,8,2.0,6.508035817949612,True
dropna,Algoritmos y Programación,2526-1,anon_079,1,4,0.0,6.508035817949612,True
dropna,Algoritmos y Programación,2526-1,anon_079,1,6,0.0,6.508035817949612,True
dropna,Algoritmos y Programación,2526-1,anon_079,1,8,0.0,6.508035817949612,True
dropna,Algoritmos y Programación,2526-1,anon_080,1,4,10.0,6.508035817949612,True
dropna,Algoritmos y Programación,2526-1,anon_080,1,6,10.0,6.508035817949612,True
dropna,Algoritmos y Programación,2526-1,anon_080,1,8,10.0,6.508035817949612,True
dropna,Algoritmos y Programación,2526-1,anon_081,1,4,1.0,6.508035817949612,True
dropna,Algoritmos y Programación,2526-1,anon_081,1,6,1.0,6.508035817949612,True
dropna,Algoritmos y Programación,2526-1,anon_081,1,8,1.0,6.508035817949612,True
dropna,Algoritmos y Programación,2526-1,anon_082,1,4,0.0,6.508035817949612,True
dropna,Algoritmos y Programación,2526-1,anon_082,1,6,0.0,6.508035817949612,True
dropna,Algoritmos y Programación,2526-1,anon_082,1,8,0.0,6.508035817949612,True
dropna,Algoritmos y Programación,2526-1,anon_083,1,4,7.0,6.508035817949612,True
dropna,Algoritmos y Programación,2526-1,anon_083,1,6,7.0,6.508035817949612,True
dropna,Algoritmos y Programación,2526-1,anon_083,1,8,7.0,6.508035817949612,True
dropna,Algoritmos y Programación,2526-1,anon_084,1,4,1.0,6.508035817949612,True
dropna,Algoritmos y Programación,2526-1,anon_084,1,6,1.0,6.508035817949612,True
dropna,Algoritmos y Programación,2526-1,anon_084,1,8,1.0,6.508035817949612,True
dropna,Algoritmos y Programación,2526-1,anon_085,1,4,0.0,6.508035817949612,True
dropna,Algoritmos y Programación,2526-1,anon_085,1,6,0.0,6.508035817949612,True
dropna,Algoritmos y Programación,2526-1,anon_085,1,8,0.0,6.508035817949612,True
dropna,Algoritmos y Programación,2526-1,anon_086,1,4,1.0,6.508035817949612,True
dropna,Algoritmos y Programación,2526-1,anon_086,1,6,1.0,6.508035817949612,True
dropna,Algoritmos y Programación,2526-1,anon_086,1,8,1.0,6.508035817949612,True
dropna,Algoritmos y Programación,2526-1,anon_087,1,4,1.0,6.508035817949612,True
dropna,Algoritmos y Programación,2526-1,anon_087,1,6,1.0,6.508035817949612,True
dropna,Algoritmos y Programación,2526-1,anon_087,1,8,1.0,6.508035817949612,True
nan,Algoritmos y Programación,2526-2,anon_088,1,4,0.0,3.3512168517703502,True
nan,Algoritmos y Programación,2526-2,anon_088,1,6,0.0,3.3512168517703502,True
nan,Algoritmos y Programación,2526-2,anon_088,1,8,0.0,3.3512168517703502,True
nan,Algoritmos y Programación,2526-2,anon_089,1,4,4.0,9.90399660005799,True
nan,Algoritmos y Programación,2526-2,anon_089,1,6,4.0,3.3512168517703502,True
nan,Algoritmos y Programación,2526-2,anon_089,1,8,4.0,3.3512168517703502,True
nan,Algoritmos y Programación,2526-2,anon_090,1,4,0.0,3.3512168517703502,True
nan,Algoritmos y Programación,2526-2,anon_090,1,6,0.0,3.3512168517703502,True
nan,Algoritmos y Programación,2526-2,anon_090,1,8,0.0,3.3512168517703502,True
nan,Algoritmos y Programación,2526-2,anon_091,1,4,10.0,16.629624112309912,True
nan,Algoritmos y Programación,2526-2,anon_091,1,6,10.0,16.032865699778043,True
nan,Algoritmos y Programación,2526-2,anon_091,1,8,10.0,3.3512168517703502,True
nan,Algoritmos y Programación,2526-2,anon_092,1,4,0.0,3.3512168517703502,True
nan,Algoritmos y Programación,2526-2,anon_092,1,6,0.0,3.3512168517703502,True
nan,Algoritmos y Programación,2526-2,anon_092,1,8,0.0,3.3512168517703502,True
nan,Algoritmos y Programación,2526-2,anon_093,1,4,1.0,6.777262942962306,True
nan,Algoritmos y Programación,2526-2,anon_093,1,6,1.0,3.3512168517703502,True
nan,Algoritmos y Programación,2526-2,anon_093,1,8,1.0,3.3512168517703502,True
nan,Algoritmos y Programación,2526-2,anon_094,1,4,5.0,12.724566881888736,True
nan,Algoritmos y Programación,2526-2,anon_094,1,6,5.0,3.3512168517703502,True
nan,Algoritmos y Programación,2526-2,anon_094,1,8,5.0,3.3512168517703502,True
nan,Algoritmos y Programación,2526-2,anon_095,1,4,0.0,3.3512168517703502,True
nan,Algoritmos y Programación,2526-2,anon_095,1,6,0.0,3.3512168517703502,True
nan,Algoritmos y Programación,2526-2,anon_095,1,8,0.0,3.3512168517703502,True
nan,Algoritmos y Programación,2526-2,anon_096,1,4,1.0,2.8838995209542846,True
nan,Algoritmos y Programación,2526-2,anon_096,1,6,1.0,2.8838995209542846,True
nan,Algoritmos y Programación,2526-2,anon_096,1,8,1.0,2.8838995209542846,True
nan,Algoritmos y Programación,2526-2,anon_097,1,4,0.0,3.3512168517703502,True
nan,Algoritmos y Programación,2526-2,anon_097,1,6,0.0,3.3512168517703502,True
nan,Algoritmos y Programación,2526-2,anon_097,1,8,0.0,3.3512168517703502,True
nan,Algoritmos y Programación,2526-2,anon_098,1,4,3.0,3.3512168517703502,True
nan,Algoritmos y Programación,2526-2,anon_098,1,6,3.0,3.3512168517703502,True
nan,Algoritmos y Programación,2526-2,anon_098,1,8,3.0,3.3512168517703502,True
nan,Algoritmos y Programación,2526-2,anon_099,1,4,0.0,2.5092238405384704,True
nan,Algoritmos y Programación,2526-2,anon_099,1,6,0.0,2.5092238405384704,True
nan,Algoritmos y Programación,2526-2,anon_099,1,8,0.0,2.5092238405384704,True
nan,Algoritmos y Programación,2526-2,anon_100,1,4,0.0,3.3512168517703502,True
nan,Algoritmos y Programación,2526-2,anon_100,1,6,0.0,3.3512168517703502,True
nan,Algoritmos y Programación,2526-2,anon_100,1,8,0.0,3.3512168517703502,True
nan,Algoritmos y Programación,2526-2,anon_101,1,4,1.0,2.8838995209542846,True
nan,Algoritmos y Programación,2526-2,anon_101,1,6,1.0,2.8838995209542846,True
nan,Algoritmos y Programación,2526-2,anon_101,1,8,1.0,2.8838995209542846,True
nan,Algoritmos y Programación,2526-2,anon_102,1,4,2.0,9.798781584601068,True
nan,Algoritmos y Programación,2526-2,anon_102,1,6,2.0,3.3512168517703502,True
nan,Algoritmos y Programación,2526-2,anon_102,1,8,2.0,3.3512168517703502,True
nan,Algoritmos y Programación,2526-2,anon_103,1,4,0.0,2.8838995209542846,True
nan,Algoritmos y Programación,2526-2,anon_103,1,6,0.0,2.8838995209542846,True
nan,Algoritmos y Programación,2526-2,anon_103,1,8,0.0,2.8838995209542846,True
nan,Algoritmos y Programación,2526-2,anon_104,1,4,0.0,2.5092238405384704,True
nan,Algoritmos y Programación,2526-2,anon_104,1,6,0.0,2.5092238405384704,True
nan,Algoritmos y Programación,2526-2,anon_104,1,8,0.0,2.5092238405384704,True
nan,Algoritmos y Programación,2526-2,anon_105,1,4,5.0,12.724566881888736,True
nan,Algoritmos y Programación,2526-2,anon_105,1,6,5.0,3.3512168517703502,True
nan,Algoritmos y Programación,2526-2,anon_105,1,8,5.0,3.3512168517703502,True
nan,Algoritmos y Programación,2526-2,anon_106,1,4,1.0,3.3512168517703502,True
nan,Algoritmos y Programación,2526-2,anon_106,1,6,1.0,3.3512168517703502,True
nan,Algoritmos y Programación,2526-2,anon_106,1,8,1.0,3.3512168517703502,True
nan,Algoritmos y Programación,2526-2,anon_107,1,4,5.0,17.468313789655486,True
nan,Algoritmos y Programación,2526-2,anon_107,1,6,5.0,2.8838995209542846,True
nan,Algoritmos y Programación,2526-2,anon_107,1,8,5.0,2.8838995209542846,True
nan,Algoritmos y Programación,2526-2,anon_108,1,4,1.0,3.3512168517703502,True
nan,Algoritmos y Programación,2526-2,anon_108,1,6,1.0,3.3512168517703502,True
nan,Algoritmos y Programación,2526-2,anon_108,1,8,1.0,3.3512168517703502,True
nan,Algoritmos y Programación,2526-2,anon_109,1,4,5.0,12.07911814217625,True
nan,Algoritmos y Programación,2526-2,anon_109,1,6,5.0,9.798781584601068,True
nan,Algoritmos y Programación,2526-2,anon_109,1,8,5.0,3.3512168517703502,True
nan,Algoritmos y Programación,2526-2,anon_110,1,4,2.0,3.3512168517703502,True
nan,Algoritmos y Programación,2526-2,anon_110,1,6,2.0,6.777262942962306,True
nan,Algoritmos y Programación,2526-2,anon_110,1,8,2.0,3.3512168517703502,True
nan,Algoritmos y Programación,2526-2,anon_111,1,4,2.0,9.798781584601068,True
nan,Algoritmos y Programación,2526-2,anon_111,1,6,2.0,3.3512168517703502,True
nan,Algoritmos y Programación,2526-2,anon_111,1,8,2.0,3.3512168517703502,True
nan,Algoritmos y Programación,2526-2,anon_112,1,4,2.0,3.3512168517703502,True
nan,Algoritmos y Programación,2526-2,anon_112,1,6,2.0,3.3512168517703502,True
nan,Algoritmos y Programación,2526-2,anon_112,1,8,2.0,3.3512168517703502,True
nan,Algoritmos y Programación,2526-2,anon_113,1,4,0.0,2.8838995209542846,True
nan,Algoritmos y Programación,2526-2,anon_113,1,6,0.0,2.8838995209542846,True
nan,Algoritmos y Programación,2526-2,anon_113,1,8,0.0,2.8838995209542846,True
nan,Algoritmos y Programación,2526-2,anon_114,1,4,4.0,12.724566881888736,True
nan,Algoritmos y Programación,2526-2,anon_114,1,6,4.0,3.3512168517703502,True
nan,Algoritmos y Programación,2526-2,anon_114,1,8,4.0,3.3512168517703502,True
nan,Algoritmos y Programación,2526-2,anon_115,1,4,1.0,3.3512168517703502,True
nan,Algoritmos y Programación,2526-2,anon_115,1,6,1.0,3.3512168517703502,True
nan,Algoritmos y Programación,2526-2,anon_115,1,8,1.0,3.3512168517703502,True
nan,Algoritmos y Programación,2526-2,anon_116,1,4,2.0,3.3512168517703502,True
nan,Algoritmos y Programación,2526-2,anon_116,1,6,2.0,3.3512168517703502,True
nan,Algoritmos y Programación,2526-2,anon_116,1,8,2.0,3.3512168517703502,True
nan,Algoritmos y Programación,2526-2,anon_117,1,4,1.0,3.3512168517703502,True
nan,Algoritmos y Programación,2526-2,anon_117,1,6,1.0,3.3512168517703502,True
nan,Algoritmos y Programación,2526-2,anon_117,1,8,1.0,3.3512168517703502,True
dropna,Algoritmos y Programación,2526-2,anon_088,1,4,0.0,3.3512168517703502,True
dropna,Algoritmos y Programación,2526-2,anon_088,1,6,0.0,3.3512168517703502,True
dropna,Algoritmos y Programación,2526-2,anon_088,1,8,0.0,3.3512168517703502,True
dropna,Algoritmos y Programación,2526-2,anon_089,1,4,4.0,9.90399660005799,True
dropna,Algoritmos y Programación,2526-2,anon_089,1,6,4.0,3.3512168517703502,True
dropna,Algoritmos y Programación,2526-2,anon_089,1,8,4.0,3.3512168517703502,True
dropna,Algoritmos y Programación,2526-2,anon_090,1,4,0.0,3.3512168517703502,True
dropna,Algoritmos y Programación,2526-2,anon_090,1,6,0.0,3.3512168517703502,True
dropna,Algoritmos y Programación,2526-2,anon_090,1,8,0.0,3.3512168517703502,True
dropna,Algoritmos y Programación,2526-2,anon_091,1,4,10.0,16.629624112309912,True
dropna,Algoritmos y Programación,2526-2,anon_091,1,6,10.0,16.032865699778043,True
dropna,Algoritmos y Programación,2526-2,anon_091,1,8,10.0,3.3512168517703502,True
dropna,Algoritmos y Programación,2526-2,anon_092,1,4,0.0,3.3512168517703502,True
dropna,Algoritmos y Programación,2526-2,anon_092,1,6,0.0,3.3512168517703502,True
dropna,Algoritmos y Programación,2526-2,anon_092,1,8,0.0,3.3512168517703502,True
dropna,Algoritmos y Programación,2526-2,anon_093,1,4,1.0,6.777262942962306,True
dropna,Algoritmos y Programación,2526-2,anon_093,1,6,1.0,3.3512168517703502,True
dropna,Algoritmos y Programación,2526-2,anon_093,1,8,1.0,3.3512168517703502,True
dropna,Algoritmos y Programación,2526-2,anon_094,1,4,5.0,12.724566881888736,True
dropna,Algoritmos y Programación,2526-2,anon_094,1,6,5.0,3.3512168517703502,True
dropna,Algoritmos y Programación,2526-2,anon_094,1,8,5.0,3.3512168517703502,True
dropna,Algoritmos y Programación,2526-2,anon_095,1,4,0.0,3.3512168517703502,True
dropna,Algoritmos y Programación,2526-2,anon_095,1,6,0.0,3.3512168517703502,True
dropna,Algoritmos y Programación,2526-2,anon_095,1,8,0.0,3.3512168517703502,True
dropna,Algoritmos y Programación,2526-2,anon_096,1,4,1.0,2.8838995209542846,True
dropna,Algoritmos y Programación,2526-2,anon_096,1,6,1.0,2.8838995209542846,True
dropna,Algoritmos y Programación,2526-2,anon_096,1,8,1.0,2.8838995209542846,True
dropna,Algoritmos y Programación,2526-2,anon_097,1,4,0.0,3.3512168517703502,True
dropna,Algoritmos y Programación,2526-2,anon_097,1,6,0.0,3.3512168517703502,True
dropna,Algoritmos y Programación,2526-2,anon_097,1,8,0.0,3.3512168517703502,True
dropna,Algoritmos y Programación,2526-2,anon_098,1,4,3.0,3.3512168517703502,True
dropna,Algoritmos y Programación,2526-2,anon_098,1,6,3.0,3.3512168517703502,True
dropna,Algoritmos y Programación,2526-2,anon_098,1,8,3.0,3.3512168517703502,True
dropna,Algoritmos y Programación,2526-2,anon_099,1,4,0.0,2.5092238405384704,True
dropna,Algoritmos y Programación,2526-2,anon_099,1,6,0.0,2.5092238405384704,True
dropna,Algoritmos y Programación,2526-2,anon_099,1,8,0.0,2.5092238405384704,True
dropna,Algoritmos y Programación,2526-2,anon_100,1,4,0.0,3.3512168517703502,True
dropna,Algoritmos y Programación,2526-2,anon_100,1,6,0.0,3.3512168517703502,True
dropna,Algoritmos y Programación,2526-2,anon_100,1,8,0.0,3.3512168517703502,True
dropna,Algoritmos y Programación,2526-2,anon_101,1,4,1.0,2.8838995209542846,True
dropna,Algoritmos y Programación,2526-2,anon_101,1,6,1.0,2.8838995209542846,True
dropna,Algoritmos y Programación,2526-2,anon_101,1,8,1.0,2.8838995209542846,True
dropna,Algoritmos y Programación,2526-2,anon_102,1,4,2.0,9.798781584601068,True
dropna,Algoritmos y Programación,2526-2,anon_102,1,6,2.0,3.3512168517703502,True
dropna,Algoritmos y Programación,2526-2,anon_102,1,8,2.0,3.3512168517703502,True
dropna,Algoritmos y Programación,2526-2,anon_103,1,4,0.0,2.8838995209542846,True
dropna,Algoritmos y Programación,2526-2,anon_103,1,6,0.0,2.8838995209542846,True
dropna,Algoritmos y Programación,2526-2,anon_103,1,8,0.0,2.8838995209542846,True
dropna,Algoritmos y Programación,2526-2,anon_104,1,4,0.0,2.5092238405384704,True
dropna,Algoritmos y Programación,2526-2,anon_104,1,6,0.0,2.5092238405384704,True
dropna,Algoritmos y Programación,2526-2,anon_104,1,8,0.0,2.5092238405384704,True
dropna,Algoritmos y Programación,2526-2,anon_105,1,4,5.0,12.724566881888736,True
dropna,Algoritmos y Programación,2526-2,anon_105,1,6,5.0,3.3512168517703502,True
dropna,Algoritmos y Programación,2526-2,anon_105,1,8,5.0,3.3512168517703502,True
dropna,Algoritmos y Programación,2526-2,anon_106,1,4,1.0,3.3512168517703502,True
dropna,Algoritmos y Programación,2526-2,anon_106,1,6,1.0,3.3512168517703502,True
dropna,Algoritmos y Programación,2526-2,anon_106,1,8,1.0,3.3512168517703502,True
dropna,Algoritmos y Programación,2526-2,anon_107,1,4,5.0,17.468313789655486,True
dropna,Algoritmos y Programación,2526-2,anon_107,1,6,5.0,2.8838995209542846,True
dropna,Algoritmos y Programación,2526-2,anon_107,1,8,5.0,2.8838995209542846,True
dropna,Algoritmos y Programación,2526-2,anon_108,1,4,1.0,3.3512168517703502,True
dropna,Algoritmos y Programación,2526-2,anon_108,1,6,1.0,3.3512168517703502,True
dropna,Algoritmos y Programación,2526-2,anon_108,1,8,1.0,3.3512168517703502,True
dropna,Algoritmos y Programación,2526-2,anon_109,1,4,5.0,12.07911814217625,True
dropna,Algoritmos y Programación,2526-2,anon_109,1,6,5.0,9.798781584601068,True
dropna,Algoritmos y Programación,2526-2,anon_109,1,8,5.0,3.3512168517703502,True
dropna,Algoritmos y Programación,2526-2,anon_110,1,4,2.0,3.3512168517703502,True
dropna,Algoritmos y Programación,2526-2,anon_110,1,6,2.0,6.777262942962306,True
dropna,Algoritmos y Programación,2526-2,anon_110,1,8,2.0,3.3512168517703502,True
dropna,Algoritmos y Programación,2526-2,anon_111,1,4,2.0,9.798781584601068,True
dropna,Algoritmos y Programación,2526-2,anon_111,1,6,2.0,3.3512168517703502,True
dropna,Algoritmos y Programación,2526-2,anon_111,1,8,2.0,3.3512168517703502,True
dropna,Algoritmos y Programación,2526-2,anon_112,1,4,2.0,3.3512168517703502,True
dropna,Algoritmos y Programación,2526-2,anon_112,1,6,2.0,3.3512168517703502,True
dropna,Algoritmos y Programación,2526-2,anon_112,1,8,2.0,3.3512168517703502,True
dropna,Algoritmos y Programación,2526-2,anon_113,1,4,0.0,2.8838995209542846,True
dropna,Algoritmos y Programación,2526-2,anon_113,1,6,0.0,2.8838995209542846,True
dropna,Algoritmos y Programación,2526-2,anon_113,1,8,0.0,2.8838995209542846,True
dropna,Algoritmos y Programación,2526-2,anon_114,1,4,4.0,12.724566881888736,True
dropna,Algoritmos y Programación,2526-2,anon_114,1,6,4.0,3.3512168517703502,True
dropna,Algoritmos y Programación,2526-2,anon_114,1,8,4.0,3.3512168517703502,True
dropna,Algoritmos y Programación,2526-2,anon_115,1,4,1.0,3.3512168517703502,True
dropna,Algoritmos y Programación,2526-2,anon_115,1,6,1.0,3.3512168517703502,True
dropna,Algoritmos y Programación,2526-2,anon_115,1,8,1.0,3.3512168517703502,True
dropna,Algoritmos y Programación,2526-2,anon_116,1,4,2.0,3.3512168517703502,True
dropna,Algoritmos y Programación,2526-2,anon_116,1,6,2.0,3.3512168517703502,True
dropna,Algoritmos y Programación,2526-2,anon_116,1,8,2.0,3.3512168517703502,True
dropna,Algoritmos y Programación,2526-2,anon_117,1,4,1.0,3.3512168517703502,True
dropna,Algoritmos y Programación,2526-2,anon_117,1,6,1.0,3.3512168517703502,True
dropna,Algoritmos y Programación,2526-2,anon_117,1,8,1.0,3.3512168517703502,True
nan,Algoritmos y Programación,2526-3,anon_118,1,4,8.0,11.192980046269522,True
nan,Algoritmos y Programación,2526-3,anon_118,1,6,8.0,2.1674207199736633,True
nan,Algoritmos y Programación,2526-3,anon_118,1,8,8.0,11.192980046269522,True
nan,Algoritmos y Programación,2526-3,anon_119,1,4,0.0,2.1674207199736633,True
nan,Algoritmos y Programación,2526-3,anon_119,1,6,0.0,2.1674207199736633,True
nan,Algoritmos y Programación,2526-3,anon_119,1,8,0.0,2.1674207199736633,True
nan,Algoritmos y Programación,2526-3,anon_120,1,4,0.0,1.7957632171478517,True
nan,Algoritmos y Programación,2526-3,anon_120,1,6,0.0,1.7957632171478517,True
nan,Algoritmos y Programación,2526-3,anon_120,1,8,0.0,1.7957632171478517,True
nan,Algoritmos y Programación,2526-3,anon_121,1,4,2.0,2.1674207199736633,True
nan,Algoritmos y Programación,2526-3,anon_121,1,6,2.0,2.1674207199736633,True
nan,Algoritmos y Programación,2526-3,anon_121,1,8,2.0,2.1674207199736633,True
nan,Algoritmos y Programación,2526-3,anon_122,1,4,5.0,2.1674207199736633,True
nan,Algoritmos y Programación,2526-3,anon_122,1,6,5.0,2.1674207199736633,True
nan,Algoritmos y Programación,2526-3,anon_122,1,8,5.0,2.1674207199736633,True
nan,Algoritmos y Programación,2526-3,anon_123,1,4,4.0,2.1674207199736633,True
nan,Algoritmos y Programación,2526-3,anon_123,1,6,4.0,2.1674207199736633,True
nan,Algoritmos y Programación,2526-3,anon_123,1,8,4.0,6.753416840887409,True
nan,Algoritmos y Programación,2526-3,anon_124,1,4,3.0,2.1674207199736633,True
nan,Algoritmos y Programación,2526-3,anon_124,1,6,3.0,2.1674207199736633,True
nan,Algoritmos y Programación,2526-3,anon_124,1,8,3.0,2.1674207199736633,True
nan,Algoritmos y Programación,2526-3,anon_125,1,4,1.0,2.1674207199736633,True
nan,Algoritmos y Programación,2526-3,anon_125,1,6,1.0,2.1674207199736633,True
nan,Algoritmos y Programación,2526-3,anon_125,1,8,1.0,2.1674207199736633,True
nan,Algoritmos y Programación,2526-3,anon_126,1,4,5.0,2.1674207199736633,True
nan,Algoritmos y Programación,2526-3,anon_126,1,6,5.0,2.1674207199736633,True
nan,Algoritmos y Programación,2526-3,anon_126,1,8,5.0,5.196921615536167,True
nan,Algoritmos y Programación,2526-3,anon_127,1,4,8.0,17.75363716934824,True
nan,Algoritmos y Programación,2526-3,anon_127,1,6,8.0,10.832385354786382,True
nan,Algoritmos y Programación,2526-3,anon_127,1,8,8.0,2.1674207199736633,True
nan,Algoritmos y Programación,2526-3,anon_128,1,4,2.0,2.1674207199736633,True
nan,Algoritmos y Programación,2526-3,anon_128,1,6,2.0,2.1674207199736633,True
nan,Algoritmos y Programación,2526-3,anon_128,1,8,2.0,2.1674207199736633,True
nan,Algoritmos y Programación,2526-3,anon_129,1,4,5.0,12.749361273892328,True
nan,Algoritmos y Programación,2526-3,anon_129,1,6,5.0,2.1674207199736633,True
nan,Algoritmos y Programación,2526-3,anon_129,1,8,5.0,2.1674207199736633,True
nan,Algoritmos y Programación,2526-3,anon_130,1,4,1.0,2.1674207199736633,True
nan,Algoritmos y Programación,2526-3,anon_130,1,6,1.0,2.1674207199736633,True
nan,Algoritmos y Programación,2526-3,anon_130,1,8,1.0,2.1674207199736633,True
nan,Algoritmos y Programación,2526-3,anon_131,1,4,5.0,10.796619927520965,True
nan,Algoritmos y Programación,2526-3,anon_131,1,6,5.0,2.1674207199736633,True
nan,Algoritmos y Programación,2526-3,anon_131,1,8,5.0,2.1674207199736633,True
nan,Algoritmos y Programación,2526-3,anon_132,1,4,8.0,16.00903682022103,True
nan,Algoritmos y Programación,2526-3,anon_132,1,6,8.0,2.1674207199736633,True
nan,Algoritmos y Programación,2526-3,anon_132,1,8,8.0,2.1674207199736633,True
nan,Algoritmos y Programación,2526-3,anon_133,1,4,13.0,6.451973684210527,True
nan,Algoritmos y Programación,2526-3,anon_133,1,6,13.0,8.869553716766143,True
nan,Algoritmos y Programación,2526-3,anon_133,1,8,13.0,6.451973684210527,True
nan,Algoritmos y Programación,2526-3,anon_134,1,4,10.0,11.192980046269522,True
nan,Algoritmos y Programación,2526-3,anon_134,1,6,10.0,2.1674207199736633,True
nan,Algoritmos y Programación,2526-3,anon_134,1,8,10.0,6.753416840887409,True
nan,Algoritmos y Programación,2526-3,anon_135,1,4,7.0,13.341657165009579,True
nan,Algoritmos y Programación,2526-3,anon_135,1,6,7.0,6.451973684210527,True
nan,Algoritmos y Programación,2526-3,anon_135,1,8,7.0,13.341657165009579,True
nan,Algoritmos y Programación,2526-3,anon_136,1,4,0.0,2.652736391251337,True
nan,Algoritmos y Programación,2526-3,anon_136,1,6,0.0,2.652736391251337,True
nan,Algoritmos y Programación,2526-3,anon_136,1,8,0.0,2.652736391251337,True
nan,Algoritmos y Programación,2526-3,anon_137,1,4,4.0,10.832385354786382,True
nan,Algoritmos y Programación,2526-3,anon_137,1,6,4.0,2.1674207199736633,True
nan,Algoritmos y Programación,2526-3,anon_137,1,8,4.0,2.1674207199736633,True
nan,Algoritmos y Programación,2526-3,anon_138,1,4,4.0,2.1674207199736633,True
nan,Algoritmos y Programación,2526-3,anon_138,1,6,4.0,2.1674207199736633,True
nan,Algoritmos y Programación,2526-3,anon_138,1,8,4.0,2.1674207199736633,True
nan,Algoritmos y Programación,2526-3,anon_139,1,4,3.0,8.869553716766143,True
nan,Algoritmos y Programación,2526-3,anon_139,1,6,3.0,13.341657165009579,True
nan,Algoritmos y Programación,2526-3,anon_139,1,8,3.0,13.341657165009579,True
nan,Algoritmos y Programación,2526-3,anon_140,1,4,10.0,12.749361273892328,True
nan,Algoritmos y Programación,2526-3,anon_140,1,6,10.0,2.1674207199736633,True
nan,Algoritmos y Programación,2526-3,anon_140,1,8,10.0,9.839750017110397,True
nan,Algoritmos y Programación,2526-3,anon_141,1,4,11.0,9.839750017110397,True
nan,Algoritmos y Programación,2526-3,anon_141,1,6,11.0,2.1674207199736633,True
nan,Algoritmos y Programación,2526-3,anon_141,1,8,11.0,11.192980046269522,True
nan,Algoritmos y Programación,2526-3,anon_142,1,4,0.0,2.1674207199736633,True
nan,Algoritmos y Programación,2526-3,anon_142,1,6,0.0,2.1674207199736633,True
nan,Algoritmos y Programación,2526-3,anon_142,1,8,0.0,2.1674207199736633,True
nan,Algoritmos y Programación,2526-3,anon_143,1,4,15.0,17.78888144217092,True
nan,Algoritmos y Programación,2526-3,anon_143,1,6,15.0,2.1674207199736633,True
nan,Algoritmos y Programación,2526-3,anon_143,1,8,15.0,10.832385354786382,True
nan,Algoritmos y Programación,2526-3,anon_144,1,4,3.0,2.1674207199736633,True
nan,Algoritmos y Programación,2526-3,anon_144,1,6,3.0,2.1674207199736633,True
nan,Algoritmos y Programación,2526-3,anon_144,1,8,3.0,5.196921615536167,True
nan,Algoritmos y Programación,2526-3,anon_145,1,4,20.0,17.79561957456792,True
nan,Algoritmos y Programación,2526-3,anon_145,1,6,20.0,11.192980046269522,True
nan,Algoritmos y Programación,2526-3,anon_145,1,8,20.0,6.753416840887409,True
nan,Algoritmos y Programación,2526-3,anon_146,1,4,7.0,6.753416840887409,True
nan,Algoritmos y Programación,2526-3,anon_146,1,6,7.0,2.1674207199736633,True
nan,Algoritmos y Programación,2526-3,anon_146,1,8,7.0,10.832385354786382,True
nan,Algoritmos y Programación,2526-3,anon_147,1,4,6.0,2.1674207199736633,True
nan,Algoritmos y Programación,2526-3,anon_147,1,6,6.0,2.1674207199736633,True
nan,Algoritmos y Programación,2526-3,anon_147,1,8,6.0,9.839750017110397,True
dropna,Algoritmos y Programación,2526-3,anon_118,1,4,8.0,11.192980046269522,True
dropna,Algoritmos y Programación,2526-3,anon_118,1,6,8.0,2.1674207199736633,True
dropna,Algoritmos y Programación,2526-3,anon_118,1,8,8.0,11.192980046269522,True
dropna,Algoritmos y Programación,2526-3,anon_119,1,4,0.0,2.1674207199736633,True
dropna,Algoritmos y Programación,2526-3,anon_119,1,6,0.0,2.1674207199736633,True
dropna,Algoritmos y Programación,2526-3,anon_119,1,8,0.0,2.1674207199736633,True
dropna,Algoritmos y Programación,2526-3,anon_120,1,4,0.0,1.7957632171478517,True
dropna,Algoritmos y Programación,2526-3,anon_120,1,6,0.0,1.7957632171478517,True
dropna,Algoritmos y Programación,2526-3,anon_120,1,8,0.0,1.7957632171478517,True
dropna,Algoritmos y Programación,2526-3,anon_121,1,4,2.0,2.1674207199736633,True
dropna,Algoritmos y Programación,2526-3,anon_121,1,6,2.0,2.1674207199736633,True
dropna,Algoritmos y Programación,2526-3,anon_121,1,8,2.0,2.1674207199736633,True
dropna,Algoritmos y Programación,2526-3,anon_122,1,4,5.0,2.1674207199736633,True
dropna,Algoritmos y Programación,2526-3,anon_122,1,6,5.0,2.1674207199736633,True
dropna,Algoritmos y Programación,2526-3,anon_122,1,8,5.0,2.1674207199736633,True
dropna,Algoritmos y Programación,2526-3,anon_123,1,4,4.0,2.1674207199736633,True
dropna,Algoritmos y Programación,2526-3,anon_123,1,6,4.0,2.1674207199736633,True
dropna,Algoritmos y Programación,2526-3,anon_123,1,8,4.0,6.753416840887409,True
dropna,Algoritmos y Programación,2526-3,anon_124,1,4,3.0,2.1674207199736633,True
dropna,Algoritmos y Programación,2526-3,anon_124,1,6,3.0,2.1674207199736633,True
dropna,Algoritmos y Programación,2526-3,anon_124,1,8,3.0,2.1674207199736633,True
dropna,Algoritmos y Programación,2526-3,anon_125,1,4,1.0,2.1674207199736633,True
dropna,Algoritmos y Programación,2526-3,anon_125,1,6,1.0,2.1674207199736633,True
dropna,Algoritmos y Programación,2526-3,anon_125,1,8,1.0,2.1674207199736633,True
dropna,Algoritmos y Programación,2526-3,anon_126,1,4,5.0,2.1674207199736633,True
dropna,Algoritmos y Programación,2526-3,anon_126,1,6,5.0,2.1674207199736633,True
dropna,Algoritmos y Programación,2526-3,anon_126,1,8,5.0,5.196921615536167,True
dropna,Algoritmos y Programación,2526-3,anon_127,1,4,8.0,17.75363716934824,True
dropna,Algoritmos y Programación,2526-3,anon_127,1,6,8.0,10.832385354786382,True
dropna,Algoritmos y Programación,2526-3,anon_127,1,8,8.0,2.1674207199736633,True
dropna,Algoritmos y Programación,2526-3,anon_128,1,4,2.0,2.1674207199736633,True
dropna,Algoritmos y Programación,2526-3,anon_128,1,6,2.0,2.1674207199736633,True
dropna,Algoritmos y Programación,2526-3,anon_128,1,8,2.0,2.1674207199736633,True
dropna,Algoritmos y Programación,2526-3,anon_129,1,4,5.0,12.749361273892328,True
dropna,Algoritmos y Programación,2526-3,anon_129,1,6,5.0,2.1674207199736633,True
dropna,Algoritmos y Programación,2526-3,anon_129,1,8,5.0,2.1674207199736633,True
dropna,Algoritmos y Programación,2526-3,anon_130,1,4,1.0,2.1674207199736633,True
dropna,Algoritmos y Programación,2526-3,anon_130,1,6,1.0,2.1674207199736633,True
dropna,Algoritmos y Programación,2526-3,anon_130,1,8,1.0,2.1674207199736633,True
dropna,Algoritmos y Programación,2526-3,anon_131,1,4,5.0,10.796619927520965,True
dropna,Algoritmos y Programación,2526-3,anon_131,1,6,5.0,2.1674207199736633,True
dropna,Algoritmos y Programación,2526-3,anon_131,1,8,5.0,2.1674207199736633,True
dropna,Algoritmos y Programación,2526-3,anon_132,1,4,8.0,16.00903682022103,True
dropna,Algoritmos y Programación,2526-3,anon_132,1,6,8.0,2.1674207199736633,True
dropna,Algoritmos y Programación,2526-3,anon_132,1,8,8.0,2.1674207199736633,True
dropna,Algoritmos y Programación,2526-3,anon_133,1,4,13.0,6.451973684210527,True
dropna,Algoritmos y Programación,2526-3,anon_133,1,6,13.0,8.869553716766143,True
dropna,Algoritmos y Programación,2526-3,anon_133,1,8,13.0,6.451973684210527,True
dropna,Algoritmos y Programación,2526-3,anon_134,1,4,10.0,11.192980046269522,True
dropna,Algoritmos y Programación,2526-3,anon_134,1,6,10.0,2.1674207199736633,True
dropna,Algoritmos y Programación,2526-3,anon_134,1,8,10.0,6.753416840887409,True
dropna,Algoritmos y Programación,2526-3,anon_135,1,4,7.0,13.341657165009579,True
dropna,Algoritmos y Programación,2526-3,anon_135,1,6,7.0,6.451973684210527,True
dropna,Algoritmos y Programación,2526-3,anon_135,1,8,7.0,13.341657165009579,True
dropna,Algoritmos y Programación,2526-3,anon_136,1,4,0.0,2.652736391251337,True
dropna,Algoritmos y Programación,2526-3,anon_136,1,6,0.0,2.652736391251337,True
dropna,Algoritmos y Programación,2526-3,anon_136,1,8,0.0,2.652736391251337,True
dropna,Algoritmos y Programación,2526-3,anon_137,1,4,4.0,10.832385354786382,True
dropna,Algoritmos y Programación,2526-3,anon_137,1,6,4.0,2.1674207199736633,True
dropna,Algoritmos y Programación,2526-3,anon_137,1,8,4.0,2.1674207199736633,True
dropna,Algoritmos y Programación,2526-3,anon_138,1,4,4.0,2.1674207199736633,True
dropna,Algoritmos y Programación,2526-3,anon_138,1,6,4.0,2.1674207199736633,True
dropna,Algoritmos y Programación,2526-3,anon_138,1,8,4.0,2.1674207199736633,True
dropna,Algoritmos y Programación,2526-3,anon_139,1,4,3.0,8.869553716766143,True
dropna,Algoritmos y Programación,2526-3,anon_139,1,6,3.0,13.341657165009579,True
dropna,Algoritmos y Programación,2526-3,anon_139,1,8,3.0,13.341657165009579,True
dropna,Algoritmos y Programación,2526-3,anon_140,1,4,10.0,12.749361273892328,True
dropna,Algoritmos y Programación,2526-3,anon_140,1,6,10.0,2.1674207199736633,True
dropna,Algoritmos y Programación,2526-3,anon_140,1,8,10.0,9.839750017110397,True
dropna,Algoritmos y Programación,2526-3,anon_141,1,4,11.0,9.839750017110397,True
dropna,Algoritmos y Programación,2526-3,anon_141,1,6,11.0,2.1674207199736633,True
dropna,Algoritmos y Programación,2526-3,anon_141,1,8,11.0,11.192980046269522,True
dropna,Algoritmos y Programación,2526-3,anon_142,1,4,0.0,2.1674207199736633,True
dropna,Algoritmos y Programación,2526-3,anon_142,1,6,0.0,2.1674207199736633,True
dropna,Algoritmos y Programación,2526-3,anon_142,1,8,0.0,2.1674207199736633,True
dropna,Algoritmos y Programación,2526-3,anon_143,1,4,15.0,17.78888144217092,True
dropna,Algoritmos y Programación,2526-3,anon_143,1,6,15.0,2.1674207199736633,True
dropna,Algoritmos y Programación,2526-3,anon_143,1,8,15.0,10.832385354786382,True
dropna,Algoritmos y Programación,2526-3,anon_144,1,4,3.0,2.1674207199736633,True
dropna,Algoritmos y Programación,2526-3,anon_144,1,6,3.0,2.1674207199736633,True
dropna,Algoritmos y Programación,2526-3,anon_144,1,8,3.0,5.196921615536167,True
dropna,Algoritmos y Programación,2526-3,anon_145,1,4,20.0,17.79561957456792,True
dropna,Algoritmos y Programación,2526-3,anon_145,1,6,20.0,11.192980046269522,True
dropna,Algoritmos y Programación,2526-3,anon_145,1,8,20.0,6.753416840887409,True
dropna,Algoritmos y Programación,2526-3,anon_146,1,4,7.0,6.753416840887409,True
dropna,Algoritmos y Programación,2526-3,anon_146,1,6,7.0,2.1674207199736633,True
dropna,Algoritmos y Programación,2526-3,anon_146,1,8,7.0,10.832385354786382,True
dropna,Algoritmos y Programación,2526-3,anon_147,1,4,6.0,2.1674207199736633,True
dropna,Algoritmos y Programación,2526-3,anon_147,1,6,6.0,2.1674207199736633,True
dropna,Algoritmos y Programación,2526-3,anon_147,1,8,6.0,9.839750017110397,True
nan,Computación Emergente,2425-3,anon_186,2,4,0.0,0.9774020034352088,True
nan,Computación Emergente,2425-3,anon_186,2,6,0.0,0.9774020034352088,True
nan,Computación Emergente,2425-3,anon_186,2,8,0.0,0.9774020034352088,True
nan,Computación Emergente,2425-3,anon_187,2,4,7.0,11.992130215021728,True
nan,Computación Emergente,2425-3,anon_187,2,6,7.0,10.251186368845234,True
nan,Computación Emergente,2425-3,anon_187,2,8,7.0,11.992130215021728,True
nan,Computación Emergente,2425-3,anon_188,2,4,0.0,0.9774020034352088,True
nan,Computación Emergente,2425-3,anon_188,2,6,0.0,0.9774020034352088,True
nan,Computación Emergente,2425-3,anon_188,2,8,0.0,0.9774020034352088,True
nan,Computación Emergente,2425-3,anon_189,2,4,2.0,1.226636438500204,True
nan,Computación Emergente,2425-3,anon_189,2,6,2.0,6.108552716851383,True
nan,Computación Emergente,2425-3,anon_189,2,8,2.0,6.817700439125454,True
nan,Computación Emergente,2425-3,anon_190,2,4,0.0,0.9774020034352088,True
nan,Computación Emergente,2425-3,anon_190,2,6,0.0,0.9774020034352088,True
nan,Computación Emergente,2425-3,anon_190,2,8,0.0,0.9774020034352088,True
nan,Computación Emergente,2425-3,anon_191,2,4,0.0,0.9774020034352088,True
nan,Computación Emergente,2425-3,anon_191,2,6,0.0,0.9774020034352088,True
nan,Computación Emergente,2425-3,anon_191,2,8,0.0,0.9774020034352088,True
nan,Computación Emergente,2425-3,anon_192,2,4,5.0,0.9774020034352088,True
nan,Computación Emergente,2425-3,anon_192,2,6,5.0,6.335659443549964,True
nan,Computación Emergente,2425-3,anon_192,2,8,5.0,0.9774020034352088,True
nan,Computación Emergente,2425-3,anon_193,2,4,0.0,1.226636438500204,True
nan,Computación Emergente,2425-3,anon_193,2,6,0.0,1.226636438500204,True
nan,Computación Emergente,2425-3,anon_193,2,8,0.0,1.226636438500204,True
nan,Computación Emergente,2425-3,anon_194,2,4,1.0,0.9774020034352088,True
nan,Computación Emergente,2425-3,anon_194,2,6,1.0,0.9774020034352088,True
nan,Computación Emergente,2425-3,anon_194,2,8,1.0,0.9774020034352088,True
nan,Computación Emergente,2425-3,anon_195,2,4,0.0,0.9774020034352088,True
nan,Computación Emergente,2425-3,anon_195,2,6,0.0,0.9774020034352088,True
nan,Computación Emergente,2425-3,anon_195,2,8,0.0,0.9774020034352088,True
nan,Computación Emergente,2425-3,anon_196,2,4,1.0,0.9774020034352088,True
nan,Computación Emergente,2425-3,anon_196,2,6,1.0,6.335659443549964,True
nan,Computación Emergente,2425-3,anon_196,2,8,1.0,0.9774020034352088,True
nan,Computación Emergente,2425-3,anon_197,2,4,0.0,0.9774020034352088,True
nan,Computación Emergente,2425-3,anon_197,2,6,0.0,0.9774020034352088,True
nan,Computación Emergente,2425-3,anon_197,2,8,0.0,0.9774020034352088,True
nan,Computación Emergente,2425-3,anon_198,2,4,2.0,0.9774020034352088,True
nan,Computación Emergente,2425-3,anon_198,2,6,2.0,0.9774020034352088,True
nan,Computación Emergente,2425-3,anon_198,2,8,2.0,6.580740028841518,True
nan,Computación Emergente,2425-3,anon_199,2,4,1.0,1.226636438500204,True
nan,Computación Emergente,2425-3,anon_199,2,6,1.0,1.226636438500204,True
nan,Computación Emergente,2425-3,anon_199,2,8,1.0,1.226636438500204,True
nan,Computación Emergente,2425-3,anon_200,2,4,4.0,6.817700439125454,True
nan,Computación Emergente,2425-3,anon_200,2,6,4.0,6.817700439125454,True
nan,Computación Emergente,2425-3,anon_200,2,8,4.0,1.226636438500204,True
nan,Computación Emergente,2425-3,anon_201,2,4,0.0,1.226636438500204,True
nan,Computación Emergente,2425-3,anon_201,2,6,0.0,1.226636438500204,True
nan,Computación Emergente,2425-3,anon_201,2,8,0.0,1.226636438500204,True
nan,Computación Emergente,2425-3,anon_202,2,4,1.0,1.226636438500204,True
nan,Computación Emergente,2425-3,anon_202,2,6,1.0,6.817700439125454,True
nan,Computación Emergente,2425-3,anon_202,2,8,1.0,1.226636438500204,True
nan,Computación Emergente,2425-3,anon_203,2,4,0.0,0.9774020034352088,True
nan,Computación Emergente,2425-3,anon_203,2,6,0.0,0.9774020034352088,True
nan,Computación Emergente,2425-3,anon_203,2,8,0.0,0.9774020034352088,True
nan,Computación Emergente,2425-3,anon_204,2,4,3.0,6.817700439125454,True
nan,Computación Emergente,2425-3,anon_204,2,6,3.0,1.226636438500204,True
nan,Computación Emergente,2425-3,anon_204,2,8,3.0,1.226636438500204,True
nan,Computación Emergente,2425-3,anon_205,2,4,0.0,1.226636438500204,True
nan,Computación Emergente,2425-3,anon_205,2,6,0.0,1.226636438500204,True
nan,Computación Emergente,2425-3,anon_205,2,8,0.0,1.226636438500204,True
nan,Computación Emergente,2425-3,anon_206,2,4,1.0,0.9774020034352088,True
nan,Computación Emergente,2425-3,anon_206,2,6,1.0,0.9774020034352088,True
nan,Computación Emergente,2425-3,anon_206,2,8,1.0,0.9774020034352088,True
nan,Computación Emergente,2425-3,anon_207,2,4,0.0,0.9774020034352088,True
nan,Computación Emergente,2425-3,anon_207,2,6,0.0,0.9774020034352088,True
nan,Computación Emergente,2425-3,anon_207,2,8,0.0,0.9774020034352088,True
nan,Computación Emergente,2425-3,anon_208,2,4,1.0,0.9774020034352088,True
nan,Computación Emergente,2425-3,anon_208,2,6,1.0,0.9774020034352088,True
nan,Computación Emergente,2425-3,anon_208,2,8,1.0,0.9774020034352088,True
nan,Computación Emergente,2425-3,anon_209,2,4,1.0,1.226636438500204,True
nan,Computación Emergente,2425-3,anon_209,2,6,1.0,1.226636438500204,True
nan,Computación Emergente,2425-3,anon_209,2,8,1.0,6.817700439125454,True
nan,Computación Emergente,2425-3,anon_210,2,4,0.0,1.226636438500204,True
nan,Computación Emergente,2425-3,anon_210,2,6,0.0,1.226636438500204,True
nan,Computación Emergente,2425-3,anon_210,2,8,0.0,1.226636438500204,True
nan,Computación Emergente,2425-3,anon_211,2,4,0.0,1.226636438500204,True
nan,Computación Emergente,2425-3,anon_211,2,6,0.0,1.226636438500204,True
nan,Computación Emergente,2425-3,anon_211,2,8,0.0,1.226636438500204,True
nan,Computación Emergente,2425-3,anon_212,2,4,0.0,0.9774020034352088,True
nan,Computación Emergente,2425-3,anon_212,2,6,0.0,0.9774020034352088,True
nan,Computación Emergente,2425-3,anon_212,2,8,0.0,0.9774020034352088,True
nan,Computación Emergente,2425-3,anon_213,2,4,1.0,0.9774020034352088,True
nan,Computación Emergente,2425-3,anon_213,2,6,1.0,0.9774020034352088,True
nan,Computación Emergente,2425-3,anon_213,2,8,1.0,0.9774020034352088,True
nan,Computación Emergente,2425-3,anon_214,2,4,0.0,0.9774020034352088,True
nan,Computación Emergente,2425-3,anon_214,2,6,0.0,0.9774020034352088,True
nan,Computación Emergente,2425-3,anon_214,2,8,0.0,0.9774020034352088,True
nan,Computación Emergente,2425-3,anon_215,2,4,0.0,0.9774020034352088,True
nan,Computación Emergente,2425-3,anon_215,2,6,0.0,0.9774020034352088,True
nan,Computación Emergente,2425-3,anon_215,2,8,0.0,0.9774020034352088,True
nan,Computación Emergente,2425-3,anon_216,2,4,1.0,1.226636438500204,True
nan,Computación Emergente,2425-3,anon_216,2,6,1.0,1.226636438500204,True
nan,Computación Emergente,2425-3,anon_216,2,8,1.0,1.226636438500204,True
nan,Computación Emergente,2425-3,anon_217,2,4,0.0,0.9774020034352088,True
nan,Computación Emergente,2425-3,anon_217,2,6,0.0,0.9774020034352088,True
nan,Computación Emergente,2425-3,anon_217,2,8,0.0,0.9774020034352088,True
nan,Computación Emergente,2425-3,anon_218,2,4,1.0,0.9774020034352088,True
nan,Computación Emergente,2425-3,anon_218,2,6,1.0,0.9774020034352088,True
nan,Computación Emergente,2425-3,anon_218,2,8,1.0,0.9774020034352088,True
nan,Computación Emergente,2425-3,anon_219,2,4,2.0,0.9774020034352088,True
nan,Computación Emergente,2425-3,anon_219,2,6,2.0,0.9774020034352088,True
nan,Computación Emergente,2425-3,anon_219,2,8,2.0,6.580740028841518,True
nan,Computación Emergente,2425-3,anon_185,2,4,0.0,0.9774020034352088,True
nan,Computación Emergente,2425-3,anon_185,2,6,0.0,0.9774020034352088,True
nan,Computación Emergente,2425-3,anon_185,2,8,0.0,0.9774020034352088,True
nan,Computación Emergente,2425-3,anon_148,1,4,1.0,1.226636438500204,True
nan,Computación Emergente,2425-3,anon_148,1,6,1.0,6.108552716851383,True
nan,Computación Emergente,2425-3,anon_148,1,8,1.0,1.226636438500204,True
nan,Computación Emergente,2425-3,anon_149,1,4,5.0,1.226636438500204,True
nan,Computación Emergente,2425-3,anon_149,1,6,5.0,6.108552716851383,True
nan,Computación Emergente,2425-3,anon_149,1,8,5.0,6.817700439125454,True
nan,Computación Emergente,2425-3,anon_150,1,4,4.0,1.226636438500204,True
nan,Computación Emergente,2425-3,anon_150,1,6,4.0,6.108552716851383,True
nan,Computación Emergente,2425-3,anon_150,1,8,4.0,1.226636438500204,True
nan,Computación Emergente,2425-3,anon_151,1,4,1.0,0.9774020034352088,True
nan,Computación Emergente,2425-3,anon_151,1,6,1.0,0.9774020034352088,True
nan,Computación Emergente,2425-3,anon_151,1,8,1.0,6.580740028841518,True
nan,Computación Emergente,2425-3,anon_152,1,4,4.0,0.9774020034352088,True
nan,Computación Emergente,2425-3,anon_152,1,6,4.0,6.335659443549964,True
nan,Computación Emergente,2425-3,anon_152,1,8,4.0,0.9774020034352088,True
nan,Computación Emergente,2425-3,anon_153,1,4,0.0,0.9774020034352088,True
nan,Computación Emergente,2425-3,anon_153,1,6,0.0,0.9774020034352088,True
nan,Computación Emergente,2425-3,anon_153,1,8,0.0,0.9774020034352088,True
nan,Computación Emergente,2425-3,anon_154,1,4,0.0,0.9774020034352088,True
nan,Computación Emergente,2425-3,anon_154,1,6,0.0,0.9774020034352088,True
nan,Computación Emergente,2425-3,anon_154,1,8,0.0,0.9774020034352088,True
nan,Computación Emergente,2425-3,anon_155,1,4,5.0,1.226636438500204,True
nan,Computación Emergente,2425-3,anon_155,1,6,5.0,6.108552716851383,True
nan,Computación Emergente,2425-3,anon_155,1,8,5.0,1.226636438500204,True
nan,Computación Emergente,2425-3,anon_156,1,4,0.0,1.226636438500204,True
nan,Computación Emergente,2425-3,anon_156,1,6,0.0,1.226636438500204,True
nan,Computación Emergente,2425-3,anon_156,1,8,0.0,1.226636438500204,True
nan,Computación Emergente,2425-3,anon_157,1,4,2.0,1.226636438500204,True
nan,Computación Emergente,2425-3,anon_157,1,6,2.0,1.226636438500204,True
nan,Computación Emergente,2425-3,anon_157,1,8,2.0,1.226636438500204,True
nan,Computación Emergente,2425-3,anon_158,1,4,0.0,1.226636438500204,True
nan,Computación Emergente,2425-3,anon_158,1,6,0.0,1.226636438500204,True
nan,Computación Emergente,2425-3,anon_158,1,8,0.0,1.226636438500204,True
nan,Computación Emergente,2425-3,anon_159,1,4,1.0,1.226636438500204,True
nan,Computación Emergente,2425-3,anon_159,1,6,1.0,6.108552716851383,True
nan,Computación Emergente,2425-3,anon_159,1,8,1.0,1.226636438500204,True
nan,Computación Emergente,2425-3,anon_160,1,4,1.0,0.9774020034352088,True
nan,Computación Emergente,2425-3,anon_160,1,6,1.0,6.335659443549964,True
nan,Computación Emergente,2425-3,anon_160,1,8,1.0,0.9774020034352088,True
nan,Computación Emergente,2425-3,anon_161,1,4,0.0,0.9774020034352088,True
nan,Computación Emergente,2425-3,anon_161,1,6,0.0,0.9774020034352088,True
nan,Computación Emergente,2425-3,anon_161,1,8,0.0,0.9774020034352088,True
nan,Computación Emergente,2425-3,anon_162,1,4,0.0,3.427691941726313,True
nan,Computación Emergente,2425-3,anon_162,1,6,0.0,3.427691941726313,True
nan,Computación Emergente,2425-3,anon_162,1,8,0.0,3.427691941726313,True
nan,Computación Emergente,2425-3,anon_163,1,4,0.0,3.427691941726313,True
nan,Computación Emergente,2425-3,anon_163,1,6,0.0,3.427691941726313,True
nan,Computación Emergente,2425-3,anon_163,1,8,0.0,3.427691941726313,True
nan,Computación Emergente,2425-3,anon_164,1,4,5.0,6.817700439125454,True
nan,Computación Emergente,2425-3,anon_164,1,6,5.0,6.108552716851383,True
nan,Computación Emergente,2425-3,anon_164,1,8,5.0,6.817700439125454,True
nan,Computación Emergente,2425-3,anon_165,1,4,6.0,6.817700439125454,True
nan,Computación Emergente,2425-3,anon_165,1,6,6.0,6.108552716851383,True
nan,Computación Emergente,2425-3,anon_165,1,8,6.0,6.817700439125454,True
nan,Computación Emergente,2425-3,anon_166,1,4,2.0,1.226636438500204,True
nan,Computación Emergente,2425-3,anon_166,1,6,2.0,1.226636438500204,True
nan,Computación Emergente,2425-3,anon_166,1,8,2.0,6.817700439125454,True
nan,Computación Emergente,2425-3,anon_167,1,4,0.0,3.427691941726313,True
nan,Computación Emergente,2425-3,anon_167,1,6,0.0,3.427691941726313,True
nan,Computación Emergente,2425-3,anon_167,1,8,0.0,3.427691941726313,True
nan,Computación Emergente,2425-3,anon_168,1,4,5.0,3.427691941726313,True
nan,Computación Emergente,2425-3,anon_168,1,6,5.0,9.051690455247535,True
nan,Computación Emergente,2425-3,anon_168,1,8,5.0,11.992130215021728,True
nan,Computación Emergente,2425-3,anon_169,1,4,0.0,1.226636438500204,True
nan,Computación Emergente,2425-3,anon_169,1,6,0.0,1.226636438500204,True
nan,Computación Emergente,2425-3,anon_169,1,8,0.0,1.226636438500204,True
nan,Computación Emergente,2425-3,anon_170,1,4,0.0,3.427691941726313,True
nan,Computación Emergente,2425-3,anon_170,1,6,0.0,3.427691941726313,True
nan,Computación Emergente,2425-3,anon_170,1,8,0.0,3.427691941726313,True
nan,Computación Emergente,2425-3,anon_171,1,4,3.0,6.817700439125454,True
nan,Computación Emergente,2425-3,anon_171,1,6,3.0,6.108552716851383,True
nan,Computación Emergente,2425-3,anon_171,1,8,3.0,1.226636438500204,True
nan,Computación Emergente,2425-3,anon_172,1,4,0.0,1.226636438500204,True
nan,Computación Emergente,2425-3,anon_172,1,6,0.0,1.226636438500204,True
nan,Computación Emergente,2425-3,anon_172,1,8,0.0,1.226636438500204,True
nan,Computación Emergente,2425-3,anon_173,1,4,6.0,6.817700439125454,True
nan,Computación Emergente,2425-3,anon_173,1,6,6.0,6.108552716851383,True
nan,Computación Emergente,2425-3,anon_173,1,8,6.0,6.817700439125454,True
nan,Computación Emergente,2425-3,anon_174,1,4,6.0,11.992130215021728,True
nan,Computación Emergente,2425-3,anon_174,1,6,6.0,9.051690455247535,True
nan,Computación Emergente,2425-3,anon_174,1,8,6.0,11.992130215021728,True
nan,Computación Emergente,2425-3,anon_175,1,4,0.0,0.9774020034352088,True
nan,Computación Emergente,2425-3,anon_175,1,6,0.0,0.9774020034352088,True
nan,Computación Emergente,2425-3,anon_175,1,8,0.0,0.9774020034352088,True
nan,Computación Emergente,2425-3,anon_176,1,4,6.0,6.817700439125454,True
nan,Computación Emergente,2425-3,anon_176,1,6,6.0,6.108552716851383,True
nan,Computación Emergente,2425-3,anon_176,1,8,6.0,6.817700439125454,True
nan,Computación Emergente,2425-3,anon_177,1,4,3.0,0.9774020034352088,True
nan,Computación Emergente,2425-3,anon_177,1,6,3.0,0.9774020034352088,True
nan,Computación Emergente,2425-3,anon_177,1,8,3.0,0.9774020034352088,True
nan,Computación Emergente,2425-3,anon_178,1,4,3.0,3.427691941726313,True
nan,Computación Emergente,2425-3,anon_178,1,6,3.0,9.051690455247535,True
nan,Computación Emergente,2425-3,anon_178,1,8,3.0,11.992130215021728,True
nan,Computación Emergente,2425-3,anon_179,1,4,0.0,1.226636438500204,True
nan,Computación Emergente,2425-3,anon_179,1,6,0.0,1.226636438500204,True
nan,Computación Emergente,2425-3,anon_179,1,8,0.0,1.226636438500204,True
nan,Computación Emergente,2425-3,anon_180,1,4,0.0,1.226636438500204,True
nan,Computación Emergente,2425-3,anon_180,1,6,0.0,1.226636438500204,True
nan,Computación Emergente,2425-3,anon_180,1,8,0.0,1.226636438500204,True
nan,Computación Emergente,2425-3,anon_181,1,4,3.0,1.226636438500204,True
nan,Computación Emergente,2425-3,anon_181,1,6,3.0,1.226636438500204,True
nan,Computación Emergente,2425-3,anon_181,1,8,3.0,1.226636438500204,True
nan,Computación Emergente,2425-3,anon_182,1,4,4.0,1.226636438500204,True
nan,Computación Emergente,2425-3,anon_182,1,6,4.0,1.226636438500204,True
nan,Computación Emergente,2425-3,anon_182,1,8,4.0,6.817700439125454,True
nan,Computación Emergente,2425-3,anon_183,1,4,7.0,6.817700439125454,True
nan,Computación Emergente,2425-3,anon_183,1,6,7.0,6.108552716851383,True
nan,Computación Emergente,2425-3,anon_183,1,8,7.0,6.817700439125454,True
nan,Computación Emergente,2425-3,anon_184,1,4,1.0,0.9774020034352088,True
nan,Computación Emergente,2425-3,anon_184,1,6,1.0,6.335659443549964,True
nan,Computación Emergente,2425-3,anon_184,1,8,1.0,0.9774020034352088,True
nan,Computación Emergente,2425-3,anon_185,1,4,0.0,0.9774020034352088,True
nan,Computación Emergente,2425-3,anon_185,1,6,0.0,0.9774020034352088,True
nan,Computación Emergente,2425-3,anon_185,1,8,0.0,0.9774020034352088,True
dropna,Computación Emergente,2425-3,anon_186,2,4,0.0,0.9774020034352088,True
dropna,Computación Emergente,2425-3,anon_186,2,6,0.0,0.9774020034352088,True
dropna,Computación Emergente,2425-3,anon_186,2,8,0.0,0.9774020034352088,True
dropna,Computación Emergente,2425-3,anon_187,2,4,7.0,11.992130215021728,True
dropna,Computación Emergente,2425-3,anon_187,2,6,7.0,10.251186368845234,True
dropna,Computación Emergente,2425-3,anon_187,2,8,7.0,11.992130215021728,True
dropna,Computación Emergente,2425-3,anon_188,2,4,0.0,0.9774020034352088,True
dropna,Computación Emergente,2425-3,anon_188,2,6,0.0,0.9774020034352088,True
dropna,Computación Emergente,2425-3,anon_188,2,8,0.0,0.9774020034352088,True
dropna,Computación Emergente,2425-3,anon_189,2,4,2.0,1.226636438500204,True
dropna,Computación Emergente,2425-3,anon_189,2,6,2.0,6.108552716851383,True
dropna,Computación Emergente,2425-3,anon_189,2,8,2.0,6.817700439125454,True
dropna,Computación Emergente,2425-3,anon_190,2,4,0.0,0.9774020034352088,True
dropna,Computación Emergente,2425-3,anon_190,2,6,0.0,0.9774020034352088,True
dropna,Computación Emergente,2425-3,anon_190,2,8,0.0,0.9774020034352088,True
dropna,Computación Emergente,2425-3,anon_191,2,4,0.0,0.9774020034352088,True
dropna,Computación Emergente,2425-3,anon_191,2,6,0.0,0.9774020034352088,True
dropna,Computación Emergente,2425-3,anon_191,2,8,0.0,0.9774020034352088,True
dropna,Computación Emergente,2425-3,anon_192,2,4,5.0,0.9774020034352088,True
dropna,Computación Emergente,2425-3,anon_192,2,6,5.0,6.335659443549964,True
dropna,Computación Emergente,2425-3,anon_192,2,8,5.0,0.9774020034352088,True
dropna,Computación Emergente,2425-3,anon_193,2,4,0.0,1.226636438500204,True
dropna,Computación Emergente,2425-3,anon_193,2,6,0.0,1.226636438500204,True
dropna,Computación Emergente,2425-3,anon_193,2,8,0.0,1.226636438500204,True
dropna,Computación Emergente,2425-3,anon_194,2,4,1.0,0.9774020034352088,True
dropna,Computación Emergente,2425-3,anon_194,2,6,1.0,0.9774020034352088,True
dropna,Computación Emergente,2425-3,anon_194,2,8,1.0,0.9774020034352088,True
dropna,Computación Emergente,2425-3,anon_195,2,4,0.0,0.9774020034352088,True
dropna,Computación Emergente,2425-3,anon_195,2,6,0.0,0.9774020034352088,True
dropna,Computación Emergente,2425-3,anon_195,2,8,0.0,0.9774020034352088,True
dropna,Computación Emergente,2425-3,anon_196,2,4,1.0,0.9774020034352088,True
dropna,Computación Emergente,2425-3,anon_196,2,6,1.0,6.335659443549964,True
dropna,Computación Emergente,2425-3,anon_196,2,8,1.0,0.9774020034352088,True
dropna,Computación Emergente,2425-3,anon_197,2,4,0.0,0.9774020034352088,True
dropna,Computación Emergente,2425-3,anon_197,2,6,0.0,0.9774020034352088,True
dropna,Computación Emergente,2425-3,anon_197,2,8,0.0,0.9774020034352088,True
dropna,Computación Emergente,2425-3,anon_198,2,4,2.0,0.9774020034352088,True
dropna,Computación Emergente,2425-3,anon_198,2,6,2.0,0.9774020034352088,True
dropna,Computación Emergente,2425-3,anon_198,2,8,2.0,6.580740028841518,True
dropna,Computación Emergente,2425-3,anon_199,2,4,1.0,1.226636438500204,True
dropna,Computación Emergente,2425-3,anon_199,2,6,1.0,1.226636438500204,True
dropna,Computación Emergente,2425-3,anon_199,2,8,1.0,1.226636438500204,True
dropna,Computación Emergente,2425-3,anon_200,2,4,4.0,6.817700439125454,True
dropna,Computación Emergente,2425-3,anon_200,2,6,4.0,6.817700439125454,True
dropna,Computación Emergente,2425-3,anon_200,2,8,4.0,1.226636438500204,True
dropna,Computación Emergente,2425-3,anon_201,2,4,0.0,1.226636438500204,True
dropna,Computación Emergente,2425-3,anon_201,2,6,0.0,1.226636438500204,True
dropna,Computación Emergente,2425-3,anon_201,2,8,0.0,1.226636438500204,True
dropna,Computación Emergente,2425-3,anon_202,2,4,1.0,1.226636438500204,True
dropna,Computación Emergente,2425-3,anon_202,2,6,1.0,6.817700439125454,True
dropna,Computación Emergente,2425-3,anon_202,2,8,1.0,1.226636438500204,True
dropna,Computación Emergente,2425-3,anon_203,2,4,0.0,0.9774020034352088,True
dropna,Computación Emergente,2425-3,anon_203,2,6,0.0,0.9774020034352088,True
dropna,Computación Emergente,2425-3,anon_203,2,8,0.0,0.9774020034352088,True
dropna,Computación Emergente,2425-3,anon_204,2,4,3.0,6.817700439125454,True
dropna,Computación Emergente,2425-3,anon_204,2,6,3.0,1.226636438500204,True
dropna,Computación Emergente,2425-3,anon_204,2,8,3.0,1.226636438500204,True
dropna,Computación Emergente,2425-3,anon_205,2,4,0.0,1.226636438500204,True
dropna,Computación Emergente,2425-3,anon_205,2,6,0.0,1.226636438500204,True
dropna,Computación Emergente,2425-3,anon_205,2,8,0.0,1.226636438500204,True
dropna,Computación Emergente,2425-3,anon_206,2,4,1.0,0.9774020034352088,True
dropna,Computación Emergente,2425-3,anon_206,2,6,1.0,0.9774020034352088,True
dropna,Computación Emergente,2425-3,anon_206,2,8,1.0,0.9774020034352088,True
dropna,Computación Emergente,2425-3,anon_207,2,4,0.0,0.9774020034352088,True
dropna,Computación Emergente,2425-3,anon_207,2,6,0.0,0.9774020034352088,True
dropna,Computación Emergente,2425-3,anon_207,2,8,0.0,0.9774020034352088,True
dropna,Computación Emergente,2425-3,anon_208,2,4,1.0,0.9774020034352088,True
dropna,Computación Emergente,2425-3,anon_208,2,6,1.0,0.9774020034352088,True
dropna,Computación Emergente,2425-3,anon_208,2,8,1.0,0.9774020034352088,True
dropna,Computación Emergente,2425-3,anon_209,2,4,1.0,1.226636438500204,True
dropna,Computación Emergente,2425-3,anon_209,2,6,1.0,1.226636438500204,True
dropna,Computación Emergente,2425-3,anon_209,2,8,1.0,6.817700439125454,True
dropna,Computación Emergente,2425-3,anon_210,2,4,0.0,1.226636438500204,True
dropna,Computación Emergente,2425-3,anon_210,2,6,0.0,1.226636438500204,True
dropna,Computación Emergente,2425-3,anon_210,2,8,0.0,1.226636438500204,True
dropna,Computación Emergente,2425-3,anon_211,2,4,0.0,1.226636438500204,True
dropna,Computación Emergente,2425-3,anon_211,2,6,0.0,1.226636438500204,True
dropna,Computación Emergente,2425-3,anon_211,2,8,0.0,1.226636438500204,True
dropna,Computación Emergente,2425-3,anon_212,2,4,0.0,0.9774020034352088,True
dropna,Computación Emergente,2425-3,anon_212,2,6,0.0,0.9774020034352088,True
dropna,Computación Emergente,2425-3,anon_212,2,8,0.0,0.9774020034352088,True
dropna,Computación Emergente,2425-3,anon_213,2,4,1.0,0.9774020034352088,True
dropna,Computación Emergente,2425-3,anon_213,2,6,1.0,0.9774020034352088,True
dropna,Computación Emergente,2425-3,anon_213,2,8,1.0,0.9774020034352088,True
dropna,Computación Emergente,2425-3,anon_214,2,4,0.0,0.9774020034352088,True
dropna,Computación Emergente,2425-3,anon_214,2,6,0.0,0.9774020034352088,True
dropna,Computación Emergente,2425-3,anon_214,2,8,0.0,0.9774020034352088,True
dropna,Computación Emergente,2425-3,anon_215,2,4,0.0,0.9774020034352088,True
dropna,Computación Emergente,2425-3,anon_215,2,6,0.0,0.9774020034352088,True
dropna,Computación Emergente,2425-3,anon_215,2,8,0.0,0.9774020034352088,True
dropna,Computación Emergente,2425-3,anon_216,2,4,1.0,1.226636438500204,True
dropna,Computación Emergente,2425-3,anon_216,2,6,1.0,1.226636438500204,True
dropna,Computación Emergente,2425-3,anon_216,2,8,1.0,1.226636438500204,True
dropna,Computación Emergente,2425-3,anon_217,2,4,0.0,0.9774020034352088,True
dropna,Computación Emergente,2425-3,anon_217,2,6,0.0,0.9774020034352088,True
dropna,Computación Emergente,2425-3,anon_217,2,8,0.0,0.9774020034352088,True
dropna,Computación Emergente,2425-3,anon_218,2,4,1.0,0.9774020034352088,True
dropna,Computación Emergente,2425-3,anon_218,2,6,1.0,0.9774020034352088,True
dropna,Computación Emergente,2425-3,anon_218,2,8,1.0,0.9774020034352088,True
dropna,Computación Emergente,2425-3,anon_219,2,4,2.0,0.9774020034352088,True
dropna,Computación Emergente,2425-3,anon_219,2,6,2.0,0.9774020034352088,True
dropna,Computación Emergente,2425-3,anon_219,2,8,2.0,6.580740028841518,True
dropna,Computación Emergente,2425-3,anon_185,2,4,0.0,0.9774020034352088,True
dropna,Computación Emergente,2425-3,anon_185,2,6,0.0,0.9774020034352088,True
dropna,Computación Emergente,2425-3,anon_185,2,8,0.0,0.9774020034352088,True
dropna,Computación Emergente,2425-3,anon_148,1,4,1.0,1.226636438500204,True
dropna,Computación Emergente,2425-3,anon_148,1,6,1.0,6.108552716851383,True
dropna,Computación Emergente,2425-3,anon_148,1,8,1.0,1.226636438500204,True
dropna,Computación Emergente,2425-3,anon_149,1,4,5.0,1.226636438500204,True
dropna,Computación Emergente,2425-3,anon_149,1,6,5.0,6.108552716851383,True
dropna,Computación Emergente,2425-3,anon_149,1,8,5.0,6.817700439125454,True
dropna,Computación Emergente,2425-3,anon_150,1,4,4.0,1.226636438500204,True
dropna,Computación Emergente,2425-3,anon_150,1,6,4.0,6.108552716851383,True
dropna,Computación Emergente,2425-3,anon_150,1,8,4.0,1.226636438500204,True
dropna,Computación Emergente,2425-3,anon_151,1,4,1.0,0.9774020034352088,True
dropna,Computación Emergente,2425-3,anon_151,1,6,1.0,0.9774020034352088,True
dropna,Computación Emergente,2425-3,anon_151,1,8,1.0,6.580740028841518,True
dropna,Computación Emergente,2425-3,anon_152,1,4,4.0,0.9774020034352088,True
dropna,Computación Emergente,2425-3,anon_152,1,6,4.0,6.335659443549964,True
dropna,Computación Emergente,2425-3,anon_152,1,8,4.0,0.9774020034352088,True
dropna,Computación Emergente,2425-3,anon_153,1,4,0.0,0.9774020034352088,True
dropna,Computación Emergente,2425-3,anon_153,1,6,0.0,0.9774020034352088,True
dropna,Computación Emergente,2425-3,anon_153,1,8,0.0,0.9774020034352088,True
dropna,Computación Emergente,2425-3,anon_154,1,4,0.0,0.9774020034352088,True
dropna,Computación Emergente,2425-3,anon_154,1,6,0.0,0.9774020034352088,True
dropna,Computación Emergente,2425-3,anon_154,1,8,0.0,0.9774020034352088,True
dropna,Computación Emergente,2425-3,anon_155,1,4,5.0,1.226636438500204,True
dropna,Computación Emergente,2425-3,anon_155,1,6,5.0,6.108552716851383,True
dropna,Computación Emergente,2425-3,anon_155,1,8,5.0,1.226636438500204,True
dropna,Computación Emergente,2425-3,anon_156,1,4,0.0,1.226636438500204,True
dropna,Computación Emergente,2425-3,anon_156,1,6,0.0,1.226636438500204,True
dropna,Computación Emergente,2425-3,anon_156,1,8,0.0,1.226636438500204,True
dropna,Computación Emergente,2425-3,anon_157,1,4,2.0,1.226636438500204,True
dropna,Computación Emergente,2425-3,anon_157,1,6,2.0,1.226636438500204,True
dropna,Computación Emergente,2425-3,anon_157,1,8,2.0,1.226636438500204,True
dropna,Computación Emergente,2425-3,anon_158,1,4,0.0,1.226636438500204,True
dropna,Computación Emergente,2425-3,anon_158,1,6,0.0,1.226636438500204,True
dropna,Computación Emergente,2425-3,anon_158,1,8,0.0,1.226636438500204,True
dropna,Computación Emergente,2425-3,anon_159,1,4,1.0,1.226636438500204,True
dropna,Computación Emergente,2425-3,anon_159,1,6,1.0,6.108552716851383,True
dropna,Computación Emergente,2425-3,anon_159,1,8,1.0,1.226636438500204,True
dropna,Computación Emergente,2425-3,anon_160,1,4,1.0,0.9774020034352088,True
dropna,Computación Emergente,2425-3,anon_160,1,6,1.0,6.335659443549964,True
dropna,Computación Emergente,2425-3,anon_160,1,8,1.0,0.9774020034352088,True
dropna,Computación Emergente,2425-3,anon_161,1,4,0.0,0.9774020034352088,True
dropna,Computación Emergente,2425-3,anon_161,1,6,0.0,0.9774020034352088,True
dropna,Computación Emergente,2425-3,anon_161,1,8,0.0,0.9774020034352088,True
dropna,Computación Emergente,2425-3,anon_162,1,4,0.0,3.427691941726313,True
dropna,Computación Emergente,2425-3,anon_162,1,6,0.0,3.427691941726313,True
dropna,Computación Emergente,2425-3,anon_162,1,8,0.0,3.427691941726313,True
dropna,Computación Emergente,2425-3,anon_163,1,4,0.0,3.427691941726313,True
dropna,Computación Emergente,2425-3,anon_163,1,6,0.0,3.427691941726313,True
dropna,Computación Emergente,2425-3,anon_163,1,8,0.0,3.427691941726313,True
dropna,Computación Emergente,2425-3,anon_164,1,4,5.0,6.817700439125454,True
dropna,Computación Emergente,2425-3,anon_164,1,6,5.0,6.108552716851383,True
dropna,Computación Emergente,2425-3,anon_164,1,8,5.0,6.817700439125454,True
dropna,Computación Emergente,2425-3,anon_165,1,4,6.0,6.817700439125454,True
dropna,Computación Emergente,2425-3,anon_165,1,6,6.0,6.108552716851383,True
dropna,Computación Emergente,2425-3,anon_165,1,8,6.0,6.817700439125454,True
dropna,Computación Emergente,2425-3,anon_166,1,4,2.0,1.226636438500204,True
dropna,Computación Emergente,2425-3,anon_166,1,6,2.0,1.226636438500204,True
dropna,Computación Emergente,2425-3,anon_166,1,8,2.0,6.817700439125454,True
dropna,Computación Emergente,2425-3,anon_167,1,4,0.0,3.427691941726313,True
dropna,Computación Emergente,2425-3,anon_167,1,6,0.0,3.427691941726313,True
dropna,Computación Emergente,2425-3,anon_167,1,8,0.0,3.427691941726313,True
dropna,Computación Emergente,2425-3,anon_168,1,4,5.0,3.427691941726313,True
dropna,Computación Emergente,2425-3,anon_168,1,6,5.0,9.051690455247535,True
dropna,Computación Emergente,2425-3,anon_168,1,8,5.0,11.992130215021728,True
dropna,Computación Emergente,2425-3,anon_169,1,4,0.0,1.226636438500204,True
dropna,Computación Emergente,2425-3,anon_169,1,6,0.0,1.226636438500204,True
dropna,Computación Emergente,2425-3,anon_169,1,8,0.0,1.226636438500204,True
dropna,Computación Emergente,2425-3,anon_170,1,4,0.0,3.427691941726313,True
dropna,Computación Emergente,2425-3,anon_170,1,6,0.0,3.427691941726313,True
dropna,Computación Emergente,2425-3,anon_170,1,8,0.0,3.427691941726313,True
dropna,Computación Emergente,2425-3,anon_171,1,4,3.0,6.817700439125454,True
dropna,Computación Emergente,2425-3,anon_171,1,6,3.0,6.108552716851383,True
dropna,Computación Emergente,2425-3,anon_171,1,8,3.0,1.226636438500204,True
dropna,Computación Emergente,2425-3,anon_172,1,4,0.0,1.226636438500204,True
dropna,Computación Emergente,2425-3,anon_172,1,6,0.0,1.226636438500204,True
dropna,Computación Emergente,2425-3,anon_172,1,8,0.0,1.226636438500204,True
dropna,Computación Emergente,2425-3,anon_173,1,4,6.0,6.817700439125454,True
dropna,Computación Emergente,2425-3,anon_173,1,6,6.0,6.108552716851383,True
dropna,Computación Emergente,2425-3,anon_173,1,8,6.0,6.817700439125454,True
dropna,Computación Emergente,2425-3,anon_174,1,4,6.0,11.992130215021728,True
dropna,Computación Emergente,2425-3,anon_174,1,6,6.0,9.051690455247535,True
dropna,Computación Emergente,2425-3,anon_174,1,8,6.0,11.992130215021728,True
dropna,Computación Emergente,2425-3,anon_175,1,4,0.0,0.9774020034352088,True
dropna,Computación Emergente,2425-3,anon_175,1,6,0.0,0.9774020034352088,True
dropna,Computación Emergente,2425-3,anon_175,1,8,0.0,0.9774020034352088,True
dropna,Computación Emergente,2425-3,anon_176,1,4,6.0,6.817700439125454,True
dropna,Computación Emergente,2425-3,anon_176,1,6,6.0,6.108552716851383,True
dropna,Computación Emergente,2425-3,anon_176,1,8,6.0,6.817700439125454,True
dropna,Computación Emergente,2425-3,anon_177,1,4,3.0,0.9774020034352088,True
dropna,Computación Emergente,2425-3,anon_177,1,6,3.0,0.9774020034352088,True
dropna,Computación Emergente,2425-3,anon_177,1,8,3.0,0.9774020034352088,True
dropna,Computación Emergente,2425-3,anon_178,1,4,3.0,3.427691941726313,True
dropna,Computación Emergente,2425-3,anon_178,1,6,3.0,9.051690455247535,True
dropna,Computación Emergente,2425-3,anon_178,1,8,3.0,11.992130215021728,True
dropna,Computación Emergente,2425-3,anon_179,1,4,0.0,1.226636438500204,True
dropna,Computación Emergente,2425-3,anon_179,1,6,0.0,1.226636438500204,True
dropna,Computación Emergente,2425-3,anon_179,1,8,0.0,1.226636438500204,True
dropna,Computación Emergente,2425-3,anon_180,1,4,0.0,1.226636438500204,True
dropna,Computación Emergente,2425-3,anon_180,1,6,0.0,1.226636438500204,True
dropna,Computación Emergente,2425-3,anon_180,1,8,0.0,1.226636438500204,True
dropna,Computación Emergente,2425-3,anon_181,1,4,3.0,1.226636438500204,True
dropna,Computación Emergente,2425-3,anon_181,1,6,3.0,1.226636438500204,True
dropna,Computación Emergente,2425-3,anon_181,1,8,3.0,1.226636438500204,True
dropna,Computación Emergente,2425-3,anon_182,1,4,4.0,1.226636438500204,True
dropna,Computación Emergente,2425-3,anon_182,1,6,4.0,1.226636438500204,True
dropna,Computación Emergente,2425-3,anon_182,1,8,4.0,6.817700439125454,True
dropna,Computación Emergente,2425-3,anon_183,1,4,7.0,6.817700439125454,True
dropna,Computación Emergente,2425-3,anon_183,1,6,7.0,6.108552716851383,True
dropna,Computación Emergente,2425-3,anon_183,1,8,7.0,6.817700439125454,True
dropna,Computación Emergente,2425-3,anon_184,1,4,1.0,0.9774020034352088,True
dropna,Computación Emergente,2425-3,anon_184,1,6,1.0,6.335659443549964,True
dropna,Computación Emergente,2425-3,anon_184,1,8,1.0,0.9774020034352088,True
dropna,Computación Emergente,2425-3,anon_185,1,4,0.0,0.9774020034352088,True
dropna,Computación Emergente,2425-3,anon_185,1,6,0.0,0.9774020034352088,True
dropna,Computación Emergente,2425-3,anon_185,1,8,0.0,0.9774020034352088,True
nan,Computación Emergente,2526-1,anon_220,1,4,1.0,6.487142524994187,True
nan,Computación Emergente,2526-1,anon_220,1,6,1.0,6.487142524994187,True
nan,Computación Emergente,2526-1,anon_220,1,8,1.0,6.487142524994187,True
nan,Computación Emergente,2526-1,anon_221,1,4,13.0,6.487142524994187,True
nan,Computación Emergente,2526-1,anon_221,1,6,13.0,6.487142524994187,True
nan,Computación Emergente,2526-1,anon_221,1,8,13.0,6.487142524994187,True
nan,Computación Emergente,2526-1,anon_222,1,4,1.0,6.487142524994187,True
nan,Computación Emergente,2526-1,anon_222,1,6,1.0,6.487142524994187,True
nan,Computación Emergente,2526-1,anon_222,1,8,1.0,6.487142524994187,True
nan,Computación Emergente,2526-1,anon_223,1,4,3.0,6.487142524994187,True
nan,Computación Emergente,2526-1,anon_223,1,6,3.0,6.487142524994187,True
nan,Computación Emergente,2526-1,anon_223,1,8,3.0,6.487142524994187,True
nan,Computación Emergente,2526-1,anon_224,1,4,8.0,6.487142524994187,True
nan,Computación Emergente,2526-1,anon_224,1,6,8.0,6.487142524994187,True
nan,Computación Emergente,2526-1,anon_224,1,8,8.0,6.487142524994187,True
nan,Computación Emergente,2526-1,anon_225,1,4,1.0,6.487142524994187,True
nan,Computación Emergente,2526-1,anon_225,1,6,1.0,6.487142524994187,True
nan,Computación Emergente,2526-1,anon_225,1,8,1.0,6.487142524994187,True
nan,Computación Emergente,2526-1,anon_226,1,4,5.0,6.487142524994187,True
nan,Computación Emergente,2526-1,anon_226,1,6,5.0,6.487142524994187,True
nan,Computación Emergente,2526-1,anon_226,1,8,5.0,6.487142524994187,True
nan,Computación Emergente,2526-1,anon_227,1,4,4.0,6.487142524994187,True
nan,Computación Emergente,2526-1,anon_227,1,6,4.0,6.487142524994187,True
nan,Computación Emergente,2526-1,anon_227,1,8,4.0,6.487142524994187,True
nan,Computación Emergente,2526-1,anon_228,1,4,15.0,6.487142524994187,True
nan,Computación Emergente,2526-1,anon_228,1,6,15.0,6.487142524994187,True
nan,Computación Emergente,2526-1,anon_228,1,8,15.0,6.487142524994187,True
nan,Computación Emergente,2526-1,anon_229,1,4,1.0,6.487142524994187,True
nan,Computación Emergente,2526-1,anon_229,1,6,1.0,6.487142524994187,True
nan,Computación Emergente,2526-1,anon_229,1,8,1.0,6.487142524994187,True
nan,Computación Emergente,2526-1,anon_230,1,4,1.0,6.487142524994187,True
nan,Computación Emergente,2526-1,anon_230,1,6,1.0,6.487142524994187,True
nan,Computación Emergente,2526-1,anon_230,1,8,1.0,6.487142524994187,True
nan,Computación Emergente,2526-1,anon_231,1,4,4.0,6.487142524994187,True
nan,Computación Emergente,2526-1,anon_231,1,6,4.0,6.487142524994187,True
nan,Computación Emergente,2526-1,anon_231,1,8,4.0,6.487142524994187,True
nan,Computación Emergente,2526-1,anon_232,1,4,8.0,6.487142524994187,True
nan,Computación Emergente,2526-1,anon_232,1,6,8.0,6.487142524994187,True
nan,Computación Emergente,2526-1,anon_232,1,8,8.0,6.487142524994187,True
nan,Computación Emergente,2526-1,anon_233,1,4,0.0,6.487142524994187,True
nan,Computación Emergente,2526-1,anon_233,1,6,0.0,6.487142524994187,True
nan,Computación Emergente,2526-1,anon_233,1,8,0.0,6.487142524994187,True
nan,Computación Emergente,2526-1,anon_234,1,4,5.0,6.487142524994187,True
nan,Computación Emergente,2526-1,anon_234,1,6,5.0,6.487142524994187,True
nan,Computación Emergente,2526-1,anon_234,1,8,5.0,6.487142524994187,True
nan,Computación Emergente,2526-1,anon_174,1,4,0.0,6.487142524994187,True
nan,Computación Emergente,2526-1,anon_174,1,6,0.0,6.487142524994187,True
nan,Computación Emergente,2526-1,anon_174,1,8,0.0,6.487142524994187,True
nan,Computación Emergente,2526-1,anon_205,1,4,0.0,6.487142524994187,True
nan,Computación Emergente,2526-1,anon_205,1,6,0.0,6.487142524994187,True
nan,Computación Emergente,2526-1,anon_205,1,8,0.0,6.487142524994187,True
nan,Computación Emergente,2526-1,anon_235,1,4,13.0,6.487142524994187,True
nan,Computación Emergente,2526-1,anon_235,1,6,13.0,6.487142524994187,True
nan,Computación Emergente,2526-1,anon_235,1,8,13.0,6.487142524994187,True
nan,Computación Emergente,2526-1,anon_236,1,4,2.0,6.487142524994187,True
nan,Computación Emergente,2526-1,anon_236,1,6,2.0,6.487142524994187,True
nan,Computación Emergente,2526-1,anon_236,1,8,2.0,6.487142524994187,True
nan,Computación Emergente,2526-1,anon_237,1,4,13.0,6.487142524994187,True
nan,Computación Emergente,2526-1,anon_237,1,6,13.0,6.487142524994187,True
nan,Computación Emergente,2526-1,anon_237,1,8,13.0,6.487142524994187,True
nan,Computación Emergente,2526-1,anon_238,1,4,0.0,6.487142524994187,True
nan,Computación Emergente,2526-1,anon_238,1,6,0.0,6.487142524994187,True
nan,Computación Emergente,2526-1,anon_238,1,8,0.0,6.487142524994187,True
nan,Computación Emergente,2526-1,anon_239,1,4,1.0,6.487142524994187,True
nan,Computación Emergente,2526-1,anon_239,1,6,1.0,6.487142524994187,True
nan,Computación Emergente,2526-1,anon_239,1,8,1.0,6.487142524994187,True
nan,Computación Emergente,2526-1,anon_240,1,4,0.0,6.487142524994187,True
nan,Computación Emergente,2526-1,anon_240,1,6,0.0,6.487142524994187,True
nan,Computación Emergente,2526-1,anon_240,1,8,0.0,6.487142524994187,True
nan,Computación Emergente,2526-1,anon_241,1,4,0.0,6.487142524994187,True
nan,Computación Emergente,2526-1,anon_241,1,6,0.0,6.487142524994187,True
nan,Computación Emergente,2526-1,anon_241,1,8,0.0,6.487142524994187,True
nan,Computación Emergente,2526-1,anon_242,1,4,1.0,6.487142524994187,True
nan,Computación Emergente,2526-1,anon_242,1,6,1.0,6.487142524994187,True
nan,Computación Emergente,2526-1,anon_242,1,8,1.0,6.487142524994187,True
nan,Computación Emergente,2526-1,anon_212,1,4,1.0,6.487142524994187,True
nan,Computación Emergente,2526-1,anon_212,1,6,1.0,6.487142524994187,True
nan,Computación Emergente,2526-1,anon_212,1,8,1.0,6.487142524994187,True
nan,Computación Emergente,2526-1,anon_243,1,4,0.0,6.487142524994187,True
nan,Computación Emergente,2526-1,anon_243,1,6,0.0,6.487142524994187,True
nan,Computación Emergente,2526-1,anon_243,1,8,0.0,6.487142524994187,True
nan,Computación Emergente,2526-1,anon_244,1,4,0.0,6.487142524994187,True
nan,Computación Emergente,2526-1,anon_244,1,6,0.0,6.487142524994187,True
nan,Computación Emergente,2526-1,anon_244,1,8,0.0,6.487142524994187,True
dropna,Computación Emergente,2526-1,anon_220,1,4,1.0,6.487142524994187,True
dropna,Computación Emergente,2526-1,anon_220,1,6,1.0,6.487142524994187,True
dropna,Computación Emergente,2526-1,anon_220,1,8,1.0,6.487142524994187,True
dropna,Computación Emergente,2526-1,anon_221,1,4,13.0,6.487142524994187,True
dropna,Computación Emergente,2526-1,anon_221,1,6,13.0,6.487142524994187,True
dropna,Computación Emergente,2526-1,anon_221,1,8,13.0,6.487142524994187,True
dropna,Computación Emergente,2526-1,anon_222,1,4,1.0,6.487142524994187,True
dropna,Computación Emergente,2526-1,anon_222,1,6,1.0,6.487142524994187,True
dropna,Computación Emergente,2526-1,anon_222,1,8,1.0,6.487142524994187,True
dropna,Computación Emergente,2526-1,anon_223,1,4,3.0,6.487142524994187,True
dropna,Computación Emergente,2526-1,anon_223,1,6,3.0,6.487142524994187,True
dropna,Computación Emergente,2526-1,anon_223,1,8,3.0,6.487142524994187,True
dropna,Computación Emergente,2526-1,anon_224,1,4,8.0,6.487142524994187,True
dropna,Computación Emergente,2526-1,anon_224,1,6,8.0,6.487142524994187,True
dropna,Computación Emergente,2526-1,anon_224,1,8,8.0,6.487142524994187,True
dropna,Computación Emergente,2526-1,anon_225,1,4,1.0,6.487142524994187,True
dropna,Computación Emergente,2526-1,anon_225,1,6,1.0,6.487142524994187,True
dropna,Computación Emergente,2526-1,anon_225,1,8,1.0,6.487142524994187,True
dropna,Computación Emergente,2526-1,anon_226,1,4,5.0,6.487142524994187,True
dropna,Computación Emergente,2526-1,anon_226,1,6,5.0,6.487142524994187,True
dropna,Computación Emergente,2526-1,anon_226,1,8,5.0,6.487142524994187,True
dropna,Computación Emergente,2526-1,anon_227,1,4,4.0,6.487142524994187,True
dropna,Computación Emergente,2526-1,anon_227,1,6,4.0,6.487142524994187,True
dropna,Computación Emergente,2526-1,anon_227,1,8,4.0,6.487142524994187,True
dropna,Computación Emergente,2526-1,anon_228,1,4,15.0,6.487142524994187,True
dropna,Computación Emergente,2526-1,anon_228,1,6,15.0,6.487142524994187,True
dropna,Computación Emergente,2526-1,anon_228,1,8,15.0,6.487142524994187,True
dropna,Computación Emergente,2526-1,anon_229,1,4,1.0,6.487142524994187,True
dropna,Computación Emergente,2526-1,anon_229,1,6,1.0,6.487142524994187,True
dropna,Computación Emergente,2526-1,anon_229,1,8,1.0,6.487142524994187,True
dropna,Computación Emergente,2526-1,anon_230,1,4,1.0,6.487142524994187,True
dropna,Computación Emergente,2526-1,anon_230,1,6,1.0,6.487142524994187,True
dropna,Computación Emergente,2526-1,anon_230,1,8,1.0,6.487142524994187,True
dropna,Computación Emergente,2526-1,anon_231,1,4,4.0,6.487142524994187,True
dropna,Computación Emergente,2526-1,anon_231,1,6,4.0,6.487142524994187,True
dropna,Computación Emergente,2526-1,anon_231,1,8,4.0,6.487142524994187,True
dropna,Computación Emergente,2526-1,anon_232,1,4,8.0,6.487142524994187,True
dropna,Computación Emergente,2526-1,anon_232,1,6,8.0,6.487142524994187,True
dropna,Computación Emergente,2526-1,anon_232,1,8,8.0,6.487142524994187,True
dropna,Computación Emergente,2526-1,anon_233,1,4,0.0,6.487142524994187,True
dropna,Computación Emergente,2526-1,anon_233,1,6,0.0,6.487142524994187,True
dropna,Computación Emergente,2526-1,anon_233,1,8,0.0,6.487142524994187,True
dropna,Computación Emergente,2526-1,anon_234,1,4,5.0,6.487142524994187,True
dropna,Computación Emergente,2526-1,anon_234,1,6,5.0,6.487142524994187,True
dropna,Computación Emergente,2526-1,anon_234,1,8,5.0,6.487142524994187,True
dropna,Computación Emergente,2526-1,anon_174,1,4,0.0,6.487142524994187,True
dropna,Computación Emergente,2526-1,anon_174,1,6,0.0,6.487142524994187,True
dropna,Computación Emergente,2526-1,anon_174,1,8,0.0,6.487142524994187,True
dropna,Computación Emergente,2526-1,anon_205,1,4,0.0,6.487142524994187,True
dropna,Computación Emergente,2526-1,anon_205,1,6,0.0,6.487142524994187,True
dropna,Computación Emergente,2526-1,anon_205,1,8,0.0,6.487142524994187,True
dropna,Computación Emergente,2526-1,anon_235,1,4,13.0,6.487142524994187,True
dropna,Computación Emergente,2526-1,anon_235,1,6,13.0,6.487142524994187,True
dropna,Computación Emergente,2526-1,anon_235,1,8,13.0,6.487142524994187,True
dropna,Computación Emergente,2526-1,anon_236,1,4,2.0,6.487142524994187,True
dropna,Computación Emergente,2526-1,anon_236,1,6,2.0,6.487142524994187,True
dropna,Computación Emergente,2526-1,anon_236,1,8,2.0,6.487142524994187,True
dropna,Computación Emergente,2526-1,anon_237,1,4,13.0,6.487142524994187,True
dropna,Computación Emergente,2526-1,anon_237,1,6,13.0,6.487142524994187,True
dropna,Computación Emergente,2526-1,anon_237,1,8,13.0,6.487142524994187,True
dropna,Computación Emergente,2526-1,anon_238,1,4,0.0,6.487142524994187,True
dropna,Computación Emergente,2526-1,anon_238,1,6,0.0,6.487142524994187,True
dropna,Computación Emergente,2526-1,anon_238,1,8,0.0,6.487142524994187,True
dropna,Computación Emergente,2526-1,anon_239,1,4,1.0,6.487142524994187,True
dropna,Computación Emergente,2526-1,anon_239,1,6,1.0,6.487142524994187,True
dropna,Computación Emergente,2526-1,anon_239,1,8,1.0,6.487142524994187,True
dropna,Computación Emergente,2526-1,anon_240,1,4,0.0,6.487142524994187,True
dropna,Computación Emergente,2526-1,anon_240,1,6,0.0,6.487142524994187,True
dropna,Computación Emergente,2526-1,anon_240,1,8,0.0,6.487142524994187,True
dropna,Computación Emergente,2526-1,anon_241,1,4,0.0,6.487142524994187,True
dropna,Computación Emergente,2526-1,anon_241,1,6,0.0,6.487142524994187,True
dropna,Computación Emergente,2526-1,anon_241,1,8,0.0,6.487142524994187,True
dropna,Computación Emergente,2526-1,anon_242,1,4,1.0,6.487142524994187,True
dropna,Computación Emergente,2526-1,anon_242,1,6,1.0,6.487142524994187,True
dropna,Computación Emergente,2526-1,anon_242,1,8,1.0,6.487142524994187,True
dropna,Computación Emergente,2526-1,anon_212,1,4,1.0,6.487142524994187,True
dropna,Computación Emergente,2526-1,anon_212,1,6,1.0,6.487142524994187,True
dropna,Computación Emergente,2526-1,anon_212,1,8,1.0,6.487142524994187,True
dropna,Computación Emergente,2526-1,anon_243,1,4,0.0,6.487142524994187,True
dropna,Computación Emergente,2526-1,anon_243,1,6,0.0,6.487142524994187,True
dropna,Computación Emergente,2526-1,anon_243,1,8,0.0,6.487142524994187,True
dropna,Computación Emergente,2526-1,anon_244,1,4,0.0,6.487142524994187,True
dropna,Computación Emergente,2526-1,anon_244,1,6,0.0,6.487142524994187,True
dropna,Computación Emergente,2526-1,anon_244,1,8,0.0,6.487142524994187,True
nan,Computación Emergente,2526-2,anon_245,1,4,1.0,1.5778637249867373,True
nan,Computación Emergente,2526-2,anon_245,1,6,1.0,1.5778637249867373,True
nan,Computación Emergente,2526-2,anon_245,1,8,1.0,1.5778637249867373,True
nan,Computación Emergente,2526-2,anon_246,1,4,0.0,1.0454767378701928,True
nan,Computación Emergente,2526-2,anon_246,1,6,0.0,1.0454767378701928,True
nan,Computación Emergente,2526-2,anon_246,1,8,0.0,1.0454767378701928,True
nan,Computación Emergente,2526-2,anon_222,1,4,0.0,1.0454767378701928,True
nan,Computación Emergente,2526-2,anon_222,1,6,0.0,1.0454767378701928,True
nan,Computación Emergente,2526-2,anon_222,1,8,0.0,1.0454767378701928,True
nan,Computación Emergente,2526-2,anon_247,1,4,6.0,18.373590284286163,True
nan,Computación Emergente,2526-2,anon_247,1,6,6.0,4.519769572640056,True
nan,Computación Emergente,2526-2,anon_247,1,8,6.0,4.519769572640056,True
nan,Computación Emergente,2526-2,anon_248,1,4,0.0,1.0454767378701928,True
nan,Computación Emergente,2526-2,anon_248,1,6,0.0,1.0454767378701928,True
nan,Computación Emergente,2526-2,anon_248,1,8,0.0,1.0454767378701928,True
nan,Computación Emergente,2526-2,anon_249,1,4,0.0,1.0454767378701928,True
nan,Computación Emergente,2526-2,anon_249,1,6,0.0,1.0454767378701928,True
nan,Computación Emergente,2526-2,anon_249,1,8,0.0,1.0454767378701928,True
nan,Computación Emergente,2526-2,anon_250,1,4,10.0,12.99605314806092,True
nan,Computación Emergente,2526-2,anon_250,1,6,10.0,5.4543635969212385,True
nan,Computación Emergente,2526-2,anon_250,1,8,10.0,5.4543635969212385,True
nan,Computación Emergente,2526-2,anon_251,1,4,2.0,6.378300177067173,True
nan,Computación Emergente,2526-2,anon_251,1,6,2.0,1.5778637249867373,True
nan,Computación Emergente,2526-2,anon_251,1,8,2.0,1.5778637249867373,True
nan,Computación Emergente,2526-2,anon_252,1,4,9.0,12.99605314806092,True
nan,Computación Emergente,2526-2,anon_252,1,6,9.0,5.4543635969212385,True
nan,Computación Emergente,2526-2,anon_252,1,8,9.0,5.4543635969212385,True
nan,Computación Emergente,2526-2,anon_253,1,4,0.0,1.0454767378701928,True
nan,Computación Emergente,2526-2,anon_253,1,6,0.0,1.0454767378701928,True
nan,Computación Emergente,2526-2,anon_253,1,8,0.0,1.0454767378701928,True
nan,Computación Emergente,2526-2,anon_254,1,4,0.0,1.5778637249867373,True
nan,Computación Emergente,2526-2,anon_254,1,6,0.0,1.5778637249867373,True
nan,Computación Emergente,2526-2,anon_254,1,8,0.0,1.5778637249867373,True
nan,Computación Emergente,2526-2,anon_255,1,4,0.0,1.5778637249867373,True
nan,Computación Emergente,2526-2,anon_255,1,6,0.0,1.5778637249867373,True
nan,Computación Emergente,2526-2,anon_255,1,8,0.0,1.5778637249867373,True
nan,Computación Emergente,2526-2,anon_256,1,4,0.0,1.0454767378701928,True
nan,Computación Emergente,2526-2,anon_256,1,6,0.0,1.0454767378701928,True
nan,Computación Emergente,2526-2,anon_256,1,8,0.0,1.0454767378701928,True
nan,Computación Emergente,2526-2,anon_257,1,4,4.0,6.378300177067173,True
nan,Computación Emergente,2526-2,anon_257,1,6,4.0,6.378300177067173,True
nan,Computación Emergente,2526-2,anon_257,1,8,4.0,1.5778637249867373,True
nan,Computación Emergente,2526-2,anon_258,1,4,1.0,1.5778637249867373,True
nan,Computación Emergente,2526-2,anon_258,1,6,1.0,5.4543635969212385,True
nan,Computación Emergente,2526-2,anon_258,1,8,1.0,1.5778637249867373,True
nan,Computación Emergente,2526-2,anon_259,1,4,0.0,1.5839120304145984,False
nan,Computación Emergente,2526-2,anon_259,1,6,0.0,1.5839120304145984,False
nan,Computación Emergente,2526-2,anon_259,1,8,0.0,1.5839120304145984,False
nan,Computación Emergente,2526-2,anon_260,1,4,5.0,18.373590284286163,True
nan,Computación Emergente,2526-2,anon_260,1,6,5.0,1.0454767378701928,True
nan,Computación Emergente,2526-2,anon_260,1,8,5.0,1.0454767378701928,True
nan,Computación Emergente,2526-2,anon_261,1,4,0.0,1.0454767378701928,True
nan,Computación Emergente,2526-2,anon_261,1,6,0.0,1.0454767378701928,True
nan,Computación Emergente,2526-2,anon_261,1,8,0.0,1.0454767378701928,True
nan,Computación Emergente,2526-2,anon_262,1,4,1.0,1.0454767378701928,True
nan,Computación Emergente,2526-2,anon_262,1,6,1.0,1.0454767378701928,True
nan,Computación Emergente,2526-2,anon_262,1,8,1.0,1.0454767378701928,True
nan,Computación Emergente,2526-2,anon_263,1,4,0.0,1.0454767378701928,True
nan,Computación Emergente,2526-2,anon_263,1,6,0.0,1.0454767378701928,True
nan,Computación Emergente,2526-2,anon_263,1,8,0.0,1.0454767378701928,True
nan,Computación Emergente,2526-2,anon_264,1,4,0.0,1.0454767378701928,True
nan,Computación Emergente,2526-2,anon_264,1,6,0.0,1.0454767378701928,True
nan,Computación Emergente,2526-2,anon_264,1,8,0.0,1.0454767378701928,True
nan,Computación Emergente,2526-2,anon_265,1,4,1.0,4.411200422384633,True
nan,Computación Emergente,2526-2,anon_265,1,6,1.0,1.0454767378701928,True
nan,Computación Emergente,2526-2,anon_265,1,8,1.0,1.0454767378701928,True
nan,Computación Emergente,2526-2,anon_266,1,4,1.0,1.5778637249867373,True
nan,Computación Emergente,2526-2,anon_266,1,6,1.0,1.5778637249867373,True
nan,Computación Emergente,2526-2,anon_266,1,8,1.0,1.5778637249867373,True
nan,Computación Emergente,2526-2,anon_174,1,4,0.0,1.5778637249867373,True
nan,Computación Emergente,2526-2,anon_174,1,6,0.0,1.5778637249867373,True
nan,Computación Emergente,2526-2,anon_174,1,8,0.0,1.5778637249867373,True
nan,Computación Emergente,2526-2,anon_267,1,4,0.0,1.5778637249867373,True
nan,Computación Emergente,2526-2,anon_267,1,6,0.0,1.5778637249867373,True
nan,Computación Emergente,2526-2,anon_267,1,8,0.0,1.5778637249867373,True
nan,Computación Emergente,2526-2,anon_268,1,4,1.0,1.0454767378701928,True
nan,Computación Emergente,2526-2,anon_268,1,6,1.0,1.0454767378701928,True
nan,Computación Emergente,2526-2,anon_268,1,8,1.0,1.0454767378701928,True
nan,Computación Emergente,2526-2,anon_269,1,4,0.0,1.5778637249867373,True
nan,Computación Emergente,2526-2,anon_269,1,6,0.0,1.5778637249867373,True
nan,Computación Emergente,2526-2,anon_269,1,8,0.0,1.5778637249867373,True
nan,Computación Emergente,2526-2,anon_270,1,4,0.0,1.5778637249867373,True
nan,Computación Emergente,2526-2,anon_270,1,6,0.0,1.5778637249867373,True
nan,Computación Emergente,2526-2,anon_270,1,8,0.0,1.5778637249867373,True
nan,Computación Emergente,2526-2,anon_271,1,4,0.0,1.0454767378701928,True
nan,Computación Emergente,2526-2,anon_271,1,6,0.0,1.0454767378701928,True
nan,Computación Emergente,2526-2,anon_271,1,8,0.0,1.0454767378701928,True
nan,Computación Emergente,2526-2,anon_272,1,4,0.0,1.5778637249867373,True
nan,Computación Emergente,2526-2,anon_272,1,6,0.0,1.5778637249867373,True
nan,Computación Emergente,2526-2,anon_272,1,8,0.0,1.5778637249867373,True
nan,Computación Emergente,2526-2,anon_273,1,4,0.0,1.0454767378701928,True
nan,Computación Emergente,2526-2,anon_273,1,6,0.0,1.0454767378701928,True
nan,Computación Emergente,2526-2,anon_273,1,8,0.0,1.0454767378701928,True
nan,Computación Emergente,2526-2,anon_274,1,4,0.0,1.0454767378701928,True
nan,Computación Emergente,2526-2,anon_274,1,6,0.0,1.0454767378701928,True
nan,Computación Emergente,2526-2,anon_274,1,8,0.0,1.0454767378701928,True
nan,Computación Emergente,2526-2,anon_244,1,4,0.0,1.0454767378701928,True
nan,Computación Emergente,2526-2,anon_244,1,6,0.0,1.0454767378701928,True
nan,Computación Emergente,2526-2,anon_244,1,8,0.0,1.0454767378701928,True
nan,Computación Emergente,2526-2,anon_275,1,4,2.0,6.378300177067173,True
nan,Computación Emergente,2526-2,anon_275,1,6,2.0,1.5778637249867373,True
nan,Computación Emergente,2526-2,anon_275,1,8,2.0,1.5778637249867373,True
nan,Computación Emergente,2526-2,anon_276,1,4,3.0,4.411200422384633,True
nan,Computación Emergente,2526-2,anon_276,1,6,3.0,1.0454767378701928,True
nan,Computación Emergente,2526-2,anon_276,1,8,3.0,1.0454767378701928,True
nan,Computación Emergente,2526-2,anon_277,1,4,1.0,1.0454767378701928,True
nan,Computación Emergente,2526-2,anon_277,1,6,1.0,1.0454767378701928,True
nan,Computación Emergente,2526-2,anon_277,1,8,1.0,1.0454767378701928,True
nan,Computación Emergente,2526-2,anon_278,1,4,0.0,1.5778637249867373,True
nan,Computación Emergente,2526-2,anon_278,1,6,0.0,1.5778637249867373,True
nan,Computación Emergente,2526-2,anon_278,1,8,0.0,1.5778637249867373,True
nan,Computación Emergente,2526-2,anon_279,1,4,12.0,18.478749146578433,True
nan,Computación Emergente,2526-2,anon_279,1,6,12.0,4.411200422384633,True
nan,Computación Emergente,2526-2,anon_279,1,8,12.0,18.373590284286163,True
nan,Computación Emergente,2526-2,anon_280,1,4,1.0,6.378300177067173,True
nan,Computación Emergente,2526-2,anon_280,1,6,1.0,1.5778637249867373,True
nan,Computación Emergente,2526-2,anon_280,1,8,1.0,1.5778637249867373,True
nan,Computación Emergente,2526-2,anon_281,1,4,3.0,2.4905675419250293,True
nan,Computación Emergente,2526-2,anon_281,1,6,3.0,2.4905675419250293,True
nan,Computación Emergente,2526-2,anon_281,1,8,3.0,18.436467655832942,True
nan,Computación Emergente,2526-2,anon_282,1,4,0.0,1.5778637249867373,True
nan,Computación Emergente,2526-2,anon_282,1,6,0.0,1.5778637249867373,True
nan,Computación Emergente,2526-2,anon_282,1,8,0.0,1.5778637249867373,True
dropna,Computación Emergente,2526-2,anon_245,1,4,1.0,1.5778637249867373,True
dropna,Computación Emergente,2526-2,anon_245,1,6,1.0,1.5778637249867373,True
dropna,Computación Emergente,2526-2,anon_245,1,8,1.0,1.5778637249867373,True
dropna,Computación Emergente,2526-2,anon_246,1,4,0.0,1.0454767378701928,True
dropna,Computación Emergente,2526-2,anon_246,1,6,0.0,1.0454767378701928,True
dropna,Computación Emergente,2526-2,anon_246,1,8,0.0,1.0454767378701928,True
dropna,Computación Emergente,2526-2,anon_222,1,4,0.0,1.0454767378701928,True
dropna,Computación Emergente,2526-2,anon_222,1,6,0.0,1.0454767378701928,True
dropna,Computación Emergente,2526-2,anon_222,1,8,0.0,1.0454767378701928,True
dropna,Computación Emergente,2526-2,anon_247,1,4,6.0,18.373590284286163,True
dropna,Computación Emergente,2526-2,anon_247,1,6,6.0,4.519769572640056,True
dropna,Computación Emergente,2526-2,anon_247,1,8,6.0,4.519769572640056,True
dropna,Computación Emergente,2526-2,anon_248,1,4,0.0,1.0454767378701928,True
dropna,Computación Emergente,2526-2,anon_248,1,6,0.0,1.0454767378701928,True
dropna,Computación Emergente,2526-2,anon_248,1,8,0.0,1.0454767378701928,True
dropna,Computación Emergente,2526-2,anon_249,1,4,0.0,1.0454767378701928,True
dropna,Computación Emergente,2526-2,anon_249,1,6,0.0,1.0454767378701928,True
dropna,Computación Emergente,2526-2,anon_249,1,8,0.0,1.0454767378701928,True
dropna,Computación Emergente,2526-2,anon_250,1,4,10.0,12.99605314806092,True
dropna,Computación Emergente,2526-2,anon_250,1,6,10.0,5.4543635969212385,True
dropna,Computación Emergente,2526-2,anon_250,1,8,10.0,5.4543635969212385,True
dropna,Computación Emergente,2526-2,anon_251,1,4,2.0,6.378300177067173,True
dropna,Computación Emergente,2526-2,anon_251,1,6,2.0,1.5778637249867373,True
dropna,Computación Emergente,2526-2,anon_251,1,8,2.0,1.5778637249867373,True
dropna,Computación Emergente,2526-2,anon_252,1,4,9.0,12.99605314806092,True
dropna,Computación Emergente,2526-2,anon_252,1,6,9.0,5.4543635969212385,True
dropna,Computación Emergente,2526-2,anon_252,1,8,9.0,5.4543635969212385,True
dropna,Computación Emergente,2526-2,anon_253,1,4,0.0,1.0454767378701928,True
dropna,Computación Emergente,2526-2,anon_253,1,6,0.0,1.0454767378701928,True
dropna,Computación Emergente,2526-2,anon_253,1,8,0.0,1.0454767378701928,True
dropna,Computación Emergente,2526-2,anon_254,1,4,0.0,1.5778637249867373,True
dropna,Computación Emergente,2526-2,anon_254,1,6,0.0,1.5778637249867373,True
dropna,Computación Emergente,2526-2,anon_254,1,8,0.0,1.5778637249867373,True
dropna,Computación Emergente,2526-2,anon_255,1,4,0.0,1.5778637249867373,True
dropna,Computación Emergente,2526-2,anon_255,1,6,0.0,1.5778637249867373,True
dropna,Computación Emergente,2526-2,anon_255,1,8,0.0,1.5778637249867373,True
dropna,Computación Emergente,2526-2,anon_256,1,4,0.0,1.0454767378701928,True
dropna,Computación Emergente,2526-2,anon_256,1,6,0.0,1.0454767378701928,True
dropna,Computación Emergente,2526-2,anon_256,1,8,0.0,1.0454767378701928,True
dropna,Computación Emergente,2526-2,anon_257,1,4,4.0,6.378300177067173,True
dropna,Computación Emergente,2526-2,anon_257,1,6,4.0,6.378300177067173,True
dropna,Computación Emergente,2526-2,anon_257,1,8,4.0,1.5778637249867373,True
dropna,Computación Emergente,2526-2,anon_258,1,4,1.0,1.5778637249867373,True
dropna,Computación Emergente,2526-2,anon_258,1,6,1.0,5.4543635969212385,True
dropna,Computación Emergente,2526-2,anon_258,1,8,1.0,1.5778637249867373,True
dropna,Computación Emergente,2526-2,anon_259,1,4,0.0,1.584261815679508,False
dropna,Computación Emergente,2526-2,anon_259,1,6,0.0,1.584261815679508,False
dropna,Computación Emergente,2526-2,anon_259,1,8,0.0,1.584261815679508,False
dropna,Computación Emergente,2526-2,anon_260,1,4,5.0,18.373590284286163,True
dropna,Computación Emergente,2526-2,anon_260,1,6,5.0,1.0454767378701928,True
dropna,Computación Emergente,2526-2,anon_260,1,8,5.0,1.0454767378701928,True
dropna,Computación Emergente,2526-2,anon_261,1,4,0.0,1.0454767378701928,True
dropna,Computación Emergente,2526-2,anon_261,1,6,0.0,1.0454767378701928,True
dropna,Computación Emergente,2526-2,anon_261,1,8,0.0,1.0454767378701928,True
dropna,Computación Emergente,2526-2,anon_262,1,4,1.0,1.0454767378701928,True
dropna,Computación Emergente,2526-2,anon_262,1,6,1.0,1.0454767378701928,True
dropna,Computación Emergente,2526-2,anon_262,1,8,1.0,1.0454767378701928,True
dropna,Computación Emergente,2526-2,anon_263,1,4,0.0,1.0454767378701928,True
dropna,Computación Emergente,2526-2,anon_263,1,6,0.0,1.0454767378701928,True
dropna,Computación Emergente,2526-2,anon_263,1,8,0.0,1.0454767378701928,True
dropna,Computación Emergente,2526-2,anon_264,1,4,0.0,1.0454767378701928,True
dropna,Computación Emergente,2526-2,anon_264,1,6,0.0,1.0454767378701928,True
dropna,Computación Emergente,2526-2,anon_264,1,8,0.0,1.0454767378701928,True
dropna,Computación Emergente,2526-2,anon_265,1,4,1.0,4.411200422384633,True
dropna,Computación Emergente,2526-2,anon_265,1,6,1.0,1.0454767378701928,True
dropna,Computación Emergente,2526-2,anon_265,1,8,1.0,1.0454767378701928,True
dropna,Computación Emergente,2526-2,anon_266,1,4,1.0,1.5778637249867373,True
dropna,Computación Emergente,2526-2,anon_266,1,6,1.0,1.5778637249867373,True
dropna,Computación Emergente,2526-2,anon_266,1,8,1.0,1.5778637249867373,True
dropna,Computación Emergente,2526-2,anon_174,1,4,0.0,1.5778637249867373,True
dropna,Computación Emergente,2526-2,anon_174,1,6,0.0,1.5778637249867373,True
dropna,Computación Emergente,2526-2,anon_174,1,8,0.0,1.5778637249867373,True
dropna,Computación Emergente,2526-2,anon_267,1,4,0.0,1.5778637249867373,True
dropna,Computación Emergente,2526-2,anon_267,1,6,0.0,1.5778637249867373,True
dropna,Computación Emergente,2526-2,anon_267,1,8,0.0,1.5778637249867373,True
dropna,Computación Emergente,2526-2,anon_268,1,4,1.0,1.0454767378701928,True
dropna,Computación Emergente,2526-2,anon_268,1,6,1.0,1.0454767378701928,True
dropna,Computación Emergente,2526-2,anon_268,1,8,1.0,1.0454767378701928,True
dropna,Computación Emergente,2526-2,anon_269,1,4,0.0,1.5778637249867373,True
dropna,Computación Emergente,2526-2,anon_269,1,6,0.0,1.5778637249867373,True
dropna,Computación Emergente,2526-2,anon_269,1,8,0.0,1.5778637249867373,True
dropna,Computación Emergente,2526-2,anon_270,1,4,0.0,1.5778637249867373,True
dropna,Computación Emergente,2526-2,anon_270,1,6,0.0,1.5778637249867373,True
dropna,Computación Emergente,2526-2,anon_270,1,8,0.0,1.5778637249867373,True
dropna,Computación Emergente,2526-2,anon_271,1,4,0.0,1.0454767378701928,True
dropna,Computación Emergente,2526-2,anon_271,1,6,0.0,1.0454767378701928,True
dropna,Computación Emergente,2526-2,anon_271,1,8,0.0,1.0454767378701928,True
dropna,Computación Emergente,2526-2,anon_272,1,4,0.0,1.5778637249867373,True
dropna,Computación Emergente,2526-2,anon_272,1,6,0.0,1.5778637249867373,True
dropna,Computación Emergente,2526-2,anon_272,1,8,0.0,1.5778637249867373,True
dropna,Computación Emergente,2526-2,anon_273,1,4,0.0,1.0454767378701928,True
dropna,Computación Emergente,2526-2,anon_273,1,6,0.0,1.0454767378701928,True
dropna,Computación Emergente,2526-2,anon_273,1,8,0.0,1.0454767378701928,True
dropna,Computación Emergente,2526-2,anon_274,1,4,0.0,1.0454767378701928,True
dropna,Computación Emergente,2526-2,anon_274,1,6,0.0,1.0454767378701928,True
dropna,Computación Emergente,2526-2,anon_274,1,8,0.0,1.0454767378701928,True
dropna,Computación Emergente,2526-2,anon_244,1,4,0.0,1.0454767378701928,True
dropna,Computación Emergente,2526-2,anon_244,1,6,0.0,1.0454767378701928,True
dropna,Computación Emergente,2526-2,anon_244,1,8,0.0,1.0454767378701928,True
dropna,Computación Emergente,2526-2,anon_275,1,4,2.0,6.378300177067173,True
dropna,Computación Emergente,2526-2,anon_275,1,6,2.0,1.5778637249867373,True
dropna,Computación Emergente,2526-2,anon_275,1,8,2.0,1.5778637249867373,True
dropna,Computación Emergente,2526-2,anon_276,1,4,3.0,4.411200422384633,True
dropna,Computación Emergente,2526-2,anon_276,1,6,3.0,1.0454767378701928,True
dropna,Computación Emergente,2526-2,anon_276,1,8,3.0,1.0454767378701928,True
dropna,Computación Emergente,2526-2,anon_277,1,4,1.0,1.0454767378701928,True
dropna,Computación Emergente,2526-2,anon_277,1,6,1.0,1.0454767378701928,True
dropna,Computación Emergente,2526-2,anon_277,1,8,1.0,1.0454767378701928,True
dropna,Computación Emergente,2526-2,anon_278,1,4,0.0,1.5778637249867373,True
dropna,Computación Emergente,2526-2,anon_278,1,6,0.0,1.5778637249867373,True
dropna,Computación Emergente,2526-2,anon_278,1,8,0.0,1.5778637249867373,True
dropna,Computación Emergente,2526-2,anon_279,1,4,12.0,18.478749146578433,True
dropna,Computación Emergente,2526-2,anon_279,1,6,12.0,4.411200422384633,True
dropna,Computación Emergente,2526-2,anon_279,1,8,12.0,18.373590284286163,True
dropna,Computación Emergente,2526-2,anon_280,1,4,1.0,6.378300177067173,True
dropna,Computación Emergente,2526-2,anon_280,1,6,1.0,1.5778637249867373,True
dropna,Computación Emergente,2526-2,anon_280,1,8,1.0,1.5778637249867373,True
dropna,Computación Emergente,2526-2,anon_281,1,4,3.0,2.4905675419250293,True
dropna,Computación Emergente,2526-2,anon_281,1,6,3.0,2.4905675419250293,True
dropna,Computación Emergente,2526-2,anon_281,1,8,3.0,18.436467655832942,True
dropna,Computación Emergente,2526-2,anon_282,1,4,0.0,1.5778637249867373,True
dropna,Computación Emergente,2526-2,anon_282,1,6,0.0,1.5778637249867373,True
dropna,Computación Emergente,2526-2,anon_282,1,8,0.0,1.5778637249867373,True
nan,Computación Emergente,2526-3,anon_283,1,4,3.0,7.23786630310179,True
nan,Computación Emergente,2526-3,anon_283,1,6,3.0,0.5860469964472588,True
nan,Computación Emergente,2526-3,anon_283,1,8,3.0,3.7824470555060543,True
nan,Computación Emergente,2526-3,anon_284,1,4,21.0,5.117389277389277,True
nan,Computación Emergente,2526-3,anon_284,1,6,21.0,4.080611771529831,True
nan,Computación Emergente,2526-3,anon_284,1,8,21.0,5.117389277389277,True
nan,Computación Emergente,2526-3,anon_285,1,4,30.0,5.117389277389277,True
nan,Computación Emergente,2526-3,anon_285,1,6,30.0,8.116857905646832,True
nan,Computación Emergente,2526-3,anon_285,1,8,30.0,5.117389277389277,True
nan,Computación Emergente,2526-3,anon_286,1,4,18.0,5.117389277389277,True
nan,Computación Emergente,2526-3,anon_286,1,6,18.0,0.8929547350911811,True
nan,Computación Emergente,2526-3,anon_286,1,8,18.0,5.117389277389277,True
nan,Computación Emergente,2526-3,anon_287,1,4,23.0,5.117389277389277,True
nan,Computación Emergente,2526-3,anon_287,1,6,23.0,8.116857905646832,True
nan,Computación Emergente,2526-3,anon_287,1,8,23.0,13.116674116261745,True
nan,Computación Emergente,2526-3,anon_288,1,4,24.0,5.117389277389277,True
nan,Computación Emergente,2526-3,anon_288,1,6,24.0,5.854780413116635,True
nan,Computación Emergente,2526-3,anon_288,1,8,24.0,5.117389277389277,True
nan,Computación Emergente,2526-3,anon_289,1,4,0.0,0.5860469964472588,True
nan,Computación Emergente,2526-3,anon_289,1,6,0.0,0.5860469964472588,True
nan,Computación Emergente,2526-3,anon_289,1,8,0.0,0.5860469964472588,True
nan,Computación Emergente,2526-3,anon_290,1,4,5.0,3.489649567706248,True
nan,Computación Emergente,2526-3,anon_290,1,6,5.0,0.5860469964472588,True
nan,Computación Emergente,2526-3,anon_290,1,8,5.0,0.5860469964472588,True
nan,Computación Emergente,2526-3,anon_291,1,4,0.0,1.7085763959279299,True
nan,Computación Emergente,2526-3,anon_291,1,6,0.0,1.7085763959279299,True
nan,Computación Emergente,2526-3,anon_291,1,8,0.0,1.7085763959279299,True
nan,Computación Emergente,2526-3,anon_292,1,4,6.0,7.171121658997307,True
nan,Computación Emergente,2526-3,anon_292,1,6,6.0,4.080611771529831,True
nan,Computación Emergente,2526-3,anon_292,1,8,6.0,4.207669361776558,True
nan,Computación Emergente,2526-3,anon_293,1,4,0.0,0.8929547350911811,True
nan,Computación Emergente,2526-3,anon_293,1,6,0.0,0.8929547350911811,True
nan,Computación Emergente,2526-3,anon_293,1,8,0.0,0.8929547350911811,True
nan,Computación Emergente,2526-3,anon_294,1,4,0.0,0.8929547350911811,True
nan,Computación Emergente,2526-3,anon_294,1,6,0.0,0.8929547350911811,True
nan,Computación Emergente,2526-3,anon_294,1,8,0.0,0.8929547350911811,True
nan,Computación Emergente,2526-3,anon_295,1,4,3.0,1.7085763959279299,True
nan,Computación Emergente,2526-3,anon_295,1,6,3.0,1.7085763959279299,True
nan,Computación Emergente,2526-3,anon_295,1,8,3.0,5.117389277389277,True
nan,Computación Emergente,2526-3,anon_296,1,4,0.0,0.8929547350911811,True
nan,Computación Emergente,2526-3,anon_296,1,6,0.0,0.8929547350911811,True
nan,Computación Emergente,2526-3,anon_296,1,8,0.0,0.8929547350911811,True
nan,Computación Emergente,2526-3,anon_297,1,4,16.0,5.117389277389277,True
nan,Computación Emergente,2526-3,anon_297,1,6,16.0,5.854780413116635,True
nan,Computación Emergente,2526-3,anon_297,1,8,16.0,5.117389277389277,True
nan,Computación Emergente,2526-3,anon_298,1,4,6.0,4.080611771529831,True
nan,Computación Emergente,2526-3,anon_298,1,6,6.0,0.8929547350911811,True
nan,Computación Emergente,2526-3,anon_298,1,8,6.0,4.080611771529831,True
nan,Computación Emergente,2526-3,anon_299,1,4,0.0,0.8929547350911811,True
nan,Computación Emergente,2526-3,anon_299,1,6,0.0,0.8929547350911811,True
nan,Computación Emergente,2526-3,anon_299,1,8,0.0,0.8929547350911811,True
nan,Computación Emergente,2526-3,anon_300,1,4,27.0,5.117389277389277,True
nan,Computación Emergente,2526-3,anon_300,1,6,27.0,8.116857905646832,True
nan,Computación Emergente,2526-3,anon_300,1,8,27.0,5.117389277389277,True
nan,Computación Emergente,2526-3,anon_301,1,4,12.0,10.164621423481528,True
nan,Computación Emergente,2526-3,anon_301,1,6,12.0,0.5860469964472588,True
nan,Computación Emergente,2526-3,anon_301,1,8,12.0,7.23786630310179,True
nan,Computación Emergente,2526-3,anon_302,1,4,0.0,0.5860469964472588,True
nan,Computación Emergente,2526-3,anon_302,1,6,0.0,0.5860469964472588,True
nan,Computación Emergente,2526-3,anon_302,1,8,0.0,0.5860469964472588,True
nan,Computación Emergente,2526-3,anon_303,1,4,9.0,5.117389277389277,True
nan,Computación Emergente,2526-3,anon_303,1,6,9.0,1.7085763959279299,True
nan,Computación Emergente,2526-3,anon_303,1,8,9.0,5.117389277389277,True
nan,Computación Emergente,2526-3,anon_174,1,4,0.0,0.8929547350911811,True
nan,Computación Emergente,2526-3,anon_174,1,6,0.0,0.8929547350911811,True
nan,Computación Emergente,2526-3,anon_174,1,8,0.0,0.8929547350911811,True
nan,Computación Emergente,2526-3,anon_304,1,4,0.0,1.7085763959279299,True
nan,Computación Emergente,2526-3,anon_304,1,6,0.0,1.7085763959279299,True
nan,Computación Emergente,2526-3,anon_304,1,8,0.0,1.7085763959279299,True
nan,Computación Emergente,2526-3,anon_305,1,4,12.0,5.117389277389277,True
nan,Computación Emergente,2526-3,anon_305,1,6,12.0,5.854780413116635,True
nan,Computación Emergente,2526-3,anon_305,1,8,12.0,5.117389277389277,True
nan,Computación Emergente,2526-3,anon_306,1,4,11.0,6.023078068749147,True
nan,Computación Emergente,2526-3,anon_306,1,6,11.0,5.854780413116635,True
nan,Computación Emergente,2526-3,anon_306,1,8,11.0,5.117389277389277,True
nan,Computación Emergente,2526-3,anon_307,1,4,0.0,0.8929547350911811,True
nan,Computación Emergente,2526-3,anon_307,1,6,0.0,0.8929547350911811,True
nan,Computación Emergente,2526-3,anon_307,1,8,0.0,0.8929547350911811,True
nan,Computación Emergente,2526-3,anon_308,1,4,9.0,5.117389277389277,True
nan,Computación Emergente,2526-3,anon_308,1,6,9.0,0.8929547350911811,True
nan,Computación Emergente,2526-3,anon_308,1,8,9.0,7.171121658997307,True
nan,Computación Emergente,2526-3,anon_309,1,4,2.0,0.8929547350911811,True
nan,Computación Emergente,2526-3,anon_309,1,6,2.0,0.8929547350911811,True
nan,Computación Emergente,2526-3,anon_309,1,8,2.0,7.160535409607574,True
nan,Computación Emergente,2526-3,anon_310,1,4,8.0,5.117389277389277,True
nan,Computación Emergente,2526-3,anon_310,1,6,8.0,0.8929547350911811,True
nan,Computación Emergente,2526-3,anon_310,1,8,8.0,0.8929547350911811,True
nan,Computación Emergente,2526-3,anon_311,1,4,0.0,0.8929547350911811,True
nan,Computación Emergente,2526-3,anon_311,1,6,0.0,0.8929547350911811,True
nan,Computación Emergente,2526-3,anon_311,1,8,0.0,0.8929547350911811,True
nan,Computación Emergente,2526-3,anon_312,1,4,7.0,5.117389277389277,True
nan,Computación Emergente,2526-3,anon_312,1,6,7.0,1.7085763959279299,True
nan,Computación Emergente,2526-3,anon_312,1,8,7.0,6.118893823651329,True
nan,Computación Emergente,2526-3,anon_313,1,4,1.0,0.8929547350911811,True
nan,Computación Emergente,2526-3,anon_313,1,6,1.0,0.8929547350911811,True
nan,Computación Emergente,2526-3,anon_313,1,8,1.0,0.8929547350911811,True
nan,Computación Emergente,2526-3,anon_314,1,4,1.0,3.489649567706248,True
nan,Computación Emergente,2526-3,anon_314,1,6,1.0,0.5860469964472588,True
nan,Computación Emergente,2526-3,anon_314,1,8,1.0,0.5860469964472588,True
nan,Computación Emergente,2526-3,anon_315,1,4,1.0,4.207669361776558,True
nan,Computación Emergente,2526-3,anon_315,1,6,1.0,0.8929547350911811,True
nan,Computación Emergente,2526-3,anon_315,1,8,1.0,0.8929547350911811,True
nan,Computación Emergente,2526-3,anon_316,1,4,11.0,6.118893823651329,True
nan,Computación Emergente,2526-3,anon_316,1,6,11.0,1.7085763959279299,True
nan,Computación Emergente,2526-3,anon_316,1,8,11.0,5.117389277389277,True
nan,Computación Emergente,2526-3,anon_317,1,4,0.0,1.7085763959279299,True
nan,Computación Emergente,2526-3,anon_317,1,6,0.0,1.7085763959279299,True
nan,Computación Emergente,2526-3,anon_317,1,8,0.0,1.7085763959279299,True
nan,Computación Emergente,2526-3,anon_318,1,4,0.0,0.5860469964472588,True
nan,Computación Emergente,2526-3,anon_318,1,6,0.0,0.5860469964472588,True
nan,Computación Emergente,2526-3,anon_318,1,8,0.0,0.5860469964472588,True
nan,Computación Emergente,2526-3,anon_319,1,4,22.0,7.160535409607574,True
nan,Computación Emergente,2526-3,anon_319,1,6,22.0,4.080611771529831,True
nan,Computación Emergente,2526-3,anon_319,1,8,22.0,5.117389277389277,True
nan,Computación Emergente,2526-3,anon_320,1,4,3.0,3.7824470555060543,True
nan,Computación Emergente,2526-3,anon_320,1,6,3.0,0.5860469964472588,True
nan,Computación Emergente,2526-3,anon_320,1,8,3.0,3.489649567706248,True
nan,Computación Emergente,2526-3,anon_321,1,4,3.0,0.8929547350911811,True
nan,Computación Emergente,2526-3,anon_321,1,6,3.0,0.8929547350911811,True
nan,Computación Emergente,2526-3,anon_321,1,8,3.0,0.8929547350911811,True
dropna,Computación Emergente,2526-3,anon_283,1,4,3.0,7.23786630310179,True
dropna,Computación Emergente,2526-3,anon_283,1,6,3.0,0.5860469964472588,True
dropna,Computación Emergente,2526-3,anon_283,1,8,3.0,3.7824470555060543,True
dropna,Computación Emergente,2526-3,anon_284,1,4,21.0,5.117389277389277,True
dropna,Computación Emergente,2526-3,anon_284,1,6,21.0,4.080611771529831,True
dropna,Computación Emergente,2526-3,anon_284,1,8,21.0,5.117389277389277,True
dropna,Computación Emergente,2526-3,anon_285,1,4,30.0,5.117389277389277,True
dropna,Computación Emergente,2526-3,anon_285,1,6,30.0,8.116857905646832,True
dropna,Computación Emergente,2526-3,anon_285,1,8,30.0,5.117389277389277,True
dropna,Computación Emergente,2526-3,anon_286,1,4,18.0,5.117389277389277,True
dropna,Computación Emergente,2526-3,anon_286,1,6,18.0,0.8929547350911811,True
dropna,Computación Emergente,2526-3,anon_286,1,8,18.0,5.117389277389277,True
dropna,Computación Emergente,2526-3,anon_287,1,4,23.0,5.117389277389277,True
dropna,Computación Emergente,2526-3,anon_287,1,6,23.0,8.116857905646832,True
dropna,Computación Emergente,2526-3,anon_287,1,8,23.0,13.116674116261745,True
dropna,Computación Emergente,2526-3,anon_288,1,4,24.0,5.117389277389277,True
dropna,Computación Emergente,2526-3,anon_288,1,6,24.0,5.854780413116635,True
dropna,Computación Emergente,2526-3,anon_288,1,8,24.0,5.117389277389277,True
dropna,Computación Emergente,2526-3,anon_289,1,4,0.0,0.5860469964472588,True
dropna,Computación Emergente,2526-3,anon_289,1,6,0.0,0.5860469964472588,True
dropna,Computación Emergente,2526-3,anon_289,1,8,0.0,0.5860469964472588,True
dropna,Computación Emergente,2526-3,anon_290,1,4,5.0,3.489649567706248,True
dropna,Computación Emergente,2526-3,anon_290,1,6,5.0,0.5860469964472588,True
dropna,Computación Emergente,2526-3,anon_290,1,8,5.0,0.5860469964472588,True
dropna,Computación Emergente,2526-3,anon_291,1,4,0.0,1.7085763959279299,True
dropna,Computación Emergente,2526-3,anon_291,1,6,0.0,1.7085763959279299,True
dropna,Computación Emergente,2526-3,anon_291,1,8,0.0,1.7085763959279299,True
dropna,Computación Emergente,2526-3,anon_292,1,4,6.0,7.171121658997307,True
dropna,Computación Emergente,2526-3,anon_292,1,6,6.0,4.080611771529831,True
dropna,Computación Emergente,2526-3,anon_292,1,8,6.0,4.207669361776558,True
dropna,Computación Emergente,2526-3,anon_293,1,4,0.0,0.8929547350911811,True
dropna,Computación Emergente,2526-3,anon_293,1,6,0.0,0.8929547350911811,True
dropna,Computación Emergente,2526-3,anon_293,1,8,0.0,0.8929547350911811,True
dropna,Computación Emergente,2526-3,anon_294,1,4,0.0,0.8929547350911811,True
dropna,Computación Emergente,2526-3,anon_294,1,6,0.0,0.8929547350911811,True
dropna,Computación Emergente,2526-3,anon_294,1,8,0.0,0.8929547350911811,True
dropna,Computación Emergente,2526-3,anon_295,1,4,3.0,1.7085763959279299,True
dropna,Computación Emergente,2526-3,anon_295,1,6,3.0,1.7085763959279299,True
dropna,Computación Emergente,2526-3,anon_295,1,8,3.0,5.117389277389277,True
dropna,Computación Emergente,2526-3,anon_296,1,4,0.0,0.8929547350911811,True
dropna,Computación Emergente,2526-3,anon_296,1,6,0.0,0.8929547350911811,True
dropna,Computación Emergente,2526-3,anon_296,1,8,0.0,0.8929547350911811,True
dropna,Computación Emergente,2526-3,anon_297,1,4,16.0,5.117389277389277,True
dropna,Computación Emergente,2526-3,anon_297,1,6,16.0,5.854780413116635,True
dropna,Computación Emergente,2526-3,anon_297,1,8,16.0,5.117389277389277,True
dropna,Computación Emergente,2526-3,anon_298,1,4,6.0,4.080611771529831,True
dropna,Computación Emergente,2526-3,anon_298,1,6,6.0,0.8929547350911811,True
dropna,Computación Emergente,2526-3,anon_298,1,8,6.0,4.080611771529831,True
dropna,Computación Emergente,2526-3,anon_299,1,4,0.0,0.8929547350911811,True
dropna,Computación Emergente,2526-3,anon_299,1,6,0.0,0.8929547350911811,True
dropna,Computación Emergente,2526-3,anon_299,1,8,0.0,0.8929547350911811,True
dropna,Computación Emergente,2526-3,anon_300,1,4,27.0,5.117389277389277,True
dropna,Computación Emergente,2526-3,anon_300,1,6,27.0,8.116857905646832,True
dropna,Computación Emergente,2526-3,anon_300,1,8,27.0,5.117389277389277,True
dropna,Computación Emergente,2526-3,anon_301,1,4,12.0,10.164621423481528,True
dropna,Computación Emergente,2526-3,anon_301,1,6,12.0,0.5860469964472588,True
dropna,Computación Emergente,2526-3,anon_301,1,8,12.0,7.23786630310179,True
dropna,Computación Emergente,2526-3,anon_302,1,4,0.0,0.5860469964472588,True
dropna,Computación Emergente,2526-3,anon_302,1,6,0.0,0.5860469964472588,True
dropna,Computación Emergente,2526-3,anon_302,1,8,0.0,0.5860469964472588,True
dropna,Computación Emergente,2526-3,anon_303,1,4,9.0,5.117389277389277,True
dropna,Computación Emergente,2526-3,anon_303,1,6,9.0,1.7085763959279299,True
dropna,Computación Emergente,2526-3,anon_303,1,8,9.0,5.117389277389277,True
dropna,Computación Emergente,2526-3,anon_174,1,4,0.0,0.8929547350911811,True
dropna,Computación Emergente,2526-3,anon_174,1,6,0.0,0.8929547350911811,True
dropna,Computación Emergente,2526-3,anon_174,1,8,0.0,0.8929547350911811,True
dropna,Computación Emergente,2526-3,anon_304,1,4,0.0,1.7085763959279299,True
dropna,Computación Emergente,2526-3,anon_304,1,6,0.0,1.7085763959279299,True
dropna,Computación Emergente,2526-3,anon_304,1,8,0.0,1.7085763959279299,True
dropna,Computación Emergente,2526-3,anon_305,1,4,12.0,5.117389277389277,True
dropna,Computación Emergente,2526-3,anon_305,1,6,12.0,5.854780413116635,True
dropna,Computación Emergente,2526-3,anon_305,1,8,12.0,5.117389277389277,True
dropna,Computación Emergente,2526-3,anon_306,1,4,11.0,6.023078068749147,True
dropna,Computación Emergente,2526-3,anon_306,1,6,11.0,5.854780413116635,True
dropna,Computación Emergente,2526-3,anon_306,1,8,11.0,5.117389277389277,True
dropna,Computación Emergente,2526-3,anon_307,1,4,0.0,0.8929547350911811,True
dropna,Computación Emergente,2526-3,anon_307,1,6,0.0,0.8929547350911811,True
dropna,Computación Emergente,2526-3,anon_307,1,8,0.0,0.8929547350911811,True
dropna,Computación Emergente,2526-3,anon_308,1,4,9.0,5.117389277389277,True
dropna,Computación Emergente,2526-3,anon_308,1,6,9.0,0.8929547350911811,True
dropna,Computación Emergente,2526-3,anon_308,1,8,9.0,7.171121658997307,True
dropna,Computación Emergente,2526-3,anon_309,1,4,2.0,0.8929547350911811,True
dropna,Computación Emergente,2526-3,anon_309,1,6,2.0,0.8929547350911811,True
dropna,Computación Emergente,2526-3,anon_309,1,8,2.0,7.160535409607574,True
dropna,Computación Emergente,2526-3,anon_310,1,4,8.0,5.117389277389277,True
dropna,Computación Emergente,2526-3,anon_310,1,6,8.0,0.8929547350911811,True
dropna,Computación Emergente,2526-3,anon_310,1,8,8.0,0.8929547350911811,True
dropna,Computación Emergente,2526-3,anon_311,1,4,0.0,0.8929547350911811,True
dropna,Computación Emergente,2526-3,anon_311,1,6,0.0,0.8929547350911811,True
dropna,Computación Emergente,2526-3,anon_311,1,8,0.0,0.8929547350911811,True
dropna,Computación Emergente,2526-3,anon_312,1,4,7.0,5.117389277389277,True
dropna,Computación Emergente,2526-3,anon_312,1,6,7.0,1.7085763959279299,True
dropna,Computación Emergente,2526-3,anon_312,1,8,7.0,6.118893823651329,True
dropna,Computación Emergente,2526-3,anon_313,1,4,1.0,0.8929547350911811,True
dropna,Computación Emergente,2526-3,anon_313,1,6,1.0,0.8929547350911811,True
dropna,Computación Emergente,2526-3,anon_313,1,8,1.0,0.8929547350911811,True
dropna,Computación Emergente,2526-3,anon_314,1,4,1.0,3.489649567706248,True
dropna,Computación Emergente,2526-3,anon_314,1,6,1.0,0.5860469964472588,True
dropna,Computación Emergente,2526-3,anon_314,1,8,1.0,0.5860469964472588,True
dropna,Computación Emergente,2526-3,anon_315,1,4,1.0,4.207669361776558,True
dropna,Computación Emergente,2526-3,anon_315,1,6,1.0,0.8929547350911811,True
dropna,Computación Emergente,2526-3,anon_315,1,8,1.0,0.8929547350911811,True
dropna,Computación Emergente,2526-3,anon_316,1,4,11.0,6.118893823651329,True
dropna,Computación Emergente,2526-3,anon_316,1,6,11.0,1.7085763959279299,True
dropna,Computación Emergente,2526-3,anon_316,1,8,11.0,5.117389277389277,True
dropna,Computación Emergente,2526-3,anon_317,1,4,0.0,1.7085763959279299,True
dropna,Computación Emergente,2526-3,anon_317,1,6,0.0,1.7085763959279299,True
dropna,Computación Emergente,2526-3,anon_317,1,8,0.0,1.7085763959279299,True
dropna,Computación Emergente,2526-3,anon_318,1,4,0.0,0.5860469964472588,True
dropna,Computación Emergente,2526-3,anon_318,1,6,0.0,0.5860469964472588,True
dropna,Computación Emergente,2526-3,anon_318,1,8,0.0,0.5860469964472588,True
dropna,Computación Emergente,2526-3,anon_319,1,4,22.0,7.160535409607574,True
dropna,Computación Emergente,2526-3,anon_319,1,6,22.0,4.080611771529831,True
dropna,Computación Emergente,2526-3,anon_319,1,8,22.0,5.117389277389277,True
dropna,Computación Emergente,2526-3,anon_320,1,4,3.0,3.7824470555060543,True
dropna,Computación Emergente,2526-3,anon_320,1,6,3.0,0.5860469964472588,True
dropna,Computación Emergente,2526-3,anon_320,1,8,3.0,3.489649567706248,True
dropna,Computación Emergente,2526-3,anon_321,1,4,3.0,0.8929547350911811,True
dropna,Computación Emergente,2526-3,anon_321,1,6,3.0,0.8929547350911811,True
dropna,Computación Emergente,2526-3,anon_321,1,8,3.0,0.8929547350911811,True
nan,Estructura de Datos,2425-3,anon_322,2,4,36.0,6.851082251082252,True
nan,Estructura de Datos,2425-3,anon_322,2,6,36.0,6.851082251082252,True
nan,Estructura de Datos,2425-3,anon_322,2,8,36.0,6.851082251082252,True
nan,Estructura de Datos,2425-3,anon_323,2,4,27.0,3.877646771257469,True
nan,Estructura de Datos,2425-3,anon_323,2,6,27.0,6.851082251082252,True
nan,Estructura de Datos,2425-3,anon_323,2,8,27.0,3.6695050653813537,True
nan,Estructura de Datos,2425-3,anon_324,2,4,0.0,1.4032233155063372,True
nan,Estructura de Datos,2425-3,anon_324,2,6,0.0,1.4032233155063372,True
nan,Estructura de Datos,2425-3,anon_324,2,8,0.0,1.4032233155063372,True
nan,Estructura de Datos,2425-3,anon_037,2,4,3.0,10.20247028501364,True
nan,Estructura de Datos,2425-3,anon_037,2,6,3.0,2.2381018970347606,True
nan,Estructura de Datos,2425-3,anon_037,2,8,3.0,2.2381018970347606,True
nan,Estructura de Datos,2425-3,anon_325,2,4,3.0,2.320489852083275,True
nan,Estructura de Datos,2425-3,anon_325,2,6,3.0,2.320489852083275,True
nan,Estructura de Datos,2425-3,anon_325,2,8,3.0,2.320489852083275,True
nan,Estructura de Datos,2425-3,anon_326,2,4,0.0,2.320489852083275,True
nan,Estructura de Datos,2425-3,anon_326,2,6,0.0,2.320489852083275,True
nan,Estructura de Datos,2425-3,anon_326,2,8,0.0,2.320489852083275,True
nan,Estructura de Datos,2425-3,anon_327,2,4,11.0,8.153103940732807,True
nan,Estructura de Datos,2425-3,anon_327,2,6,11.0,3.8240902835122488,True
nan,Estructura de Datos,2425-3,anon_327,2,8,11.0,6.851082251082252,True
nan,Estructura de Datos,2425-3,anon_328,2,4,18.0,8.153103940732807,True
nan,Estructura de Datos,2425-3,anon_328,2,6,18.0,10.20247028501364,True
nan,Estructura de Datos,2425-3,anon_328,2,8,18.0,2.2381018970347606,True
nan,Estructura de Datos,2425-3,anon_329,2,4,21.0,6.851082251082252,True
nan,Estructura de Datos,2425-3,anon_329,2,6,21.0,6.355577755577756,True
nan,Estructura de Datos,2425-3,anon_329,2,8,21.0,2.320489852083275,True
nan,Estructura de Datos,2425-3,anon_330,2,4,13.0,20.524237961351364,True
nan,Estructura de Datos,2425-3,anon_330,2,6,13.0,10.20247028501364,True
nan,Estructura de Datos,2425-3,anon_330,2,8,13.0,2.2381018970347606,True
nan,Estructura de Datos,2425-3,anon_331,2,4,0.0,1.3253742579720513,True
nan,Estructura de Datos,2425-3,anon_331,2,6,0.0,1.3253742579720513,True
nan,Estructura de Datos,2425-3,anon_331,2,8,0.0,1.3253742579720513,True
nan,Estructura de Datos,2425-3,anon_011,2,4,0.0,2.320489852083275,True
nan,Estructura de Datos,2425-3,anon_011,2,6,0.0,2.320489852083275,True
nan,Estructura de Datos,2425-3,anon_011,2,8,0.0,2.320489852083275,True
nan,Estructura de Datos,2425-3,anon_332,2,4,0.0,1.4032233155063372,True
nan,Estructura de Datos,2425-3,anon_332,2,6,0.0,1.4032233155063372,True
nan,Estructura de Datos,2425-3,anon_332,2,8,0.0,1.4032233155063372,True
nan,Estructura de Datos,2425-3,anon_333,2,4,2.0,14.377466747414934,True
nan,Estructura de Datos,2425-3,anon_333,2,6,2.0,2.124052988034936,True
nan,Estructura de Datos,2425-3,anon_333,2,8,2.0,14.377466747414934,True
nan,Estructura de Datos,2425-3,anon_301,2,4,15.0,20.524237961351364,True
nan,Estructura de Datos,2425-3,anon_301,2,6,15.0,6.851082251082252,True
nan,Estructura de Datos,2425-3,anon_301,2,8,15.0,8.075114965772407,True
nan,Estructura de Datos,2425-3,anon_334,2,4,3.0,2.320489852083275,True
nan,Estructura de Datos,2425-3,anon_334,2,6,3.0,2.320489852083275,True
nan,Estructura de Datos,2425-3,anon_334,2,8,3.0,3.8240902835122488,True
nan,Estructura de Datos,2425-3,anon_335,2,4,1.0,2.124052988034936,True
nan,Estructura de Datos,2425-3,anon_335,2,6,1.0,14.377466747414934,True
nan,Estructura de Datos,2425-3,anon_335,2,8,1.0,2.124052988034936,True
nan,Estructura de Datos,2425-3,anon_336,2,4,3.0,10.20247028501364,True
nan,Estructura de Datos,2425-3,anon_336,2,6,3.0,2.2381018970347606,True
nan,Estructura de Datos,2425-3,anon_336,2,8,3.0,2.2381018970347606,True
nan,Estructura de Datos,2425-3,anon_337,2,4,2.0,8.075114965772407,True
nan,Estructura de Datos,2425-3,anon_337,2,6,2.0,1.4032233155063372,True
nan,Estructura de Datos,2425-3,anon_337,2,8,2.0,1.4032233155063372,True
nan,Estructura de Datos,2425-3,anon_338,2,4,0.0,1.3253742579720513,True
nan,Estructura de Datos,2425-3,anon_338,2,6,0.0,1.3253742579720513,True
nan,Estructura de Datos,2425-3,anon_338,2,8,0.0,1.3253742579720513,True
nan,Estructura de Datos,2425-3,anon_339,2,4,2.0,2.320489852083275,True
nan,Estructura de Datos,2425-3,anon_339,2,6,2.0,2.320489852083275,True
nan,Estructura de Datos,2425-3,anon_339,2,8,2.0,3.8240902835122488,True
nan,Estructura de Datos,2425-3,anon_340,2,4,0.0,2.320489852083275,True
nan,Estructura de Datos,2425-3,anon_340,2,6,0.0,2.320489852083275,True
nan,Estructura de Datos,2425-3,anon_340,2,8,0.0,2.320489852083275,True
nan,Estructura de Datos,2425-3,anon_341,2,4,0.0,1.3253742579720513,True
nan,Estructura de Datos,2425-3,anon_341,2,6,0.0,1.3253742579720513,True
nan,Estructura de Datos,2425-3,anon_341,2,8,0.0,1.3253742579720513,True
nan,Estructura de Datos,2425-3,anon_342,2,4,1.0,1.4032233155063372,True
nan,Estructura de Datos,2425-3,anon_342,2,6,1.0,1.4032233155063372,True
nan,Estructura de Datos,2425-3,anon_342,2,8,1.0,1.4032233155063372,True
nan,Estructura de Datos,2425-3,anon_050,2,4,1.0,2.320489852083275,True
nan,Estructura de Datos,2425-3,anon_050,2,6,1.0,2.320489852083275,True
nan,Estructura de Datos,2425-3,anon_050,2,8,1.0,2.320489852083275,True
nan,Estructura de Datos,2425-3,anon_052,2,4,7.0,12.280256889269022,True
nan,Estructura de Datos,2425-3,anon_052,2,6,7.0,10.20247028501364,True
nan,Estructura de Datos,2425-3,anon_052,2,8,7.0,2.2381018970347606,True
nan,Estructura de Datos,2425-3,anon_343,2,4,4.0,2.320489852083275,True
nan,Estructura de Datos,2425-3,anon_343,2,6,4.0,2.320489852083275,True
nan,Estructura de Datos,2425-3,anon_343,2,8,4.0,2.320489852083275,True
nan,Estructura de Datos,2425-3,anon_344,2,4,0.0,2.124052988034936,True
nan,Estructura de Datos,2425-3,anon_344,2,6,0.0,2.124052988034936,True
nan,Estructura de Datos,2425-3,anon_344,2,8,0.0,2.124052988034936,True
nan,Estructura de Datos,2425-3,anon_055,2,4,1.0,2.2381018970347606,True
nan,Estructura de Datos,2425-3,anon_055,2,6,1.0,2.2381018970347606,True
nan,Estructura de Datos,2425-3,anon_055,2,8,1.0,2.2381018970347606,True
nan,Estructura de Datos,2425-3,anon_345,2,4,7.0,2.320489852083275,True
nan,Estructura de Datos,2425-3,anon_345,2,6,7.0,6.355577755577756,True
nan,Estructura de Datos,2425-3,anon_345,2,8,7.0,2.320489852083275,True
dropna,Estructura de Datos,2425-3,anon_322,2,4,36.0,6.851082251082252,True
dropna,Estructura de Datos,2425-3,anon_322,2,6,36.0,6.851082251082252,True
dropna,Estructura de Datos,2425-3,anon_322,2,8,36.0,6.851082251082252,True
dropna,Estructura de Datos,2425-3,anon_323,2,4,27.0,3.877646771257469,True
dropna,Estructura de Datos,2425-3,anon_323,2,6,27.0,6.851082251082252,True
dropna,Estructura de Datos,2425-3,anon_323,2,8,27.0,3.6695050653813537,True
dropna,Estructura de Datos,2425-3,anon_324,2,4,0.0,1.4032233155063372,True
dropna,Estructura de Datos,2425-3,anon_324,2,6,0.0,1.4032233155063372,True
dropna,Estructura de Datos,2425-3,anon_324,2,8,0.0,1.4032233155063372,True
dropna,Estructura de Datos,2425-3,anon_037,2,4,3.0,10.20247028501364,True
dropna,Estructura de Datos,2425-3,anon_037,2,6,3.0,2.2381018970347606,True
dropna,Estructura de Datos,2425-3,anon_037,2,8,3.0,2.2381018970347606,True
dropna,Estructura de Datos,2425-3,anon_325,2,4,3.0,2.320489852083275,True
dropna,Estructura de Datos,2425-3,anon_325,2,6,3.0,2.320489852083275,True
dropna,Estructura de Datos,2425-3,anon_325,2,8,3.0,2.320489852083275,True
dropna,Estructura de Datos,2425-3,anon_326,2,4,0.0,2.320489852083275,True
dropna,Estructura de Datos,2425-3,anon_326,2,6,0.0,2.320489852083275,True
dropna,Estructura de Datos,2425-3,anon_326,2,8,0.0,2.320489852083275,True
dropna,Estructura de Datos,2425-3,anon_327,2,4,11.0,8.153103940732807,True
dropna,Estructura de Datos,2425-3,anon_327,2,6,11.0,3.8240902835122488,True
dropna,Estructura de Datos,2425-3,anon_327,2,8,11.0,6.851082251082252,True
dropna,Estructura de Datos,2425-3,anon_328,2,4,18.0,8.153103940732807,True
dropna,Estructura de Datos,2425-3,anon_328,2,6,18.0,10.20247028501364,True
dropna,Estructura de Datos,2425-3,anon_328,2,8,18.0,2.2381018970347606,True
dropna,Estructura de Datos,2425-3,anon_329,2,4,21.0,6.851082251082252,True
dropna,Estructura de Datos,2425-3,anon_329,2,6,21.0,6.355577755577756,True
dropna,Estructura de Datos,2425-3,anon_329,2,8,21.0,2.320489852083275,True
dropna,Estructura de Datos,2425-3,anon_330,2,4,13.0,20.524237961351364,True
dropna,Estructura de Datos,2425-3,anon_330,2,6,13.0,10.20247028501364,True
dropna,Estructura de Datos,2425-3,anon_330,2,8,13.0,2.2381018970347606,True
dropna,Estructura de Datos,2425-3,anon_331,2,4,0.0,1.3253742579720513,True
dropna,Estructura de Datos,2425-3,anon_331,2,6,0.0,1.3253742579720513,True
dropna,Estructura de Datos,2425-3,anon_331,2,8,0.0,1.3253742579720513,True
dropna,Estructura de Datos,2425-3,anon_011,2,4,0.0,2.320489852083275,True
dropna,Estructura de Datos,2425-3,anon_011,2,6,0.0,2.320489852083275,True
dropna,Estructura de Datos,2425-3,anon_011,2,8,0.0,2.320489852083275,True
dropna,Estructura de Datos,2425-3,anon_332,2,4,0.0,1.4032233155063372,True
dropna,Estructura de Datos,2425-3,anon_332,2,6,0.0,1.4032233155063372,True
dropna,Estructura de Datos,2425-3,anon_332,2,8,0.0,1.4032233155063372,True
dropna,Estructura de Datos,2425-3,anon_333,2,4,2.0,14.377466747414934,True
dropna,Estructura de Datos,2425-3,anon_333,2,6,2.0,2.124052988034936,True
dropna,Estructura de Datos,2425-3,anon_333,2,8,2.0,14.377466747414934,True
dropna,Estructura de Datos,2425-3,anon_301,2,4,15.0,20.524237961351364,True
dropna,Estructura de Datos,2425-3,anon_301,2,6,15.0,6.851082251082252,True
dropna,Estructura de Datos,2425-3,anon_301,2,8,15.0,8.075114965772407,True
dropna,Estructura de Datos,2425-3,anon_334,2,4,3.0,2.320489852083275,True
dropna,Estructura de Datos,2425-3,anon_334,2,6,3.0,2.320489852083275,True
dropna,Estructura de Datos,2425-3,anon_334,2,8,3.0,3.8240902835122488,True
dropna,Estructura de Datos,2425-3,anon_335,2,4,1.0,2.124052988034936,True
dropna,Estructura de Datos,2425-3,anon_335,2,6,1.0,14.377466747414934,True
dropna,Estructura de Datos,2425-3,anon_335,2,8,1.0,2.124052988034936,True
dropna,Estructura de Datos,2425-3,anon_336,2,4,3.0,10.20247028501364,True
dropna,Estructura de Datos,2425-3,anon_336,2,6,3.0,2.2381018970347606,True
dropna,Estructura de Datos,2425-3,anon_336,2,8,3.0,2.2381018970347606,True
dropna,Estructura de Datos,2425-3,anon_337,2,4,2.0,8.075114965772407,True
dropna,Estructura de Datos,2425-3,anon_337,2,6,2.0,1.4032233155063372,True
dropna,Estructura de Datos,2425-3,anon_337,2,8,2.0,1.4032233155063372,True
dropna,Estructura de Datos,2425-3,anon_338,2,4,0.0,1.3253742579720513,True
dropna,Estructura de Datos,2425-3,anon_338,2,6,0.0,1.3253742579720513,True
dropna,Estructura de Datos,2425-3,anon_338,2,8,0.0,1.3253742579720513,True
dropna,Estructura de Datos,2425-3,anon_339,2,4,2.0,2.320489852083275,True
dropna,Estructura de Datos,2425-3,anon_339,2,6,2.0,2.320489852083275,True
dropna,Estructura de Datos,2425-3,anon_339,2,8,2.0,3.8240902835122488,True
dropna,Estructura de Datos,2425-3,anon_340,2,4,0.0,2.320489852083275,True
dropna,Estructura de Datos,2425-3,anon_340,2,6,0.0,2.320489852083275,True
dropna,Estructura de Datos,2425-3,anon_340,2,8,0.0,2.320489852083275,True
dropna,Estructura de Datos,2425-3,anon_341,2,4,0.0,1.3253742579720513,True
dropna,Estructura de Datos,2425-3,anon_341,2,6,0.0,1.3253742579720513,True
dropna,Estructura de Datos,2425-3,anon_341,2,8,0.0,1.3253742579720513,True
dropna,Estructura de Datos,2425-3,anon_342,2,4,1.0,1.4032233155063372,True
dropna,Estructura de Datos,2425-3,anon_342,2,6,1.0,1.4032233155063372,True
dropna,Estructura de Datos,2425-3,anon_342,2,8,1.0,1.4032233155063372,True
dropna,Estructura de Datos,2425-3,anon_050,2,4,1.0,2.320489852083275,True
dropna,Estructura de Datos,2425-3,anon_050,2,6,1.0,2.320489852083275,True
dropna,Estructura de Datos,2425-3,anon_050,2,8,1.0,2.320489852083275,True
dropna,Estructura de Datos,2425-3,anon_052,2,4,7.0,12.280256889269022,True
dropna,Estructura de Datos,2425-3,anon_052,2,6,7.0,10.20247028501364,True
dropna,Estructura de Datos,2425-3,anon_052,2,8,7.0,2.2381018970347606,True
dropna,Estructura de Datos,2425-3,anon_343,2,4,4.0,2.320489852083275,True
dropna,Estructura de Datos,2425-3,anon_343,2,6,4.0,2.320489852083275,True
dropna,Estructura de Datos,2425-3,anon_343,2,8,4.0,2.320489852083275,True
dropna,Estructura de Datos,2425-3,anon_344,2,4,0.0,2.124052988034936,True
dropna,Estructura de Datos,2425-3,anon_344,2,6,0.0,2.124052988034936,True
dropna,Estructura de Datos,2425-3,anon_344,2,8,0.0,2.124052988034936,True
dropna,Estructura de Datos,2425-3,anon_055,2,4,1.0,2.2381018970347606,True
dropna,Estructura de Datos,2425-3,anon_055,2,6,1.0,2.2381018970347606,True
dropna,Estructura de Datos,2425-3,anon_055,2,8,1.0,2.2381018970347606,True
dropna,Estructura de Datos,2425-3,anon_345,2,4,7.0,2.320489852083275,True
dropna,Estructura de Datos,2425-3,anon_345,2,6,7.0,6.355577755577756,True
dropna,Estructura de Datos,2425-3,anon_345,2,8,7.0,2.320489852083275,True
nan,Estructura de Datos,2526-1,anon_346,2,4,0.0,6.3947979663111365,True
nan,Estructura de Datos,2526-1,anon_346,2,6,0.0,6.3947979663111365,True
nan,Estructura de Datos,2526-1,anon_346,2,8,0.0,6.3947979663111365,True
nan,Estructura de Datos,2526-1,anon_347,2,4,1.0,2.512345156952752,True
nan,Estructura de Datos,2526-1,anon_347,2,6,1.0,2.512345156952752,True
nan,Estructura de Datos,2526-1,anon_347,2,8,1.0,6.7231402754159575,True
nan,Estructura de Datos,2526-1,anon_348,2,4,0.0,2.512345156952752,True
nan,Estructura de Datos,2526-1,anon_348,2,6,0.0,2.512345156952752,True
nan,Estructura de Datos,2526-1,anon_348,2,8,0.0,2.512345156952752,True
nan,Estructura de Datos,2526-1,anon_349,2,4,0.0,6.3947979663111365,True
nan,Estructura de Datos,2526-1,anon_349,2,6,0.0,6.3947979663111365,True
nan,Estructura de Datos,2526-1,anon_349,2,8,0.0,6.3947979663111365,True
nan,Estructura de Datos,2526-1,anon_324,2,4,0.0,1.7496102081206946,True
nan,Estructura de Datos,2526-1,anon_324,2,6,0.0,1.7496102081206946,True
nan,Estructura de Datos,2526-1,anon_324,2,8,0.0,1.7496102081206946,True
nan,Estructura de Datos,2526-1,anon_350,2,4,3.0,1.2582537303467538,True
nan,Estructura de Datos,2526-1,anon_350,2,6,3.0,1.2582537303467538,True
nan,Estructura de Datos,2526-1,anon_350,2,8,3.0,1.2582537303467538,True
nan,Estructura de Datos,2526-1,anon_351,2,4,6.0,2.512345156952752,True
nan,Estructura de Datos,2526-1,anon_351,2,6,6.0,2.512345156952752,True
nan,Estructura de Datos,2526-1,anon_351,2,8,6.0,2.512345156952752,True
nan,Estructura de Datos,2526-1,anon_352,2,4,0.0,2.098957668314869,True
nan,Estructura de Datos,2526-1,anon_352,2,6,0.0,2.098957668314869,True
nan,Estructura de Datos,2526-1,anon_352,2,8,0.0,2.098957668314869,True
nan,Estructura de Datos,2526-1,anon_353,2,4,2.0,6.821195989708101,True
nan,Estructura de Datos,2526-1,anon_353,2,6,2.0,6.3947979663111365,True
nan,Estructura de Datos,2526-1,anon_353,2,8,2.0,6.3947979663111365,True
nan,Estructura de Datos,2526-1,anon_354,2,4,0.0,2.512345156952752,True
nan,Estructura de Datos,2526-1,anon_354,2,6,0.0,2.512345156952752,True
nan,Estructura de Datos,2526-1,anon_354,2,8,0.0,2.512345156952752,True
nan,Estructura de Datos,2526-1,anon_355,2,4,0.0,2.512345156952752,True
nan,Estructura de Datos,2526-1,anon_355,2,6,0.0,2.512345156952752,True
nan,Estructura de Datos,2526-1,anon_355,2,8,0.0,2.512345156952752,True
nan,Estructura de Datos,2526-1,anon_356,2,4,0.0,2.512345156952752,True
nan,Estructura de Datos,2526-1,anon_356,2,6,0.0,2.512345156952752,True
nan,Estructura de Datos,2526-1,anon_356,2,8,0.0,2.512345156952752,True
nan,Estructura de Datos,2526-1,anon_012,2,4,0.0,6.3947979663111365,True
nan,Estructura de Datos,2526-1,anon_012,2,6,0.0,6.3947979663111365,True
nan,Estructura de Datos,2526-1,anon_012,2,8,0.0,6.3947979663111365,True
nan,Estructura de Datos,2526-1,anon_333,2,4,0.0,2.098957668314869,True
nan,Estructura de Datos,2526-1,anon_333,2,6,0.0,2.098957668314869,True
nan,Estructura de Datos,2526-1,anon_333,2,8,0.0,2.098957668314869,True
nan,Estructura de Datos,2526-1,anon_357,2,4,0.0,1.2582537303467538,True
nan,Estructura de Datos,2526-1,anon_357,2,6,0.0,1.2582537303467538,True
nan,Estructura de Datos,2526-1,anon_357,2,8,0.0,1.2582537303467538,True
nan,Estructura de Datos,2526-1,anon_336,2,4,21.0,5.112488375182676,True
nan,Estructura de Datos,2526-1,anon_336,2,6,21.0,6.821195989708101,True
nan,Estructura de Datos,2526-1,anon_336,2,8,21.0,5.112488375182676,True
nan,Estructura de Datos,2526-1,anon_358,2,4,5.0,4.760542002526735,True
nan,Estructura de Datos,2526-1,anon_358,2,6,5.0,12.680510688202997,True
nan,Estructura de Datos,2526-1,anon_358,2,8,5.0,2.512345156952752,True
nan,Estructura de Datos,2526-1,anon_359,2,4,0.0,1.2582537303467538,True
nan,Estructura de Datos,2526-1,anon_359,2,6,0.0,1.2582537303467538,True
nan,Estructura de Datos,2526-1,anon_359,2,8,0.0,1.2582537303467538,True
nan,Estructura de Datos,2526-1,anon_360,2,4,0.0,2.512345156952752,True
nan,Estructura de Datos,2526-1,anon_360,2,6,0.0,2.512345156952752,True
nan,Estructura de Datos,2526-1,anon_360,2,8,0.0,2.512345156952752,True
nan,Estructura de Datos,2526-1,anon_361,2,4,0.0,1.2582537303467538,True
nan,Estructura de Datos,2526-1,anon_361,2,6,0.0,1.2582537303467538,True
nan,Estructura de Datos,2526-1,anon_361,2,8,0.0,1.2582537303467538,True
nan,Estructura de Datos,2526-1,anon_362,2,4,0.0,1.7496102081206946,True
nan,Estructura de Datos,2526-1,anon_362,2,6,0.0,1.7496102081206946,True
nan,Estructura de Datos,2526-1,anon_362,2,8,0.0,1.7496102081206946,True
nan,Estructura de Datos,2526-1,anon_363,2,4,1.0,2.512345156952752,True
nan,Estructura de Datos,2526-1,anon_363,2,6,1.0,2.512345156952752,True
nan,Estructura de Datos,2526-1,anon_363,2,8,1.0,2.512345156952752,True
nan,Estructura de Datos,2526-1,anon_342,2,4,4.0,21.449889095909857,True
nan,Estructura de Datos,2526-1,anon_342,2,6,4.0,1.7496102081206946,True
nan,Estructura de Datos,2526-1,anon_342,2,8,4.0,1.7496102081206946,True
nan,Estructura de Datos,2526-1,anon_364,2,4,23.0,3.394052614052615,True
nan,Estructura de Datos,2526-1,anon_364,2,6,23.0,15.43232188803123,True
nan,Estructura de Datos,2526-1,anon_364,2,8,23.0,13.713333333333331,True
nan,Estructura de Datos,2526-1,anon_365,2,4,0.0,1.2582537303467538,True
nan,Estructura de Datos,2526-1,anon_365,2,6,0.0,1.2582537303467538,True
nan,Estructura de Datos,2526-1,anon_365,2,8,0.0,1.2582537303467538,True
nan,Estructura de Datos,2526-1,anon_366,2,4,6.0,2.512345156952752,True
nan,Estructura de Datos,2526-1,anon_366,2,6,6.0,12.680510688202997,True
nan,Estructura de Datos,2526-1,anon_366,2,8,6.0,2.512345156952752,True
nan,Estructura de Datos,2526-1,anon_367,2,4,14.0,9.410328450599001,True
nan,Estructura de Datos,2526-1,anon_367,2,6,14.0,18.23041625041625,True
nan,Estructura de Datos,2526-1,anon_367,2,8,14.0,6.821195989708101,True
nan,Estructura de Datos,2526-1,anon_368,2,4,2.0,2.512345156952752,True
nan,Estructura de Datos,2526-1,anon_368,2,6,2.0,2.512345156952752,True
nan,Estructura de Datos,2526-1,anon_368,2,8,2.0,2.512345156952752,True
nan,Estructura de Datos,2526-1,anon_369,2,4,2.0,6.3947979663111365,True
nan,Estructura de Datos,2526-1,anon_369,2,6,2.0,6.3947979663111365,True
nan,Estructura de Datos,2526-1,anon_369,2,8,2.0,6.3947979663111365,True
nan,Estructura de Datos,2526-1,anon_060,2,4,2.0,4.760542002526735,True
nan,Estructura de Datos,2526-1,anon_060,2,6,2.0,6.7231402754159575,True
nan,Estructura de Datos,2526-1,anon_060,2,8,2.0,2.512345156952752,True
dropna,Estructura de Datos,2526-1,anon_346,2,4,0.0,6.3947979663111365,True
dropna,Estructura de Datos,2526-1,anon_346,2,6,0.0,6.3947979663111365,True
dropna,Estructura de Datos,2526-1,anon_346,2,8,0.0,6.3947979663111365,True
dropna,Estructura de Datos,2526-1,anon_347,2,4,1.0,2.512345156952752,True
dropna,Estructura de Datos,2526-1,anon_347,2,6,1.0,2.512345156952752,True
dropna,Estructura de Datos,2526-1,anon_347,2,8,1.0,6.7231402754159575,True
dropna,Estructura de Datos,2526-1,anon_348,2,4,0.0,2.512345156952752,True
dropna,Estructura de Datos,2526-1,anon_348,2,6,0.0,2.512345156952752,True
dropna,Estructura de Datos,2526-1,anon_348,2,8,0.0,2.512345156952752,True
dropna,Estructura de Datos,2526-1,anon_349,2,4,0.0,6.3947979663111365,True
dropna,Estructura de Datos,2526-1,anon_349,2,6,0.0,6.3947979663111365,True
dropna,Estructura de Datos,2526-1,anon_349,2,8,0.0,6.3947979663111365,True
dropna,Estructura de Datos,2526-1,anon_324,2,4,0.0,1.7496102081206946,True
dropna,Estructura de Datos,2526-1,anon_324,2,6,0.0,1.7496102081206946,True
dropna,Estructura de Datos,2526-1,anon_324,2,8,0.0,1.7496102081206946,True
dropna,Estructura de Datos,2526-1,anon_350,2,4,3.0,1.2582537303467538,True
dropna,Estructura de Datos,2526-1,anon_350,2,6,3.0,1.2582537303467538,True
dropna,Estructura de Datos,2526-1,anon_350,2,8,3.0,1.2582537303467538,True
dropna,Estructura de Datos,2526-1,anon_351,2,4,6.0,2.512345156952752,True
dropna,Estructura de Datos,2526-1,anon_351,2,6,6.0,2.512345156952752,True
dropna,Estructura de Datos,2526-1,anon_351,2,8,6.0,2.512345156952752,True
dropna,Estructura de Datos,2526-1,anon_352,2,4,0.0,2.098957668314869,True
dropna,Estructura de Datos,2526-1,anon_352,2,6,0.0,2.098957668314869,True
dropna,Estructura de Datos,2526-1,anon_352,2,8,0.0,2.098957668314869,True
dropna,Estructura de Datos,2526-1,anon_353,2,4,2.0,6.821195989708101,True
dropna,Estructura de Datos,2526-1,anon_353,2,6,2.0,6.3947979663111365,True
dropna,Estructura de Datos,2526-1,anon_353,2,8,2.0,6.3947979663111365,True
dropna,Estructura de Datos,2526-1,anon_354,2,4,0.0,2.512345156952752,True
dropna,Estructura de Datos,2526-1,anon_354,2,6,0.0,2.512345156952752,True
dropna,Estructura de Datos,2526-1,anon_354,2,8,0.0,2.512345156952752,True
dropna,Estructura de Datos,2526-1,anon_355,2,4,0.0,2.512345156952752,True
dropna,Estructura de Datos,2526-1,anon_355,2,6,0.0,2.512345156952752,True
dropna,Estructura de Datos,2526-1,anon_355,2,8,0.0,2.512345156952752,True
dropna,Estructura de Datos,2526-1,anon_356,2,4,0.0,2.512345156952752,True
dropna,Estructura de Datos,2526-1,anon_356,2,6,0.0,2.512345156952752,True
dropna,Estructura de Datos,2526-1,anon_356,2,8,0.0,2.512345156952752,True
dropna,Estructura de Datos,2526-1,anon_012,2,4,0.0,6.3947979663111365,True
dropna,Estructura de Datos,2526-1,anon_012,2,6,0.0,6.3947979663111365,True
dropna,Estructura de Datos,2526-1,anon_012,2,8,0.0,6.3947979663111365,True
dropna,Estructura de Datos,2526-1,anon_333,2,4,0.0,2.098957668314869,True
dropna,Estructura de Datos,2526-1,anon_333,2,6,0.0,2.098957668314869,True
dropna,Estructura de Datos,2526-1,anon_333,2,8,0.0,2.098957668314869,True
dropna,Estructura de Datos,2526-1,anon_357,2,4,0.0,1.2582537303467538,True
dropna,Estructura de Datos,2526-1,anon_357,2,6,0.0,1.2582537303467538,True
dropna,Estructura de Datos,2526-1,anon_357,2,8,0.0,1.2582537303467538,True
dropna,Estructura de Datos,2526-1,anon_336,2,4,21.0,5.112488375182676,True
dropna,Estructura de Datos,2526-1,anon_336,2,6,21.0,6.821195989708101,True
dropna,Estructura de Datos,2526-1,anon_336,2,8,21.0,5.112488375182676,True
dropna,Estructura de Datos,2526-1,anon_358,2,4,5.0,4.760542002526735,True
dropna,Estructura de Datos,2526-1,anon_358,2,6,5.0,12.680510688202997,True
dropna,Estructura de Datos,2526-1,anon_358,2,8,5.0,2.512345156952752,True
dropna,Estructura de Datos,2526-1,anon_359,2,4,0.0,1.2582537303467538,True
dropna,Estructura de Datos,2526-1,anon_359,2,6,0.0,1.2582537303467538,True
dropna,Estructura de Datos,2526-1,anon_359,2,8,0.0,1.2582537303467538,True
dropna,Estructura de Datos,2526-1,anon_360,2,4,0.0,2.512345156952752,True
dropna,Estructura de Datos,2526-1,anon_360,2,6,0.0,2.512345156952752,True
dropna,Estructura de Datos,2526-1,anon_360,2,8,0.0,2.512345156952752,True
dropna,Estructura de Datos,2526-1,anon_361,2,4,0.0,1.2582537303467538,True
dropna,Estructura de Datos,2526-1,anon_361,2,6,0.0,1.2582537303467538,True
dropna,Estructura de Datos,2526-1,anon_361,2,8,0.0,1.2582537303467538,True
dropna,Estructura de Datos,2526-1,anon_362,2,4,0.0,1.7496102081206946,True
dropna,Estructura de Datos,2526-1,anon_362,2,6,0.0,1.7496102081206946,True
dropna,Estructura de Datos,2526-1,anon_362,2,8,0.0,1.7496102081206946,True
dropna,Estructura de Datos,2526-1,anon_363,2,4,1.0,2.512345156952752,True
dropna,Estructura de Datos,2526-1,anon_363,2,6,1.0,2.512345156952752,True
dropna,Estructura de Datos,2526-1,anon_363,2,8,1.0,2.512345156952752,True
dropna,Estructura de Datos,2526-1,anon_342,2,4,4.0,21.449889095909857,True
dropna,Estructura de Datos,2526-1,anon_342,2,6,4.0,1.7496102081206946,True
dropna,Estructura de Datos,2526-1,anon_342,2,8,4.0,1.7496102081206946,True
dropna,Estructura de Datos,2526-1,anon_364,2,4,23.0,3.394052614052615,True
dropna,Estructura de Datos,2526-1,anon_364,2,6,23.0,15.43232188803123,True
dropna,Estructura de Datos,2526-1,anon_364,2,8,23.0,13.713333333333331,True
dropna,Estructura de Datos,2526-1,anon_365,2,4,0.0,1.2582537303467538,True
dropna,Estructura de Datos,2526-1,anon_365,2,6,0.0,1.2582537303467538,True
dropna,Estructura de Datos,2526-1,anon_365,2,8,0.0,1.2582537303467538,True
dropna,Estructura de Datos,2526-1,anon_366,2,4,6.0,2.512345156952752,True
dropna,Estructura de Datos,2526-1,anon_366,2,6,6.0,12.680510688202997,True
dropna,Estructura de Datos,2526-1,anon_366,2,8,6.0,2.512345156952752,True
dropna,Estructura de Datos,2526-1,anon_367,2,4,14.0,9.410328450599001,True
dropna,Estructura de Datos,2526-1,anon_367,2,6,14.0,18.23041625041625,True
dropna,Estructura de Datos,2526-1,anon_367,2,8,14.0,6.821195989708101,True
dropna,Estructura de Datos,2526-1,anon_368,2,4,2.0,2.512345156952752,True
dropna,Estructura de Datos,2526-1,anon_368,2,6,2.0,2.512345156952752,True
dropna,Estructura de Datos,2526-1,anon_368,2,8,2.0,2.512345156952752,True
dropna,Estructura de Datos,2526-1,anon_369,2,4,2.0,6.3947979663111365,True
dropna,Estructura de Datos,2526-1,anon_369,2,6,2.0,6.3947979663111365,True
dropna,Estructura de Datos,2526-1,anon_369,2,8,2.0,6.3947979663111365,True
dropna,Estructura de Datos,2526-1,anon_060,2,4,2.0,4.760542002526735,True
dropna,Estructura de Datos,2526-1,anon_060,2,6,2.0,6.7231402754159575,True
dropna,Estructura de Datos,2526-1,anon_060,2,8,2.0,2.512345156952752,True
nan,Estructura de Datos,2526-2,anon_031,2,4,3.0,6.626923076923077,True
nan,Estructura de Datos,2526-2,anon_031,2,6,3.0,6.626923076923077,True
nan,Estructura de Datos,2526-2,anon_031,2,8,3.0,6.626923076923077,True
nan,Estructura de Datos,2526-2,anon_347,2,4,9.0,6.626923076923077,True
nan,Estructura de Datos,2526-2,anon_347,2,6,9.0,6.626923076923077,True
nan,Estructura de Datos,2526-2,anon_347,2,8,9.0,6.626923076923077,True
nan,Estructura de Datos,2526-2,anon_064,2,4,0.0,6.626923076923077,True
nan,Estructura de Datos,2526-2,anon_064,2,6,0.0,6.626923076923077,True
nan,Estructura de Datos,2526-2,anon_064,2,8,0.0,6.626923076923077,True
nan,Estructura de Datos,2526-2,anon_067,2,4,7.0,6.626923076923077,True
nan,Estructura de Datos,2526-2,anon_067,2,6,7.0,6.626923076923077,True
nan,Estructura de Datos,2526-2,anon_067,2,8,7.0,6.626923076923077,True
nan,Estructura de Datos,2526-2,anon_370,2,4,44.0,6.626923076923077,True
nan,Estructura de Datos,2526-2,anon_370,2,6,44.0,6.626923076923077,True
nan,Estructura de Datos,2526-2,anon_370,2,8,44.0,6.626923076923077,True
nan,Estructura de Datos,2526-2,anon_371,2,4,9.0,6.626923076923077,True
nan,Estructura de Datos,2526-2,anon_371,2,6,9.0,6.626923076923077,True
nan,Estructura de Datos,2526-2,anon_371,2,8,9.0,6.626923076923077,True
nan,Estructura de Datos,2526-2,anon_372,2,4,4.0,6.626923076923077,True
nan,Estructura de Datos,2526-2,anon_372,2,6,4.0,6.626923076923077,True
nan,Estructura de Datos,2526-2,anon_372,2,8,4.0,6.626923076923077,True
nan,Estructura de Datos,2526-2,anon_373,2,4,2.0,6.626923076923077,True
nan,Estructura de Datos,2526-2,anon_373,2,6,2.0,6.626923076923077,True
nan,Estructura de Datos,2526-2,anon_373,2,8,2.0,6.626923076923077,True
nan,Estructura de Datos,2526-2,anon_355,2,4,0.0,6.626923076923077,True
nan,Estructura de Datos,2526-2,anon_355,2,6,0.0,6.626923076923077,True
nan,Estructura de Datos,2526-2,anon_355,2,8,0.0,6.626923076923077,True
nan,Estructura de Datos,2526-2,anon_374,2,4,9.0,6.626923076923077,True
nan,Estructura de Datos,2526-2,anon_374,2,6,9.0,6.626923076923077,True
nan,Estructura de Datos,2526-2,anon_374,2,8,9.0,6.626923076923077,True
nan,Estructura de Datos,2526-2,anon_205,2,4,0.0,6.626923076923077,True
nan,Estructura de Datos,2526-2,anon_205,2,6,0.0,6.626923076923077,True
nan,Estructura de Datos,2526-2,anon_205,2,8,0.0,6.626923076923077,True
nan,Estructura de Datos,2526-2,anon_360,2,4,0.0,6.626923076923077,True
nan,Estructura de Datos,2526-2,anon_360,2,6,0.0,6.626923076923077,True
nan,Estructura de Datos,2526-2,anon_360,2,8,0.0,6.626923076923077,True
nan,Estructura de Datos,2526-2,anon_375,2,4,0.0,6.626923076923077,True
nan,Estructura de Datos,2526-2,anon_375,2,6,0.0,6.626923076923077,True
nan,Estructura de Datos,2526-2,anon_375,2,8,0.0,6.626923076923077,True
nan,Estructura de Datos,2526-2,anon_077,2,4,0.0,6.626923076923077,True
nan,Estructura de Datos,2526-2,anon_077,2,6,0.0,6.626923076923077,True
nan,Estructura de Datos,2526-2,anon_077,2,8,0.0,6.626923076923077,True
nan,Estructura de Datos,2526-2,anon_080,2,4,14.0,6.626923076923077,True
nan,Estructura de Datos,2526-2,anon_080,2,6,14.0,6.626923076923077,True
nan,Estructura de Datos,2526-2,anon_080,2,8,14.0,6.626923076923077,True
nan,Estructura de Datos,2526-2,anon_376,2,4,3.0,6.626923076923077,True
nan,Estructura de Datos,2526-2,anon_376,2,6,3.0,6.626923076923077,True
nan,Estructura de Datos,2526-2,anon_376,2,8,3.0,6.626923076923077,True
nan,Estructura de Datos,2526-2,anon_377,2,4,8.0,6.626923076923077,True
nan,Estructura de Datos,2526-2,anon_377,2,6,8.0,6.626923076923077,True
nan,Estructura de Datos,2526-2,anon_377,2,8,8.0,6.626923076923077,True
nan,Estructura de Datos,2526-2,anon_087,2,4,0.0,6.626923076923077,True
nan,Estructura de Datos,2526-2,anon_087,2,6,0.0,6.626923076923077,True
nan,Estructura de Datos,2526-2,anon_087,2,8,0.0,6.626923076923077,True
dropna,Estructura de Datos,2526-2,anon_031,2,4,3.0,6.626923076923077,True
dropna,Estructura de Datos,2526-2,anon_031,2,6,3.0,6.626923076923077,True
dropna,Estructura de Datos,2526-2,anon_031,2,8,3.0,6.626923076923077,True
dropna,Estructura de Datos,2526-2,anon_347,2,4,9.0,6.626923076923077,True
dropna,Estructura de Datos,2526-2,anon_347,2,6,9.0,6.626923076923077,True
dropna,Estructura de Datos,2526-2,anon_347,2,8,9.0,6.626923076923077,True
dropna,Estructura de Datos,2526-2,anon_064,2,4,0.0,6.626923076923077,True
dropna,Estructura de Datos,2526-2,anon_064,2,6,0.0,6.626923076923077,True
dropna,Estructura de Datos,2526-2,anon_064,2,8,0.0,6.626923076923077,True
dropna,Estructura de Datos,2526-2,anon_067,2,4,7.0,6.626923076923077,True
dropna,Estructura de Datos,2526-2,anon_067,2,6,7.0,6.626923076923077,True
dropna,Estructura de Datos,2526-2,anon_067,2,8,7.0,6.626923076923077,True
dropna,Estructura de Datos,2526-2,anon_370,2,4,44.0,6.626923076923077,True
dropna,Estructura de Datos,2526-2,anon_370,2,6,44.0,6.626923076923077,True
dropna,Estructura de Datos,2526-2,anon_370,2,8,44.0,6.626923076923077,True
dropna,Estructura de Datos,2526-2,anon_371,2,4,9.0,6.626923076923077,True
dropna,Estructura de Datos,2526-2,anon_371,2,6,9.0,6.626923076923077,True
dropna,Estructura de Datos,2526-2,anon_371,2,8,9.0,6.626923076923077,True
dropna,Estructura de Datos,2526-2,anon_372,2,4,4.0,6.626923076923077,True
dropna,Estructura de Datos,2526-2,anon_372,2,6,4.0,6.626923076923077,True
dropna,Estructura de Datos,2526-2,anon_372,2,8,4.0,6.626923076923077,True
dropna,Estructura de Datos,2526-2,anon_373,2,4,2.0,6.626923076923077,True
dropna,Estructura de Datos,2526-2,anon_373,2,6,2.0,6.626923076923077,True
dropna,Estructura de Datos,2526-2,anon_373,2,8,2.0,6.626923076923077,True
dropna,Estructura de Datos,2526-2,anon_355,2,4,0.0,6.626923076923077,True
dropna,Estructura de Datos,2526-2,anon_355,2,6,0.0,6.626923076923077,True
dropna,Estructura de Datos,2526-2,anon_355,2,8,0.0,6.626923076923077,True
dropna,Estructura de Datos,2526-2,anon_374,2,4,9.0,6.626923076923077,True
dropna,Estructura de Datos,2526-2,anon_374,2,6,9.0,6.626923076923077,True
dropna,Estructura de Datos,2526-2,anon_374,2,8,9.0,6.626923076923077,True
dropna,Estructura de Datos,2526-2,anon_205,2,4,0.0,6.626923076923077,True
dropna,Estructura de Datos,2526-2,anon_205,2,6,0.0,6.626923076923077,True
dropna,Estructura de Datos,2526-2,anon_205,2,8,0.0,6.626923076923077,True
dropna,Estructura de Datos,2526-2,anon_360,2,4,0.0,6.626923076923077,True
dropna,Estructura de Datos,2526-2,anon_360,2,6,0.0,6.626923076923077,True
dropna,Estructura de Datos,2526-2,anon_360,2,8,0.0,6.626923076923077,True
dropna,Estructura de Datos,2526-2,anon_375,2,4,0.0,6.626923076923077,True
dropna,Estructura de Datos,2526-2,anon_375,2,6,0.0,6.626923076923077,True
dropna,Estructura de Datos,2526-2,anon_375,2,8,0.0,6.626923076923077,True
dropna,Estructura de Datos,2526-2,anon_077,2,4,0.0,6.626923076923077,True
dropna,Estructura de Datos,2526-2,anon_077,2,6,0.0,6.626923076923077,True
dropna,Estructura de Datos,2526-2,anon_077,2,8,0.0,6.626923076923077,True
dropna,Estructura de Datos,2526-2,anon_080,2,4,14.0,6.626923076923077,True
dropna,Estructura de Datos,2526-2,anon_080,2,6,14.0,6.626923076923077,True
dropna,Estructura de Datos,2526-2,anon_080,2,8,14.0,6.626923076923077,True
dropna,Estructura de Datos,2526-2,anon_376,2,4,3.0,6.626923076923077,True
dropna,Estructura de Datos,2526-2,anon_376,2,6,3.0,6.626923076923077,True
dropna,Estructura de Datos,2526-2,anon_376,2,8,3.0,6.626923076923077,True
dropna,Estructura de Datos,2526-2,anon_377,2,4,8.0,6.626923076923077,True
dropna,Estructura de Datos,2526-2,anon_377,2,6,8.0,6.626923076923077,True
dropna,Estructura de Datos,2526-2,anon_377,2,8,8.0,6.626923076923077,True
dropna,Estructura de Datos,2526-2,anon_087,2,4,0.0,6.626923076923077,True
dropna,Estructura de Datos,2526-2,anon_087,2,6,0.0,6.626923076923077,True
dropna,Estructura de Datos,2526-2,anon_087,2,8,0.0,6.626923076923077,True
nan,Estructura de Datos,2526-3,anon_004,2,4,7.0,1.988148773642465,True
nan,Estructura de Datos,2526-3,anon_004,2,6,7.0,14.064891399761418,True
nan,Estructura de Datos,2526-3,anon_004,2,8,7.0,1.988148773642465,True
nan,Estructura de Datos,2526-3,anon_349,2,4,6.0,7.057922077922078,True
nan,Estructura de Datos,2526-3,anon_349,2,6,6.0,3.465210428669076,True
nan,Estructura de Datos,2526-3,anon_349,2,8,6.0,3.465210428669076,True
nan,Estructura de Datos,2526-3,anon_324,2,4,0.0,0.9514020617998957,True
nan,Estructura de Datos,2526-3,anon_324,2,6,0.0,0.9514020617998957,True
nan,Estructura de Datos,2526-3,anon_324,2,8,0.0,0.9514020617998957,True
nan,Estructura de Datos,2526-3,anon_372,2,4,10.0,7.057922077922078,True
nan,Estructura de Datos,2526-3,anon_372,2,6,10.0,7.057922077922078,True
nan,Estructura de Datos,2526-3,anon_372,2,8,10.0,0.9514020617998957,True
nan,Estructura de Datos,2526-3,anon_326,2,4,12.0,7.057922077922078,True
nan,Estructura de Datos,2526-3,anon_326,2,6,12.0,7.057922077922078,True
nan,Estructura de Datos,2526-3,anon_326,2,8,12.0,7.057922077922078,True
nan,Estructura de Datos,2526-3,anon_378,2,4,2.0,1.4248770150722994,True
nan,Estructura de Datos,2526-3,anon_378,2,6,2.0,8.497167123533906,True
nan,Estructura de Datos,2526-3,anon_378,2,8,2.0,1.4248770150722994,True
nan,Estructura de Datos,2526-3,anon_379,2,4,19.0,7.057922077922078,True
nan,Estructura de Datos,2526-3,anon_379,2,6,19.0,7.057922077922078,True
nan,Estructura de Datos,2526-3,anon_379,2,8,19.0,22.2843321445394,True
nan,Estructura de Datos,2526-3,anon_007,2,4,0.0,1.988148773642465,True
nan,Estructura de Datos,2526-3,anon_007,2,6,0.0,1.988148773642465,True
nan,Estructura de Datos,2526-3,anon_007,2,8,0.0,1.988148773642465,True
nan,Estructura de Datos,2526-3,anon_356,2,4,0.0,0.3259586853533674,True
nan,Estructura de Datos,2526-3,anon_356,2,6,0.0,0.3259586853533674,True
nan,Estructura de Datos,2526-3,anon_356,2,8,0.0,0.3259586853533674,True
nan,Estructura de Datos,2526-3,anon_380,2,4,3.0,1.988148773642465,True
nan,Estructura de Datos,2526-3,anon_380,2,6,3.0,1.988148773642465,True
nan,Estructura de Datos,2526-3,anon_380,2,8,3.0,1.988148773642465,True
nan,Estructura de Datos,2526-3,anon_381,2,4,4.0,7.057922077922078,True
nan,Estructura de Datos,2526-3,anon_381,2,6,4.0,0.3259586853533674,True
nan,Estructura de Datos,2526-3,anon_381,2,8,4.0,0.3259586853533674,True
nan,Estructura de Datos,2526-3,anon_382,2,4,2.0,7.057922077922078,True
nan,Estructura de Datos,2526-3,anon_382,2,6,2.0,0.3259586853533674,True
nan,Estructura de Datos,2526-3,anon_382,2,8,2.0,0.3259586853533674,True
nan,Estructura de Datos,2526-3,anon_383,2,4,3.0,22.2843321445394,True
nan,Estructura de Datos,2526-3,anon_383,2,6,3.0,0.9514020617998957,True
nan,Estructura de Datos,2526-3,anon_383,2,8,3.0,0.9514020617998957,True
nan,Estructura de Datos,2526-3,anon_384,2,4,2.0,4.398857804799079,True
nan,Estructura de Datos,2526-3,anon_384,2,6,2.0,4.398857804799079,True
nan,Estructura de Datos,2526-3,anon_384,2,8,2.0,22.2843321445394,True
nan,Estructura de Datos,2526-3,anon_385,2,4,0.0,1.4248770150722994,True
nan,Estructura de Datos,2526-3,anon_385,2,6,0.0,1.4248770150722994,True
nan,Estructura de Datos,2526-3,anon_385,2,8,0.0,1.4248770150722994,True
nan,Estructura de Datos,2526-3,anon_375,2,4,4.0,11.971772040784174,True
nan,Estructura de Datos,2526-3,anon_375,2,6,4.0,1.988148773642465,True
nan,Estructura de Datos,2526-3,anon_375,2,8,4.0,1.988148773642465,True
nan,Estructura de Datos,2526-3,anon_386,2,4,2.0,14.064891399761418,True
nan,Estructura de Datos,2526-3,anon_386,2,6,2.0,1.988148773642465,True
nan,Estructura de Datos,2526-3,anon_386,2,8,2.0,1.988148773642465,True
nan,Estructura de Datos,2526-3,anon_387,2,4,4.0,7.057922077922078,True
nan,Estructura de Datos,2526-3,anon_387,2,6,4.0,0.3259586853533674,True
nan,Estructura de Datos,2526-3,anon_387,2,8,4.0,0.3259586853533674,True
nan,Estructura de Datos,2526-3,anon_339,2,4,0.0,0.3259586853533674,True
nan,Estructura de Datos,2526-3,anon_339,2,6,0.0,0.3259586853533674,True
nan,Estructura de Datos,2526-3,anon_339,2,8,0.0,0.3259586853533674,True
nan,Estructura de Datos,2526-3,anon_388,2,4,10.0,22.205845494711475,True
nan,Estructura de Datos,2526-3,anon_388,2,6,10.0,10.82874673764986,True
nan,Estructura de Datos,2526-3,anon_388,2,8,10.0,22.2843321445394,True
nan,Estructura de Datos,2526-3,anon_341,2,4,0.0,1.4248770150722994,True
nan,Estructura de Datos,2526-3,anon_341,2,6,0.0,1.4248770150722994,True
nan,Estructura de Datos,2526-3,anon_341,2,8,0.0,1.4248770150722994,True
nan,Estructura de Datos,2526-3,anon_362,2,4,15.0,6.770229718333616,True
nan,Estructura de Datos,2526-3,anon_362,2,6,15.0,22.205845494711475,True
nan,Estructura de Datos,2526-3,anon_362,2,8,15.0,22.205845494711475,True
nan,Estructura de Datos,2526-3,anon_389,2,4,0.0,0.9514020617998957,True
nan,Estructura de Datos,2526-3,anon_389,2,6,0.0,0.9514020617998957,True
nan,Estructura de Datos,2526-3,anon_389,2,8,0.0,0.9514020617998957,True
nan,Estructura de Datos,2526-3,anon_390,2,4,0.0,0.3259586853533674,True
nan,Estructura de Datos,2526-3,anon_390,2,6,0.0,0.3259586853533674,True
nan,Estructura de Datos,2526-3,anon_390,2,8,0.0,0.3259586853533674,True
nan,Estructura de Datos,2526-3,anon_363,2,4,11.0,3.491693667157585,True
nan,Estructura de Datos,2526-3,anon_363,2,6,11.0,7.057922077922078,True
nan,Estructura de Datos,2526-3,anon_363,2,8,11.0,7.057922077922078,True
nan,Estructura de Datos,2526-3,anon_081,2,4,2.0,1.988148773642465,True
nan,Estructura de Datos,2526-3,anon_081,2,6,2.0,1.988148773642465,True
nan,Estructura de Datos,2526-3,anon_081,2,8,2.0,1.988148773642465,True
nan,Estructura de Datos,2526-3,anon_365,2,4,24.0,22.205845494711475,True
nan,Estructura de Datos,2526-3,anon_365,2,6,24.0,12.878773972141847,True
nan,Estructura de Datos,2526-3,anon_365,2,8,24.0,3.491693667157585,True
nan,Estructura de Datos,2526-3,anon_391,2,4,1.0,0.3259586853533674,True
nan,Estructura de Datos,2526-3,anon_391,2,6,1.0,0.3259586853533674,True
nan,Estructura de Datos,2526-3,anon_391,2,8,1.0,0.3259586853533674,True
nan,Estructura de Datos,2526-3,anon_087,2,4,2.0,11.504329903862372,True
nan,Estructura de Datos,2526-3,anon_087,2,6,2.0,1.988148773642465,True
nan,Estructura de Datos,2526-3,anon_087,2,8,2.0,1.988148773642465,True
nan,Estructura de Datos,2526-3,anon_392,2,4,0.0,0.3259586853533674,True
nan,Estructura de Datos,2526-3,anon_392,2,6,0.0,0.3259586853533674,True
nan,Estructura de Datos,2526-3,anon_392,2,8,0.0,0.3259586853533674,True
dropna,Estructura de Datos,2526-3,anon_004,2,4,7.0,1.988148773642465,True
dropna,Estructura de Datos,2526-3,anon_004,2,6,7.0,14.064891399761418,True
dropna,Estructura de Datos,2526-3,anon_004,2,8,7.0,1.988148773642465,True
dropna,Estructura de Datos,2526-3,anon_349,2,4,6.0,7.057922077922078,True
dropna,Estructura de Datos,2526-3,anon_349,2,6,6.0,3.465210428669076,True
dropna,Estructura de Datos,2526-3,anon_349,2,8,6.0,3.465210428669076,True
dropna,Estructura de Datos,2526-3,anon_324,2,4,0.0,0.9514020617998957,True
dropna,Estructura de Datos,2526-3,anon_324,2,6,0.0,0.9514020617998957,True
dropna,Estructura de Datos,2526-3,anon_324,2,8,0.0,0.9514020617998957,True
dropna,Estructura de Datos,2526-3,anon_372,2,4,10.0,7.057922077922078,True
dropna,Estructura de Datos,2526-3,anon_372,2,6,10.0,7.057922077922078,True
dropna,Estructura de Datos,2526-3,anon_372,2,8,10.0,0.9514020617998957,True
dropna,Estructura de Datos,2526-3,anon_326,2,4,12.0,7.057922077922078,True
dropna,Estructura de Datos,2526-3,anon_326,2,6,12.0,7.057922077922078,True
dropna,Estructura de Datos,2526-3,anon_326,2,8,12.0,7.057922077922078,True
dropna,Estructura de Datos,2526-3,anon_378,2,4,2.0,1.4248770150722994,True
dropna,Estructura de Datos,2526-3,anon_378,2,6,2.0,8.497167123533906,True
dropna,Estructura de Datos,2526-3,anon_378,2,8,2.0,1.4248770150722994,True
dropna,Estructura de Datos,2526-3,anon_379,2,4,19.0,7.057922077922078,True
dropna,Estructura de Datos,2526-3,anon_379,2,6,19.0,7.057922077922078,True
dropna,Estructura de Datos,2526-3,anon_379,2,8,19.0,22.2843321445394,True
dropna,Estructura de Datos,2526-3,anon_007,2,4,0.0,1.988148773642465,True
dropna,Estructura de Datos,2526-3,anon_007,2,6,0.0,1.988148773642465,True
dropna,Estructura de Datos,2526-3,anon_007,2,8,0.0,1.988148773642465,True
dropna,Estructura de Datos,2526-3,anon_356,2,4,0.0,0.3259586853533674,True
dropna,Estructura de Datos,2526-3,anon_356,2,6,0.0,0.3259586853533674,True
dropna,Estructura de Datos,2526-3,anon_356,2,8,0.0,0.3259586853533674,True
dropna,Estructura de Datos,2526-3,anon_380,2,4,3.0,1.988148773642465,True
dropna,Estructura de Datos,2526-3,anon_380,2,6,3.0,1.988148773642465,True
dropna,Estructura de Datos,2526-3,anon_380,2,8,3.0,1.988148773642465,True
dropna,Estructura de Datos,2526-3,anon_381,2,4,4.0,7.057922077922078,True
dropna,Estructura de Datos,2526-3,anon_381,2,6,4.0,0.3259586853533674,True
dropna,Estructura de Datos,2526-3,anon_381,2,8,4.0,0.3259586853533674,True
dropna,Estructura de Datos,2526-3,anon_382,2,4,2.0,7.057922077922078,True
dropna,Estructura de Datos,2526-3,anon_382,2,6,2.0,0.3259586853533674,True
dropna,Estructura de Datos,2526-3,anon_382,2,8,2.0,0.3259586853533674,True
dropna,Estructura de Datos,2526-3,anon_383,2,4,3.0,22.2843321445394,True
dropna,Estructura de Datos,2526-3,anon_383,2,6,3.0,0.9514020617998957,True
dropna,Estructura de Datos,2526-3,anon_383,2,8,3.0,0.9514020617998957,True
dropna,Estructura de Datos,2526-3,anon_384,2,4,2.0,4.398857804799079,True
dropna,Estructura de Datos,2526-3,anon_384,2,6,2.0,4.398857804799079,True
dropna,Estructura de Datos,2526-3,anon_384,2,8,2.0,22.2843321445394,True
dropna,Estructura de Datos,2526-3,anon_385,2,4,0.0,1.4248770150722994,True
dropna,Estructura de Datos,2526-3,anon_385,2,6,0.0,1.4248770150722994,True
dropna,Estructura de Datos,2526-3,anon_385,2,8,0.0,1.4248770150722994,True
dropna,Estructura de Datos,2526-3,anon_375,2,4,4.0,11.971772040784174,True
dropna,Estructura de Datos,2526-3,anon_375,2,6,4.0,1.988148773642465,True
dropna,Estructura de Datos,2526-3,anon_375,2,8,4.0,1.988148773642465,True
dropna,Estructura de Datos,2526-3,anon_386,2,4,2.0,14.064891399761418,True
dropna,Estructura de Datos,2526-3,anon_386,2,6,2.0,1.988148773642465,True
dropna,Estructura de Datos,2526-3,anon_386,2,8,2.0,1.988148773642465,True
dropna,Estructura de Datos,2526-3,anon_387,2,4,4.0,7.057922077922078,True
dropna,Estructura de Datos,2526-3,anon_387,2,6,4.0,0.3259586853533674,True
dropna,Estructura de Datos,2526-3,anon_387,2,8,4.0,0.3259586853533674,True
dropna,Estructura de Datos,2526-3,anon_339,2,4,0.0,0.3259586853533674,True
dropna,Estructura de Datos,2526-3,anon_339,2,6,0.0,0.3259586853533674,True
dropna,Estructura de Datos,2526-3,anon_339,2,8,0.0,0.3259586853533674,True
dropna,Estructura de Datos,2526-3,anon_388,2,4,10.0,22.205845494711475,True
dropna,Estructura de Datos,2526-3,anon_388,2,6,10.0,10.82874673764986,True
dropna,Estructura de Datos,2526-3,anon_388,2,8,10.0,22.2843321445394,True
dropna,Estructura de Datos,2526-3,anon_341,2,4,0.0,1.4248770150722994,True
dropna,Estructura de Datos,2526-3,anon_341,2,6,0.0,1.4248770150722994,True
dropna,Estructura de Datos,2526-3,anon_341,2,8,0.0,1.4248770150722994,True
dropna,Estructura de Datos,2526-3,anon_362,2,4,15.0,6.770229718333616,True
dropna,Estructura de Datos,2526-3,anon_362,2,6,15.0,22.205845494711475,True
dropna,Estructura de Datos,2526-3,anon_362,2,8,15.0,22.205845494711475,True
dropna,Estructura de Datos,2526-3,anon_389,2,4,0.0,0.9514020617998957,True
dropna,Estructura de Datos,2526-3,anon_389,2,6,0.0,0.9514020617998957,True
dropna,Estructura de Datos,2526-3,anon_389,2,8,0.0,0.9514020617998957,True
dropna,Estructura de Datos,2526-3,anon_390,2,4,0.0,0.3259586853533674,True
dropna,Estructura de Datos,2526-3,anon_390,2,6,0.0,0.3259586853533674,True
dropna,Estructura de Datos,2526-3,anon_390,2,8,0.0,0.3259586853533674,True
dropna,Estructura de Datos,2526-3,anon_363,2,4,11.0,3.491693667157585,True
dropna,Estructura de Datos,2526-3,anon_363,2,6,11.0,7.057922077922078,True
dropna,Estructura de Datos,2526-3,anon_363,2,8,11.0,7.057922077922078,True
dropna,Estructura de Datos,2526-3,anon_081,2,4,2.0,1.988148773642465,True
dropna,Estructura de Datos,2526-3,anon_081,2,6,2.0,1.988148773642465,True
dropna,Estructura de Datos,2526-3,anon_081,2,8,2.0,1.988148773642465,True
dropna,Estructura de Datos,2526-3,anon_365,2,4,24.0,22.205845494711475,True
dropna,Estructura de Datos,2526-3,anon_365,2,6,24.0,12.878773972141847,True
dropna,Estructura de Datos,2526-3,anon_365,2,8,24.0,3.491693667157585,True
dropna,Estructura de Datos,2526-3,anon_391,2,4,1.0,0.3259586853533674,True
dropna,Estructura de Datos,2526-3,anon_391,2,6,1.0,0.3259586853533674,True
dropna,Estructura de Datos,2526-3,anon_391,2,8,1.0,0.3259586853533674,True
dropna,Estructura de Datos,2526-3,anon_087,2,4,2.0,11.504329903862372,True
dropna,Estructura de Datos,2526-3,anon_087,2,6,2.0,1.988148773642465,True
dropna,Estructura de Datos,2526-3,anon_087,2,8,2.0,1.988148773642465,True
dropna,Estructura de Datos,2526-3,anon_392,2,4,0.0,0.3259586853533674,True
dropna,Estructura de Datos,2526-3,anon_392,2,6,0.0,0.3259586853533674,True
dropna,Estructura de Datos,2526-3,anon_392,2,8,0.0,0.3259586853533674,True
nan,Matemáticas Discretas,2526-2,anon_md_2526_2_2_001,2,4,5.0,5.413333333333334,True
nan,Matemáticas Discretas,2526-2,anon_md_2526_2_2_001,2,6,5.0,5.413333333333334,True
nan,Matemáticas Discretas,2526-2,anon_md_2526_2_2_001,2,8,5.0,5.413333333333334,True
nan,Matemáticas Discretas,2526-2,anon_md_2526_2_2_002,2,4,8.0,5.413333333333334,True
nan,Matemáticas Discretas,2526-2,anon_md_2526_2_2_002,2,6,8.0,5.413333333333334,True
nan,Matemáticas Discretas,2526-2,anon_md_2526_2_2_002,2,8,8.0,5.413333333333334,True
nan,Matemáticas Discretas,2526-2,anon_md_2526_2_2_003,2,4,0.0,5.413333333333334,True
nan,Matemáticas Discretas,2526-2,anon_md_2526_2_2_003,2,6,0.0,5.413333333333334,True
nan,Matemáticas Discretas,2526-2,anon_md_2526_2_2_003,2,8,0.0,5.413333333333334,True
nan,Matemáticas Discretas,2526-2,anon_md_2526_2_2_004,2,4,6.0,5.413333333333334,True
nan,Matemáticas Discretas,2526-2,anon_md_2526_2_2_004,2,6,6.0,5.413333333333334,True
nan,Matemáticas Discretas,2526-2,anon_md_2526_2_2_004,2,8,6.0,5.413333333333334,True
nan,Matemáticas Discretas,2526-2,anon_md_2526_2_2_005,2,4,4.0,5.413333333333334,True
nan,Matemáticas Discretas,2526-2,anon_md_2526_2_2_005,2,6,4.0,5.413333333333334,True
nan,Matemáticas Discretas,2526-2,anon_md_2526_2_2_005,2,8,4.0,5.413333333333334,True
nan,Matemáticas Discretas,2526-2,anon_md_2526_2_2_006,2,4,9.0,5.413333333333334,True
nan,Matemáticas Discretas,2526-2,anon_md_2526_2_2_006,2,6,9.0,5.413333333333334,True
nan,Matemáticas Discretas,2526-2,anon_md_2526_2_2_006,2,8,9.0,5.413333333333334,True
nan,Matemáticas Discretas,2526-2,anon_md_2526_2_2_007,2,4,3.0,5.413333333333334,True
nan,Matemáticas Discretas,2526-2,anon_md_2526_2_2_007,2,6,3.0,5.413333333333334,True
nan,Matemáticas Discretas,2526-2,anon_md_2526_2_2_007,2,8,3.0,5.413333333333334,True
nan,Matemáticas Discretas,2526-2,anon_md_2526_2_2_008,2,4,5.0,5.413333333333334,True
nan,Matemáticas Discretas,2526-2,anon_md_2526_2_2_008,2,6,5.0,5.413333333333334,True
nan,Matemáticas Discretas,2526-2,anon_md_2526_2_2_008,2,8,5.0,5.413333333333334,True
nan,Matemáticas Discretas,2526-2,anon_md_2526_2_2_009,2,4,1.0,5.413333333333334,True
nan,Matemáticas Discretas,2526-2,anon_md_2526_2_2_009,2,6,1.0,5.413333333333334,True
nan,Matemáticas Discretas,2526-2,anon_md_2526_2_2_009,2,8,1.0,5.413333333333334,True
nan,Matemáticas Discretas,2526-2,anon_md_2526_2_2_010,2,4,0.0,5.413333333333334,True
nan,Matemáticas Discretas,2526-2,anon_md_2526_2_2_010,2,6,0.0,5.413333333333334,True
nan,Matemáticas Discretas,2526-2,anon_md_2526_2_2_010,2,8,0.0,5.413333333333334,True
nan,Matemáticas Discretas,2526-2,anon_md_2526_2_2_011,2,4,5.0,5.413333333333334,True
nan,Matemáticas Discretas,2526-2,anon_md_2526_2_2_011,2,6,5.0,5.413333333333334,True
nan,Matemáticas Discretas,2526-2,anon_md_2526_2_2_011,2,8,5.0,5.413333333333334,True
nan,Matemáticas Discretas,2526-2,anon_md_2526_2_2_012,2,4,10.0,5.413333333333334,True
nan,Matemáticas Discretas,2526-2,anon_md_2526_2_2_012,2,6,10.0,5.413333333333334,True
nan,Matemáticas Discretas,2526-2,anon_md_2526_2_2_012,2,8,10.0,5.413333333333334,True
nan,Matemáticas Discretas,2526-2,anon_md_2526_2_2_013,2,4,1.0,5.413333333333334,True
nan,Matemáticas Discretas,2526-2,anon_md_2526_2_2_013,2,6,1.0,5.413333333333334,True
nan,Matemáticas Discretas,2526-2,anon_md_2526_2_2_013,2,8,1.0,5.413333333333334,True
nan,Matemáticas Discretas,2526-2,anon_md_2526_2_2_014,2,4,2.0,5.413333333333334,True
nan,Matemáticas Discretas,2526-2,anon_md_2526_2_2_014,2,6,2.0,5.413333333333334,True
nan,Matemáticas Discretas,2526-2,anon_md_2526_2_2_014,2,8,2.0,5.413333333333334,True
nan,Matemáticas Discretas,2526-2,anon_md_2526_2_2_015,2,4,0.0,5.413333333333334,True
nan,Matemáticas Discretas,2526-2,anon_md_2526_2_2_015,2,6,0.0,5.413333333333334,True
nan,Matemáticas Discretas,2526-2,anon_md_2526_2_2_015,2,8,0.0,5.413333333333334,True
nan,Matemáticas Discretas,2526-2,anon_md_2526_2_2_016,2,4,10.0,5.413333333333334,True
nan,Matemáticas Discretas,2526-2,anon_md_2526_2_2_016,2,6,10.0,5.413333333333334,True
nan,Matemáticas Discretas,2526-2,anon_md_2526_2_2_016,2,8,10.0,5.413333333333334,True
nan,Matemáticas Discretas,2526-2,anon_md_2526_2_2_017,2,4,2.0,5.413333333333334,True
nan,Matemáticas Discretas,2526-2,anon_md_2526_2_2_017,2,6,2.0,5.413333333333334,True
nan,Matemáticas Discretas,2526-2,anon_md_2526_2_2_017,2,8,2.0,5.413333333333334,True
nan,Matemáticas Discretas,2526-2,anon_md_2526_2_2_018,2,4,1.0,5.413333333333334,True
nan,Matemáticas Discretas,2526-2,anon_md_2526_2_2_018,2,6,1.0,5.413333333333334,True
nan,Matemáticas Discretas,2526-2,anon_md_2526_2_2_018,2,8,1.0,5.413333333333334,True
nan,Matemáticas Discretas,2526-2,anon_md_2526_2_2_019,2,4,3.0,5.413333333333334,True
nan,Matemáticas Discretas,2526-2,anon_md_2526_2_2_019,2,6,3.0,5.413333333333334,True
nan,Matemáticas Discretas,2526-2,anon_md_2526_2_2_019,2,8,3.0,5.413333333333334,True
nan,Matemáticas Discretas,2526-2,anon_md_2526_2_2_020,2,4,3.0,5.413333333333334,True
nan,Matemáticas Discretas,2526-2,anon_md_2526_2_2_020,2,6,3.0,5.413333333333334,True
nan,Matemáticas Discretas,2526-2,anon_md_2526_2_2_020,2,8,3.0,5.413333333333334,True
nan,Matemáticas Discretas,2526-2,anon_md_2526_2_2_021,2,4,8.0,5.413333333333334,True
nan,Matemáticas Discretas,2526-2,anon_md_2526_2_2_021,2,6,8.0,5.413333333333334,True
nan,Matemáticas Discretas,2526-2,anon_md_2526_2_2_021,2,8,8.0,5.413333333333334,True
nan,Matemáticas Discretas,2526-2,anon_md_2526_2_1_001,1,4,9.0,6.883783160322954,True
nan,Matemáticas Discretas,2526-2,anon_md_2526_2_1_001,1,6,9.0,1.412581852835069,True
nan,Matemáticas Discretas,2526-2,anon_md_2526_2_1_001,1,8,9.0,5.732668052668053,True
nan,Matemáticas Discretas,2526-2,anon_md_2526_2_1_002,1,4,12.0,8.791203463203464,True
nan,Matemáticas Discretas,2526-2,anon_md_2526_2_1_002,1,6,12.0,8.765085910652923,True
nan,Matemáticas Discretas,2526-2,anon_md_2526_2_1_002,1,8,12.0,8.765085910652923,True
nan,Matemáticas Discretas,2526-2,anon_md_2526_2_1_003,1,4,3.0,8.791203463203464,True
nan,Matemáticas Discretas,2526-2,anon_md_2526_2_1_003,1,6,3.0,0.7346871082827114,True
nan,Matemáticas Discretas,2526-2,anon_md_2526_2_1_003,1,8,3.0,8.765085910652923,True
nan,Matemáticas Discretas,2526-2,anon_md_2526_2_1_004,1,4,3.0,2.144458512014158,True
nan,Matemáticas Discretas,2526-2,anon_md_2526_2_1_004,1,6,3.0,2.144458512014158,True
nan,Matemáticas Discretas,2526-2,anon_md_2526_2_1_004,1,8,3.0,2.144458512014158,True
nan,Matemáticas Discretas,2526-2,anon_md_2526_2_1_005,1,4,9.0,5.732668052668053,True
nan,Matemáticas Discretas,2526-2,anon_md_2526_2_1_005,1,6,9.0,12.629084628670121,True
nan,Matemáticas Discretas,2526-2,anon_md_2526_2_1_005,1,8,9.0,4.0073229706390325,True
nan,Matemáticas Discretas,2526-2,anon_md_2526_2_1_006,1,4,2.0,0.7346871082827114,True
nan,Matemáticas Discretas,2526-2,anon_md_2526_2_1_006,1,6,2.0,0.7346871082827114,True
nan,Matemáticas Discretas,2526-2,anon_md_2526_2_1_006,1,8,2.0,0.7346871082827114,True
nan,Matemáticas Discretas,2526-2,anon_md_2526_2_1_007,1,4,11.0,8.765085910652923,True
nan,Matemáticas Discretas,2526-2,anon_md_2526_2_1_007,1,6,11.0,2.8067878787878793,True
nan,Matemáticas Discretas,2526-2,anon_md_2526_2_1_007,1,8,11.0,8.765085910652923,True
nan,Matemáticas Discretas,2526-2,anon_md_2526_2_1_008,1,4,2.0,1.412581852835069,True
nan,Matemáticas Discretas,2526-2,anon_md_2526_2_1_008,1,6,2.0,1.412581852835069,True
nan,Matemáticas Discretas,2526-2,anon_md_2526_2_1_008,1,8,2.0,1.412581852835069,True
nan,Matemáticas Discretas,2526-2,anon_md_2526_2_1_009,1,4,1.0,2.144458512014158,True
nan,Matemáticas Discretas,2526-2,anon_md_2526_2_1_009,1,6,1.0,2.144458512014158,True
nan,Matemáticas Discretas,2526-2,anon_md_2526_2_1_009,1,8,1.0,2.144458512014158,True
nan,Matemáticas Discretas,2526-2,anon_md_2526_2_1_010,1,4,1.0,1.412581852835069,True
nan,Matemáticas Discretas,2526-2,anon_md_2526_2_1_010,1,6,1.0,1.412581852835069,True
nan,Matemáticas Discretas,2526-2,anon_md_2526_2_1_010,1,8,1.0,1.412581852835069,True
nan,Matemáticas Discretas,2526-2,anon_md_2526_2_1_011,1,4,3.0,2.144458512014158,True
nan,Matemáticas Discretas,2526-2,anon_md_2526_2_1_011,1,6,3.0,2.144458512014158,True
nan,Matemáticas Discretas,2526-2,anon_md_2526_2_1_011,1,8,3.0,6.282201993931513,True
nan,Matemáticas Discretas,2526-2,anon_md_2526_2_1_012,1,4,8.0,8.791203463203464,True
nan,Matemáticas Discretas,2526-2,anon_md_2526_2_1_012,1,6,8.0,8.791203463203464,True
nan,Matemáticas Discretas,2526-2,anon_md_2526_2_1_012,1,8,8.0,8.765085910652923,True
nan,Matemáticas Discretas,2526-2,anon_md_2526_2_1_013,1,4,5.0,8.791203463203464,True
nan,Matemáticas Discretas,2526-2,anon_md_2526_2_1_013,1,6,5.0,0.7346871082827114,True
nan,Matemáticas Discretas,2526-2,anon_md_2526_2_1_013,1,8,5.0,0.7346871082827114,True
nan,Matemáticas Discretas,2526-2,anon_md_2526_2_1_014,1,4,9.0,9.654350674373795,True
nan,Matemáticas Discretas,2526-2,anon_md_2526_2_1_014,1,6,9.0,7.419899807321773,True
nan,Matemáticas Discretas,2526-2,anon_md_2526_2_1_014,1,8,9.0,11.552768697374939,True
nan,Matemáticas Discretas,2526-2,anon_md_2526_2_1_015,1,4,12.0,8.765085910652923,True
nan,Matemáticas Discretas,2526-2,anon_md_2526_2_1_015,1,6,12.0,8.765085910652923,True
nan,Matemáticas Discretas,2526-2,anon_md_2526_2_1_015,1,8,12.0,8.765085910652923,True
nan,Matemáticas Discretas,2526-2,anon_md_2526_2_1_016,1,4,2.0,2.8067878787878793,True
nan,Matemáticas Discretas,2526-2,anon_md_2526_2_1_016,1,6,2.0,1.2009141534678527,True
nan,Matemáticas Discretas,2526-2,anon_md_2526_2_1_016,1,8,2.0,1.2009141534678527,True
nan,Matemáticas Discretas,2526-2,anon_md_2526_2_1_017,1,4,11.0,8.791203463203464,True
nan,Matemáticas Discretas,2526-2,anon_md_2526_2_1_017,1,6,11.0,8.791203463203464,True
nan,Matemáticas Discretas,2526-2,anon_md_2526_2_1_017,1,8,11.0,8.765085910652923,True
nan,Matemáticas Discretas,2526-2,anon_md_2526_2_1_018,1,4,8.0,1.412581852835069,True
nan,Matemáticas Discretas,2526-2,anon_md_2526_2_1_018,1,6,8.0,12.59189003436426,True
nan,Matemáticas Discretas,2526-2,anon_md_2526_2_1_018,1,8,8.0,9.411460771564803,True
nan,Matemáticas Discretas,2526-2,anon_md_2526_2_1_019,1,4,1.0,2.144458512014158,True
nan,Matemáticas Discretas,2526-2,anon_md_2526_2_1_019,1,6,1.0,2.144458512014158,True
nan,Matemáticas Discretas,2526-2,anon_md_2526_2_1_019,1,8,1.0,2.144458512014158,True
nan,Matemáticas Discretas,2526-2,anon_md_2526_2_1_020,1,4,0.0,2.144458512014158,True
nan,Matemáticas Discretas,2526-2,anon_md_2526_2_1_020,1,6,0.0,2.144458512014158,True
nan,Matemáticas Discretas,2526-2,anon_md_2526_2_1_020,1,8,0.0,2.144458512014158,True
nan,Matemáticas Discretas,2526-2,anon_md_2526_2_1_021,1,4,0.0,2.144458512014158,True
nan,Matemáticas Discretas,2526-2,anon_md_2526_2_1_021,1,6,0.0,2.144458512014158,True
nan,Matemáticas Discretas,2526-2,anon_md_2526_2_1_021,1,8,0.0,2.144458512014158,True
nan,Matemáticas Discretas,2526-2,anon_md_2526_2_1_022,1,4,11.0,7.193817762399078,True
nan,Matemáticas Discretas,2526-2,anon_md_2526_2_1_022,1,6,11.0,8.765085910652923,True
nan,Matemáticas Discretas,2526-2,anon_md_2526_2_1_022,1,8,11.0,8.765085910652923,True
nan,Matemáticas Discretas,2526-2,anon_md_2526_2_1_023,1,4,3.0,1.2009141534678527,True
nan,Matemáticas Discretas,2526-2,anon_md_2526_2_1_023,1,6,3.0,1.2009141534678527,True
nan,Matemáticas Discretas,2526-2,anon_md_2526_2_1_023,1,8,3.0,1.2009141534678527,True
nan,Matemáticas Discretas,2526-2,anon_md_2526_2_1_024,1,4,5.0,8.791203463203464,True
nan,Matemáticas Discretas,2526-2,anon_md_2526_2_1_024,1,6,5.0,0.7346871082827114,True
nan,Matemáticas Discretas,2526-2,anon_md_2526_2_1_024,1,8,5.0,8.791203463203464,True
nan,Matemáticas Discretas,2526-2,anon_md_2526_2_1_025,1,4,1.0,2.144458512014158,True
nan,Matemáticas Discretas,2526-2,anon_md_2526_2_1_025,1,6,1.0,2.144458512014158,True
nan,Matemáticas Discretas,2526-2,anon_md_2526_2_1_025,1,8,1.0,2.144458512014158,True
nan,Matemáticas Discretas,2526-2,anon_md_2526_2_1_026,1,4,1.0,2.144458512014158,True
nan,Matemáticas Discretas,2526-2,anon_md_2526_2_1_026,1,6,1.0,2.144458512014158,True
nan,Matemáticas Discretas,2526-2,anon_md_2526_2_1_026,1,8,1.0,2.144458512014158,True
nan,Matemáticas Discretas,2526-2,anon_md_2526_2_1_027,1,4,8.0,9.654350674373795,True
nan,Matemáticas Discretas,2526-2,anon_md_2526_2_1_027,1,6,8.0,6.282201993931513,True
nan,Matemáticas Discretas,2526-2,anon_md_2526_2_1_027,1,8,8.0,6.282201993931513,True
nan,Matemáticas Discretas,2526-2,anon_md_2526_2_1_028,1,4,8.0,1.2009141534678527,True
nan,Matemáticas Discretas,2526-2,anon_md_2526_2_1_028,1,6,8.0,2.8067878787878793,True
nan,Matemáticas Discretas,2526-2,anon_md_2526_2_1_028,1,8,8.0,8.765085910652923,True
nan,Matemáticas Discretas,2526-2,anon_md_2526_2_1_029,1,4,1.0,2.144458512014158,True
nan,Matemáticas Discretas,2526-2,anon_md_2526_2_1_029,1,6,1.0,2.144458512014158,True
nan,Matemáticas Discretas,2526-2,anon_md_2526_2_1_029,1,8,1.0,2.144458512014158,True
nan,Matemáticas Discretas,2526-2,anon_md_2526_2_1_030,1,4,1.0,0.7346871082827114,True
nan,Matemáticas Discretas,2526-2,anon_md_2526_2_1_030,1,6,1.0,0.7346871082827114,True
nan,Matemáticas Discretas,2526-2,anon_md_2526_2_1_030,1,8,1.0,0.7346871082827114,True
nan,Matemáticas Discretas,2526-2,anon_md_2526_2_1_031,1,4,1.0,2.144458512014158,True
nan,Matemáticas Discretas,2526-2,anon_md_2526_2_1_031,1,6,1.0,2.144458512014158,True
nan,Matemáticas Discretas,2526-2,anon_md_2526_2_1_031,1,8,1.0,2.144458512014158,True
nan,Matemáticas Discretas,2526-2,anon_md_2526_2_1_032,1,4,1.0,1.412581852835069,True
nan,Matemáticas Discretas,2526-2,anon_md_2526_2_1_032,1,6,1.0,1.412581852835069,True
nan,Matemáticas Discretas,2526-2,anon_md_2526_2_1_032,1,8,1.0,1.412581852835069,True
nan,Matemáticas Discretas,2526-2,anon_md_2526_2_1_033,1,4,1.0,1.412581852835069,True
nan,Matemáticas Discretas,2526-2,anon_md_2526_2_1_033,1,6,1.0,1.412581852835069,True
nan,Matemáticas Discretas,2526-2,anon_md_2526_2_1_033,1,8,1.0,1.412581852835069,True
nan,Matemáticas Discretas,2526-2,anon_md_2526_2_1_034,1,4,0.0,1.2009141534678527,True
nan,Matemáticas Discretas,2526-2,anon_md_2526_2_1_034,1,6,0.0,1.2009141534678527,True
nan,Matemáticas Discretas,2526-2,anon_md_2526_2_1_034,1,8,0.0,1.2009141534678527,True
nan,Matemáticas Discretas,2526-2,anon_md_2526_2_1_035,1,4,8.0,1.2009141534678527,True
nan,Matemáticas Discretas,2526-2,anon_md_2526_2_1_035,1,6,8.0,2.8067878787878793,True
nan,Matemáticas Discretas,2526-2,anon_md_2526_2_1_035,1,8,8.0,8.765085910652923,True
dropna,Matemáticas Discretas,2526-2,anon_md_2526_2_2_001,2,4,5.0,5.413333333333334,True
dropna,Matemáticas Discretas,2526-2,anon_md_2526_2_2_001,2,6,5.0,5.413333333333334,True
dropna,Matemáticas Discretas,2526-2,anon_md_2526_2_2_001,2,8,5.0,5.413333333333334,True
dropna,Matemáticas Discretas,2526-2,anon_md_2526_2_2_002,2,4,8.0,5.413333333333334,True
dropna,Matemáticas Discretas,2526-2,anon_md_2526_2_2_002,2,6,8.0,5.413333333333334,True
dropna,Matemáticas Discretas,2526-2,anon_md_2526_2_2_002,2,8,8.0,5.413333333333334,True
dropna,Matemáticas Discretas,2526-2,anon_md_2526_2_2_003,2,4,0.0,5.413333333333334,True
dropna,Matemáticas Discretas,2526-2,anon_md_2526_2_2_003,2,6,0.0,5.413333333333334,True
dropna,Matemáticas Discretas,2526-2,anon_md_2526_2_2_003,2,8,0.0,5.413333333333334,True
dropna,Matemáticas Discretas,2526-2,anon_md_2526_2_2_004,2,4,6.0,5.413333333333334,True
dropna,Matemáticas Discretas,2526-2,anon_md_2526_2_2_004,2,6,6.0,5.413333333333334,True
dropna,Matemáticas Discretas,2526-2,anon_md_2526_2_2_004,2,8,6.0,5.413333333333334,True
dropna,Matemáticas Discretas,2526-2,anon_md_2526_2_2_005,2,4,4.0,5.413333333333334,True
dropna,Matemáticas Discretas,2526-2,anon_md_2526_2_2_005,2,6,4.0,5.413333333333334,True
dropna,Matemáticas Discretas,2526-2,anon_md_2526_2_2_005,2,8,4.0,5.413333333333334,True
dropna,Matemáticas Discretas,2526-2,anon_md_2526_2_2_006,2,4,9.0,5.413333333333334,True
dropna,Matemáticas Discretas,2526-2,anon_md_2526_2_2_006,2,6,9.0,5.413333333333334,True
dropna,Matemáticas Discretas,2526-2,anon_md_2526_2_2_006,2,8,9.0,5.413333333333334,True
dropna,Matemáticas Discretas,2526-2,anon_md_2526_2_2_007,2,4,3.0,5.413333333333334,True
dropna,Matemáticas Discretas,2526-2,anon_md_2526_2_2_007,2,6,3.0,5.413333333333334,True
dropna,Matemáticas Discretas,2526-2,anon_md_2526_2_2_007,2,8,3.0,5.413333333333334,True
dropna,Matemáticas Discretas,2526-2,anon_md_2526_2_2_008,2,4,5.0,5.413333333333334,True
dropna,Matemáticas Discretas,2526-2,anon_md_2526_2_2_008,2,6,5.0,5.413333333333334,True
dropna,Matemáticas Discretas,2526-2,anon_md_2526_2_2_008,2,8,5.0,5.413333333333334,True
dropna,Matemáticas Discretas,2526-2,anon_md_2526_2_2_009,2,4,1.0,5.413333333333334,True
dropna,Matemáticas Discretas,2526-2,anon_md_2526_2_2_009,2,6,1.0,5.413333333333334,True
dropna,Matemáticas Discretas,2526-2,anon_md_2526_2_2_009,2,8,1.0,5.413333333333334,True
dropna,Matemáticas Discretas,2526-2,anon_md_2526_2_2_010,2,4,0.0,5.413333333333334,True
dropna,Matemáticas Discretas,2526-2,anon_md_2526_2_2_010,2,6,0.0,5.413333333333334,True
dropna,Matemáticas Discretas,2526-2,anon_md_2526_2_2_010,2,8,0.0,5.413333333333334,True
dropna,Matemáticas Discretas,2526-2,anon_md_2526_2_2_011,2,4,5.0,5.413333333333334,True
dropna,Matemáticas Discretas,2526-2,anon_md_2526_2_2_011,2,6,5.0,5.413333333333334,True
dropna,Matemáticas Discretas,2526-2,anon_md_2526_2_2_011,2,8,5.0,5.413333333333334,True
dropna,Matemáticas Discretas,2526-2,anon_md_2526_2_2_012,2,4,10.0,5.413333333333334,True
dropna,Matemáticas Discretas,2526-2,anon_md_2526_2_2_012,2,6,10.0,5.413333333333334,True
dropna,Matemáticas Discretas,2526-2,anon_md_2526_2_2_012,2,8,10.0,5.413333333333334,True
dropna,Matemáticas Discretas,2526-2,anon_md_2526_2_2_013,2,4,1.0,5.413333333333334,True
dropna,Matemáticas Discretas,2526-2,anon_md_2526_2_2_013,2,6,1.0,5.413333333333334,True
dropna,Matemáticas Discretas,2526-2,anon_md_2526_2_2_013,2,8,1.0,5.413333333333334,True
dropna,Matemáticas Discretas,2526-2,anon_md_2526_2_2_014,2,4,2.0,5.413333333333334,True
dropna,Matemáticas Discretas,2526-2,anon_md_2526_2_2_014,2,6,2.0,5.413333333333334,True
dropna,Matemáticas Discretas,2526-2,anon_md_2526_2_2_014,2,8,2.0,5.413333333333334,True
dropna,Matemáticas Discretas,2526-2,anon_md_2526_2_2_015,2,4,0.0,5.413333333333334,True
dropna,Matemáticas Discretas,2526-2,anon_md_2526_2_2_015,2,6,0.0,5.413333333333334,True
dropna,Matemáticas Discretas,2526-2,anon_md_2526_2_2_015,2,8,0.0,5.413333333333334,True
dropna,Matemáticas Discretas,2526-2,anon_md_2526_2_2_016,2,4,10.0,5.413333333333334,True
dropna,Matemáticas Discretas,2526-2,anon_md_2526_2_2_016,2,6,10.0,5.413333333333334,True
dropna,Matemáticas Discretas,2526-2,anon_md_2526_2_2_016,2,8,10.0,5.413333333333334,True
dropna,Matemáticas Discretas,2526-2,anon_md_2526_2_2_017,2,4,2.0,5.413333333333334,True
dropna,Matemáticas Discretas,2526-2,anon_md_2526_2_2_017,2,6,2.0,5.413333333333334,True
dropna,Matemáticas Discretas,2526-2,anon_md_2526_2_2_017,2,8,2.0,5.413333333333334,True
dropna,Matemáticas Discretas,2526-2,anon_md_2526_2_2_018,2,4,1.0,5.413333333333334,True
dropna,Matemáticas Discretas,2526-2,anon_md_2526_2_2_018,2,6,1.0,5.413333333333334,True
dropna,Matemáticas Discretas,2526-2,anon_md_2526_2_2_018,2,8,1.0,5.413333333333334,True
dropna,Matemáticas Discretas,2526-2,anon_md_2526_2_2_019,2,4,3.0,5.413333333333334,True
dropna,Matemáticas Discretas,2526-2,anon_md_2526_2_2_019,2,6,3.0,5.413333333333334,True
dropna,Matemáticas Discretas,2526-2,anon_md_2526_2_2_019,2,8,3.0,5.413333333333334,True
dropna,Matemáticas Discretas,2526-2,anon_md_2526_2_2_020,2,4,3.0,5.413333333333334,True
dropna,Matemáticas Discretas,2526-2,anon_md_2526_2_2_020,2,6,3.0,5.413333333333334,True
dropna,Matemáticas Discretas,2526-2,anon_md_2526_2_2_020,2,8,3.0,5.413333333333334,True
dropna,Matemáticas Discretas,2526-2,anon_md_2526_2_2_021,2,4,8.0,5.413333333333334,True
dropna,Matemáticas Discretas,2526-2,anon_md_2526_2_2_021,2,6,8.0,5.413333333333334,True
dropna,Matemáticas Discretas,2526-2,anon_md_2526_2_2_021,2,8,8.0,5.413333333333334,True
dropna,Matemáticas Discretas,2526-2,anon_md_2526_2_1_001,1,4,9.0,6.883783160322954,True
dropna,Matemáticas Discretas,2526-2,anon_md_2526_2_1_001,1,6,9.0,1.412581852835069,True
dropna,Matemáticas Discretas,2526-2,anon_md_2526_2_1_001,1,8,9.0,5.732668052668053,True
dropna,Matemáticas Discretas,2526-2,anon_md_2526_2_1_002,1,4,12.0,8.791203463203464,True
dropna,Matemáticas Discretas,2526-2,anon_md_2526_2_1_002,1,6,12.0,8.765085910652923,True
dropna,Matemáticas Discretas,2526-2,anon_md_2526_2_1_002,1,8,12.0,8.765085910652923,True
dropna,Matemáticas Discretas,2526-2,anon_md_2526_2_1_003,1,4,3.0,8.791203463203464,True
dropna,Matemáticas Discretas,2526-2,anon_md_2526_2_1_003,1,6,3.0,0.7346871082827114,True
dropna,Matemáticas Discretas,2526-2,anon_md_2526_2_1_003,1,8,3.0,8.765085910652923,True
dropna,Matemáticas Discretas,2526-2,anon_md_2526_2_1_004,1,4,3.0,2.144458512014158,True
dropna,Matemáticas Discretas,2526-2,anon_md_2526_2_1_004,1,6,3.0,2.144458512014158,True
dropna,Matemáticas Discretas,2526-2,anon_md_2526_2_1_004,1,8,3.0,2.144458512014158,True
dropna,Matemáticas Discretas,2526-2,anon_md_2526_2_1_005,1,4,9.0,5.732668052668053,True
dropna,Matemáticas Discretas,2526-2,anon_md_2526_2_1_005,1,6,9.0,12.629084628670121,True
dropna,Matemáticas Discretas,2526-2,anon_md_2526_2_1_005,1,8,9.0,4.0073229706390325,True
dropna,Matemáticas Discretas,2526-2,anon_md_2526_2_1_006,1,4,2.0,0.7346871082827114,True
dropna,Matemáticas Discretas,2526-2,anon_md_2526_2_1_006,1,6,2.0,0.7346871082827114,True
dropna,Matemáticas Discretas,2526-2,anon_md_2526_2_1_006,1,8,2.0,0.7346871082827114,True
dropna,Matemáticas Discretas,2526-2,anon_md_2526_2_1_007,1,4,11.0,8.765085910652923,True
dropna,Matemáticas Discretas,2526-2,anon_md_2526_2_1_007,1,6,11.0,2.8067878787878793,True
dropna,Matemáticas Discretas,2526-2,anon_md_2526_2_1_007,1,8,11.0,8.765085910652923,True
dropna,Matemáticas Discretas,2526-2,anon_md_2526_2_1_008,1,4,2.0,1.412581852835069,True
dropna,Matemáticas Discretas,2526-2,anon_md_2526_2_1_008,1,6,2.0,1.412581852835069,True
dropna,Matemáticas Discretas,2526-2,anon_md_2526_2_1_008,1,8,2.0,1.412581852835069,True
dropna,Matemáticas Discretas,2526-2,anon_md_2526_2_1_009,1,4,1.0,2.144458512014158,True
dropna,Matemáticas Discretas,2526-2,anon_md_2526_2_1_009,1,6,1.0,2.144458512014158,True
dropna,Matemáticas Discretas,2526-2,anon_md_2526_2_1_009,1,8,1.0,2.144458512014158,True
dropna,Matemáticas Discretas,2526-2,anon_md_2526_2_1_010,1,4,1.0,1.412581852835069,True
dropna,Matemáticas Discretas,2526-2,anon_md_2526_2_1_010,1,6,1.0,1.412581852835069,True
dropna,Matemáticas Discretas,2526-2,anon_md_2526_2_1_010,1,8,1.0,1.412581852835069,True
dropna,Matemáticas Discretas,2526-2,anon_md_2526_2_1_011,1,4,3.0,2.144458512014158,True
dropna,Matemáticas Discretas,2526-2,anon_md_2526_2_1_011,1,6,3.0,2.144458512014158,True
dropna,Matemáticas Discretas,2526-2,anon_md_2526_2_1_011,1,8,3.0,6.282201993931513,True
dropna,Matemáticas Discretas,2526-2,anon_md_2526_2_1_012,1,4,8.0,8.791203463203464,True
dropna,Matemáticas Discretas,2526-2,anon_md_2526_2_1_012,1,6,8.0,8.791203463203464,True
dropna,Matemáticas Discretas,2526-2,anon_md_2526_2_1_012,1,8,8.0,8.765085910652923,True
dropna,Matemáticas Discretas,2526-2,anon_md_2526_2_1_013,1,4,5.0,8.791203463203464,True
dropna,Matemáticas Discretas,2526-2,anon_md_2526_2_1_013,1,6,5.0,0.7346871082827114,True
dropna,Matemáticas Discretas,2526-2,anon_md_2526_2_1_013,1,8,5.0,0.7346871082827114,True
dropna,Matemáticas Discretas,2526-2,anon_md_2526_2_1_014,1,4,9.0,9.654350674373795,True
dropna,Matemáticas Discretas,2526-2,anon_md_2526_2_1_014,1,6,9.0,7.419899807321773,True
dropna,Matemáticas Discretas,2526-2,anon_md_2526_2_1_014,1,8,9.0,11.552768697374939,True
dropna,Matemáticas Discretas,2526-2,anon_md_2526_2_1_015,1,4,12.0,8.765085910652923,True
dropna,Matemáticas Discretas,2526-2,anon_md_2526_2_1_015,1,6,12.0,8.765085910652923,True
dropna,Matemáticas Discretas,2526-2,anon_md_2526_2_1_015,1,8,12.0,8.765085910652923,True
dropna,Matemáticas Discretas,2526-2,anon_md_2526_2_1_016,1,4,2.0,2.8067878787878793,True
dropna,Matemáticas Discretas,2526-2,anon_md_2526_2_1_016,1,6,2.0,1.2009141534678527,True
dropna,Matemáticas Discretas,2526-2,anon_md_2526_2_1_016,1,8,2.0,1.2009141534678527,True
dropna,Matemáticas Discretas,2526-2,anon_md_2526_2_1_017,1,4,11.0,8.791203463203464,True
dropna,Matemáticas Discretas,2526-2,anon_md_2526_2_1_017,1,6,11.0,8.791203463203464,True
dropna,Matemáticas Discretas,2526-2,anon_md_2526_2_1_017,1,8,11.0,8.765085910652923,True
dropna,Matemáticas Discretas,2526-2,anon_md_2526_2_1_018,1,4,8.0,1.412581852835069,True
dropna,Matemáticas Discretas,2526-2,anon_md_2526_2_1_018,1,6,8.0,12.59189003436426,True
dropna,Matemáticas Discretas,2526-2,anon_md_2526_2_1_018,1,8,8.0,9.411460771564803,True
dropna,Matemáticas Discretas,2526-2,anon_md_2526_2_1_019,1,4,1.0,2.144458512014158,True
dropna,Matemáticas Discretas,2526-2,anon_md_2526_2_1_019,1,6,1.0,2.144458512014158,True
dropna,Matemáticas Discretas,2526-2,anon_md_2526_2_1_019,1,8,1.0,2.144458512014158,True
dropna,Matemáticas Discretas,2526-2,anon_md_2526_2_1_020,1,4,0.0,2.144458512014158,True
dropna,Matemáticas Discretas,2526-2,anon_md_2526_2_1_020,1,6,0.0,2.144458512014158,True
dropna,Matemáticas Discretas,2526-2,anon_md_2526_2_1_020,1,8,0.0,2.144458512014158,True
dropna,Matemáticas Discretas,2526-2,anon_md_2526_2_1_021,1,4,0.0,2.144458512014158,True
dropna,Matemáticas Discretas,2526-2,anon_md_2526_2_1_021,1,6,0.0,2.144458512014158,True
dropna,Matemáticas Discretas,2526-2,anon_md_2526_2_1_021,1,8,0.0,2.144458512014158,True
dropna,Matemáticas Discretas,2526-2,anon_md_2526_2_1_022,1,4,11.0,7.193817762399078,True
dropna,Matemáticas Discretas,2526-2,anon_md_2526_2_1_022,1,6,11.0,8.765085910652923,True
dropna,Matemáticas Discretas,2526-2,anon_md_2526_2_1_022,1,8,11.0,8.765085910652923,True
dropna,Matemáticas Discretas,2526-2,anon_md_2526_2_1_023,1,4,3.0,1.2009141534678527,True
dropna,Matemáticas Discretas,2526-2,anon_md_2526_2_1_023,1,6,3.0,1.2009141534678527,True
dropna,Matemáticas Discretas,2526-2,anon_md_2526_2_1_023,1,8,3.0,1.2009141534678527,True
dropna,Matemáticas Discretas,2526-2,anon_md_2526_2_1_024,1,4,5.0,8.791203463203464,True
dropna,Matemáticas Discretas,2526-2,anon_md_2526_2_1_024,1,6,5.0,0.7346871082827114,True
dropna,Matemáticas Discretas,2526-2,anon_md_2526_2_1_024,1,8,5.0,8.791203463203464,True
dropna,Matemáticas Discretas,2526-2,anon_md_2526_2_1_025,1,4,1.0,2.144458512014158,True
dropna,Matemáticas Discretas,2526-2,anon_md_2526_2_1_025,1,6,1.0,2.144458512014158,True
dropna,Matemáticas Discretas,2526-2,anon_md_2526_2_1_025,1,8,1.0,2.144458512014158,True
dropna,Matemáticas Discretas,2526-2,anon_md_2526_2_1_026,1,4,1.0,2.144458512014158,True
dropna,Matemáticas Discretas,2526-2,anon_md_2526_2_1_026,1,6,1.0,2.144458512014158,True
dropna,Matemáticas Discretas,2526-2,anon_md_2526_2_1_026,1,8,1.0,2.144458512014158,True
dropna,Matemáticas Discretas,2526-2,anon_md_2526_2_1_027,1,4,8.0,9.654350674373795,True
dropna,Matemáticas Discretas,2526-2,anon_md_2526_2_1_027,1,6,8.0,6.282201993931513,True
dropna,Matemáticas Discretas,2526-2,anon_md_2526_2_1_027,1,8,8.0,6.282201993931513,True
dropna,Matemáticas Discretas,2526-2,anon_md_2526_2_1_028,1,4,8.0,1.2009141534678527,True
dropna,Matemáticas Discretas,2526-2,anon_md_2526_2_1_028,1,6,8.0,2.8067878787878793,True
dropna,Matemáticas Discretas,2526-2,anon_md_2526_2_1_028,1,8,8.0,8.765085910652923,True
dropna,Matemáticas Discretas,2526-2,anon_md_2526_2_1_029,1,4,1.0,2.144458512014158,True
dropna,Matemáticas Discretas,2526-2,anon_md_2526_2_1_029,1,6,1.0,2.144458512014158,True
dropna,Matemáticas Discretas,2526-2,anon_md_2526_2_1_029,1,8,1.0,2.144458512014158,True
dropna,Matemáticas Discretas,2526-2,anon_md_2526_2_1_030,1,4,1.0,0.7346871082827114,True
dropna,Matemáticas Discretas,2526-2,anon_md_2526_2_1_030,1,6,1.0,0.7346871082827114,True
dropna,Matemáticas Discretas,2526-2,anon_md_2526_2_1_030,1,8,1.0,0.7346871082827114,True
dropna,Matemáticas Discretas,2526-2,anon_md_2526_2_1_031,1,4,1.0,2.144458512014158,True
dropna,Matemáticas Discretas,2526-2,anon_md_2526_2_1_031,1,6,1.0,2.144458512014158,True
dropna,Matemáticas Discretas,2526-2,anon_md_2526_2_1_031,1,8,1.0,2.144458512014158,True
dropna,Matemáticas Discretas,2526-2,anon_md_2526_2_1_032,1,4,1.0,1.412581852835069,True
dropna,Matemáticas Discretas,2526-2,anon_md_2526_2_1_032,1,6,1.0,1.412581852835069,True
dropna,Matemáticas Discretas,2526-2,anon_md_2526_2_1_032,1,8,1.0,1.412581852835069,True
dropna,Matemáticas Discretas,2526-2,anon_md_2526_2_1_033,1,4,1.0,1.412581852835069,True
dropna,Matemáticas Discretas,2526-2,anon_md_2526_2_1_033,1,6,1.0,1.412581852835069,True
dropna,Matemáticas Discretas,2526-2,anon_md_2526_2_1_033,1,8,1.0,1.412581852835069,True
dropna,Matemáticas Discretas,2526-2,anon_md_2526_2_1_034,1,4,0.0,1.2009141534678527,True
dropna,Matemáticas Discretas,2526-2,anon_md_2526_2_1_034,1,6,0.0,1.2009141534678527,True
dropna,Matemáticas Discretas,2526-2,anon_md_2526_2_1_034,1,8,0.0,1.2009141534678527,True
dropna,Matemáticas Discretas,2526-2,anon_md_2526_2_1_035,1,4,8.0,1.2009141534678527,True
dropna,Matemáticas Discretas,2526-2,anon_md_2526_2_1_035,1,6,8.0,2.8067878787878793,True
dropna,Matemáticas Discretas,2526-2,anon_md_2526_2_1_035,1,8,8.0,8.765085910652923,True
nan,Matemáticas Discretas,2526-3,anon_md_2526_3_1_001,1,4,13.0,4.544552398788131,True
nan,Matemáticas Discretas,2526-3,anon_md_2526_3_1_001,1,6,13.0,5.201256913021619,True
nan,Matemáticas Discretas,2526-3,anon_md_2526_3_1_001,1,8,13.0,5.201256913021619,True
nan,Matemáticas Discretas,2526-3,anon_md_2526_3_1_002,1,4,0.0,3.1619650511919035,True
nan,Matemáticas Discretas,2526-3,anon_md_2526_3_1_002,1,6,0.0,3.1619650511919035,True
nan,Matemáticas Discretas,2526-3,anon_md_2526_3_1_002,1,8,0.0,3.1619650511919035,True
nan,Matemáticas Discretas,2526-3,anon_md_2526_3_1_003,1,4,4.0,2.039058783213951,True
nan,Matemáticas Discretas,2526-3,anon_md_2526_3_1_003,1,6,4.0,2.039058783213951,True
nan,Matemáticas Discretas,2526-3,anon_md_2526_3_1_003,1,8,4.0,8.875973225356445,True
nan,Matemáticas Discretas,2526-3,anon_md_2526_3_1_004,1,4,2.0,3.1619650511919035,True
nan,Matemáticas Discretas,2526-3,anon_md_2526_3_1_004,1,6,2.0,7.167534499058036,True
nan,Matemáticas Discretas,2526-3,anon_md_2526_3_1_004,1,8,2.0,7.323279598815246,True
nan,Matemáticas Discretas,2526-3,anon_md_2526_3_1_005,1,4,3.0,2.039058783213951,True
nan,Matemáticas Discretas,2526-3,anon_md_2526_3_1_005,1,6,3.0,2.039058783213951,True
nan,Matemáticas Discretas,2526-3,anon_md_2526_3_1_005,1,8,3.0,6.346169423156843,True
nan,Matemáticas Discretas,2526-3,anon_md_2526_3_1_006,1,4,2.0,5.201256913021619,True
nan,Matemáticas Discretas,2526-3,anon_md_2526_3_1_006,1,6,2.0,5.201256913021619,True
nan,Matemáticas Discretas,2526-3,anon_md_2526_3_1_006,1,8,2.0,5.201256913021619,True
nan,Matemáticas Discretas,2526-3,anon_md_2526_3_1_007,1,4,0.0,1.4479956402079357,True
nan,Matemáticas Discretas,2526-3,anon_md_2526_3_1_007,1,6,0.0,1.4479956402079357,True
nan,Matemáticas Discretas,2526-3,anon_md_2526_3_1_007,1,8,0.0,1.4479956402079357,True
nan,Matemáticas Discretas,2526-3,anon_md_2526_3_1_008,1,4,12.0,6.346169423156843,True
nan,Matemáticas Discretas,2526-3,anon_md_2526_3_1_008,1,6,12.0,8.863279904761162,True
nan,Matemáticas Discretas,2526-3,anon_md_2526_3_1_008,1,8,12.0,8.875973225356445,True
nan,Matemáticas Discretas,2526-3,anon_md_2526_3_1_009,1,4,1.0,1.4479956402079357,True
nan,Matemáticas Discretas,2526-3,anon_md_2526_3_1_009,1,6,1.0,1.4479956402079357,True
nan,Matemáticas Discretas,2526-3,anon_md_2526_3_1_009,1,8,1.0,4.544552398788131,True
nan,Matemáticas Discretas,2526-3,anon_md_2526_3_1_010,1,4,8.0,7.618822234619172,True
nan,Matemáticas Discretas,2526-3,anon_md_2526_3_1_010,1,6,8.0,7.618822234619172,True
nan,Matemáticas Discretas,2526-3,anon_md_2526_3_1_010,1,8,8.0,11.20495360848302,True
nan,Matemáticas Discretas,2526-3,anon_md_2526_3_1_011,1,4,4.0,1.4479956402079357,True
nan,Matemáticas Discretas,2526-3,anon_md_2526_3_1_011,1,6,4.0,4.211142589285103,True
nan,Matemáticas Discretas,2526-3,anon_md_2526_3_1_011,1,8,4.0,4.544552398788131,True
nan,Matemáticas Discretas,2526-3,anon_md_2526_3_1_012,1,4,10.0,9.224102099117399,True
nan,Matemáticas Discretas,2526-3,anon_md_2526_3_1_012,1,6,10.0,8.491787262375498,True
nan,Matemáticas Discretas,2526-3,anon_md_2526_3_1_012,1,8,10.0,10.41402662832105,True
nan,Matemáticas Discretas,2526-3,anon_md_2526_3_1_013,1,4,0.0,2.039058783213951,True
nan,Matemáticas Discretas,2526-3,anon_md_2526_3_1_013,1,6,0.0,2.039058783213951,True
nan,Matemáticas Discretas,2526-3,anon_md_2526_3_1_013,1,8,0.0,2.039058783213951,True
nan,Matemáticas Discretas,2526-3,anon_md_2526_3_1_014,1,4,0.0,3.1741933313161135,True
nan,Matemáticas Discretas,2526-3,anon_md_2526_3_1_014,1,6,0.0,3.1741933313161135,True
nan,Matemáticas Discretas,2526-3,anon_md_2526_3_1_014,1,8,0.0,3.1741933313161135,True
nan,Matemáticas Discretas,2526-3,anon_md_2526_3_1_015,1,4,0.0,3.1619650511919035,True
nan,Matemáticas Discretas,2526-3,anon_md_2526_3_1_015,1,6,0.0,3.1619650511919035,True
nan,Matemáticas Discretas,2526-3,anon_md_2526_3_1_015,1,8,0.0,3.1619650511919035,True
nan,Matemáticas Discretas,2526-3,anon_md_2526_3_1_016,1,4,0.0,2.039058783213951,True
nan,Matemáticas Discretas,2526-3,anon_md_2526_3_1_016,1,6,0.0,2.039058783213951,True
nan,Matemáticas Discretas,2526-3,anon_md_2526_3_1_016,1,8,0.0,2.039058783213951,True
nan,Matemáticas Discretas,2526-3,anon_md_2526_3_1_017,1,4,0.0,1.4479956402079357,True
nan,Matemáticas Discretas,2526-3,anon_md_2526_3_1_017,1,6,0.0,1.4479956402079357,True
nan,Matemáticas Discretas,2526-3,anon_md_2526_3_1_017,1,8,0.0,1.4479956402079357,True
nan,Matemáticas Discretas,2526-3,anon_md_2526_3_1_018,1,4,9.0,5.201256913021619,True
nan,Matemáticas Discretas,2526-3,anon_md_2526_3_1_018,1,6,9.0,5.201256913021619,True
nan,Matemáticas Discretas,2526-3,anon_md_2526_3_1_018,1,8,9.0,5.201256913021619,True
nan,Matemáticas Discretas,2526-3,anon_md_2526_3_1_019,1,4,0.0,3.1741933313161135,True
nan,Matemáticas Discretas,2526-3,anon_md_2526_3_1_019,1,6,0.0,3.1741933313161135,True
nan,Matemáticas Discretas,2526-3,anon_md_2526_3_1_019,1,8,0.0,3.1741933313161135,True
nan,Matemáticas Discretas,2526-3,anon_md_2526_3_1_020,1,4,0.0,3.1741933313161135,True
nan,Matemáticas Discretas,2526-3,anon_md_2526_3_1_020,1,6,0.0,3.1741933313161135,True
nan,Matemáticas Discretas,2526-3,anon_md_2526_3_1_020,1,8,0.0,3.1741933313161135,True
nan,Matemáticas Discretas,2526-3,anon_md_2526_3_1_021,1,4,13.0,5.201256913021619,True
nan,Matemáticas Discretas,2526-3,anon_md_2526_3_1_021,1,6,13.0,5.201256913021619,True
nan,Matemáticas Discretas,2526-3,anon_md_2526_3_1_021,1,8,13.0,5.201256913021619,True
nan,Matemáticas Discretas,2526-3,anon_md_2526_3_1_022,1,4,11.0,5.201256913021619,True
nan,Matemáticas Discretas,2526-3,anon_md_2526_3_1_022,1,6,11.0,8.8775660802816,True
nan,Matemáticas Discretas,2526-3,anon_md_2526_3_1_022,1,8,11.0,8.8775660802816,True
nan,Matemáticas Discretas,2526-3,anon_md_2526_3_1_023,1,4,0.0,5.201256913021619,True
nan,Matemáticas Discretas,2526-3,anon_md_2526_3_1_023,1,6,0.0,5.201256913021619,True
nan,Matemáticas Discretas,2526-3,anon_md_2526_3_1_023,1,8,0.0,5.201256913021619,True
nan,Matemáticas Discretas,2526-3,anon_md_2526_3_1_024,1,4,0.0,3.1619650511919035,True
nan,Matemáticas Discretas,2526-3,anon_md_2526_3_1_024,1,6,0.0,3.1619650511919035,True
nan,Matemáticas Discretas,2526-3,anon_md_2526_3_1_024,1,8,0.0,3.1619650511919035,True
nan,Matemáticas Discretas,2526-3,anon_md_2526_3_1_025,1,4,6.0,8.863279904761162,True
nan,Matemáticas Discretas,2526-3,anon_md_2526_3_1_025,1,6,6.0,1.4479956402079357,True
nan,Matemáticas Discretas,2526-3,anon_md_2526_3_1_025,1,8,6.0,4.544552398788131,True
nan,Matemáticas Discretas,2526-3,anon_md_2526_3_1_026,1,4,1.0,1.4479956402079357,True
nan,Matemáticas Discretas,2526-3,anon_md_2526_3_1_026,1,6,1.0,4.211142589285103,True
nan,Matemáticas Discretas,2526-3,anon_md_2526_3_1_026,1,8,1.0,1.4479956402079357,True
nan,Matemáticas Discretas,2526-3,anon_md_2526_3_1_027,1,4,4.0,2.039058783213951,True
nan,Matemáticas Discretas,2526-3,anon_md_2526_3_1_027,1,6,4.0,6.9765858977623685,True
nan,Matemáticas Discretas,2526-3,anon_md_2526_3_1_027,1,8,4.0,8.875973225356445,True
nan,Matemáticas Discretas,2526-3,anon_md_2526_3_1_028,1,4,2.0,5.201256913021619,True
nan,Matemáticas Discretas,2526-3,anon_md_2526_3_1_028,1,6,2.0,5.201256913021619,True
nan,Matemáticas Discretas,2526-3,anon_md_2526_3_1_028,1,8,2.0,5.201256913021619,True
nan,Matemáticas Discretas,2526-3,anon_md_2526_3_1_029,1,4,0.0,2.039058783213951,True
nan,Matemáticas Discretas,2526-3,anon_md_2526_3_1_029,1,6,0.0,2.039058783213951,True
nan,Matemáticas Discretas,2526-3,anon_md_2526_3_1_029,1,8,0.0,2.039058783213951,True
nan,Matemáticas Discretas,2526-3,anon_md_2526_3_1_030,1,4,5.0,5.201256913021619,True
nan,Matemáticas Discretas,2526-3,anon_md_2526_3_1_030,1,6,5.0,5.201256913021619,True
nan,Matemáticas Discretas,2526-3,anon_md_2526_3_1_030,1,8,5.0,5.201256913021619,True
nan,Matemáticas Discretas,2526-3,anon_md_2526_3_1_031,1,4,4.0,3.1619650511919035,True
nan,Matemáticas Discretas,2526-3,anon_md_2526_3_1_031,1,6,4.0,8.491787262375498,True
nan,Matemáticas Discretas,2526-3,anon_md_2526_3_1_031,1,8,4.0,7.323279598815246,True
dropna,Matemáticas Discretas,2526-3,anon_md_2526_3_1_001,1,4,13.0,4.544552398788131,True
dropna,Matemáticas Discretas,2526-3,anon_md_2526_3_1_001,1,6,13.0,5.201256913021619,True
dropna,Matemáticas Discretas,2526-3,anon_md_2526_3_1_001,1,8,13.0,5.201256913021619,True
dropna,Matemáticas Discretas,2526-3,anon_md_2526_3_1_002,1,4,0.0,3.1619650511919035,True
dropna,Matemáticas Discretas,2526-3,anon_md_2526_3_1_002,1,6,0.0,3.1619650511919035,True
dropna,Matemáticas Discretas,2526-3,anon_md_2526_3_1_002,1,8,0.0,3.1619650511919035,True
dropna,Matemáticas Discretas,2526-3,anon_md_2526_3_1_003,1,4,4.0,2.039058783213951,True
dropna,Matemáticas Discretas,2526-3,anon_md_2526_3_1_003,1,6,4.0,2.039058783213951,True
dropna,Matemáticas Discretas,2526-3,anon_md_2526_3_1_003,1,8,4.0,8.875973225356445,True
dropna,Matemáticas Discretas,2526-3,anon_md_2526_3_1_004,1,4,2.0,3.1619650511919035,True
dropna,Matemáticas Discretas,2526-3,anon_md_2526_3_1_004,1,6,2.0,7.167534499058036,True
dropna,Matemáticas Discretas,2526-3,anon_md_2526_3_1_004,1,8,2.0,7.323279598815246,True
dropna,Matemáticas Discretas,2526-3,anon_md_2526_3_1_005,1,4,3.0,2.039058783213951,True
dropna,Matemáticas Discretas,2526-3,anon_md_2526_3_1_005,1,6,3.0,2.039058783213951,True
dropna,Matemáticas Discretas,2526-3,anon_md_2526_3_1_005,1,8,3.0,6.346169423156843,True
dropna,Matemáticas Discretas,2526-3,anon_md_2526_3_1_006,1,4,2.0,5.201256913021619,True
dropna,Matemáticas Discretas,2526-3,anon_md_2526_3_1_006,1,6,2.0,5.201256913021619,True
dropna,Matemáticas Discretas,2526-3,anon_md_2526_3_1_006,1,8,2.0,5.201256913021619,True
dropna,Matemáticas Discretas,2526-3,anon_md_2526_3_1_007,1,4,0.0,1.4479956402079357,True
dropna,Matemáticas Discretas,2526-3,anon_md_2526_3_1_007,1,6,0.0,1.4479956402079357,True
dropna,Matemáticas Discretas,2526-3,anon_md_2526_3_1_007,1,8,0.0,1.4479956402079357,True
dropna,Matemáticas Discretas,2526-3,anon_md_2526_3_1_008,1,4,12.0,6.346169423156843,True
dropna,Matemáticas Discretas,2526-3,anon_md_2526_3_1_008,1,6,12.0,8.863279904761162,True
dropna,Matemáticas Discretas,2526-3,anon_md_2526_3_1_008,1,8,12.0,8.875973225356445,True
dropna,Matemáticas Discretas,2526-3,anon_md_2526_3_1_009,1,4,1.0,1.4479956402079357,True
dropna,Matemáticas Discretas,2526-3,anon_md_2526_3_1_009,1,6,1.0,1.4479956402079357,True
dropna,Matemáticas Discretas,2526-3,anon_md_2526_3_1_009,1,8,1.0,4.544552398788131,True
dropna,Matemáticas Discretas,2526-3,anon_md_2526_3_1_010,1,4,8.0,7.618822234619172,True
dropna,Matemáticas Discretas,2526-3,anon_md_2526_3_1_010,1,6,8.0,7.618822234619172,True
dropna,Matemáticas Discretas,2526-3,anon_md_2526_3_1_010,1,8,8.0,11.20495360848302,True
dropna,Matemáticas Discretas,2526-3,anon_md_2526_3_1_011,1,4,4.0,1.4479956402079357,True
dropna,Matemáticas Discretas,2526-3,anon_md_2526_3_1_011,1,6,4.0,4.211142589285103,True
dropna,Matemáticas Discretas,2526-3,anon_md_2526_3_1_011,1,8,4.0,4.544552398788131,True
dropna,Matemáticas Discretas,2526-3,anon_md_2526_3_1_012,1,4,10.0,9.224102099117399,True
dropna,Matemáticas Discretas,2526-3,anon_md_2526_3_1_012,1,6,10.0,8.491787262375498,True
dropna,Matemáticas Discretas,2526-3,anon_md_2526_3_1_012,1,8,10.0,10.41402662832105,True
dropna,Matemáticas Discretas,2526-3,anon_md_2526_3_1_013,1,4,0.0,2.039058783213951,True
dropna,Matemáticas Discretas,2526-3,anon_md_2526_3_1_013,1,6,0.0,2.039058783213951,True
dropna,Matemáticas Discretas,2526-3,anon_md_2526_3_1_013,1,8,0.0,2.039058783213951,True
dropna,Matemáticas Discretas,2526-3,anon_md_2526_3_1_014,1,4,0.0,3.1741933313161135,True
dropna,Matemáticas Discretas,2526-3,anon_md_2526_3_1_014,1,6,0.0,3.1741933313161135,True
dropna,Matemáticas Discretas,2526-3,anon_md_2526_3_1_014,1,8,0.0,3.1741933313161135,True
dropna,Matemáticas Discretas,2526-3,anon_md_2526_3_1_015,1,4,0.0,3.1619650511919035,True
dropna,Matemáticas Discretas,2526-3,anon_md_2526_3_1_015,1,6,0.0,3.1619650511919035,True
dropna,Matemáticas Discretas,2526-3,anon_md_2526_3_1_015,1,8,0.0,3.1619650511919035,True
dropna,Matemáticas Discretas,2526-3,anon_md_2526_3_1_016,1,4,0.0,2.039058783213951,True
dropna,Matemáticas Discretas,2526-3,anon_md_2526_3_1_016,1,6,0.0,2.039058783213951,True
dropna,Matemáticas Discretas,2526-3,anon_md_2526_3_1_016,1,8,0.0,2.039058783213951,True
dropna,Matemáticas Discretas,2526-3,anon_md_2526_3_1_017,1,4,0.0,1.4479956402079357,True
dropna,Matemáticas Discretas,2526-3,anon_md_2526_3_1_017,1,6,0.0,1.4479956402079357,True
dropna,Matemáticas Discretas,2526-3,anon_md_2526_3_1_017,1,8,0.0,1.4479956402079357,True
dropna,Matemáticas Discretas,2526-3,anon_md_2526_3_1_018,1,4,9.0,5.201256913021619,True
dropna,Matemáticas Discretas,2526-3,anon_md_2526_3_1_018,1,6,9.0,5.201256913021619,True
dropna,Matemáticas Discretas,2526-3,anon_md_2526_3_1_018,1,8,9.0,5.201256913021619,True
dropna,Matemáticas Discretas,2526-3,anon_md_2526_3_1_019,1,4,0.0,3.1741933313161135,True
dropna,Matemáticas Discretas,2526-3,anon_md_2526_3_1_019,1,6,0.0,3.1741933313161135,True
dropna,Matemáticas Discretas,2526-3,anon_md_2526_3_1_019,1,8,0.0,3.1741933313161135,True
dropna,Matemáticas Discretas,2526-3,anon_md_2526_3_1_020,1,4,0.0,3.1741933313161135,True
dropna,Matemáticas Discretas,2526-3,anon_md_2526_3_1_020,1,6,0.0,3.1741933313161135,True
dropna,Matemáticas Discretas,2526-3,anon_md_2526_3_1_020,1,8,0.0,3.1741933313161135,True
dropna,Matemáticas Discretas,2526-3,anon_md_2526_3_1_021,1,4,13.0,5.201256913021619,True
dropna,Matemáticas Discretas,2526-3,anon_md_2526_3_1_021,1,6,13.0,5.201256913021619,True
dropna,Matemáticas Discretas,2526-3,anon_md_2526_3_1_021,1,8,13.0,5.201256913021619,True
dropna,Matemáticas Discretas,2526-3,anon_md_2526_3_1_022,1,4,11.0,5.201256913021619,True
dropna,Matemáticas Discretas,2526-3,anon_md_2526_3_1_022,1,6,11.0,8.8775660802816,True
dropna,Matemáticas Discretas,2526-3,anon_md_2526_3_1_022,1,8,11.0,8.8775660802816,True
dropna,Matemáticas Discretas,2526-3,anon_md_2526_3_1_023,1,4,0.0,5.201256913021619,True
dropna,Matemáticas Discretas,2526-3,anon_md_2526_3_1_023,1,6,0.0,5.201256913021619,True
dropna,Matemáticas Discretas,2526-3,anon_md_2526_3_1_023,1,8,0.0,5.201256913021619,True
dropna,Matemáticas Discretas,2526-3,anon_md_2526_3_1_024,1,4,0.0,3.1619650511919035,True
dropna,Matemáticas Discretas,2526-3,anon_md_2526_3_1_024,1,6,0.0,3.1619650511919035,True
dropna,Matemáticas Discretas,2526-3,anon_md_2526_3_1_024,1,8,0.0,3.1619650511919035,True
dropna,Matemáticas Discretas,2526-3,anon_md_2526_3_1_025,1,4,6.0,8.863279904761162,True
dropna,Matemáticas Discretas,2526-3,anon_md_2526_3_1_025,1,6,6.0,1.4479956402079357,True
dropna,Matemáticas Discretas,2526-3,anon_md_2526_3_1_025,1,8,6.0,4.544552398788131,True
dropna,Matemáticas Discretas,2526-3,anon_md_2526_3_1_026,1,4,1.0,1.4479956402079357,True
dropna,Matemáticas Discretas,2526-3,anon_md_2526_3_1_026,1,6,1.0,4.211142589285103,True
dropna,Matemáticas Discretas,2526-3,anon_md_2526_3_1_026,1,8,1.0,1.4479956402079357,True
dropna,Matemáticas Discretas,2526-3,anon_md_2526_3_1_027,1,4,4.0,2.039058783213951,True
dropna,Matemáticas Discretas,2526-3,anon_md_2526_3_1_027,1,6,4.0,6.9765858977623685,True
dropna,Matemáticas Discretas,2526-3,anon_md_2526_3_1_027,1,8,4.0,8.875973225356445,True
dropna,Matemáticas Discretas,2526-3,anon_md_2526_3_1_028,1,4,2.0,5.201256913021619,True
dropna,Matemáticas Discretas,2526-3,anon_md_2526_3_1_028,1,6,2.0,5.201256913021619,True
dropna,Matemáticas Discretas,2526-3,anon_md_2526_3_1_028,1,8,2.0,5.201256913021619,True
dropna,Matemáticas Discretas,2526-3,anon_md_2526_3_1_029,1,4,0.0,2.039058783213951,True
dropna,Matemáticas Discretas,2526-3,anon_md_2526_3_1_029,1,6,0.0,2.039058783213951,True
dropna,Matemáticas Discretas,2526-3,anon_md_2526_3_1_029,1,8,0.0,2.039058783213951,True
dropna,Matemáticas Discretas,2526-3,anon_md_2526_3_1_030,1,4,5.0,5.201256913021619,True
dropna,Matemáticas Discretas,2526-3,anon_md_2526_3_1_030,1,6,5.0,5.201256913021619,True
dropna,Matemáticas Discretas,2526-3,anon_md_2526_3_1_030,1,8,5.0,5.201256913021619,True
dropna,Matemáticas Discretas,2526-3,anon_md_2526_3_1_031,1,4,4.0,3.1619650511919035,True
dropna,Matemáticas Discretas,2526-3,anon_md_2526_3_1_031,1,6,4.0,8.491787262375498,True
dropna,Matemáticas Discretas,2526-3,anon_md_2526_3_1_031,1,8,4.0,7.323279598815246,True
