materia,trimestre_prueba,estudiante_id,seccion,hito,total_trimestre_real,estado_real,prediccion_continua,posterior_0,posterior_1-2,posterior_3-5,posterior_6-11,posterior_12 o más,ess,n_train_fold,n_test_fold,evidencia_anio_que_cursa,evidencia_tamano_grupo,evidencia_participaciones_semana,evidencia_participaciones_semana_anterior
Algoritmos y Programación,2425-2,anon_001,1,4,2.0,1-2,2.840077038318065,0.24718963045322878,0.351119173713316,0.2752786961991983,0.11236211487257512,0.014050384761681833,5,87,60,1,mediano,0,0
Algoritmos y Programación,2425-2,anon_001,1,6,2.0,1-2,2.840077038318065,0.24718963045322878,0.351119173713316,0.2752786961991983,0.11236211487257512,0.014050384761681833,5,87,60,1,mediano,0,0
Algoritmos y Programación,2425-2,anon_001,1,8,2.0,1-2,2.840077038318065,0.24718963045322878,0.351119173713316,0.2752786961991983,0.11236211487257512,0.014050384761681833,5,87,60,1,mediano,0,0
Algoritmos y Programación,2425-2,anon_002,1,4,2.0,1-2,2.840077038318065,0.24718963045322878,0.351119173713316,0.2752786961991983,0.11236211487257512,0.014050384761681833,5,87,60,1,mediano,0,0
Algoritmos y Programación,2425-2,anon_002,1,6,2.0,1-2,2.840077038318065,0.24718963045322878,0.351119173713316,0.2752786961991983,0.11236211487257512,0.014050384761681833,5,87,60,1,mediano,0,0
Algoritmos y Programación,2425-2,anon_002,1,8,2.0,1-2,2.840077038318065,0.24718963045322878,0.351119173713316,0.2752786961991983,0.11236211487257512,0.014050384761681833,5,87,60,1,mediano,0,0
Algoritmos y Programación,2425-2,anon_003,1,4,17.0,12 o más,8.677506321734416,0.0006920415224913495,0.0006920415224913495,0.0006920415224913495,0.9972318339100346,0.0006920415224913495,5,87,60,1,mediano,2,2
Algoritmos y Programación,2425-2,anon_003,1,6,17.0,12 o más,9.067694765911643,0.0005194805194805195,0.0005194805194805195,0.24987012987012988,0.4992207792207792,0.24987012987012988,5,87,60,1,mediano,2,1
Algoritmos y Programación,2425-2,anon_003,1,8,17.0,12 o más,8.672535372959825,0.0010362694300518136,0.0010362694300518136,0.0010362694300518136,0.9958549222797928,0.0010362694300518136,5,87,60,1,mediano,3 o más,2
Algoritmos y Programación,2425-2,anon_004,1,4,2.0,1-2,2.840077038318065,0.24718963045322878,0.351119173713316,0.2752786961991983,0.11236211487257512,0.014050384761681833,5,87,60,1,mediano,0,0
Algoritmos y Programación,2425-2,anon_004,1,6,2.0,1-2,2.840077038318065,0.24718963045322878,0.351119173713316,0.2752786961991983,0.11236211487257512,0.014050384761681833,5,87,60,1,mediano,0,0
Algoritmos y Programación,2425-2,anon_004,1,8,2.0,1-2,2.840077038318065,0.24718963045322878,0.351119173713316,0.2752786961991983,0.11236211487257512,0.014050384761681833,5,87,60,1,mediano,0,0
Algoritmos y Programación,2425-2,anon_005,1,4,10.0,6-11,6.892618631739804,0.00023121387283236996,0.00023121387283236996,0.5551445086705202,0.3331791907514451,0.11121387283236996,5,87,60,1,mediano,3 o más,0
Algoritmos y Programación,2425-2,anon_005,1,6,10.0,6-11,6.666761295024926,0.0002600780234070221,0.12509752925877765,0.24993498049414825,0.6244473342002601,0.0002600780234070221,5,87,60,1,mediano,1,1
Algoritmos y Programación,2425-2,anon_005,1,8,10.0,6-11,4.034893119480472,4.431641923332595e-05,0.34039441613117666,0.48929758475515184,0.17021936627520498,4.431641923332595e-05,5,87,60,1,mediano,0,1
Algoritmos y Programación,2425-2,anon_006,1,4,0.0,0,2.840077038318065,0.24718963045322878,0.351119173713316,0.2752786961991983,0.11236211487257512,0.014050384761681833,5,87,60,1,mediano,0,0
Algoritmos y Programación,2425-2,anon_006,1,6,0.0,0,2.840077038318065,0.24718963045322878,0.351119173713316,0.2752786961991983,0.11236211487257512,0.014050384761681833,5,87,60,1,mediano,0,0
Algoritmos y Programación,2425-2,anon_006,1,8,0.0,0,2.840077038318065,0.24718963045322878,0.351119173713316,0.2752786961991983,0.11236211487257512,0.014050384761681833,5,87,60,1,mediano,0,0
Algoritmos y Programación,2425-2,anon_007,1,4,0.0,0,2.840077038318065,0.24718963045322878,0.351119173713316,0.2752786961991983,0.11236211487257512,0.014050384761681833,5,87,60,1,mediano,0,0
Algoritmos y Programación,2425-2,anon_007,1,6,0.0,0,2.840077038318065,0.24718963045322878,0.351119173713316,0.2752786961991983,0.11236211487257512,0.014050384761681833,5,87,60,1,mediano,0,0
Algoritmos y Programación,2425-2,anon_007,1,8,0.0,0,2.840077038318065,0.24718963045322878,0.351119173713316,0.2752786961991983,0.11236211487257512,0.014050384761681833,5,87,60,1,mediano,0,0
Algoritmos y Programación,2425-2,anon_008,1,4,16.0,12 o más,8.672535372959825,0.0010362694300518136,0.0010362694300518136,0.0010362694300518136,0.9958549222797928,0.0010362694300518136,5,87,60,1,mediano,3 o más,2
Algoritmos y Programación,2425-2,anon_008,1,6,16.0,12 o más,6.666761295024926,0.0002600780234070221,0.12509752925877765,0.24993498049414825,0.6244473342002601,0.0002600780234070221,5,87,60,1,mediano,1,1
Algoritmos y Programación,2425-2,anon_008,1,8,16.0,12 o más,8.672535372959825,0.0010362694300518136,0.0010362694300518136,0.0010362694300518136,0.9958549222797928,0.0010362694300518136,5,87,60,1,mediano,3 o más,2
Algoritmos y Programación,2425-2,anon_009,1,4,9.0,6-11,5.799326981246219,0.2,0.2,0.2,0.2,0.2,5,87,60,2,mediano,2,0
Algoritmos y Programación,2425-2,anon_009,1,6,9.0,6-11,1.0121530565491046,0.5409253884241079,0.3278470206590405,0.13115929656820896,3.414717432132491e-05,3.414717432132491e-05,5,87,60,2,mediano,0,0
Algoritmos y Programación,2425-2,anon_009,1,8,9.0,6-11,5.799326981246219,0.2,0.2,0.2,0.2,0.2,5,87,60,2,mediano,1,1
Algoritmos y Programación,2425-2,anon_010,1,4,22.0,12 o más,5.799326981246219,0.2,0.2,0.2,0.2,0.2,5,87,60,2,mediano,1,3 o más
Algoritmos y Programación,2425-2,anon_010,1,6,22.0,12 o más,4.278994689443125,0.0020618556701030924,0.0020618556701030924,0.9917525773195877,0.0020618556701030924,0.0020618556701030924,5,87,60,2,mediano,3 o más,1
Algoritmos y Programación,2425-2,anon_010,1,8,22.0,12 o más,5.799326981246219,0.2,0.2,0.2,0.2,0.2,5,87,60,2,mediano,3 o más,2
Algoritmos y Programación,2425-2,anon_011,1,4,6.0,6-11,5.799326981246219,0.2,0.2,0.2,0.2,0.2,5,87,60,2,mediano,2,0
Algoritmos y Programación,2425-2,anon_011,1,6,6.0,6-11,1.4022119854307913,0.0010362694300518134,0.9958549222797926,0.0010362694300518134,0.0010362694300518134,0.0010362694300518134,5,87,60,2,mediano,0,1
Algoritmos y Programación,2425-2,anon_011,1,8,6.0,6-11,1.4022119854307913,0.0010362694300518134,0.9958549222797926,0.0010362694300518134,0.0010362694300518134,0.0010362694300518134,5,87,60,2,mediano,0,1
Algoritmos y Programación,2425-2,anon_012,1,4,0.0,0,2.840077038318065,0.24718963045322878,0.351119173713316,0.2752786961991983,0.11236211487257512,0.014050384761681833,5,87,60,1,mediano,0,0
Algoritmos y Programación,2425-2,anon_012,1,6,0.0,0,2.840077038318065,0.24718963045322878,0.351119173713316,0.2752786961991983,0.11236211487257512,0.014050384761681833,5,87,60,1,mediano,0,0
Algoritmos y Programación,2425-2,anon_012,1,8,0.0,0,2.840077038318065,0.24718963045322878,0.351119173713316,0.2752786961991983,0.11236211487257512,0.014050384761681833,5,87,60,1,mediano,0,0
Algoritmos y Programación,2425-2,anon_013,1,4,0.0,0,2.840077038318065,0.24718963045322878,0.351119173713316,0.2752786961991983,0.11236211487257512,0.014050384761681833,5,87,60,1,mediano,0,0
Algoritmos y Programación,2425-2,anon_013,1,6,0.0,0,2.840077038318065,0.24718963045322878,0.351119173713316,0.2752786961991983,0.11236211487257512,0.014050384761681833,5,87,60,1,mediano,0,0
Algoritmos y Programación,2425-2,anon_013,1,8,0.0,0,2.840077038318065,0.24718963045322878,0.351119173713316,0.2752786961991983,0.11236211487257512,0.014050384761681833,5,87,60,1,mediano,0,0
Algoritmos y Programación,2425-2,anon_014,1,4,23.0,12 o más,11.64662863720853,0.0010362694300518132,0.0010362694300518132,0.0010362694300518132,0.49844559585492226,0.49844559585492226,5,87,60,1,mediano,1,3 o más
Algoritmos y Programación,2425-2,anon_014,1,6,23.0,12 o más,6.666761295024926,0.0002600780234070221,0.12509752925877765,0.24993498049414825,0.6244473342002601,0.0002600780234070221,5,87,60,1,mediano,1,1
Algoritmos y Programación,2425-2,anon_014,1,8,23.0,12 o más,10.66366549128459,0.0006920415224913495,0.0006920415224913495,0.0006920415224913495,0.6650519031141868,0.33287197231833915,5,87,60,1,mediano,3 o más,1
Algoritmos y Programación,2425-2,anon_015,1,4,24.0,12 o más,8.672535372959825,0.0010362694300518136,0.0010362694300518136,0.0010362694300518136,0.9958549222797928,0.0010362694300518136,5,87,60,1,mediano,3 o más,2
Algoritmos y Programación,2425-2,anon_015,1,6,24.0,12 o más,9.067694765911643,0.0005194805194805195,0.0005194805194805195,0.24987012987012988,0.4992207792207792,0.24987012987012988,5,87,60,1,mediano,2,1
Algoritmos y Programación,2425-2,anon_015,1,8,24.0,12 o más,14.635983830384934,0.0006920415224913495,0.0006920415224913495,0.0006920415224913495,0.0006920415224913495,0.9972318339100346,5,87,60,1,mediano,3 o más,3 o más
Algoritmos y Programación,2425-2,anon_016,1,4,1.0,1-2,5.799326981246219,0.2,0.2,0.2,0.2,0.2,5,87,60,5 o más,mediano,0,0
Algoritmos y Programación,2425-2,anon_016,1,6,1.0,1-2,5.799326981246219,0.2,0.2,0.2,0.2,0.2,5,87,60,5 o más,mediano,0,0
Algoritmos y Programación,2425-2,anon_016,1,8,1.0,1-2,5.799326981246219,0.2,0.2,0.2,0.2,0.2,5,87,60,5 o más,mediano,0,1
Algoritmos y Programación,2425-2,anon_017,1,4,1.0,1-2,2.840077038318065,0.24718963045322878,0.351119173713316,0.2752786961991983,0.11236211487257512,0.014050384761681833,5,87,60,1,mediano,0,0
Algoritmos y Programación,2425-2,anon_017,1,6,1.0,1-2,2.840077038318065,0.24718963045322878,0.351119173713316,0.2752786961991983,0.11236211487257512,0.014050384761681833,5,87,60,1,mediano,0,0
Algoritmos y Programación,2425-2,anon_017,1,8,1.0,1-2,4.034893119480472,4.431641923332595e-05,0.34039441613117666,0.48929758475515184,0.17021936627520498,4.431641923332595e-05,5,87,60,1,mediano,0,1
Algoritmos y Programación,2425-2,anon_018,1,4,17.0,12 o más,7.761698312634749,0.0001892147587511826,0.0001892147587511826,0.4543046357615894,0.36348155156102174,0.18183538315988648,5,87,60,1,mediano,0,3 o más
Algoritmos y Programación,2425-2,anon_018,1,6,17.0,12 o más,6.892618631739804,0.00023121387283236996,0.00023121387283236996,0.5551445086705202,0.3331791907514451,0.11121387283236996,5,87,60,1,mediano,3 o más,0
Algoritmos y Programación,2425-2,anon_018,1,8,17.0,12 o más,11.64662863720853,0.0010362694300518132,0.0010362694300518132,0.0010362694300518132,0.49844559585492226,0.49844559585492226,5,87,60,1,mediano,1,3 o más
Algoritmos y Programación,2425-2,anon_019,1,4,0.0,0,2.840077038318065,0.24718963045322878,0.351119173713316,0.2752786961991983,0.11236211487257512,0.014050384761681833,5,87,60,1,mediano,0,0
Algoritmos y Programación,2425-2,anon_019,1,6,0.0,0,2.840077038318065,0.24718963045322878,0.351119173713316,0.2752786961991983,0.11236211487257512,0.014050384761681833,5,87,60,1,mediano,0,0
Algoritmos y Programación,2425-2,anon_019,1,8,0.0,0,2.840077038318065,0.24718963045322878,0.351119173713316,0.2752786961991983,0.11236211487257512,0.014050384761681833,5,87,60,1,mediano,0,0
Algoritmos y Programación,2425-2,anon_020,1,4,24.0,12 o más,8.672535372959825,0.0010362694300518136,0.0010362694300518136,0.0010362694300518136,0.9958549222797928,0.0010362694300518136,5,87,60,1,mediano,3 o más,2
Algoritmos y Programación,2425-2,anon_020,1,6,24.0,12 o más,9.067694765911643,0.0005194805194805195,0.0005194805194805195,0.24987012987012988,0.4992207792207792,0.24987012987012988,5,87,60,1,mediano,2,1
Algoritmos y Programación,2425-2,anon_020,1,8,24.0,12 o más,10.66366549128459,0.0006920415224913495,0.0006920415224913495,0.0006920415224913495,0.6650519031141868,0.33287197231833915,5,87,60,1,mediano,2,3 o más
Algoritmos y Programación,2425-2,anon_021,1,4,4.0,3-5,1.4022119854307913,0.0010362694300518134,0.9958549222797926,0.0010362694300518134,0.0010362694300518134,0.0010362694300518134,5,87,60,2,mediano,0,1
Algoritmos y Programación,2425-2,anon_021,1,6,4.0,3-5,1.0121530565491046,0.5409253884241079,0.3278470206590405,0.13115929656820896,3.414717432132491e-05,3.414717432132491e-05,5,87,60,2,mediano,0,0
Algoritmos y Programación,2425-2,anon_021,1,8,4.0,3-5,1.0121530565491046,0.5409253884241079,0.3278470206590405,0.13115929656820896,3.414717432132491e-05,3.414717432132491e-05,5,87,60,2,mediano,0,0
Algoritmos y Programación,2425-2,anon_022,1,4,2.0,1-2,2.840077038318065,0.24718963045322878,0.351119173713316,0.2752786961991983,0.11236211487257512,0.014050384761681833,5,87,60,1,mediano,0,0
Algoritmos y Programación,2425-2,anon_022,1,6,2.0,1-2,6.666761295024926,0.0002600780234070221,0.12509752925877765,0.24993498049414825,0.6244473342002601,0.0002600780234070221,5,87,60,1,mediano,1,1
Algoritmos y Programación,2425-2,anon_022,1,8,2.0,1-2,2.840077038318065,0.24718963045322878,0.351119173713316,0.2752786961991983,0.11236211487257512,0.014050384761681833,5,87,60,1,mediano,0,0
Algoritmos y Programación,2425-2,anon_023,1,4,19.0,12 o más,8.672535372959825,0.0010362694300518136,0.0010362694300518136,0.0010362694300518136,0.9958549222797928,0.0010362694300518136,5,87,60,1,mediano,3 o más,2
Algoritmos y Programación,2425-2,anon_023,1,6,19.0,12 o más,11.64662863720853,0.0010362694300518132,0.0010362694300518132,0.0010362694300518132,0.49844559585492226,0.49844559585492226,5,87,60,1,mediano,1,3 o más
Algoritmos y Programación,2425-2,anon_023,1,8,19.0,12 o más,9.067694765911643,0.0005194805194805195,0.0005194805194805195,0.24987012987012988,0.4992207792207792,0.24987012987012988,5,87,60,1,mediano,2,1
Algoritmos y Programación,2425-2,anon_024,1,4,7.0,6-11,1.4022119854307913,0.0010362694300518134,0.9958549222797926,0.0010362694300518134,0.0010362694300518134,0.0010362694300518134,5,87,60,2,mediano,0,1
Algoritmos y Programación,2425-2,anon_024,1,6,7.0,6-11,5.799326981246219,0.2,0.2,0.2,0.2,0.2,5,87,60,2,mediano,1,1
Algoritmos y Programación,2425-2,anon_024,1,8,7.0,6-11,1.0121530565491046,0.5409253884241079,0.3278470206590405,0.13115929656820896,3.414717432132491e-05,3.414717432132491e-05,5,87,60,2,mediano,0,0
Algoritmos y Programación,2425-2,anon_025,1,4,5.0,3-5,7.088301723207444,9.465215333648842e-05,0.04552768575485093,0.40899195456696646,0.45442498816848087,0.09096071935636536,5,87,60,1,mediano,2,0
Algoritmos y Programación,2425-2,anon_025,1,6,5.0,3-5,2.840077038318065,0.24718963045322878,0.351119173713316,0.2752786961991983,0.11236211487257512,0.014050384761681833,5,87,60,1,mediano,0,0
Algoritmos y Programación,2425-2,anon_025,1,8,5.0,3-5,2.840077038318065,0.24718963045322878,0.351119173713316,0.2752786961991983,0.11236211487257512,0.014050384761681833,5,87,60,1,mediano,0,0
Algoritmos y Programación,2425-2,anon_026,1,4,0.0,0,2.840077038318065,0.24718963045322878,0.351119173713316,0.2752786961991983,0.11236211487257512,0.014050384761681833,5,87,60,1,mediano,0,0
Algoritmos y Programación,2425-2,anon_026,1,6,0.0,0,2.840077038318065,0.24718963045322878,0.351119173713316,0.2752786961991983,0.11236211487257512,0.014050384761681833,5,87,60,1,mediano,0,0
Algoritmos y Programación,2425-2,anon_026,1,8,0.0,0,2.840077038318065,0.24718963045322878,0.351119173713316,0.2752786961991983,0.11236211487257512,0.014050384761681833,5,87,60,1,mediano,0,0
Algoritmos y Programación,2425-2,anon_027,1,4,10.0,6-11,1.4022119854307913,0.0010362694300518134,0.9958549222797926,0.0010362694300518134,0.0010362694300518134,0.0010362694300518134,5,87,60,2,mediano,0,1
Algoritmos y Programación,2425-2,anon_027,1,6,10.0,6-11,5.799326981246219,0.2,0.2,0.2,0.2,0.2,5,87,60,2,mediano,1,1
Algoritmos y Programación,2425-2,anon_027,1,8,10.0,6-11,5.799326981246219,0.2,0.2,0.2,0.2,0.2,5,87,60,2,mediano,3 o más,0
Algoritmos y Programación,2425-2,anon_028,1,4,18.0,12 o más,10.66366549128459,0.0006920415224913495,0.0006920415224913495,0.0006920415224913495,0.6650519031141868,0.33287197231833915,5,87,60,1,mediano,2,3 o más
Algoritmos y Programación,2425-2,anon_028,1,6,18.0,12 o más,4.1689449899151345,8.676789587852493e-05,0.3749240780911063,0.4582212581344902,0.12503253796095443,0.0417353579175705,5,87,60,1,mediano,1,0
Algoritmos y Programación,2425-2,anon_028,1,8,18.0,12 o más,7.761698312634749,0.0001892147587511826,0.0001892147587511826,0.4543046357615894,0.36348155156102174,0.18183538315988648,5,87,60,1,mediano,0,3 o más
Algoritmos y Programación,2425-2,anon_029,1,4,0.0,0,2.840077038318065,0.24718963045322878,0.351119173713316,0.2752786961991983,0.11236211487257512,0.014050384761681833,5,87,60,1,mediano,0,0
Algoritmos y Programación,2425-2,anon_029,1,6,0.0,0,2.840077038318065,0.24718963045322878,0.351119173713316,0.2752786961991983,0.11236211487257512,0.014050384761681833,5,87,60,1,mediano,0,0
Algoritmos y Programación,2425-2,anon_029,1,8,0.0,0,2.840077038318065,0.24718963045322878,0.351119173713316,0.2752786961991983,0.11236211487257512,0.014050384761681833,5,87,60,1,mediano,0,0
Algoritmos y Programación,2425-2,anon_030,1,4,15.0,12 o más,10.66366549128459,0.0006920415224913495,0.0006920415224913495,0.0006920415224913495,0.6650519031141868,0.33287197231833915,5,87,60,1,mediano,2,3 o más
Algoritmos y Programación,2425-2,anon_030,1,6,15.0,12 o más,4.1689449899151345,8.676789587852493e-05,0.3749240780911063,0.4582212581344902,0.12503253796095443,0.0417353579175705,5,87,60,1,mediano,1,0
Algoritmos y Programación,2425-2,anon_030,1,8,15.0,12 o más,9.067694765911643,0.0005194805194805195,0.0005194805194805195,0.24987012987012988,0.4992207792207792,0.24987012987012988,5,87,60,1,mediano,2,1
Algoritmos y Programación,2425-2,anon_031,2,4,1.0,1-2,1.0121530565491046,0.5409253884241079,0.3278470206590405,0.13115929656820896,3.414717432132491e-05,3.414717432132491e-05,5,87,60,2,mediano,0,0
Algoritmos y Programación,2425-2,anon_031,2,6,1.0,1-2,1.0121530565491046,0.5409253884241079,0.3278470206590405,0.13115929656820896,3.414717432132491e-05,3.414717432132491e-05,5,87,60,2,mediano,0,0
Algoritmos y Programación,2425-2,anon_031,2,8,1.0,1-2,1.0121530565491046,0.5409253884241079,0.3278470206590405,0.13115929656820896,3.414717432132491e-05,3.414717432132491e-05,5,87,60,2,mediano,0,0
Algoritmos y Programación,2425-2,anon_032,2,4,3.0,3-5,2.840077038318065,0.24718963045322878,0.351119173713316,0.2752786961991983,0.11236211487257512,0.014050384761681833,5,87,60,1,mediano,0,0
Algoritmos y Programación,2425-2,anon_032,2,6,3.0,3-5,2.840077038318065,0.24718963045322878,0.351119173713316,0.2752786961991983,0.11236211487257512,0.014050384761681833,5,87,60,1,mediano,0,0
Algoritmos y Programación,2425-2,anon_032,2,8,3.0,3-5,2.840077038318065,0.24718963045322878,0.351119173713316,0.2752786961991983,0.11236211487257512,0.014050384761681833,5,87,60,1,mediano,0,0
Algoritmos y Programación,2425-2,anon_033,2,4,20.0,12 o más,5.799326981246219,0.2,0.2,0.2,0.2,0.2,5,87,60,4,mediano,3 o más,3 o más
Algoritmos y Programación,2425-2,anon_033,2,6,20.0,12 o más,5.799326981246219,0.2,0.2,0.2,0.2,0.2,5,87,60,4,mediano,0,3 o más
Algoritmos y Programación,2425-2,anon_033,2,8,20.0,12 o más,5.799326981246219,0.2,0.2,0.2,0.2,0.2,5,87,60,4,mediano,1,3 o más
Algoritmos y Programación,2425-2,anon_034,2,4,4.0,3-5,4.278994689443125,0.0020618556701030924,0.0020618556701030924,0.9917525773195877,0.0020618556701030924,0.0020618556701030924,5,87,60,2,mediano,1,0
Algoritmos y Programación,2425-2,anon_034,2,6,4.0,3-5,1.0121530565491046,0.5409253884241079,0.3278470206590405,0.13115929656820896,3.414717432132491e-05,3.414717432132491e-05,5,87,60,2,mediano,0,0
Algoritmos y Programación,2425-2,anon_034,2,8,4.0,3-5,1.0121530565491046,0.5409253884241079,0.3278470206590405,0.13115929656820896,3.414717432132491e-05,3.414717432132491e-05,5,87,60,2,mediano,0,0
Algoritmos y Programación,2425-2,anon_035,2,4,2.0,1-2,7.642953842709721,8.329862557267805e-05,0.08004997917534361,0.3199500208246564,0.43990004164931285,0.16001665972511456,5,87,60,1,mediano,0,2
Algoritmos y Programación,2425-2,anon_035,2,6,2.0,1-2,2.840077038318065,0.24718963045322878,0.351119173713316,0.2752786961991983,0.11236211487257512,0.014050384761681833,5,87,60,1,mediano,0,0
Algoritmos y Programación,2425-2,anon_035,2,8,2.0,1-2,2.840077038318065,0.24718963045322878,0.351119173713316,0.2752786961991983,0.11236211487257512,0.014050384761681833,5,87,60,1,mediano,0,0
Algoritmos y Programación,2425-2,anon_036,2,4,8.0,6-11,5.799326981246219,0.2,0.2,0.2,0.2,0.2,5,87,60,3,mediano,0,2
Algoritmos y Programación,2425-2,anon_036,2,6,8.0,6-11,0.001830017980828722,0.9997475544335752,6.311139160618492e-05,6.311139160618492e-05,6.311139160618492e-05,6.311139160618492e-05,5,87,60,3,mediano,0,0
Algoritmos y Programación,2425-2,anon_036,2,8,8.0,6-11,5.799326981246219,0.2,0.2,0.2,0.2,0.2,5,87,60,3,mediano,3 o más,0
Algoritmos y Programación,2425-2,anon_037,2,4,0.0,0,2.840077038318065,0.24718963045322878,0.351119173713316,0.2752786961991983,0.11236211487257512,0.014050384761681833,5,87,60,1,mediano,0,0
Algoritmos y Programación,2425-2,anon_037,2,6,0.0,0,2.840077038318065,0.24718963045322878,0.351119173713316,0.2752786961991983,0.11236211487257512,0.014050384761681833,5,87,60,1,mediano,0,0
Algoritmos y Programación,2425-2,anon_037,2,8,0.0,0,2.840077038318065,0.24718963045322878,0.351119173713316,0.2752786961991983,0.11236211487257512,0.014050384761681833,5,87,60,1,mediano,0,0
Algoritmos y Programación,2425-2,anon_038,2,4,1.0,1-2,5.799326981246219,0.2,0.2,0.2,0.2,0.2,5,87,60,3,mediano,1,0
Algoritmos y Programación,2425-2,anon_038,2,6,1.0,1-2,0.001830017980828722,0.9997475544335752,6.311139160618492e-05,6.311139160618492e-05,6.311139160618492e-05,6.311139160618492e-05,5,87,60,3,mediano,0,0
Algoritmos y Programación,2425-2,anon_038,2,8,1.0,1-2,0.001830017980828722,0.9997475544335752,6.311139160618492e-05,6.311139160618492e-05,6.311139160618492e-05,6.311139160618492e-05,5,87,60,3,mediano,0,0
Algoritmos y Programación,2425-2,anon_039,2,4,7.0,6-11,5.799326981246219,0.2,0.2,0.2,0.2,0.2,5,87,60,2,mediano,1,2
Algoritmos y Programación,2425-2,anon_039,2,6,7.0,6-11,5.799326981246219,0.2,0.2,0.2,0.2,0.2,5,87,60,2,mediano,2,0
Algoritmos y Programación,2425-2,anon_039,2,8,7.0,6-11,5.799326981246219,0.2,0.2,0.2,0.2,0.2,5,87,60,2,mediano,0,2
Algoritmos y Programación,2425-2,anon_040,2,4,2.0,1-2,5.799326981246219,0.2,0.2,0.2,0.2,0.2,5,87,60,5 o más,mediano,0,0
Algoritmos y Programación,2425-2,anon_040,2,6,2.0,1-2,5.799326981246219,0.2,0.2,0.2,0.2,0.2,5,87,60,5 o más,mediano,0,0
Algoritmos y Programación,2425-2,anon_040,2,8,2.0,1-2,5.799326981246219,0.2,0.2,0.2,0.2,0.2,5,87,60,5 o más,mediano,0,0
Algoritmos y Programación,2425-2,anon_041,2,4,0.0,0,1.0121530565491046,0.5409253884241079,0.3278470206590405,0.13115929656820896,3.414717432132491e-05,3.414717432132491e-05,5,87,60,2,mediano,0,0
Algoritmos y Programación,2425-2,anon_041,2,6,0.0,0,1.0121530565491046,0.5409253884241079,0.3278470206590405,0.13115929656820896,3.414717432132491e-05,3.414717432132491e-05,5,87,60,2,mediano,0,0
Algoritmos y Programación,2425-2,anon_041,2,8,0.0,0,1.0121530565491046,0.5409253884241079,0.3278470206590405,0.13115929656820896,3.414717432132491e-05,3.414717432132491e-05,5,87,60,2,mediano,0,0
Algoritmos y Programación,2425-2,anon_042,2,4,8.0,6-11,4.278994689443125,0.0020618556701030924,0.0020618556701030924,0.9917525773195877,0.0020618556701030924,0.0020618556701030924,5,87,60,2,mediano,1,0
Algoritmos y Programación,2425-2,anon_042,2,6,8.0,6-11,1.4022119854307913,0.0010362694300518134,0.9958549222797926,0.0010362694300518134,0.0010362694300518134,0.0010362694300518134,5,87,60,2,mediano,0,1
Algoritmos y Programación,2425-2,anon_042,2,8,8.0,6-11,5.799326981246219,0.2,0.2,0.2,0.2,0.2,5,87,60,2,mediano,1,3 o más
Algoritmos y Programación,2425-2,anon_043,2,4,9.0,6-11,5.799326981246219,0.2,0.2,0.2,0.2,0.2,5,87,60,2,mediano,2,2
Algoritmos y Programación,2425-2,anon_043,2,6,9.0,6-11,4.278994689443125,0.0020618556701030924,0.0020618556701030924,0.9917525773195877,0.0020618556701030924,0.0020618556701030924,5,87,60,2,mediano,1,0
Algoritmos y Programación,2425-2,anon_043,2,8,9.0,6-11,5.799326981246219,0.2,0.2,0.2,0.2,0.2,5,87,60,2,mediano,0,2
Algoritmos y Programación,2425-2,anon_044,2,4,13.0,12 o más,5.799326981246219,0.2,0.2,0.2,0.2,0.2,5,87,60,2,mediano,2,3 o más
Algoritmos y Programación,2425-2,anon_044,2,6,13.0,12 o más,1.0121530565491046,0.5409253884241079,0.3278470206590405,0.13115929656820896,3.414717432132491e-05,3.414717432132491e-05,5,87,60,2,mediano,0,0
Algoritmos y Programación,2425-2,anon_044,2,8,13.0,12 o más,5.799326981246219,0.2,0.2,0.2,0.2,0.2,5,87,60,2,mediano,2,2
Algoritmos y Programación,2425-2,anon_045,2,4,10.0,6-11,9.193987836941117,0.0006920415224913494,0.0006920415224913494,0.3328719723183391,0.3328719723183391,0.3328719723183391,5,87,60,4,mediano,0,1
Algoritmos y Programación,2425-2,anon_045,2,6,10.0,6-11,5.799326981246219,0.2,0.2,0.2,0.2,0.2,5,87,60,4,mediano,0,3 o más
Algoritmos y Programación,2425-2,anon_045,2,8,10.0,6-11,14.620721901457234,0.0010362694300518136,0.0010362694300518136,0.0010362694300518136,0.0010362694300518136,0.9958549222797928,5,87,60,4,mediano,1,1
Algoritmos y Programación,2425-2,anon_046,2,4,0.0,0,1.0121530565491046,0.5409253884241079,0.3278470206590405,0.13115929656820896,3.414717432132491e-05,3.414717432132491e-05,5,87,60,2,mediano,0,0
Algoritmos y Programación,2425-2,anon_046,2,6,0.0,0,1.0121530565491046,0.5409253884241079,0.3278470206590405,0.13115929656820896,3.414717432132491e-05,3.414717432132491e-05,5,87,60,2,mediano,0,0
Algoritmos y Programación,2425-2,anon_046,2,8,0.0,0,1.0121530565491046,0.5409253884241079,0.3278470206590405,0.13115929656820896,3.414717432132491e-05,3.414717432132491e-05,5,87,60,2,mediano,0,0
Algoritmos y Programación,2425-2,anon_047,2,4,5.0,3-5,7.642953842709721,8.329862557267805e-05,0.08004997917534361,0.3199500208246564,0.43990004164931285,0.16001665972511456,5,87,60,1,mediano,0,2
Algoritmos y Programación,2425-2,anon_047,2,6,5.0,3-5,2.840077038318065,0.24718963045322878,0.351119173713316,0.2752786961991983,0.11236211487257512,0.014050384761681833,5,87,60,1,mediano,0,0
Algoritmos y Programación,2425-2,anon_047,2,8,5.0,3-5,2.840077038318065,0.24718963045322878,0.351119173713316,0.2752786961991983,0.11236211487257512,0.014050384761681833,5,87,60,1,mediano,0,0
Algoritmos y Programación,2425-2,anon_048,2,4,3.0,3-5,1.4022119854307913,0.0010362694300518134,0.9958549222797926,0.0010362694300518134,0.0010362694300518134,0.0010362694300518134,5,87,60,2,mediano,0,1
Algoritmos y Programación,2425-2,anon_048,2,6,3.0,3-5,4.278994689443125,0.0020618556701030924,0.0020618556701030924,0.9917525773195877,0.0020618556701030924,0.0020618556701030924,5,87,60,2,mediano,1,0
Algoritmos y Programación,2425-2,anon_048,2,8,3.0,3-5,4.278994689443125,0.0020618556701030924,0.0020618556701030924,0.9917525773195877,0.0020618556701030924,0.0020618556701030924,5,87,60,2,mediano,1,0
Algoritmos y Programación,2425-2,anon_049,2,4,1.0,1-2,1.0121530565491046,0.5409253884241079,0.3278470206590405,0.13115929656820896,3.414717432132491e-05,3.414717432132491e-05,5,87,60,2,mediano,0,0
Algoritmos y Programación,2425-2,anon_049,2,6,1.0,1-2,1.4022119854307913,0.0010362694300518134,0.9958549222797926,0.0010362694300518134,0.0010362694300518134,0.0010362694300518134,5,87,60,2,mediano,0,1
Algoritmos y Programación,2425-2,anon_049,2,8,1.0,1-2,1.0121530565491046,0.5409253884241079,0.3278470206590405,0.13115929656820896,3.414717432132491e-05,3.414717432132491e-05,5,87,60,2,mediano,0,0
Algoritmos y Programación,2425-2,anon_050,2,4,3.0,3-5,4.278994689443125,0.0020618556701030924,0.0020618556701030924,0.9917525773195877,0.0020618556701030924,0.0020618556701030924,5,87,60,2,mediano,1,0
Algoritmos y Programación,2425-2,anon_050,2,6,3.0,3-5,1.0121530565491046,0.5409253884241079,0.3278470206590405,0.13115929656820896,3.414717432132491e-05,3.414717432132491e-05,5,87,60,2,mediano,0,0
Algoritmos y Programación,2425-2,anon_050,2,8,3.0,3-5,1.0121530565491046,0.5409253884241079,0.3278470206590405,0.13115929656820896,3.414717432132491e-05,3.414717432132491e-05,5,87,60,2,mediano,0,0
Algoritmos y Programación,2425-2,anon_051,2,4,2.0,1-2,1.0121530565491046,0.5409253884241079,0.3278470206590405,0.13115929656820896,3.414717432132491e-05,3.414717432132491e-05,5,87,60,2,mediano,0,0
Algoritmos y Programación,2425-2,anon_051,2,6,2.0,1-2,1.0121530565491046,0.5409253884241079,0.3278470206590405,0.13115929656820896,3.414717432132491e-05,3.414717432132491e-05,5,87,60,2,mediano,0,0
Algoritmos y Programación,2425-2,anon_051,2,8,2.0,1-2,1.0121530565491046,0.5409253884241079,0.3278470206590405,0.13115929656820896,3.414717432132491e-05,3.414717432132491e-05,5,87,60,2,mediano,0,0
Algoritmos y Programación,2425-2,anon_052,2,4,17.0,12 o más,10.66366549128459,0.0006920415224913495,0.0006920415224913495,0.0006920415224913495,0.6650519031141868,0.33287197231833915,5,87,60,1,mediano,3 o más,1
Algoritmos y Programación,2425-2,anon_052,2,6,17.0,12 o más,9.067694765911643,0.0005194805194805195,0.0005194805194805195,0.24987012987012988,0.4992207792207792,0.24987012987012988,5,87,60,1,mediano,2,1
Algoritmos y Programación,2425-2,anon_052,2,8,17.0,12 o más,9.067694765911643,0.0005194805194805195,0.0005194805194805195,0.24987012987012988,0.4992207792207792,0.24987012987012988,5,87,60,1,mediano,2,1
Algoritmos y Programación,2425-2,anon_053,2,4,3.0,3-5,2.840077038318065,0.24718963045322878,0.351119173713316,0.2752786961991983,0.11236211487257512,0.014050384761681833,5,87,60,1,mediano,0,0
Algoritmos y Programación,2425-2,anon_053,2,6,3.0,3-5,2.840077038318065,0.24718963045322878,0.351119173713316,0.2752786961991983,0.11236211487257512,0.014050384761681833,5,87,60,1,mediano,0,0
Algoritmos y Programación,2425-2,anon_053,2,8,3.0,3-5,7.642953842709721,8.329862557267805e-05,0.08004997917534361,0.3199500208246564,0.43990004164931285,0.16001665972511456,5,87,60,1,mediano,0,2
Algoritmos y Programación,2425-2,anon_054,2,4,3.0,3-5,2.840077038318065,0.24718963045322878,0.351119173713316,0.2752786961991983,0.11236211487257512,0.014050384761681833,5,87,60,1,mediano,0,0
Algoritmos y Programación,2425-2,anon_054,2,6,3.0,3-5,2.840077038318065,0.24718963045322878,0.351119173713316,0.2752786961991983,0.11236211487257512,0.014050384761681833,5,87,60,1,mediano,0,0
Algoritmos y Programación,2425-2,anon_054,2,8,3.0,3-5,4.1689449899151345,8.676789587852493e-05,0.3749240780911063,0.4582212581344902,0.12503253796095443,0.0417353579175705,5,87,60,1,mediano,1,0
Algoritmos y Programación,2425-2,anon_055,2,4,10.0,6-11,7.642953842709721,8.329862557267805e-05,0.08004997917534361,0.3199500208246564,0.43990004164931285,0.16001665972511456,5,87,60,1,mediano,0,2
Algoritmos y Programación,2425-2,anon_055,2,6,10.0,6-11,7.088301723207444,9.465215333648842e-05,0.04552768575485093,0.40899195456696646,0.45442498816848087,0.09096071935636536,5,87,60,1,mediano,2,0
Algoritmos y Programación,2425-2,anon_055,2,8,10.0,6-11,7.642953842709721,8.329862557267805e-05,0.08004997917534361,0.3199500208246564,0.43990004164931285,0.16001665972511456,5,87,60,1,mediano,0,2
Algoritmos y Programación,2425-2,anon_056,2,4,0.0,0,1.0121530565491046,0.5409253884241079,0.3278470206590405,0.13115929656820896,3.414717432132491e-05,3.414717432132491e-05,5,87,60,2,mediano,0,0
Algoritmos y Programación,2425-2,anon_056,2,6,0.0,0,1.0121530565491046,0.5409253884241079,0.3278470206590405,0.13115929656820896,3.414717432132491e-05,3.414717432132491e-05,5,87,60,2,mediano,0,0
Algoritmos y Programación,2425-2,anon_056,2,8,0.0,0,1.0121530565491046,0.5409253884241079,0.3278470206590405,0.13115929656820896,3.414717432132491e-05,3.414717432132491e-05,5,87,60,2,mediano,0,0
Algoritmos y Programación,2425-2,anon_057,2,4,11.0,6-11,5.799326981246219,0.2,0.2,0.2,0.2,0.2,5,87,60,5 o más,mediano,3 o más,2
Algoritmos y Programación,2425-2,anon_057,2,6,11.0,6-11,5.799326981246219,0.2,0.2,0.2,0.2,0.2,5,87,60,5 o más,mediano,0,2
Algoritmos y Programación,2425-2,anon_057,2,8,11.0,6-11,5.799326981246219,0.2,0.2,0.2,0.2,0.2,5,87,60,5 o más,mediano,0,3 o más
Algoritmos y Programación,2425-2,anon_058,2,4,0.0,0,1.0121530565491046,0.5409253884241079,0.3278470206590405,0.13115929656820896,3.414717432132491e-05,3.414717432132491e-05,5,87,60,2,mediano,0,0
Algoritmos y Programación,2425-2,anon_058,2,6,0.0,0,1.0121530565491046,0.5409253884241079,0.3278470206590405,0.13115929656820896,3.414717432132491e-05,3.414717432132491e-05,5,87,60,2,mediano,0,0
Algoritmos y Programación,2425-2,anon_058,2,8,0.0,0,1.0121530565491046,0.5409253884241079,0.3278470206590405,0.13115929656820896,3.414717432132491e-05,3.414717432132491e-05,5,87,60,2,mediano,0,0
Algoritmos y Programación,2425-2,anon_059,2,4,5.0,3-5,5.799326981246219,0.2,0.2,0.2,0.2,0.2,5,87,60,5 o más,mediano,2,0
Algoritmos y Programación,2425-2,anon_059,2,6,5.0,3-5,5.799326981246219,0.2,0.2,0.2,0.2,0.2,5,87,60,5 o más,mediano,0,0
Algoritmos y Programación,2425-2,anon_059,2,8,5.0,3-5,5.799326981246219,0.2,0.2,0.2,0.2,0.2,5,87,60,5 o más,mediano,0,1
Algoritmos y Programación,2425-2,anon_060,2,4,2.0,1-2,1.4022119854307913,0.0010362694300518134,0.9958549222797926,0.0010362694300518134,0.0010362694300518134,0.0010362694300518134,5,87,60,2,mediano,0,1
Algoritmos y Programación,2425-2,anon_060,2,6,2.0,1-2,1.0121530565491046,0.5409253884241079,0.3278470206590405,0.13115929656820896,3.414717432132491e-05,3.414717432132491e-05,5,87,60,2,mediano,0,0
Algoritmos y Programación,2425-2,anon_060,2,8,2.0,1-2,1.4022119854307913,0.0010362694300518134,0.9958549222797926,0.0010362694300518134,0.0010362694300518134,0.0010362694300518134,5,87,60,2,mediano,0,1
Algoritmos y Programación,2526-1,anon_061,1,4,9.0,6-11,6.508035817949612,0.2,0.2,0.2,0.2,0.2,5,120,27,4,pequeño,0,2
Algoritmos y Programación,2526-1,anon_061,1,6,9.0,6-11,6.508035817949612,0.2,0.2,0.2,0.2,0.2,5,120,27,4,pequeño,0,0
Algoritmos y Programación,2526-1,anon_061,1,8,9.0,6-11,6.508035817949612,0.2,0.2,0.2,0.2,0.2,5,120,27,4,pequeño,2,1
Algoritmos y Programación,2526-1,anon_062,1,4,13.0,12 o más,6.508035817949612,0.2,0.2,0.2,0.2,0.2,5,120,27,1,pequeño,2,3 o más
Algoritmos y Programación,2526-1,anon_062,1,6,13.0,12 o más,6.508035817949612,0.2,0.2,0.2,0.2,0.2,5,120,27,1,pequeño,1,0
Algoritmos y Programación,2526-1,anon_062,1,8,13.0,12 o más,6.508035817949612,0.2,0.2,0.2,0.2,0.2,5,120,27,1,pequeño,0,0
Algoritmos y Programación,2526-1,anon_064,1,4,2.0,1-2,6.508035817949612,0.2,0.2,0.2,0.2,0.2,5,120,27,1,pequeño,0,0
Algoritmos y Programación,2526-1,anon_064,1,6,2.0,1-2,6.508035817949612,0.2,0.2,0.2,0.2,0.2,5,120,27,1,pequeño,0,0
Algoritmos y Programación,2526-1,anon_064,1,8,2.0,1-2,6.508035817949612,0.2,0.2,0.2,0.2,0.2,5,120,27,1,pequeño,0,0
Algoritmos y Programación,2526-1,anon_066,1,4,2.0,1-2,6.508035817949612,0.2,0.2,0.2,0.2,0.2,5,120,27,1,pequeño,0,0
Algoritmos y Programación,2526-1,anon_066,1,6,2.0,1-2,6.508035817949612,0.2,0.2,0.2,0.2,0.2,5,120,27,1,pequeño,0,0
Algoritmos y Programación,2526-1,anon_066,1,8,2.0,1-2,6.508035817949612,0.2,0.2,0.2,0.2,0.2,5,120,27,1,pequeño,0,0
Algoritmos y Programación,2526-1,anon_067,1,4,11.0,6-11,6.508035817949612,0.2,0.2,0.2,0.2,0.2,5,120,27,1,pequeño,1,0
Algoritmos y Programación,2526-1,anon_067,1,6,11.0,6-11,6.508035817949612,0.2,0.2,0.2,0.2,0.2,5,120,27,1,pequeño,0,1
Algoritmos y Programación,2526-1,anon_067,1,8,11.0,6-11,6.508035817949612,0.2,0.2,0.2,0.2,0.2,5,120,27,1,pequeño,2,1
Algoritmos y Programación,2526-1,anon_068,1,4,1.0,1-2,6.508035817949612,0.2,0.2,0.2,0.2,0.2,5,120,27,5 o más,pequeño,0,0
Algoritmos y Programación,2526-1,anon_068,1,6,1.0,1-2,6.508035817949612,0.2,0.2,0.2,0.2,0.2,5,120,27,5 o más,pequeño,0,0
Algoritmos y Programación,2526-1,anon_068,1,8,1.0,1-2,6.508035817949612,0.2,0.2,0.2,0.2,0.2,5,120,27,5 o más,pequeño,0,0
Algoritmos y Programación,2526-1,anon_069,1,4,12.0,12 o más,6.508035817949612,0.2,0.2,0.2,0.2,0.2,5,120,27,1,pequeño,3 o más,1
Algoritmos y Programación,2526-1,anon_069,1,6,12.0,12 o más,6.508035817949612,0.2,0.2,0.2,0.2,0.2,5,120,27,1,pequeño,0,0
Algoritmos y Programación,2526-1,anon_069,1,8,12.0,12 o más,6.508035817949612,0.2,0.2,0.2,0.2,0.2,5,120,27,1,pequeño,1,1
Algoritmos y Programación,2526-1,anon_070,1,4,5.0,3-5,6.508035817949612,0.2,0.2,0.2,0.2,0.2,5,120,27,1,pequeño,3 o más,0
Algoritmos y Programación,2526-1,anon_070,1,6,5.0,3-5,6.508035817949612,0.2,0.2,0.2,0.2,0.2,5,120,27,1,pequeño,0,0
Algoritmos y Programación,2526-1,anon_070,1,8,5.0,3-5,6.508035817949612,0.2,0.2,0.2,0.2,0.2,5,120,27,1,pequeño,0,0
Algoritmos y Programación,2526-1,anon_071,1,4,1.0,1-2,6.508035817949612,0.2,0.2,0.2,0.2,0.2,5,120,27,1,pequeño,0,0
Algoritmos y Programación,2526-1,anon_071,1,6,1.0,1-2,6.508035817949612,0.2,0.2,0.2,0.2,0.2,5,120,27,1,pequeño,0,0
Algoritmos y Programación,2526-1,anon_071,1,8,1.0,1-2,6.508035817949612,0.2,0.2,0.2,0.2,0.2,5,120,27,1,pequeño,0,0
Algoritmos y Programación,2526-1,anon_072,1,4,1.0,1-2,6.508035817949612,0.2,0.2,0.2,0.2,0.2,5,120,27,3,pequeño,0,0
Algoritmos y Programación,2526-1,anon_072,1,6,1.0,1-2,6.508035817949612,0.2,0.2,0.2,0.2,0.2,5,120,27,3,pequeño,0,0
Algoritmos y Programación,2526-1,anon_072,1,8,1.0,1-2,6.508035817949612,0.2,0.2,0.2,0.2,0.2,5,120,27,3,pequeño,0,0
Algoritmos y Programación,2526-1,anon_073,1,4,1.0,1-2,6.508035817949612,0.2,0.2,0.2,0.2,0.2,5,120,27,1,pequeño,0,0
Algoritmos y Programación,2526-1,anon_073,1,6,1.0,1-2,6.508035817949612,0.2,0.2,0.2,0.2,0.2,5,120,27,1,pequeño,0,0
Algoritmos y Programación,2526-1,anon_073,1,8,1.0,1-2,6.508035817949612,0.2,0.2,0.2,0.2,0.2,5,120,27,1,pequeño,0,0
Algoritmos y Programación,2526-1,anon_074,1,4,8.0,6-11,6.508035817949612,0.2,0.2,0.2,0.2,0.2,5,120,27,1,pequeño,0,0
Algoritmos y Programación,2526-1,anon_074,1,6,8.0,6-11,6.508035817949612,0.2,0.2,0.2,0.2,0.2,5,120,27,1,pequeño,0,0
Algoritmos y Programación,2526-1,anon_074,1,8,8.0,6-11,6.508035817949612,0.2,0.2,0.2,0.2,0.2,5,120,27,1,pequeño,2,0
Algoritmos y Programación,2526-1,anon_075,1,4,2.0,1-2,6.508035817949612,0.2,0.2,0.2,0.2,0.2,5,120,27,5 o más,pequeño,0,0
Algoritmos y Programación,2526-1,anon_075,1,6,2.0,1-2,6.508035817949612,0.2,0.2,0.2,0.2,0.2,5,120,27,5 o más,pequeño,0,0
Algoritmos y Programación,2526-1,anon_075,1,8,2.0,1-2,6.508035817949612,0.2,0.2,0.2,0.2,0.2,5,120,27,5 o más,pequeño,0,0
Algoritmos y Programación,2526-1,anon_076,1,4,4.0,3-5,6.508035817949612,0.2,0.2,0.2,0.2,0.2,5,120,27,3,pequeño,0,2
Algoritmos y Programación,2526-1,anon_076,1,6,4.0,3-5,6.508035817949612,0.2,0.2,0.2,0.2,0.2,5,120,27,3,pequeño,0,0
Algoritmos y Programación,2526-1,anon_076,1,8,4.0,3-5,6.508035817949612,0.2,0.2,0.2,0.2,0.2,5,120,27,3,pequeño,0,0
Algoritmos y Programación,2526-1,anon_077,1,4,1.0,1-2,6.508035817949612,0.2,0.2,0.2,0.2,0.2,5,120,27,1,pequeño,0,0
Algoritmos y Programación,2526-1,anon_077,1,6,1.0,1-2,6.508035817949612,0.2,0.2,0.2,0.2,0.2,5,120,27,1,pequeño,0,0
Algoritmos y Programación,2526-1,anon_077,1,8,1.0,1-2,6.508035817949612,0.2,0.2,0.2,0.2,0.2,5,120,27,1,pequeño,0,0
Algoritmos y Programación,2526-1,anon_078,1,4,2.0,1-2,6.508035817949612,0.2,0.2,0.2,0.2,0.2,5,120,27,1,pequeño,0,0
Algoritmos y Programación,2526-1,anon_078,1,6,2.0,1-2,6.508035817949612,0.2,0.2,0.2,0.2,0.2,5,120,27,1,pequeño,0,0
Algoritmos y Programación,2526-1,anon_078,1,8,2.0,1-2,6.508035817949612,0.2,0.2,0.2,0.2,0.2,5,120,27,1,pequeño,0,0
Algoritmos y Programación,2526-1,anon_079,1,4,0.0,0,6.508035817949612,0.2,0.2,0.2,0.2,0.2,5,120,27,5 o más,pequeño,0,0
Algoritmos y Programación,2526-1,anon_079,1,6,0.0,0,6.508035817949612,0.2,0.2,0.2,0.2,0.2,5,120,27,5 o más,pequeño,0,0
Algoritmos y Programación,2526-1,anon_079,1,8,0.0,0,6.508035817949612,0.2,0.2,0.2,0.2,0.2,5,120,27,5 o más,pequeño,0,0
Algoritmos y Programación,2526-1,anon_080,1,4,10.0,6-11,6.508035817949612,0.2,0.2,0.2,0.2,0.2,5,120,27,1,pequeño,0,2
Algoritmos y Programación,2526-1,anon_080,1,6,10.0,6-11,6.508035817949612,0.2,0.2,0.2,0.2,0.2,5,120,27,1,pequeño,0,0
Algoritmos y Programación,2526-1,anon_080,1,8,10.0,6-11,6.508035817949612,0.2,0.2,0.2,0.2,0.2,5,120,27,1,pequeño,0,0
Algoritmos y Programación,2526-1,anon_081,1,4,1.0,1-2,6.508035817949612,0.2,0.2,0.2,0.2,0.2,5,120,27,1,pequeño,0,0
Algoritmos y Programación,2526-1,anon_081,1,6,1.0,1-2,6.508035817949612,0.2,0.2,0.2,0.2,0.2,5,120,27,1,pequeño,0,0
Algoritmos y Programación,2526-1,anon_081,1,8,1.0,1-2,6.508035817949612,0.2,0.2,0.2,0.2,0.2,5,120,27,1,pequeño,0,0
Algoritmos y Programación,2526-1,anon_082,1,4,0.0,0,6.508035817949612,0.2,0.2,0.2,0.2,0.2,5,120,27,5 o más,pequeño,0,0
Algoritmos y Programación,2526-1,anon_082,1,6,0.0,0,6.508035817949612,0.2,0.2,0.2,0.2,0.2,5,120,27,5 o más,pequeño,0,0
Algoritmos y Programación,2526-1,anon_082,1,8,0.0,0,6.508035817949612,0.2,0.2,0.2,0.2,0.2,5,120,27,5 o más,pequeño,0,0
Algoritmos y Programación,2526-1,anon_083,1,4,7.0,6-11,6.508035817949612,0.2,0.2,0.2,0.2,0.2,5,120,27,2,pequeño,0,3 o más
Algoritmos y Programación,2526-1,anon_083,1,6,7.0,6-11,6.508035817949612,0.2,0.2,0.2,0.2,0.2,5,120,27,2,pequeño,0,0
Algoritmos y Programación,2526-1,anon_083,1,8,7.0,6-11,6.508035817949612,0.2,0.2,0.2,0.2,0.2,5,120,27,2,pequeño,0,1
Algoritmos y Programación,2526-1,anon_084,1,4,1.0,1-2,6.508035817949612,0.2,0.2,0.2,0.2,0.2,5,120,27,1,pequeño,0,0
Algoritmos y Programación,2526-1,anon_084,1,6,1.0,1-2,6.508035817949612,0.2,0.2,0.2,0.2,0.2,5,120,27,1,pequeño,0,0
Algoritmos y Programación,2526-1,anon_084,1,8,1.0,1-2,6.508035817949612,0.2,0.2,0.2,0.2,0.2,5,120,27,1,pequeño,0,0
Algoritmos y Programación,2526-1,anon_085,1,4,0.0,0,6.508035817949612,0.2,0.2,0.2,0.2,0.2,5,120,27,3,pequeño,0,0
Algoritmos y Programación,2526-1,anon_085,1,6,0.0,0,6.508035817949612,0.2,0.2,0.2,0.2,0.2,5,120,27,3,pequeño,0,0
Algoritmos y Programación,2526-1,anon_085,1,8,0.0,0,6.508035817949612,0.2,0.2,0.2,0.2,0.2,5,120,27,3,pequeño,0,0
Algoritmos y Programación,2526-1,anon_086,1,4,1.0,1-2,6.508035817949612,0.2,0.2,0.2,0.2,0.2,5,120,27,1,pequeño,0,0
Algoritmos y Programación,2526-1,anon_086,1,6,1.0,1-2,6.508035817949612,0.2,0.2,0.2,0.2,0.2,5,120,27,1,pequeño,0,0
Algoritmos y Programación,2526-1,anon_086,1,8,1.0,1-2,6.508035817949612,0.2,0.2,0.2,0.2,0.2,5,120,27,1,pequeño,0,0
Algoritmos y Programación,2526-1,anon_087,1,4,1.0,1-2,6.508035817949612,0.2,0.2,0.2,0.2,0.2,5,120,27,1,pequeño,0,0
Algoritmos y Programación,2526-1,anon_087,1,6,1.0,1-2,6.508035817949612,0.2,0.2,0.2,0.2,0.2,5,120,27,1,pequeño,0,0
Algoritmos y Programación,2526-1,anon_087,1,8,1.0,1-2,6.508035817949612,0.2,0.2,0.2,0.2,0.2,5,120,27,1,pequeño,0,0
Algoritmos y Programación,2526-2,anon_088,1,4,0.0,0,3.3512168517703502,0.3055525013743815,0.2555539480917797,0.27222013251931365,0.11666907786233036,0.050004340152194675,5,117,30,1,mediano,0,0
Algoritmos y Programación,2526-2,anon_088,1,6,0.0,0,3.3512168517703502,0.3055525013743815,0.2555539480917797,0.27222013251931365,0.11666907786233036,0.050004340152194675,5,117,30,1,mediano,0,0
Algoritmos y Programación,2526-2,anon_088,1,8,0.0,0,3.3512168517703502,0.3055525013743815,0.2555539480917797,0.27222013251931365,0.11666907786233036,0.050004340152194675,5,117,30,1,mediano,0,0
Algoritmos y Programación,2526-2,anon_089,1,4,4.0,3-5,9.90399660005799,4.527960153950646e-05,0.0869821145573919,0.2608557844690967,0.30432420194702287,0.3477926194249491,5,117,30,1,mediano,0,2
Algoritmos y Programación,2526-2,anon_089,1,6,4.0,3-5,3.3512168517703502,0.3055525013743815,0.2555539480917797,0.27222013251931365,0.11666907786233036,0.050004340152194675,5,117,30,1,mediano,0,0
Algoritmos y Programación,2526-2,anon_089,1,8,4.0,3-5,3.3512168517703502,0.3055525013743815,0.2555539480917797,0.27222013251931365,0.11666907786233036,0.050004340152194675,5,117,30,1,mediano,0,0
Algoritmos y Programación,2526-2,anon_090,1,4,0.0,0,3.3512168517703502,0.3055525013743815,0.2555539480917797,0.27222013251931365,0.11666907786233036,0.050004340152194675,5,117,30,1,mediano,0,0
Algoritmos y Programación,2526-2,anon_090,1,6,0.0,0,3.3512168517703502,0.3055525013743815,0.2555539480917797,0.27222013251931365,0.11666907786233036,0.050004340152194675,5,117,30,1,mediano,0,0
Algoritmos y Programación,2526-2,anon_090,1,8,0.0,0,3.3512168517703502,0.3055525013743815,0.2555539480917797,0.27222013251931365,0.11666907786233036,0.050004340152194675,5,117,30,1,mediano,0,0
Algoritmos y Programación,2526-2,anon_091,1,4,10.0,6-11,16.629624112309912,0.0002081165452653486,0.0002081165452653486,0.0002081165452653486,0.10010405827263269,0.8992715920915714,5,117,30,1,mediano,3 o más,2
Algoritmos y Programación,2526-2,anon_091,1,6,10.0,6-11,16.032865699778043,0.0003466204506065858,0.0003466204506065858,0.0003466204506065858,0.1667244367417678,0.8322357019064125,5,117,30,1,mediano,3 o más,1
Algoritmos y Programación,2526-2,anon_091,1,8,10.0,6-11,3.3512168517703502,0.3055525013743815,0.2555539480917797,0.27222013251931365,0.11666907786233036,0.050004340152194675,5,117,30,1,mediano,0,0
Algoritmos y Programación,2526-2,anon_092,1,4,0.0,0,3.3512168517703502,0.3055525013743815,0.2555539480917797,0.27222013251931365,0.11666907786233036,0.050004340152194675,5,117,30,1,mediano,0,0
Algoritmos y Programación,2526-2,anon_092,1,6,0.0,0,3.3512168517703502,0.3055525013743815,0.2555539480917797,0.27222013251931365,0.11666907786233036,0.050004340152194675,5,117,30,1,mediano,0,0
Algoritmos y Programación,2526-2,anon_092,1,8,0.0,0,3.3512168517703502,0.3055525013743815,0.2555539480917797,0.27222013251931365,0.11666907786233036,0.050004340152194675,5,117,30,1,mediano,0,0
Algoritmos y Programación,2526-2,anon_093,1,4,1.0,1-2,6.777262942962306,6.125574272588055e-05,0.17647779479326187,0.4116998468606432,0.26468606431852987,0.1470750382848392,5,117,30,1,mediano,0,1
Algoritmos y Programación,2526-2,anon_093,1,6,1.0,1-2,3.3512168517703502,0.3055525013743815,0.2555539480917797,0.27222013251931365,0.11666907786233036,0.050004340152194675,5,117,30,1,mediano,0,0
Algoritmos y Programación,2526-2,anon_093,1,8,1.0,1-2,3.3512168517703502,0.3055525013743815,0.2555539480917797,0.27222013251931365,0.11666907786233036,0.050004340152194675,5,117,30,1,mediano,0,0
Algoritmos y Programación,2526-2,anon_094,1,4,5.0,3-5,12.724566881888736,0.00014869888475836432,0.00014869888475836432,0.21427509293680297,0.21427509293680297,0.5711524163568773,5,117,30,1,mediano,0,3 o más
Algoritmos y Programación,2526-2,anon_094,1,6,5.0,3-5,3.3512168517703502,0.3055525013743815,0.2555539480917797,0.27222013251931365,0.11666907786233036,0.050004340152194675,5,117,30,1,mediano,0,0
Algoritmos y Programación,2526-2,anon_094,1,8,5.0,3-5,3.3512168517703502,0.3055525013743815,0.2555539480917797,0.27222013251931365,0.11666907786233036,0.050004340152194675,5,117,30,1,mediano,0,0
Algoritmos y Programación,2526-2,anon_095,1,4,0.0,0,3.3512168517703502,0.3055525013743815,0.2555539480917797,0.27222013251931365,0.11666907786233036,0.050004340152194675,5,117,30,1,mediano,0,0
Algoritmos y Programación,2526-2,anon_095,1,6,0.0,0,3.3512168517703502,0.3055525013743815,0.2555539480917797,0.27222013251931365,0.11666907786233036,0.050004340152194675,5,117,30,1,mediano,0,0
Algoritmos y Programación,2526-2,anon_095,1,8,0.0,0,3.3512168517703502,0.3055525013743815,0.2555539480917797,0.27222013251931365,0.11666907786233036,0.050004340152194675,5,117,30,1,mediano,0,0
Algoritmos y Programación,2526-2,anon_096,1,4,1.0,1-2,2.8838995209542846,0.3819312839059675,0.2430524412296564,0.1944448462929476,0.15972513562386983,0.02084629294755877,5,117,30,2,mediano,0,0
Algoritmos y Programación,2526-2,anon_096,1,6,1.0,1-2,2.8838995209542846,0.3819312839059675,0.2430524412296564,0.1944448462929476,0.15972513562386983,0.02084629294755877,5,117,30,2,mediano,0,0
Algoritmos y Programación,2526-2,anon_096,1,8,1.0,1-2,2.8838995209542846,0.3819312839059675,0.2430524412296564,0.1944448462929476,0.15972513562386983,0.02084629294755877,5,117,30,2,mediano,0,0
Algoritmos y Programación,2526-2,anon_097,1,4,0.0,0,3.3512168517703502,0.3055525013743815,0.2555539480917797,0.27222013251931365,0.11666907786233036,0.050004340152194675,5,117,30,1,mediano,0,0
Algoritmos y Programación,2526-2,anon_097,1,6,0.0,0,3.3512168517703502,0.3055525013743815,0.2555539480917797,0.27222013251931365,0.11666907786233036,0.050004340152194675,5,117,30,1,mediano,0,0
Algoritmos y Programación,2526-2,anon_097,1,8,0.0,0,3.3512168517703502,0.3055525013743815,0.2555539480917797,0.27222013251931365,0.11666907786233036,0.050004340152194675,5,117,30,1,mediano,0,0
Algoritmos y Programación,2526-2,anon_098,1,4,3.0,3-5,3.3512168517703502,0.3055525013743815,0.2555539480917797,0.27222013251931365,0.11666907786233036,0.050004340152194675,5,117,30,1,mediano,0,0
Algoritmos y Programación,2526-2,anon_098,1,6,3.0,3-5,3.3512168517703502,0.3055525013743815,0.2555539480917797,0.27222013251931365,0.11666907786233036,0.050004340152194675,5,117,30,1,mediano,0,0
Algoritmos y Programación,2526-2,anon_098,1,8,3.0,3-5,3.3512168517703502,0.3055525013743815,0.2555539480917797,0.27222013251931365,0.11666907786233036,0.050004340152194675,5,117,30,1,mediano,0,0
Algoritmos y Programación,2526-2,anon_099,1,4,0.0,0,2.5092238405384704,0.42298758510212253,0.34609531437725266,8.009611533840608e-05,0.2307569082899479,8.009611533840608e-05,5,117,30,3,mediano,0,0
Algoritmos y Programación,2526-2,anon_099,1,6,0.0,0,2.5092238405384704,0.42298758510212253,0.34609531437725266,8.009611533840608e-05,0.2307569082899479,8.009611533840608e-05,5,117,30,3,mediano,0,0
Algoritmos y Programación,2526-2,anon_099,1,8,0.0,0,2.5092238405384704,0.42298758510212253,0.34609531437725266,8.009611533840608e-05,0.2307569082899479,8.009611533840608e-05,5,117,30,3,mediano,0,0
Algoritmos y Programación,2526-2,anon_100,1,4,0.0,0,3.3512168517703502,0.3055525013743815,0.2555539480917797,0.27222013251931365,0.11666907786233036,0.050004340152194675,5,117,30,1,mediano,0,0
Algoritmos y Programación,2526-2,anon_100,1,6,0.0,0,3.3512168517703502,0.3055525013743815,0.2555539480917797,0.27222013251931365,0.11666907786233036,0.050004340152194675,5,117,30,1,mediano,0,0
Algoritmos y Programación,2526-2,anon_100,1,8,0.0,0,3.3512168517703502,0.3055525013743815,0.2555539480917797,0.27222013251931365,0.11666907786233036,0.050004340152194675,5,117,30,1,mediano,0,0
Algoritmos y Programación,2526-2,anon_101,1,4,1.0,1-2,2.8838995209542846,0.3819312839059675,0.2430524412296564,0.1944448462929476,0.15972513562386983,0.02084629294755877,5,117,30,2,mediano,0,0
Algoritmos y Programación,2526-2,anon_101,1,6,1.0,1-2,2.8838995209542846,0.3819312839059675,0.2430524412296564,0.1944448462929476,0.15972513562386983,0.02084629294755877,5,117,30,2,mediano,0,0
Algoritmos y Programación,2526-2,anon_101,1,8,1.0,1-2,2.8838995209542846,0.3819312839059675,0.2430524412296564,0.1944448462929476,0.15972513562386983,0.02084629294755877,5,117,30,2,mediano,0,0
Algoritmos y Programación,2526-2,anon_102,1,4,2.0,1-2,9.798781584601068,9.91571641051066e-05,0.09529003470500744,0.3332672285572633,0.1904809122459098,0.38086266732771445,5,117,30,1,mediano,1,0
Algoritmos y Programación,2526-2,anon_102,1,6,2.0,1-2,3.3512168517703502,0.3055525013743815,0.2555539480917797,0.27222013251931365,0.11666907786233036,0.050004340152194675,5,117,30,1,mediano,0,0
Algoritmos y Programación,2526-2,anon_102,1,8,2.0,1-2,3.3512168517703502,0.3055525013743815,0.2555539480917797,0.27222013251931365,0.11666907786233036,0.050004340152194675,5,117,30,1,mediano,0,0
Algoritmos y Programación,2526-2,anon_103,1,4,0.0,0,2.8838995209542846,0.3819312839059675,0.2430524412296564,0.1944448462929476,0.15972513562386983,0.02084629294755877,5,117,30,2,mediano,0,0
Algoritmos y Programación,2526-2,anon_103,1,6,0.0,0,2.8838995209542846,0.3819312839059675,0.2430524412296564,0.1944448462929476,0.15972513562386983,0.02084629294755877,5,117,30,2,mediano,0,0
Algoritmos y Programación,2526-2,anon_103,1,8,0.0,0,2.8838995209542846,0.3819312839059675,0.2430524412296564,0.1944448462929476,0.15972513562386983,0.02084629294755877,5,117,30,2,mediano,0,0
Algoritmos y Programación,2526-2,anon_104,1,4,0.0,0,2.5092238405384704,0.42298758510212253,0.34609531437725266,8.009611533840608e-05,0.2307569082899479,8.009611533840608e-05,5,117,30,3,mediano,0,0
Algoritmos y Programación,2526-2,anon_104,1,6,0.0,0,2.5092238405384704,0.42298758510212253,0.34609531437725266,8.009611533840608e-05,0.2307569082899479,8.009611533840608e-05,5,117,30,3,mediano,0,0
Algoritmos y Programación,2526-2,anon_104,1,8,0.0,0,2.5092238405384704,0.42298758510212253,0.34609531437725266,8.009611533840608e-05,0.2307569082899479,8.009611533840608e-05,5,117,30,3,mediano,0,0
Algoritmos y Programación,2526-2,anon_105,1,4,5.0,3-5,12.724566881888736,0.00014869888475836432,0.00014869888475836432,0.21427509293680297,0.21427509293680297,0.5711524163568773,5,117,30,1,mediano,0,3 o más
Algoritmos y Programación,2526-2,anon_105,1,6,5.0,3-5,3.3512168517703502,0.3055525013743815,0.2555539480917797,0.27222013251931365,0.11666907786233036,0.050004340152194675,5,117,30,1,mediano,0,0
Algoritmos y Programación,2526-2,anon_105,1,8,5.0,3-5,3.3512168517703502,0.3055525013743815,0.2555539480917797,0.27222013251931365,0.11666907786233036,0.050004340152194675,5,117,30,1,mediano,0,0
Algoritmos y Programación,2526-2,anon_106,1,4,1.0,1-2,3.3512168517703502,0.3055525013743815,0.2555539480917797,0.27222013251931365,0.11666907786233036,0.050004340152194675,5,117,30,1,mediano,0,0
Algoritmos y Programación,2526-2,anon_106,1,6,1.0,1-2,3.3512168517703502,0.3055525013743815,0.2555539480917797,0.27222013251931365,0.11666907786233036,0.050004340152194675,5,117,30,1,mediano,0,0
Algoritmos y Programación,2526-2,anon_106,1,8,1.0,1-2,3.3512168517703502,0.3055525013743815,0.2555539480917797,0.27222013251931365,0.11666907786233036,0.050004340152194675,5,117,30,1,mediano,0,0
Algoritmos y Programación,2526-2,anon_107,1,4,5.0,3-5,17.468313789655486,0.0010362694300518136,0.0010362694300518136,0.0010362694300518136,0.0010362694300518136,0.9958549222797928,5,117,30,2,mediano,3 o más,1
Algoritmos y Programación,2526-2,anon_107,1,6,5.0,3-5,2.8838995209542846,0.3819312839059675,0.2430524412296564,0.1944448462929476,0.15972513562386983,0.02084629294755877,5,117,30,2,mediano,0,0
Algoritmos y Programación,2526-2,anon_107,1,8,5.0,3-5,2.8838995209542846,0.3819312839059675,0.2430524412296564,0.1944448462929476,0.15972513562386983,0.02084629294755877,5,117,30,2,mediano,0,0
Algoritmos y Programación,2526-2,anon_108,1,4,1.0,1-2,3.3512168517703502,0.3055525013743815,0.2555539480917797,0.27222013251931365,0.11666907786233036,0.050004340152194675,5,117,30,1,mediano,0,0
Algoritmos y Programación,2526-2,anon_108,1,6,1.0,1-2,3.3512168517703502,0.3055525013743815,0.2555539480917797,0.27222013251931365,0.11666907786233036,0.050004340152194675,5,117,30,1,mediano,0,0
Algoritmos y Programación,2526-2,anon_108,1,8,1.0,1-2,3.3512168517703502,0.3055525013743815,0.2555539480917797,0.27222013251931365,0.11666907786233036,0.050004340152194675,5,117,30,1,mediano,0,0
Algoritmos y Programación,2526-2,anon_109,1,4,5.0,3-5,12.07911814217625,0.00023121387283236996,0.00023121387283236996,0.11121387283236996,0.44416184971098266,0.44416184971098266,5,117,30,1,mediano,3 o más,0
Algoritmos y Programación,2526-2,anon_109,1,6,5.0,3-5,9.798781584601068,9.91571641051066e-05,0.09529003470500744,0.3332672285572633,0.1904809122459098,0.38086266732771445,5,117,30,1,mediano,1,0
Algoritmos y Programación,2526-2,anon_109,1,8,5.0,3-5,3.3512168517703502,0.3055525013743815,0.2555539480917797,0.27222013251931365,0.11666907786233036,0.050004340152194675,5,117,30,1,mediano,0,0
Algoritmos y Programación,2526-2,anon_110,1,4,2.0,1-2,3.3512168517703502,0.3055525013743815,0.2555539480917797,0.27222013251931365,0.11666907786233036,0.050004340152194675,5,117,30,1,mediano,0,0
Algoritmos y Programación,2526-2,anon_110,1,6,2.0,1-2,6.777262942962306,6.125574272588055e-05,0.17647779479326187,0.4116998468606432,0.26468606431852987,0.1470750382848392,5,117,30,1,mediano,0,1
Algoritmos y Programación,2526-2,anon_110,1,8,2.0,1-2,3.3512168517703502,0.3055525013743815,0.2555539480917797,0.27222013251931365,0.11666907786233036,0.050004340152194675,5,117,30,1,mediano,0,0
Algoritmos y Programación,2526-2,anon_111,1,4,2.0,1-2,9.798781584601068,9.91571641051066e-05,0.09529003470500744,0.3332672285572633,0.1904809122459098,0.38086266732771445,5,117,30,1,mediano,1,0
Algoritmos y Programación,2526-2,anon_111,1,6,2.0,1-2,3.3512168517703502,0.3055525013743815,0.2555539480917797,0.27222013251931365,0.11666907786233036,0.050004340152194675,5,117,30,1,mediano,0,0
Algoritmos y Programación,2526-2,anon_111,1,8,2.0,1-2,3.3512168517703502,0.3055525013743815,0.2555539480917797,0.27222013251931365,0.11666907786233036,0.050004340152194675,5,117,30,1,mediano,0,0
Algoritmos y Programación,2526-2,anon_112,1,4,2.0,1-2,3.3512168517703502,0.3055525013743815,0.2555539480917797,0.27222013251931365,0.11666907786233036,0.050004340152194675,5,117,30,1,mediano,0,0
Algoritmos y Programación,2526-2,anon_112,1,6,2.0,1-2,3.3512168517703502,0.3055525013743815,0.2555539480917797,0.27222013251931365,0.11666907786233036,0.050004340152194675,5,117,30,1,mediano,0,0
Algoritmos y Programación,2526-2,anon_112,1,8,2.0,1-2,3.3512168517703502,0.3055525013743815,0.2555539480917797,0.27222013251931365,0.11666907786233036,0.050004340152194675,5,117,30,1,mediano,0,0
Algoritmos y Programación,2526-2,anon_113,1,4,0.0,0,2.8838995209542846,0.3819312839059675,0.2430524412296564,0.1944448462929476,0.15972513562386983,0.02084629294755877,5,117,30,2,mediano,0,0
Algoritmos y Programación,2526-2,anon_113,1,6,0.0,0,2.8838995209542846,0.3819312839059675,0.2430524412296564,0.1944448462929476,0.15972513562386983,0.02084629294755877,5,117,30,2,mediano,0,0
Algoritmos y Programación,2526-2,anon_113,1,8,0.0,0,2.8838995209542846,0.3819312839059675,0.2430524412296564,0.1944448462929476,0.15972513562386983,0.02084629294755877,5,117,30,2,mediano,0,0
Algoritmos y Programación,2526-2,anon_114,1,4,4.0,3-5,12.724566881888736,0.00014869888475836432,0.00014869888475836432,0.21427509293680297,0.21427509293680297,0.5711524163568773,5,117,30,1,mediano,0,3 o más
Algoritmos y Programación,2526-2,anon_114,1,6,4.0,3-5,3.3512168517703502,0.3055525013743815,0.2555539480917797,0.27222013251931365,0.11666907786233036,0.050004340152194675,5,117,30,1,mediano,0,0
Algoritmos y Programación,2526-2,anon_114,1,8,4.0,3-5,3.3512168517703502,0.3055525013743815,0.2555539480917797,0.27222013251931365,0.11666907786233036,0.050004340152194675,5,117,30,1,mediano,0,0
Algoritmos y Programación,2526-2,anon_115,1,4,1.0,1-2,3.3512168517703502,0.3055525013743815,0.2555539480917797,0.27222013251931365,0.11666907786233036,0.050004340152194675,5,117,30,1,mediano,0,0
Algoritmos y Programación,2526-2,anon_115,1,6,1.0,1-2,3.3512168517703502,0.3055525013743815,0.2555539480917797,0.27222013251931365,0.11666907786233036,0.050004340152194675,5,117,30,1,mediano,0,0
Algoritmos y Programación,2526-2,anon_115,1,8,1.0,1-2,3.3512168517703502,0.3055525013743815,0.2555539480917797,0.27222013251931365,0.11666907786233036,0.050004340152194675,5,117,30,1,mediano,0,0
Algoritmos y Programación,2526-2,anon_116,1,4,2.0,1-2,3.3512168517703502,0.3055525013743815,0.2555539480917797,0.27222013251931365,0.11666907786233036,0.050004340152194675,5,117,30,1,mediano,0,0
Algoritmos y Programación,2526-2,anon_116,1,6,2.0,1-2,3.3512168517703502,0.3055525013743815,0.2555539480917797,0.27222013251931365,0.11666907786233036,0.050004340152194675,5,117,30,1,mediano,0,0
Algoritmos y Programación,2526-2,anon_116,1,8,2.0,1-2,3.3512168517703502,0.3055525013743815,0.2555539480917797,0.27222013251931365,0.11666907786233036,0.050004340152194675,5,117,30,1,mediano,0,0
Algoritmos y Programación,2526-2,anon_117,1,4,1.0,1-2,3.3512168517703502,0.3055525013743815,0.2555539480917797,0.27222013251931365,0.11666907786233036,0.050004340152194675,5,117,30,1,mediano,0,0
Algoritmos y Programación,2526-2,anon_117,1,6,1.0,1-2,3.3512168517703502,0.3055525013743815,0.2555539480917797,0.27222013251931365,0.11666907786233036,0.050004340152194675,5,117,30,1,mediano,0,0
Algoritmos y Programación,2526-2,anon_117,1,8,1.0,1-2,3.3512168517703502,0.3055525013743815,0.2555539480917797,0.27222013251931365,0.11666907786233036,0.050004340152194675,5,117,30,1,mediano,0,0
Algoritmos y Programación,2526-3,anon_118,1,4,8.0,6-11,11.192980046269522,0.00011567379988432622,0.11116252168883749,0.27773279352226726,0.11116252168883749,0.4998264893001736,5,117,30,1,mediano,2,0
Algoritmos y Programación,2526-3,anon_118,1,6,8.0,6-11,2.1674207199736633,0.38692978094166297,0.3542673192179853,0.195980004710932,0.030155199036876135,0.03266769609254365,5,117,30,1,mediano,0,0
Algoritmos y Programación,2526-3,anon_118,1,8,8.0,6-11,11.192980046269522,0.00011567379988432622,0.11116252168883749,0.27773279352226726,0.11116252168883749,0.4998264893001736,5,117,30,1,mediano,2,0
Algoritmos y Programación,2526-3,anon_119,1,4,0.0,0,2.1674207199736633,0.38692978094166297,0.3542673192179853,0.195980004710932,0.030155199036876135,0.03266769609254365,5,117,30,1,mediano,0,0
Algoritmos y Programación,2526-3,anon_119,1,6,0.0,0,2.1674207199736633,0.38692978094166297,0.3542673192179853,0.195980004710932,0.030155199036876135,0.03266769609254365,5,117,30,1,mediano,0,0
Algoritmos y Programación,2526-3,anon_119,1,8,0.0,0,2.1674207199736633,0.38692978094166297,0.3542673192179853,0.195980004710932,0.030155199036876135,0.03266769609254365,5,117,30,1,mediano,0,0
Algoritmos y Programación,2526-3,anon_120,1,4,0.0,0,1.7957632171478517,0.5944835350408106,0.2432310723332395,5.629045876723895e-05,0.16217281170841544,5.629045876723895e-05,5,117,30,3,mediano,0,0
Algoritmos y Programación,2526-3,anon_120,1,6,0.0,0,1.7957632171478517,0.5944835350408106,0.2432310723332395,5.629045876723895e-05,0.16217281170841544,5.629045876723895e-05,5,117,30,3,mediano,0,0
Algoritmos y Programación,2526-3,anon_120,1,8,0.0,0,1.7957632171478517,0.5944835350408106,0.2432310723332395,5.629045876723895e-05,0.16217281170841544,5.629045876723895e-05,5,117,30,3,mediano,0,0
Algoritmos y Programación,2526-3,anon_121,1,4,2.0,1-2,2.1674207199736633,0.38692978094166297,0.3542673192179853,0.195980004710932,0.030155199036876135,0.03266769609254365,5,117,30,1,mediano,0,0
Algoritmos y Programación,2526-3,anon_121,1,6,2.0,1-2,2.1674207199736633,0.38692978094166297,0.3542673192179853,0.195980004710932,0.030155199036876135,0.03266769609254365,5,117,30,1,mediano,0,0
Algoritmos y Programación,2526-3,anon_121,1,8,2.0,1-2,2.1674207199736633,0.38692978094166297,0.3542673192179853,0.195980004710932,0.030155199036876135,0.03266769609254365,5,117,30,1,mediano,0,0
Algoritmos y Programación,2526-3,anon_122,1,4,5.0,3-5,2.1674207199736633,0.38692978094166297,0.3542673192179853,0.195980004710932,0.030155199036876135,0.03266769609254365,5,117,30,1,mediano,0,0
Algoritmos y Programación,2526-3,anon_122,1,6,5.0,3-5,2.1674207199736633,0.38692978094166297,0.3542673192179853,0.195980004710932,0.030155199036876135,0.03266769609254365,5,117,30,1,mediano,0,0
Algoritmos y Programación,2526-3,anon_122,1,8,5.0,3-5,2.1674207199736633,0.38692978094166297,0.3542673192179853,0.195980004710932,0.030155199036876135,0.03266769609254365,5,117,30,1,mediano,0,0
Algoritmos y Programación,2526-3,anon_123,1,4,4.0,3-5,2.1674207199736633,0.38692978094166297,0.3542673192179853,0.195980004710932,0.030155199036876135,0.03266769609254365,5,117,30,1,mediano,0,0
Algoritmos y Programación,2526-3,anon_123,1,6,4.0,3-5,2.1674207199736633,0.38692978094166297,0.3542673192179853,0.195980004710932,0.030155199036876135,0.03266769609254365,5,117,30,1,mediano,0,0
Algoritmos y Programación,2526-3,anon_123,1,8,4.0,3-5,6.753416840887409,7.713073659853452e-05,0.4073274199768608,0.2962591592749711,0.0370998843038951,0.25923640570767453,5,117,30,1,mediano,1,0
Algoritmos y Programación,2526-3,anon_124,1,4,3.0,3-5,2.1674207199736633,0.38692978094166297,0.3542673192179853,0.195980004710932,0.030155199036876135,0.03266769609254365,5,117,30,1,mediano,0,0
Algoritmos y Programación,2526-3,anon_124,1,6,3.0,3-5,2.1674207199736633,0.38692978094166297,0.3542673192179853,0.195980004710932,0.030155199036876135,0.03266769609254365,5,117,30,1,mediano,0,0
Algoritmos y Programación,2526-3,anon_124,1,8,3.0,3-5,2.1674207199736633,0.38692978094166297,0.3542673192179853,0.195980004710932,0.030155199036876135,0.03266769609254365,5,117,30,1,mediano,0,0
Algoritmos y Programación,2526-3,anon_125,1,4,1.0,1-2,2.1674207199736633,0.38692978094166297,0.3542673192179853,0.195980004710932,0.030155199036876135,0.03266769609254365,5,117,30,1,mediano,0,0
Algoritmos y Programación,2526-3,anon_125,1,6,1.0,1-2,2.1674207199736633,0.38692978094166297,0.3542673192179853,0.195980004710932,0.030155199036876135,0.03266769609254365,5,117,30,1,mediano,0,0
Algoritmos y Programación,2526-3,anon_125,1,8,1.0,1-2,2.1674207199736633,0.38692978094166297,0.3542673192179853,0.195980004710932,0.030155199036876135,0.03266769609254365,5,117,30,1,mediano,0,0
Algoritmos y Programación,2526-3,anon_126,1,4,5.0,3-5,2.1674207199736633,0.38692978094166297,0.3542673192179853,0.195980004710932,0.030155199036876135,0.03266769609254365,5,117,30,1,mediano,0,0
Algoritmos y Programación,2526-3,anon_126,1,6,5.0,3-5,2.1674207199736633,0.38692978094166297,0.3542673192179853,0.195980004710932,0.030155199036876135,0.03266769609254365,5,117,30,1,mediano,0,0
Algoritmos y Programación,2526-3,anon_126,1,8,5.0,3-5,5.196921615536167,5.629045876723896e-05,0.4323670137911625,0.3513087531663383,0.08111455108359134,0.13515339150014072,5,117,30,1,mediano,0,1
Algoritmos y Programación,2526-3,anon_127,1,4,8.0,6-11,17.75363716934824,0.0010362694300518136,0.0010362694300518136,0.0010362694300518136,0.0010362694300518136,0.9958549222797928,5,117,30,1,mediano,1,2
Algoritmos y Programación,2526-3,anon_127,1,6,8.0,6-11,10.832385354786382,8.329862557267805e-05,0.16001665972511456,0.2399833402748855,0.12003331945022908,0.47988338192419827,5,117,30,1,mediano,0,2
Algoritmos y Programación,2526-3,anon_127,1,8,8.0,6-11,2.1674207199736633,0.38692978094166297,0.3542673192179853,0.195980004710932,0.030155199036876135,0.03266769609254365,5,117,30,1,mediano,0,0
Algoritmos y Programación,2526-3,anon_128,1,4,2.0,1-2,2.1674207199736633,0.38692978094166297,0.3542673192179853,0.195980004710932,0.030155199036876135,0.03266769609254365,5,117,30,1,mediano,0,0
Algoritmos y Programación,2526-3,anon_128,1,6,2.0,1-2,2.1674207199736633,0.38692978094166297,0.3542673192179853,0.195980004710932,0.030155199036876135,0.03266769609254365,5,117,30,1,mediano,0,0
Algoritmos y Programación,2526-3,anon_128,1,8,2.0,1-2,2.1674207199736633,0.38692978094166297,0.3542673192179853,0.195980004710932,0.030155199036876135,0.03266769609254365,5,117,30,1,mediano,0,0
Algoritmos y Programación,2526-3,anon_129,1,4,5.0,3-5,12.749361273892328,0.0002081165452653486,0.2,0.0002081165452653486,0.2,0.5995837669094694,5,117,30,1,mediano,1,1
Algoritmos y Programación,2526-3,anon_129,1,6,5.0,3-5,2.1674207199736633,0.38692978094166297,0.3542673192179853,0.195980004710932,0.030155199036876135,0.03266769609254365,5,117,30,1,mediano,0,0
Algoritmos y Programación,2526-3,anon_129,1,8,5.0,3-5,2.1674207199736633,0.38692978094166297,0.3542673192179853,0.195980004710932,0.030155199036876135,0.03266769609254365,5,117,30,1,mediano,0,0
Algoritmos y Programación,2526-3,anon_130,1,4,1.0,1-2,2.1674207199736633,0.38692978094166297,0.3542673192179853,0.195980004710932,0.030155199036876135,0.03266769609254365,5,117,30,1,mediano,0,0
Algoritmos y Programación,2526-3,anon_130,1,6,1.0,1-2,2.1674207199736633,0.38692978094166297,0.3542673192179853,0.195980004710932,0.030155199036876135,0.03266769609254365,5,117,30,1,mediano,0,0
Algoritmos y Programación,2526-3,anon_130,1,8,1.0,1-2,2.1674207199736633,0.38692978094166297,0.3542673192179853,0.195980004710932,0.030155199036876135,0.03266769609254365,5,117,30,1,mediano,0,0
Algoritmos y Programación,2526-3,anon_131,1,4,5.0,3-5,10.796619927520965,0.0001601281024819856,0.0001601281024819856,0.46132906325060047,0.07702161729383508,0.46132906325060047,5,117,30,1,mediano,0,3 o más
Algoritmos y Programación,2526-3,anon_131,1,6,5.0,3-5,2.1674207199736633,0.38692978094166297,0.3542673192179853,0.195980004710932,0.030155199036876135,0.03266769609254365,5,117,30,1,mediano,0,0
Algoritmos y Programación,2526-3,anon_131,1,8,5.0,3-5,2.1674207199736633,0.38692978094166297,0.3542673192179853,0.195980004710932,0.030155199036876135,0.03266769609254365,5,117,30,1,mediano,0,0
Algoritmos y Programación,2526-3,anon_132,1,4,8.0,6-11,16.00903682022103,0.0004158004158004158,0.0004158004158004158,0.0004158004158004158,0.20000000000000004,0.7987525987525987,5,117,30,1,mediano,3 o más,1
Algoritmos y Programación,2526-3,anon_132,1,6,8.0,6-11,2.1674207199736633,0.38692978094166297,0.3542673192179853,0.195980004710932,0.030155199036876135,0.03266769609254365,5,117,30,1,mediano,0,0
Algoritmos y Programación,2526-3,anon_132,1,8,8.0,6-11,2.1674207199736633,0.38692978094166297,0.3542673192179853,0.195980004710932,0.030155199036876135,0.03266769609254365,5,117,30,1,mediano,0,0
Algoritmos y Programación,2526-3,anon_133,1,4,13.0,12 o más,6.451973684210527,0.2,0.2,0.2,0.2,0.2,5,117,30,4,mediano,2,1
Algoritmos y Programación,2526-3,anon_133,1,6,13.0,12 o más,8.869553716766143,0.0020618556701030924,0.0020618556701030924,0.0020618556701030924,0.9917525773195877,0.0020618556701030924,5,117,30,4,mediano,1,0
Algoritmos y Programación,2526-3,anon_133,1,8,13.0,12 o más,6.451973684210527,0.2,0.2,0.2,0.2,0.2,5,117,30,4,mediano,2,1
Algoritmos y Programación,2526-3,anon_134,1,4,10.0,6-11,11.192980046269522,0.00011567379988432622,0.11116252168883749,0.27773279352226726,0.11116252168883749,0.4998264893001736,5,117,30,1,mediano,2,0
Algoritmos y Programación,2526-3,anon_134,1,6,10.0,6-11,2.1674207199736633,0.38692978094166297,0.3542673192179853,0.195980004710932,0.030155199036876135,0.03266769609254365,5,117,30,1,mediano,0,0
Algoritmos y Programación,2526-3,anon_134,1,8,10.0,6-11,6.753416840887409,7.713073659853452e-05,0.4073274199768608,0.2962591592749711,0.0370998843038951,0.25923640570767453,5,117,30,1,mediano,1,0
Algoritmos y Programación,2526-3,anon_135,1,4,7.0,6-11,13.341657165009579,0.0003466204506065858,0.0003466204506065858,0.0003466204506065858,0.49948006932409017,0.49948006932409017,5,117,30,4,mediano,0,0
Algoritmos y Programación,2526-3,anon_135,1,6,7.0,6-11,6.451973684210527,0.2,0.2,0.2,0.2,0.2,5,117,30,4,mediano,0,2
Algoritmos y Programación,2526-3,anon_135,1,8,7.0,6-11,13.341657165009579,0.0003466204506065858,0.0003466204506065858,0.0003466204506065858,0.49948006932409017,0.49948006932409017,5,117,30,4,mediano,0,0
Algoritmos y Programación,2526-3,anon_136,1,4,0.0,0,2.652736391251337,0.3606465934316125,0.30054072514087316,0.1967214980932324,0.1256872901132677,0.016403893221014286,5,117,30,2,mediano,0,0
Algoritmos y Programación,2526-3,anon_136,1,6,0.0,0,2.652736391251337,0.3606465934316125,0.30054072514087316,0.1967214980932324,0.1256872901132677,0.016403893221014286,5,117,30,2,mediano,0,0
Algoritmos y Programación,2526-3,anon_136,1,8,0.0,0,2.652736391251337,0.3606465934316125,0.30054072514087316,0.1967214980932324,0.1256872901132677,0.016403893221014286,5,117,30,2,mediano,0,0
Algoritmos y Programación,2526-3,anon_137,1,4,4.0,3-5,10.832385354786382,8.329862557267805e-05,0.16001665972511456,0.2399833402748855,0.12003331945022908,0.47988338192419827,5,117,30,1,mediano,0,2
Algoritmos y Programación,2526-3,anon_137,1,6,4.0,3-5,2.1674207199736633,0.38692978094166297,0.3542673192179853,0.195980004710932,0.030155199036876135,0.03266769609254365,5,117,30,1,mediano,0,0
Algoritmos y Programación,2526-3,anon_137,1,8,4.0,3-5,2.1674207199736633,0.38692978094166297,0.3542673192179853,0.195980004710932,0.030155199036876135,0.03266769609254365,5,117,30,1,mediano,0,0
Algoritmos y Programación,2526-3,anon_138,1,4,4.0,3-5,2.1674207199736633,0.38692978094166297,0.3542673192179853,0.195980004710932,0.030155199036876135,0.03266769609254365,5,117,30,1,mediano,0,0
Algoritmos y Programación,2526-3,anon_138,1,6,4.0,3-5,2.1674207199736633,0.38692978094166297,0.3542673192179853,0.195980004710932,0.030155199036876135,0.03266769609254365,5,117,30,1,mediano,0,0
Algoritmos y Programación,2526-3,anon_138,1,8,4.0,3-5,2.1674207199736633,0.38692978094166297,0.3542673192179853,0.195980004710932,0.030155199036876135,0.03266769609254365,5,117,30,1,mediano,0,0
Algoritmos y Programación,2526-3,anon_139,1,4,3.0,3-5,8.869553716766143,0.0020618556701030924,0.0020618556701030924,0.0020618556701030924,0.9917525773195877,0.0020618556701030924,5,117,30,4,mediano,1,2
Algoritmos y Programación,2526-3,anon_139,1,6,3.0,3-5,13.341657165009579,0.0003466204506065858,0.0003466204506065858,0.0003466204506065858,0.49948006932409017,0.49948006932409017,5,117,30,4,mediano,0,0
Algoritmos y Programación,2526-3,anon_139,1,8,3.0,3-5,13.341657165009579,0.0003466204506065858,0.0003466204506065858,0.0003466204506065858,0.49948006932409017,0.49948006932409017,5,117,30,4,mediano,0,0
Algoritmos y Programación,2526-3,anon_140,1,4,10.0,6-11,12.749361273892328,0.0002081165452653486,0.2,0.0002081165452653486,0.2,0.5995837669094694,5,117,30,1,mediano,1,1
Algoritmos y Programación,2526-3,anon_140,1,6,10.0,6-11,2.1674207199736633,0.38692978094166297,0.3542673192179853,0.195980004710932,0.030155199036876135,0.03266769609254365,5,117,30,1,mediano,0,0
Algoritmos y Programación,2526-3,anon_140,1,8,10.0,6-11,9.839750017110397,0.0002600780234070221,0.0002600780234070221,0.4996098829648895,0.12509752925877765,0.37477243172951885,5,117,30,1,mediano,3 o más,0
Algoritmos y Programación,2526-3,anon_141,1,4,11.0,6-11,9.839750017110397,0.0002600780234070221,0.0002600780234070221,0.4996098829648895,0.12509752925877765,0.37477243172951885,5,117,30,1,mediano,3 o más,0
Algoritmos y Programación,2526-3,anon_141,1,6,11.0,6-11,2.1674207199736633,0.38692978094166297,0.3542673192179853,0.195980004710932,0.030155199036876135,0.03266769609254365,5,117,30,1,mediano,0,0
Algoritmos y Programación,2526-3,anon_141,1,8,11.0,6-11,11.192980046269522,0.00011567379988432622,0.11116252168883749,0.27773279352226726,0.11116252168883749,0.4998264893001736,5,117,30,1,mediano,2,0
Algoritmos y Programación,2526-3,anon_142,1,4,0.0,0,2.1674207199736633,0.38692978094166297,0.3542673192179853,0.195980004710932,0.030155199036876135,0.03266769609254365,5,117,30,1,mediano,0,0
Algoritmos y Programación,2526-3,anon_142,1,6,0.0,0,2.1674207199736633,0.38692978094166297,0.3542673192179853,0.195980004710932,0.030155199036876135,0.03266769609254365,5,117,30,1,mediano,0,0
Algoritmos y Programación,2526-3,anon_142,1,8,0.0,0,2.1674207199736633,0.38692978094166297,0.3542673192179853,0.195980004710932,0.030155199036876135,0.03266769609254365,5,117,30,1,mediano,0,0
Algoritmos y Programación,2526-3,anon_143,1,4,15.0,12 o más,17.78888144217092,0.0004158004158004158,0.0004158004158004158,0.0004158004158004158,0.0004158004158004158,0.9983367983367983,5,117,30,1,mediano,2,3 o más
Algoritmos y Programación,2526-3,anon_143,1,6,15.0,12 o más,2.1674207199736633,0.38692978094166297,0.3542673192179853,0.195980004710932,0.030155199036876135,0.03266769609254365,5,117,30,1,mediano,0,0
Algoritmos y Programación,2526-3,anon_143,1,8,15.0,12 o más,10.832385354786382,8.329862557267805e-05,0.16001665972511456,0.2399833402748855,0.12003331945022908,0.47988338192419827,5,117,30,1,mediano,0,2
Algoritmos y Programación,2526-3,anon_144,1,4,3.0,3-5,2.1674207199736633,0.38692978094166297,0.3542673192179853,0.195980004710932,0.030155199036876135,0.03266769609254365,5,117,30,1,mediano,0,0
Algoritmos y Programación,2526-3,anon_144,1,6,3.0,3-5,2.1674207199736633,0.38692978094166297,0.3542673192179853,0.195980004710932,0.030155199036876135,0.03266769609254365,5,117,30,1,mediano,0,0
Algoritmos y Programación,2526-3,anon_144,1,8,3.0,3-5,5.196921615536167,5.629045876723896e-05,0.4323670137911625,0.3513087531663383,0.08111455108359134,0.13515339150014072,5,117,30,1,mediano,0,1
Algoritmos y Programación,2526-3,anon_145,1,4,20.0,12 o más,17.79561957456792,0.0002971768202080238,0.0002971768202080238,0.0002971768202080238,0.0002971768202080238,0.9988112927191679,5,117,30,1,mediano,3 o más,3 o más
Algoritmos y Programación,2526-3,anon_145,1,6,20.0,12 o más,11.192980046269522,0.00011567379988432622,0.11116252168883749,0.27773279352226726,0.11116252168883749,0.4998264893001736,5,117,30,1,mediano,2,0
Algoritmos y Programación,2526-3,anon_145,1,8,20.0,12 o más,6.753416840887409,7.713073659853452e-05,0.4073274199768608,0.2962591592749711,0.0370998843038951,0.25923640570767453,5,117,30,1,mediano,1,0
Algoritmos y Programación,2526-3,anon_146,1,4,7.0,6-11,6.753416840887409,7.713073659853452e-05,0.4073274199768608,0.2962591592749711,0.0370998843038951,0.25923640570767453,5,117,30,1,mediano,1,0
Algoritmos y Programación,2526-3,anon_146,1,6,7.0,6-11,2.1674207199736633,0.38692978094166297,0.3542673192179853,0.195980004710932,0.030155199036876135,0.03266769609254365,5,117,30,1,mediano,0,0
Algoritmos y Programación,2526-3,anon_146,1,8,7.0,6-11,10.832385354786382,8.329862557267805e-05,0.16001665972511456,0.2399833402748855,0.12003331945022908,0.47988338192419827,5,117,30,1,mediano,0,2
Algoritmos y Programación,2526-3,anon_147,1,4,6.0,6-11,2.1674207199736633,0.38692978094166297,0.3542673192179853,0.195980004710932,0.030155199036876135,0.03266769609254365,5,117,30,1,mediano,0,0
Algoritmos y Programación,2526-3,anon_147,1,6,6.0,6-11,2.1674207199736633,0.38692978094166297,0.3542673192179853,0.195980004710932,0.030155199036876135,0.03266769609254365,5,117,30,1,mediano,0,0
Algoritmos y Programación,2526-3,anon_147,1,8,6.0,6-11,9.839750017110397,0.0002600780234070221,0.0002600780234070221,0.4996098829648895,0.12509752925877765,0.37477243172951885,5,117,30,1,mediano,3 o más,0
Computación Emergente,2425-3,anon_186,2,4,0.0,0,0.9774020034352088,0.679517393927207,0.17374622964005632,0.12355519806957571,0.011590589181580535,0.011590589181580535,5,109,73,5 o más,grande,0,0
Computación Emergente,2425-3,anon_186,2,6,0.0,0,0.9774020034352088,0.679517393927207,0.17374622964005632,0.12355519806957571,0.011590589181580535,0.011590589181580535,5,109,73,5 o más,grande,0,0
Computación Emergente,2425-3,anon_186,2,8,0.0,0,0.9774020034352088,0.679517393927207,0.17374622964005632,0.12355519806957571,0.011590589181580535,0.011590589181580535,5,109,73,5 o más,grande,0,0
Computación Emergente,2425-3,anon_187,2,4,7.0,6-11,11.992130215021728,0.00017346053772766696,0.00017346053772766696,0.08343451864700782,0.4997398091934085,0.41647875108412835,5,109,73,3,grande,0,1
Computación Emergente,2425-3,anon_187,2,6,7.0,6-11,10.251186368845234,0.0004158004158004158,0.0004158004158004158,0.0004158004158004158,0.7987525987525989,0.20000000000000004,5,109,73,3,grande,1,1
Computación Emergente,2425-3,anon_187,2,8,7.0,6-11,11.992130215021728,0.00017346053772766696,0.00017346053772766696,0.08343451864700782,0.4997398091934085,0.41647875108412835,5,109,73,3,grande,0,1
Computación Emergente,2425-3,anon_188,2,4,0.0,0,0.9774020034352088,0.679517393927207,0.17374622964005632,0.12355519806957571,0.011590589181580535,0.011590589181580535,5,109,73,5 o más,grande,0,0
Computación Emergente,2425-3,anon_188,2,6,0.0,0,0.9774020034352088,0.679517393927207,0.17374622964005632,0.12355519806957571,0.011590589181580535,0.011590589181580535,5,109,73,5 o más,grande,0,0
Computación Emergente,2425-3,anon_188,2,8,0.0,0,0.9774020034352088,0.679517393927207,0.17374622964005632,0.12355519806957571,0.011590589181580535,0.011590589181580535,5,109,73,5 o más,grande,0,0
Computación Emergente,2425-3,anon_189,2,4,2.0,1-2,1.226636438500204,0.5986253321523471,0.27210628875110715,0.04422320637732506,0.08163684676705049,0.0034083259521700622,5,109,73,4,grande,0,0
Computación Emergente,2425-3,anon_189,2,6,2.0,1-2,6.108552716851383,0.00010411244143675168,0.3499219156689224,0.15002602811035917,0.3998958875585632,0.10005205622071836,5,109,73,4,grande,1,0
Computación Emergente,2425-3,anon_189,2,8,2.0,1-2,6.817700439125454,8.009611533840609e-05,0.3460953143772527,0.11541850220264317,0.3845414497396877,0.1538646375650781,5,109,73,4,grande,0,1
Computación Emergente,2425-3,anon_190,2,4,0.0,0,0.9774020034352088,0.679517393927207,0.17374622964005632,0.12355519806957571,0.011590589181580535,0.011590589181580535,5,109,73,5 o más,grande,0,0
Computación Emergente,2425-3,anon_190,2,6,0.0,0,0.9774020034352088,0.679517393927207,0.17374622964005632,0.12355519806957571,0.011590589181580535,0.011590589181580535,5,109,73,5 o más,grande,0,0
Computación Emergente,2425-3,anon_190,2,8,0.0,0,0.9774020034352088,0.679517393927207,0.17374622964005632,0.12355519806957571,0.011590589181580535,0.011590589181580535,5,109,73,5 o más,grande,0,0
Computación Emergente,2425-3,anon_191,2,4,0.0,0,0.9774020034352088,0.679517393927207,0.17374622964005632,0.12355519806957571,0.011590589181580535,0.011590589181580535,5,109,73,5 o más,grande,0,0
Computación Emergente,2425-3,anon_191,2,6,0.0,0,0.9774020034352088,0.679517393927207,0.17374622964005632,0.12355519806957571,0.011590589181580535,0.011590589181580535,5,109,73,5 o más,grande,0,0
Computación Emergente,2425-3,anon_191,2,8,0.0,0,0.9774020034352088,0.679517393927207,0.17374622964005632,0.12355519806957571,0.011590589181580535,0.011590589181580535,5,109,73,5 o más,grande,0,0
Computación Emergente,2425-3,anon_192,2,4,5.0,3-5,0.9774020034352088,0.679517393927207,0.17374622964005632,0.12355519806957571,0.011590589181580535,0.011590589181580535,5,109,73,5 o más,grande,0,0
Computación Emergente,2425-3,anon_192,2,6,5.0,3-5,6.335659443549964,0.00012247397428046542,0.2940600122473975,0.35284751990202085,0.17648499693815067,0.17648499693815067,5,109,73,5 o más,grande,1,0
Computación Emergente,2425-3,anon_192,2,8,5.0,3-5,0.9774020034352088,0.679517393927207,0.17374622964005632,0.12355519806957571,0.011590589181580535,0.011590589181580535,5,109,73,5 o más,grande,0,0
Computación Emergente,2425-3,anon_193,2,4,0.0,0,1.226636438500204,0.5986253321523471,0.27210628875110715,0.04422320637732506,0.08163684676705049,0.0034083259521700622,5,109,73,4,grande,0,0
Computación Emergente,2425-3,anon_193,2,6,0.0,0,1.226636438500204,0.5986253321523471,0.27210628875110715,0.04422320637732506,0.08163684676705049,0.0034083259521700622,5,109,73,4,grande,0,0
Computación Emergente,2425-3,anon_193,2,8,0.0,0,1.226636438500204,0.5986253321523471,0.27210628875110715,0.04422320637732506,0.08163684676705049,0.0034083259521700622,5,109,73,4,grande,0,0
Computación Emergente,2425-3,anon_194,2,4,1.0,1-2,0.9774020034352088,0.679517393927207,0.17374622964005632,0.12355519806957571,0.011590589181580535,0.011590589181580535,5,109,73,5 o más,grande,0,0
Computación Emergente,2425-3,anon_194,2,6,1.0,1-2,0.9774020034352088,0.679517393927207,0.17374622964005632,0.12355519806957571,0.011590589181580535,0.011590589181580535,5,109,73,5 o más,grande,0,0
Computación Emergente,2425-3,anon_194,2,8,1.0,1-2,0.9774020034352088,0.679517393927207,0.17374622964005632,0.12355519806957571,0.011590589181580535,0.011590589181580535,5,109,73,5 o más,grande,0,0
Computación Emergente,2425-3,anon_195,2,4,0.0,0,0.9774020034352088,0.679517393927207,0.17374622964005632,0.12355519806957571,0.011590589181580535,0.011590589181580535,5,109,73,5 o más,grande,0,0
Computación Emergente,2425-3,anon_195,2,6,0.0,0,0.9774020034352088,0.679517393927207,0.17374622964005632,0.12355519806957571,0.011590589181580535,0.011590589181580535,5,109,73,5 o más,grande,0,0
Computación Emergente,2425-3,anon_195,2,8,0.0,0,0.9774020034352088,0.679517393927207,0.17374622964005632,0.12355519806957571,0.011590589181580535,0.011590589181580535,5,109,73,5 o más,grande,0,0
Computación Emergente,2425-3,anon_196,2,4,1.0,1-2,0.9774020034352088,0.679517393927207,0.17374622964005632,0.12355519806957571,0.011590589181580535,0.011590589181580535,5,109,73,5 o más,grande,0,0
Computación Emergente,2425-3,anon_196,2,6,1.0,1-2,6.335659443549964,0.00012247397428046542,0.2940600122473975,0.35284751990202085,0.17648499693815067,0.17648499693815067,5,109,73,5 o más,grande,1,0
Computación Emergente,2425-3,anon_196,2,8,1.0,1-2,0.9774020034352088,0.679517393927207,0.17374622964005632,0.12355519806957571,0.011590589181580535,0.011590589181580535,5,109,73,5 o más,grande,0,0
Computación Emergente,2425-3,anon_197,2,4,0.0,0,0.9774020034352088,0.679517393927207,0.17374622964005632,0.12355519806957571,0.011590589181580535,0.011590589181580535,5,109,73,5 o más,grande,0,0
Computación Emergente,2425-3,anon_197,2,6,0.0,0,0.9774020034352088,0.679517393927207,0.17374622964005632,0.12355519806957571,0.011590589181580535,0.011590589181580535,5,109,73,5 o más,grande,0,0
Computación Emergente,2425-3,anon_197,2,8,0.0,0,0.9774020034352088,0.679517393927207,0.17374622964005632,0.12355519806957571,0.011590589181580535,0.011590589181580535,5,109,73,5 o más,grande,0,0
Computación Emergente,2425-3,anon_198,2,4,2.0,1-2,0.9774020034352088,0.679517393927207,0.17374622964005632,0.12355519806957571,0.011590589181580535,0.011590589181580535,5,109,73,5 o más,grande,0,0
Computación Emergente,2425-3,anon_198,2,6,2.0,1-2,0.9774020034352088,0.679517393927207,0.17374622964005632,0.12355519806957571,0.011590589181580535,0.011590589181580535,5,109,73,5 o más,grande,0,0
Computación Emergente,2425-3,anon_198,2,8,2.0,1-2,6.580740028841518,0.00010958904109589043,0.2631232876712329,0.42093150684931513,0.1053150684931507,0.2105205479452055,5,109,73,5 o más,grande,0,1
Computación Emergente,2425-3,anon_199,2,4,1.0,1-2,1.226636438500204,0.5986253321523471,0.27210628875110715,0.04422320637732506,0.08163684676705049,0.0034083259521700622,5,109,73,4,grande,0,0
Computación Emergente,2425-3,anon_199,2,6,1.0,1-2,1.226636438500204,0.5986253321523471,0.27210628875110715,0.04422320637732506,0.08163684676705049,0.0034083259521700622,5,109,73,4,grande,0,0
Computación Emergente,2425-3,anon_199,2,8,1.0,1-2,1.226636438500204,0.5986253321523471,0.27210628875110715,0.04422320637732506,0.08163684676705049,0.0034083259521700622,5,109,73,4,grande,0,0
Computación Emergente,2425-3,anon_200,2,4,4.0,3-5,6.817700439125454,8.009611533840609e-05,0.3460953143772527,0.11541850220264317,0.3845414497396877,0.1538646375650781,5,109,73,4,grande,0,1
Computación Emergente,2425-3,anon_200,2,6,4.0,3-5,6.817700439125454,8.009611533840609e-05,0.3460953143772527,0.11541850220264317,0.3845414497396877,0.1538646375650781,5,109,73,4,grande,0,1
Computación Emergente,2425-3,anon_200,2,8,4.0,3-5,1.226636438500204,0.5986253321523471,0.27210628875110715,0.04422320637732506,0.08163684676705049,0.0034083259521700622,5,109,73,4,grande,0,0
Computación Emergente,2425-3,anon_201,2,4,0.0,0,1.226636438500204,0.5986253321523471,0.27210628875110715,0.04422320637732506,0.08163684676705049,0.0034083259521700622,5,109,73,4,grande,0,0
Computación Emergente,2425-3,anon_201,2,6,0.0,0,1.226636438500204,0.5986253321523471,0.27210628875110715,0.04422320637732506,0.08163684676705049,0.0034083259521700622,5,109,73,4,grande,0,0
Computación Emergente,2425-3,anon_201,2,8,0.0,0,1.226636438500204,0.5986253321523471,0.27210628875110715,0.04422320637732506,0.08163684676705049,0.0034083259521700622,5,109,73,4,grande,0,0
Computación Emergente,2425-3,anon_202,2,4,1.0,1-2,1.226636438500204,0.5986253321523471,0.27210628875110715,0.04422320637732506,0.08163684676705049,0.0034083259521700622,5,109,73,4,grande,0,0
Computación Emergente,2425-3,anon_202,2,6,1.0,1-2,6.817700439125454,8.009611533840609e-05,0.3460953143772527,0.11541850220264317,0.3845414497396877,0.1538646375650781,5,109,73,4,grande,0,1
Computación Emergente,2425-3,anon_202,2,8,1.0,1-2,1.226636438500204,0.5986253321523471,0.27210628875110715,0.04422320637732506,0.08163684676705049,0.0034083259521700622,5,109,73,4,grande,0,0
Computación Emergente,2425-3,anon_203,2,4,0.0,0,0.9774020034352088,0.679517393927207,0.17374622964005632,0.12355519806957571,0.011590589181580535,0.011590589181580535,5,109,73,5 o más,grande,0,0
Computación Emergente,2425-3,anon_203,2,6,0.0,0,0.9774020034352088,0.679517393927207,0.17374622964005632,0.12355519806957571,0.011590589181580535,0.011590589181580535,5,109,73,5 o más,grande,0,0
Computación Emergente,2425-3,anon_203,2,8,0.0,0,0.9774020034352088,0.679517393927207,0.17374622964005632,0.12355519806957571,0.011590589181580535,0.011590589181580535,5,109,73,5 o más,grande,0,0
Computación Emergente,2425-3,anon_204,2,4,3.0,3-5,6.817700439125454,8.009611533840609e-05,0.3460953143772527,0.11541850220264317,0.3845414497396877,0.1538646375650781,5,109,73,4,grande,0,1
Computación Emergente,2425-3,anon_204,2,6,3.0,3-5,1.226636438500204,0.5986253321523471,0.27210628875110715,0.04422320637732506,0.08163684676705049,0.0034083259521700622,5,109,73,4,grande,0,0
Computación Emergente,2425-3,anon_204,2,8,3.0,3-5,1.226636438500204,0.5986253321523471,0.27210628875110715,0.04422320637732506,0.08163684676705049,0.0034083259521700622,5,109,73,4,grande,0,0
Computación Emergente,2425-3,anon_205,2,4,0.0,0,1.226636438500204,0.5986253321523471,0.27210628875110715,0.04422320637732506,0.08163684676705049,0.0034083259521700622,5,109,73,4,grande,0,0
Computación Emergente,2425-3,anon_205,2,6,0.0,0,1.226636438500204,0.5986253321523471,0.27210628875110715,0.04422320637732506,0.08163684676705049,0.0034083259521700622,5,109,73,4,grande,0,0
Computación Emergente,2425-3,anon_205,2,8,0.0,0,1.226636438500204,0.5986253321523471,0.27210628875110715,0.04422320637732506,0.08163684676705049,0.0034083259521700622,5,109,73,4,grande,0,0
Computación Emergente,2425-3,anon_206,2,4,1.0,1-2,0.9774020034352088,0.679517393927207,0.17374622964005632,0.12355519806957571,0.011590589181580535,0.011590589181580535,5,109,73,5 o más,grande,0,0
Computación Emergente,2425-3,anon_206,2,6,1.0,1-2,0.9774020034352088,0.679517393927207,0.17374622964005632,0.12355519806957571,0.011590589181580535,0.011590589181580535,5,109,73,5 o más,grande,0,0
Computación Emergente,2425-3,anon_206,2,8,1.0,1-2,0.9774020034352088,0.679517393927207,0.17374622964005632,0.12355519806957571,0.011590589181580535,0.011590589181580535,5,109,73,5 o más,grande,0,0
Computación Emergente,2425-3,anon_207,2,4,0.0,0,0.9774020034352088,0.679517393927207,0.17374622964005632,0.12355519806957571,0.011590589181580535,0.011590589181580535,5,109,73,5 o más,grande,0,0
Computación Emergente,2425-3,anon_207,2,6,0.0,0,0.9774020034352088,0.679517393927207,0.17374622964005632,0.12355519806957571,0.011590589181580535,0.011590589181580535,5,109,73,5 o más,grande,0,0
Computación Emergente,2425-3,anon_207,2,8,0.0,0,0.9774020034352088,0.679517393927207,0.17374622964005632,0.12355519806957571,0.011590589181580535,0.011590589181580535,5,109,73,5 o más,grande,0,0
Computación Emergente,2425-3,anon_208,2,4,1.0,1-2,0.9774020034352088,0.679517393927207,0.17374622964005632,0.12355519806957571,0.011590589181580535,0.011590589181580535,5,109,73,5 o más,grande,0,0
Computación Emergente,2425-3,anon_208,2,6,1.0,1-2,0.9774020034352088,0.679517393927207,0.17374622964005632,0.12355519806957571,0.011590589181580535,0.011590589181580535,5,109,73,5 o más,grande,0,0
Computación Emergente,2425-3,anon_208,2,8,1.0,1-2,0.9774020034352088,0.679517393927207,0.17374622964005632,0.12355519806957571,0.011590589181580535,0.011590589181580535,5,109,73,5 o más,grande,0,0
Computación Emergente,2425-3,anon_209,2,4,1.0,1-2,1.226636438500204,0.5986253321523471,0.27210628875110715,0.04422320637732506,0.08163684676705049,0.0034083259521700622,5,109,73,4,grande,0,0
Computación Emergente,2425-3,anon_209,2,6,1.0,1-2,1.226636438500204,0.5986253321523471,0.27210628875110715,0.04422320637732506,0.08163684676705049,0.0034083259521700622,5,109,73,4,grande,0,0
Computación Emergente,2425-3,anon_209,2,8,1.0,1-2,6.817700439125454,8.009611533840609e-05,0.3460953143772527,0.11541850220264317,0.3845414497396877,0.1538646375650781,5,109,73,4,grande,0,1
Computación Emergente,2425-3,anon_210,2,4,0.0,0,1.226636438500204,0.5986253321523471,0.27210628875110715,0.04422320637732506,0.08163684676705049,0.0034083259521700622,5,109,73,4,grande,0,0
Computación Emergente,2425-3,anon_210,2,6,0.0,0,1.226636438500204,0.5986253321523471,0.27210628875110715,0.04422320637732506,0.08163684676705049,0.0034083259521700622,5,109,73,4,grande,0,0
Computación Emergente,2425-3,anon_210,2,8,0.0,0,1.226636438500204,0.5986253321523471,0.27210628875110715,0.04422320637732506,0.08163684676705049,0.0034083259521700622,5,109,73,4,grande,0,0
Computación Emergente,2425-3,anon_211,2,4,0.0,0,1.226636438500204,0.5986253321523471,0.27210628875110715,0.04422320637732506,0.08163684676705049,0.0034083259521700622,5,109,73,4,grande,0,0
Computación Emergente,2425-3,anon_211,2,6,0.0,0,1.226636438500204,0.5986253321523471,0.27210628875110715,0.04422320637732506,0.08163684676705049,0.0034083259521700622,5,109,73,4,grande,0,0
Computación Emergente,2425-3,anon_211,2,8,0.0,0,1.226636438500204,0.5986253321523471,0.27210628875110715,0.04422320637732506,0.08163684676705049,0.0034083259521700622,5,109,73,4,grande,0,0
Computación Emergente,2425-3,anon_212,2,4,0.0,0,0.9774020034352088,0.679517393927207,0.17374622964005632,0.12355519806957571,0.011590589181580535,0.011590589181580535,5,109,73,5 o más,grande,0,0
Computación Emergente,2425-3,anon_212,2,6,0.0,0,0.9774020034352088,0.679517393927207,0.17374622964005632,0.12355519806957571,0.011590589181580535,0.011590589181580535,5,109,73,5 o más,grande,0,0
Computación Emergente,2425-3,anon_212,2,8,0.0,0,0.9774020034352088,0.679517393927207,0.17374622964005632,0.12355519806957571,0.011590589181580535,0.011590589181580535,5,109,73,5 o más,grande,0,0
Computación Emergente,2425-3,anon_213,2,4,1.0,1-2,0.9774020034352088,0.679517393927207,0.17374622964005632,0.12355519806957571,0.011590589181580535,0.011590589181580535,5,109,73,5 o más,grande,0,0
Computación Emergente,2425-3,anon_213,2,6,1.0,1-2,0.9774020034352088,0.679517393927207,0.17374622964005632,0.12355519806957571,0.011590589181580535,0.011590589181580535,5,109,73,5 o más,grande,0,0
Computación Emergente,2425-3,anon_213,2,8,1.0,1-2,0.9774020034352088,0.679517393927207,0.17374622964005632,0.12355519806957571,0.011590589181580535,0.011590589181580535,5,109,73,5 o más,grande,0,0
Computación Emergente,2425-3,anon_214,2,4,0.0,0,0.9774020034352088,0.679517393927207,0.17374622964005632,0.12355519806957571,0.011590589181580535,0.011590589181580535,5,109,73,5 o más,grande,0,0
Computación Emergente,2425-3,anon_214,2,6,0.0,0,0.9774020034352088,0.679517393927207,0.17374622964005632,0.12355519806957571,0.011590589181580535,0.011590589181580535,5,109,73,5 o más,grande,0,0
Computación Emergente,2425-3,anon_214,2,8,0.0,0,0.9774020034352088,0.679517393927207,0.17374622964005632,0.12355519806957571,0.011590589181580535,0.011590589181580535,5,109,73,5 o más,grande,0,0
Computación Emergente,2425-3,anon_215,2,4,0.0,0,0.9774020034352088,0.679517393927207,0.17374622964005632,0.12355519806957571,0.011590589181580535,0.011590589181580535,5,109,73,5 o más,grande,0,0
Computación Emergente,2425-3,anon_215,2,6,0.0,0,0.9774020034352088,0.679517393927207,0.17374622964005632,0.12355519806957571,0.011590589181580535,0.011590589181580535,5,109,73,5 o más,grande,0,0
Computación Emergente,2425-3,anon_215,2,8,0.0,0,0.9774020034352088,0.679517393927207,0.17374622964005632,0.12355519806957571,0.011590589181580535,0.011590589181580535,5,109,73,5 o más,grande,0,0
Computación Emergente,2425-3,anon_216,2,4,1.0,1-2,1.226636438500204,0.5986253321523471,0.27210628875110715,0.04422320637732506,0.08163684676705049,0.0034083259521700622,5,109,73,4,grande,0,0
Computación Emergente,2425-3,anon_216,2,6,1.0,1-2,1.226636438500204,0.5986253321523471,0.27210628875110715,0.04422320637732506,0.08163684676705049,0.0034083259521700622,5,109,73,4,grande,0,0
Computación Emergente,2425-3,anon_216,2,8,1.0,1-2,1.226636438500204,0.5986253321523471,0.27210628875110715,0.04422320637732506,0.08163684676705049,0.0034083259521700622,5,109,73,4,grande,0,0
Computación Emergente,2425-3,anon_217,2,4,0.0,0,0.9774020034352088,0.679517393927207,0.17374622964005632,0.12355519806957571,0.011590589181580535,0.011590589181580535,5,109,73,5 o más,grande,0,0
Computación Emergente,2425-3,anon_217,2,6,0.0,0,0.9774020034352088,0.679517393927207,0.17374622964005632,0.12355519806957571,0.011590589181580535,0.011590589181580535,5,109,73,5 o más,grande,0,0
Computación Emergente,2425-3,anon_217,2,8,0.0,0,0.9774020034352088,0.679517393927207,0.17374622964005632,0.12355519806957571,0.011590589181580535,0.011590589181580535,5,109,73,5 o más,grande,0,0
Computación Emergente,2425-3,anon_218,2,4,1.0,1-2,0.9774020034352088,0.679517393927207,0.17374622964005632,0.12355519806957571,0.011590589181580535,0.011590589181580535,5,109,73,5 o más,grande,0,0
Computación Emergente,2425-3,anon_218,2,6,1.0,1-2,0.9774020034352088,0.679517393927207,0.17374622964005632,0.12355519806957571,0.011590589181580535,0.011590589181580535,5,109,73,5 o más,grande,0,0
Computación Emergente,2425-3,anon_218,2,8,1.0,1-2,0.9774020034352088,0.679517393927207,0.17374622964005632,0.12355519806957571,0.011590589181580535,0.011590589181580535,5,109,73,5 o más,grande,0,0
Computación Emergente,2425-3,anon_219,2,4,2.0,1-2,0.9774020034352088,0.679517393927207,0.17374622964005632,0.12355519806957571,0.011590589181580535,0.011590589181580535,5,109,73,5 o más,grande,0,0
Computación Emergente,2425-3,anon_219,2,6,2.0,1-2,0.9774020034352088,0.679517393927207,0.17374622964005632,0.12355519806957571,0.011590589181580535,0.011590589181580535,5,109,73,5 o más,grande,0,0
Computación Emergente,2425-3,anon_219,2,8,2.0,1-2,6.580740028841518,0.00010958904109589043,0.2631232876712329,0.42093150684931513,0.1053150684931507,0.2105205479452055,5,109,73,5 o más,grande,0,1
Computación Emergente,2425-3,anon_185,2,4,0.0,0,0.9774020034352088,0.679517393927207,0.17374622964005632,0.12355519806957571,0.011590589181580535,0.011590589181580535,5,109,73,5 o más,grande,0,0
Computación Emergente,2425-3,anon_185,2,6,0.0,0,0.9774020034352088,0.679517393927207,0.17374622964005632,0.12355519806957571,0.011590589181580535,0.011590589181580535,5,109,73,5 o más,grande,0,0
Computación Emergente,2425-3,anon_185,2,8,0.0,0,0.9774020034352088,0.679517393927207,0.17374622964005632,0.12355519806957571,0.011590589181580535,0.011590589181580535,5,109,73,5 o más,grande,0,0
Computación Emergente,2425-3,anon_148,1,4,1.0,1-2,1.226636438500204,0.5986253321523471,0.27210628875110715,0.04422320637732506,0.08163684676705049,0.0034083259521700622,5,109,73,4,grande,0,0
Computación Emergente,2425-3,anon_148,1,6,1.0,1-2,6.108552716851383,0.00010411244143675168,0.3499219156689224,0.15002602811035917,0.3998958875585632,0.10005205622071836,5,109,73,4,grande,1,0
Computación Emergente,2425-3,anon_148,1,8,1.0,1-2,1.226636438500204,0.5986253321523471,0.27210628875110715,0.04422320637732506,0.08163684676705049,0.0034083259521700622,5,109,73,4,grande,0,0
Computación Emergente,2425-3,anon_149,1,4,5.0,3-5,1.226636438500204,0.5986253321523471,0.27210628875110715,0.04422320637732506,0.08163684676705049,0.0034083259521700622,5,109,73,4,grande,0,0
Computación Emergente,2425-3,anon_149,1,6,5.0,3-5,6.108552716851383,0.00010411244143675168,0.3499219156689224,0.15002602811035917,0.3998958875585632,0.10005205622071836,5,109,73,4,grande,1,0
Computación Emergente,2425-3,anon_149,1,8,5.0,3-5,6.817700439125454,8.009611533840609e-05,0.3460953143772527,0.11541850220264317,0.3845414497396877,0.1538646375650781,5,109,73,4,grande,0,1
Computación Emergente,2425-3,anon_150,1,4,4.0,3-5,1.226636438500204,0.5986253321523471,0.27210628875110715,0.04422320637732506,0.08163684676705049,0.0034083259521700622,5,109,73,4,grande,0,0
Computación Emergente,2425-3,anon_150,1,6,4.0,3-5,6.108552716851383,0.00010411244143675168,0.3499219156689224,0.15002602811035917,0.3998958875585632,0.10005205622071836,5,109,73,4,grande,1,0
Computación Emergente,2425-3,anon_150,1,8,4.0,3-5,1.226636438500204,0.5986253321523471,0.27210628875110715,0.04422320637732506,0.08163684676705049,0.0034083259521700622,5,109,73,4,grande,0,0
Computación Emergente,2425-3,anon_151,1,4,1.0,1-2,0.9774020034352088,0.679517393927207,0.17374622964005632,0.12355519806957571,0.011590589181580535,0.011590589181580535,5,109,73,5 o más,grande,0,0
Computación Emergente,2425-3,anon_151,1,6,1.0,1-2,0.9774020034352088,0.679517393927207,0.17374622964005632,0.12355519806957571,0.011590589181580535,0.011590589181580535,5,109,73,5 o más,grande,0,0
Computación Emergente,2425-3,anon_151,1,8,1.0,1-2,6.580740028841518,0.00010958904109589043,0.2631232876712329,0.42093150684931513,0.1053150684931507,0.2105205479452055,5,109,73,5 o más,grande,0,1
Computación Emergente,2425-3,anon_152,1,4,4.0,3-5,0.9774020034352088,0.679517393927207,0.17374622964005632,0.12355519806957571,0.011590589181580535,0.011590589181580535,5,109,73,5 o más,grande,0,0
Computación Emergente,2425-3,anon_152,1,6,4.0,3-5,6.335659443549964,0.00012247397428046542,0.2940600122473975,0.35284751990202085,0.17648499693815067,0.17648499693815067,5,109,73,5 o más,grande,1,0
Computación Emergente,2425-3,anon_152,1,8,4.0,3-5,0.9774020034352088,0.679517393927207,0.17374622964005632,0.12355519806957571,0.011590589181580535,0.011590589181580535,5,109,73,5 o más,grande,0,0
Computación Emergente,2425-3,anon_153,1,4,0.0,0,0.9774020034352088,0.679517393927207,0.17374622964005632,0.12355519806957571,0.011590589181580535,0.011590589181580535,5,109,73,5 o más,grande,0,0
Computación Emergente,2425-3,anon_153,1,6,0.0,0,0.9774020034352088,0.679517393927207,0.17374622964005632,0.12355519806957571,0.011590589181580535,0.011590589181580535,5,109,73,5 o más,grande,0,0
Computación Emergente,2425-3,anon_153,1,8,0.0,0,0.9774020034352088,0.679517393927207,0.17374622964005632,0.12355519806957571,0.011590589181580535,0.011590589181580535,5,109,73,5 o más,grande,0,0
Computación Emergente,2425-3,anon_154,1,4,0.0,0,0.9774020034352088,0.679517393927207,0.17374622964005632,0.12355519806957571,0.011590589181580535,0.011590589181580535,5,109,73,5 o más,grande,0,0
Computación Emergente,2425-3,anon_154,1,6,0.0,0,0.9774020034352088,0.679517393927207,0.17374622964005632,0.12355519806957571,0.011590589181580535,0.011590589181580535,5,109,73,5 o más,grande,0,0
Computación Emergente,2425-3,anon_154,1,8,0.0,0,0.9774020034352088,0.679517393927207,0.17374622964005632,0.12355519806957571,0.011590589181580535,0.011590589181580535,5,109,73,5 o más,grande,0,0
Computación Emergente,2425-3,anon_155,1,4,5.0,3-5,1.226636438500204,0.5986253321523471,0.27210628875110715,0.04422320637732506,0.08163684676705049,0.0034083259521700622,5,109,73,4,grande,0,0
Computación Emergente,2425-3,anon_155,1,6,5.0,3-5,6.108552716851383,0.00010411244143675168,0.3499219156689224,0.15002602811035917,0.3998958875585632,0.10005205622071836,5,109,73,4,grande,1,0
Computación Emergente,2425-3,anon_155,1,8,5.0,3-5,1.226636438500204,0.5986253321523471,0.27210628875110715,0.04422320637732506,0.08163684676705049,0.0034083259521700622,5,109,73,4,grande,0,0
Computación Emergente,2425-3,anon_156,1,4,0.0,0,1.226636438500204,0.5986253321523471,0.27210628875110715,0.04422320637732506,0.08163684676705049,0.0034083259521700622,5,109,73,4,grande,0,0
Computación Emergente,2425-3,anon_156,1,6,0.0,0,1.226636438500204,0.5986253321523471,0.27210628875110715,0.04422320637732506,0.08163684676705049,0.0034083259521700622,5,109,73,4,grande,0,0
Computación Emergente,2425-3,anon_156,1,8,0.0,0,1.226636438500204,0.5986253321523471,0.27210628875110715,0.04422320637732506,0.08163684676705049,0.0034083259521700622,5,109,73,4,grande,0,0
Computación Emergente,2425-3,anon_157,1,4,2.0,1-2,1.226636438500204,0.5986253321523471,0.27210628875110715,0.04422320637732506,0.08163684676705049,0.0034083259521700622,5,109,73,4,grande,0,0
Computación Emergente,2425-3,anon_157,1,6,2.0,1-2,1.226636438500204,0.5986253321523471,0.27210628875110715,0.04422320637732506,0.08163684676705049,0.0034083259521700622,5,109,73,4,grande,0,0
Computación Emergente,2425-3,anon_157,1,8,2.0,1-2,1.226636438500204,0.5986253321523471,0.27210628875110715,0.04422320637732506,0.08163684676705049,0.0034083259521700622,5,109,73,4,grande,0,0
Computación Emergente,2425-3,anon_158,1,4,0.0,0,1.226636438500204,0.5986253321523471,0.27210628875110715,0.04422320637732506,0.08163684676705049,0.0034083259521700622,5,109,73,4,grande,0,0
Computación Emergente,2425-3,anon_158,1,6,0.0,0,1.226636438500204,0.5986253321523471,0.27210628875110715,0.04422320637732506,0.08163684676705049,0.0034083259521700622,5,109,73,4,grande,0,0
Computación Emergente,2425-3,anon_158,1,8,0.0,0,1.226636438500204,0.5986253321523471,0.27210628875110715,0.04422320637732506,0.08163684676705049,0.0034083259521700622,5,109,73,4,grande,0,0
Computación Emergente,2425-3,anon_159,1,4,1.0,1-2,1.226636438500204,0.5986253321523471,0.27210628875110715,0.04422320637732506,0.08163684676705049,0.0034083259521700622,5,109,73,4,grande,0,0
Computación Emergente,2425-3,anon_159,1,6,1.0,1-2,6.108552716851383,0.00010411244143675168,0.3499219156689224,0.15002602811035917,0.3998958875585632,0.10005205622071836,5,109,73,4,grande,1,0
Computación Emergente,2425-3,anon_159,1,8,1.0,1-2,1.226636438500204,0.5986253321523471,0.27210628875110715,0.04422320637732506,0.08163684676705049,0.0034083259521700622,5,109,73,4,grande,0,0
Computación Emergente,2425-3,anon_160,1,4,1.0,1-2,0.9774020034352088,0.679517393927207,0.17374622964005632,0.12355519806957571,0.011590589181580535,0.011590589181580535,5,109,73,5 o más,grande,0,0
Computación Emergente,2425-3,anon_160,1,6,1.0,1-2,6.335659443549964,0.00012247397428046542,0.2940600122473975,0.35284751990202085,0.17648499693815067,0.17648499693815067,5,109,73,5 o más,grande,1,0
Computación Emergente,2425-3,anon_160,1,8,1.0,1-2,0.9774020034352088,0.679517393927207,0.17374622964005632,0.12355519806957571,0.011590589181580535,0.011590589181580535,5,109,73,5 o más,grande,0,0
Computación Emergente,2425-3,anon_161,1,4,0.0,0,0.9774020034352088,0.679517393927207,0.17374622964005632,0.12355519806957571,0.011590589181580535,0.011590589181580535,5,109,73,5 o más,grande,0,0
Computación Emergente,2425-3,anon_161,1,6,0.0,0,0.9774020034352088,0.679517393927207,0.17374622964005632,0.12355519806957571,0.011590589181580535,0.011590589181580535,5,109,73,5 o más,grande,0,0
Computación Emergente,2425-3,anon_161,1,8,0.0,0,0.9774020034352088,0.679517393927207,0.17374622964005632,0.12355519806957571,0.011590589181580535,0.011590589181580535,5,109,73,5 o más,grande,0,0
Computación Emergente,2425-3,anon_162,1,4,0.0,0,3.427691941726313,0.5237559927260703,3.3063316250619935e-05,0.25395933212101174,0.1587369813192263,0.0635146305174409,5,109,73,3,grande,0,0
Computación Emergente,2425-3,anon_162,1,6,0.0,0,3.427691941726313,0.5237559927260703,3.3063316250619935e-05,0.25395933212101174,0.1587369813192263,0.0635146305174409,5,109,73,3,grande,0,0
Computación Emergente,2425-3,anon_162,1,8,0.0,0,3.427691941726313,0.5237559927260703,3.3063316250619935e-05,0.25395933212101174,0.1587369813192263,0.0635146305174409,5,109,73,3,grande,0,0
Computación Emergente,2425-3,anon_163,1,4,0.0,0,3.427691941726313,0.5237559927260703,3.3063316250619935e-05,0.25395933212101174,0.1587369813192263,0.0635146305174409,5,109,73,3,grande,0,0
Computación Emergente,2425-3,anon_163,1,6,0.0,0,3.427691941726313,0.5237559927260703,3.3063316250619935e-05,0.25395933212101174,0.1587369813192263,0.0635146305174409,5,109,73,3,grande,0,0
Computación Emergente,2425-3,anon_163,1,8,0.0,0,3.427691941726313,0.5237559927260703,3.3063316250619935e-05,0.25395933212101174,0.1587369813192263,0.0635146305174409,5,109,73,3,grande,0,0
Computación Emergente,2425-3,anon_164,1,4,5.0,3-5,6.817700439125454,8.009611533840609e-05,0.3460953143772527,0.11541850220264317,0.3845414497396877,0.1538646375650781,5,109,73,4,grande,0,1
Computación Emergente,2425-3,anon_164,1,6,5.0,3-5,6.108552716851383,0.00010411244143675168,0.3499219156689224,0.15002602811035917,0.3998958875585632,0.10005205622071836,5,109,73,4,grande,1,0
Computación Emergente,2425-3,anon_164,1,8,5.0,3-5,6.817700439125454,8.009611533840609e-05,0.3460953143772527,0.11541850220264317,0.3845414497396877,0.1538646375650781,5,109,73,4,grande,0,1
Computación Emergente,2425-3,anon_165,1,4,6.0,6-11,6.817700439125454,8.009611533840609e-05,0.3460953143772527,0.11541850220264317,0.3845414497396877,0.1538646375650781,5,109,73,4,grande,0,1
Computación Emergente,2425-3,anon_165,1,6,6.0,6-11,6.108552716851383,0.00010411244143675168,0.3499219156689224,0.15002602811035917,0.3998958875585632,0.10005205622071836,5,109,73,4,grande,1,0
Computación Emergente,2425-3,anon_165,1,8,6.0,6-11,6.817700439125454,8.009611533840609e-05,0.3460953143772527,0.11541850220264317,0.3845414497396877,0.1538646375650781,5,109,73,4,grande,0,1
Computación Emergente,2425-3,anon_166,1,4,2.0,1-2,1.226636438500204,0.5986253321523471,0.27210628875110715,0.04422320637732506,0.08163684676705049,0.0034083259521700622,5,109,73,4,grande,0,0
Computación Emergente,2425-3,anon_166,1,6,2.0,1-2,1.226636438500204,0.5986253321523471,0.27210628875110715,0.04422320637732506,0.08163684676705049,0.0034083259521700622,5,109,73,4,grande,0,0
Computación Emergente,2425-3,anon_166,1,8,2.0,1-2,6.817700439125454,8.009611533840609e-05,0.3460953143772527,0.11541850220264317,0.3845414497396877,0.1538646375650781,5,109,73,4,grande,0,1
Computación Emergente,2425-3,anon_167,1,4,0.0,0,3.427691941726313,0.5237559927260703,3.3063316250619935e-05,0.25395933212101174,0.1587369813192263,0.0635146305174409,5,109,73,3,grande,0,0
Computación Emergente,2425-3,anon_167,1,6,0.0,0,3.427691941726313,0.5237559927260703,3.3063316250619935e-05,0.25395933212101174,0.1587369813192263,0.0635146305174409,5,109,73,3,grande,0,0
Computación Emergente,2425-3,anon_167,1,8,0.0,0,3.427691941726313,0.5237559927260703,3.3063316250619935e-05,0.25395933212101174,0.1587369813192263,0.0635146305174409,5,109,73,3,grande,0,0
Computación Emergente,2425-3,anon_168,1,4,5.0,3-5,3.427691941726313,0.5237559927260703,3.3063316250619935e-05,0.25395933212101174,0.1587369813192263,0.0635146305174409,5,109,73,3,grande,0,0
Computación Emergente,2425-3,anon_168,1,6,5.0,3-5,9.051690455247535,0.0002971768202080238,0.0002971768202080238,0.14294205052005945,0.7135215453194651,0.14294205052005945,5,109,73,3,grande,1,0
Computación Emergente,2425-3,anon_168,1,8,5.0,3-5,11.992130215021728,0.00017346053772766696,0.00017346053772766696,0.08343451864700782,0.4997398091934085,0.41647875108412835,5,109,73,3,grande,0,1
Computación Emergente,2425-3,anon_169,1,4,0.0,0,1.226636438500204,0.5986253321523471,0.27210628875110715,0.04422320637732506,0.08163684676705049,0.0034083259521700622,5,109,73,4,grande,0,0
Computación Emergente,2425-3,anon_169,1,6,0.0,0,1.226636438500204,0.5986253321523471,0.27210628875110715,0.04422320637732506,0.08163684676705049,0.0034083259521700622,5,109,73,4,grande,0,0
Computación Emergente,2425-3,anon_169,1,8,0.0,0,1.226636438500204,0.5986253321523471,0.27210628875110715,0.04422320637732506,0.08163684676705049,0.0034083259521700622,5,109,73,4,grande,0,0
Computación Emergente,2425-3,anon_170,1,4,0.0,0,3.427691941726313,0.5237559927260703,3.3063316250619935e-05,0.25395933212101174,0.1587369813192263,0.0635146305174409,5,109,73,3,grande,0,0
Computación Emergente,2425-3,anon_170,1,6,0.0,0,3.427691941726313,0.5237559927260703,3.3063316250619935e-05,0.25395933212101174,0.1587369813192263,0.0635146305174409,5,109,73,3,grande,0,0
Computación Emergente,2425-3,anon_170,1,8,0.0,0,3.427691941726313,0.5237559927260703,3.3063316250619935e-05,0.25395933212101174,0.1587369813192263,0.0635146305174409,5,109,73,3,grande,0,0
Computación Emergente,2425-3,anon_171,1,4,3.0,3-5,6.817700439125454,8.009611533840609e-05,0.3460953143772527,0.11541850220264317,0.3845414497396877,0.1538646375650781,5,109,73,4,grande,0,1
Computación Emergente,2425-3,anon_171,1,6,3.0,3-5,6.108552716851383,0.00010411244143675168,0.3499219156689224,0.15002602811035917,0.3998958875585632,0.10005205622071836,5,109,73,4,grande,1,0
Computación Emergente,2425-3,anon_171,1,8,3.0,3-5,1.226636438500204,0.5986253321523471,0.27210628875110715,0.04422320637732506,0.08163684676705049,0.0034083259521700622,5,109,73,4,grande,0,0
Computación Emergente,2425-3,anon_172,1,4,0.0,0,1.226636438500204,0.5986253321523471,0.27210628875110715,0.04422320637732506,0.08163684676705049,0.0034083259521700622,5,109,73,4,grande,0,0
Computación Emergente,2425-3,anon_172,1,6,0.0,0,1.226636438500204,0.5986253321523471,0.27210628875110715,0.04422320637732506,0.08163684676705049,0.0034083259521700622,5,109,73,4,grande,0,0
Computación Emergente,2425-3,anon_172,1,8,0.0,0,1.226636438500204,0.5986253321523471,0.27210628875110715,0.04422320637732506,0.08163684676705049,0.0034083259521700622,5,109,73,4,grande,0,0
Computación Emergente,2425-3,anon_173,1,4,6.0,6-11,6.817700439125454,8.009611533840609e-05,0.3460953143772527,0.11541850220264317,0.3845414497396877,0.1538646375650781,5,109,73,4,grande,0,1
Computación Emergente,2425-3,anon_173,1,6,6.0,6-11,6.108552716851383,0.00010411244143675168,0.3499219156689224,0.15002602811035917,0.3998958875585632,0.10005205622071836,5,109,73,4,grande,1,0
Computación Emergente,2425-3,anon_173,1,8,6.0,6-11,6.817700439125454,8.009611533840609e-05,0.3460953143772527,0.11541850220264317,0.3845414497396877,0.1538646375650781,5,109,73,4,grande,0,1
Computación Emergente,2425-3,anon_174,1,4,6.0,6-11,11.992130215021728,0.00017346053772766696,0.00017346053772766696,0.08343451864700782,0.4997398091934085,0.41647875108412835,5,109,73,3,grande,0,1
Computación Emergente,2425-3,anon_174,1,6,6.0,6-11,9.051690455247535,0.0002971768202080238,0.0002971768202080238,0.14294205052005945,0.7135215453194651,0.14294205052005945,5,109,73,3,grande,1,0
Computación Emergente,2425-3,anon_174,1,8,6.0,6-11,11.992130215021728,0.00017346053772766696,0.00017346053772766696,0.08343451864700782,0.4997398091934085,0.41647875108412835,5,109,73,3,grande,0,1
Computación Emergente,2425-3,anon_175,1,4,0.0,0,0.9774020034352088,0.679517393927207,0.17374622964005632,0.12355519806957571,0.011590589181580535,0.011590589181580535,5,109,73,5 o más,grande,0,0
Computación Emergente,2425-3,anon_175,1,6,0.0,0,0.9774020034352088,0.679517393927207,0.17374622964005632,0.12355519806957571,0.011590589181580535,0.011590589181580535,5,109,73,5 o más,grande,0,0
Computación Emergente,2425-3,anon_175,1,8,0.0,0,0.9774020034352088,0.679517393927207,0.17374622964005632,0.12355519806957571,0.011590589181580535,0.011590589181580535,5,109,73,5 o más,grande,0,0
Computación Emergente,2425-3,anon_176,1,4,6.0,6-11,6.817700439125454,8.009611533840609e-05,0.3460953143772527,0.11541850220264317,0.3845414497396877,0.1538646375650781,5,109,73,4,grande,0,1
Computación Emergente,2425-3,anon_176,1,6,6.0,6-11,6.108552716851383,0.00010411244143675168,0.3499219156689224,0.15002602811035917,0.3998958875585632,0.10005205622071836,5,109,73,4,grande,1,0
Computación Emergente,2425-3,anon_176,1,8,6.0,6-11,6.817700439125454,8.009611533840609e-05,0.3460953143772527,0.11541850220264317,0.3845414497396877,0.1538646375650781,5,109,73,4,grande,0,1
Computación Emergente,2425-3,anon_177,1,4,3.0,3-5,0.9774020034352088,0.679517393927207,0.17374622964005632,0.12355519806957571,0.011590589181580535,0.011590589181580535,5,109,73,5 o más,grande,0,0
Computación Emergente,2425-3,anon_177,1,6,3.0,3-5,0.9774020034352088,0.679517393927207,0.17374622964005632,0.12355519806957571,0.011590589181580535,0.011590589181580535,5,109,73,5 o más,grande,0,0
Computación Emergente,2425-3,anon_177,1,8,3.0,3-5,0.9774020034352088,0.679517393927207,0.17374622964005632,0.12355519806957571,0.011590589181580535,0.011590589181580535,5,109,73,5 o más,grande,0,0
Computación Emergente,2425-3,anon_178,1,4,3.0,3-5,3.427691941726313,0.5237559927260703,3.3063316250619935e-05,0.25395933212101174,0.1587369813192263,0.0635146305174409,5,109,73,3,grande,0,0
Computación Emergente,2425-3,anon_178,1,6,3.0,3-5,9.051690455247535,0.0002971768202080238,0.0002971768202080238,0.14294205052005945,0.7135215453194651,0.14294205052005945,5,109,73,3,grande,1,0
Computación Emergente,2425-3,anon_178,1,8,3.0,3-5,11.992130215021728,0.00017346053772766696,0.00017346053772766696,0.08343451864700782,0.4997398091934085,0.41647875108412835,5,109,73,3,grande,0,1
Computación Emergente,2425-3,anon_179,1,4,0.0,0,1.226636438500204,0.5986253321523471,0.27210628875110715,0.04422320637732506,0.08163684676705049,0.0034083259521700622,5,109,73,4,grande,0,0
Computación Emergente,2425-3,anon_179,1,6,0.0,0,1.226636438500204,0.5986253321523471,0.27210628875110715,0.04422320637732506,0.08163684676705049,0.0034083259521700622,5,109,73,4,grande,0,0
Computación Emergente,2425-3,anon_179,1,8,0.0,0,1.226636438500204,0.5986253321523471,0.27210628875110715,0.04422320637732506,0.08163684676705049,0.0034083259521700622,5,109,73,4,grande,0,0
Computación Emergente,2425-3,anon_180,1,4,0.0,0,1.226636438500204,0.5986253321523471,0.27210628875110715,0.04422320637732506,0.08163684676705049,0.0034083259521700622,5,109,73,4,grande,0,0
Computación Emergente,2425-3,anon_180,1,6,0.0,0,1.226636438500204,0.5986253321523471,0.27210628875110715,0.04422320637732506,0.08163684676705049,0.0034083259521700622,5,109,73,4,grande,0,0
Computación Emergente,2425-3,anon_180,1,8,0.0,0,1.226636438500204,0.5986253321523471,0.27210628875110715,0.04422320637732506,0.08163684676705049,0.0034083259521700622,5,109,73,4,grande,0,0
Computación Emergente,2425-3,anon_181,1,4,3.0,3-5,1.226636438500204,0.5986253321523471,0.27210628875110715,0.04422320637732506,0.08163684676705049,0.0034083259521700622,5,109,73,4,grande,0,0
Computación Emergente,2425-3,anon_181,1,6,3.0,3-5,1.226636438500204,0.5986253321523471,0.27210628875110715,0.04422320637732506,0.08163684676705049,0.0034083259521700622,5,109,73,4,grande,0,0
Computación Emergente,2425-3,anon_181,1,8,3.0,3-5,1.226636438500204,0.5986253321523471,0.27210628875110715,0.04422320637732506,0.08163684676705049,0.0034083259521700622,5,109,73,4,grande,0,0
Computación Emergente,2425-3,anon_182,1,4,4.0,3-5,1.226636438500204,0.5986253321523471,0.27210628875110715,0.04422320637732506,0.08163684676705049,0.0034083259521700622,5,109,73,4,grande,0,0
Computación Emergente,2425-3,anon_182,1,6,4.0,3-5,1.226636438500204,0.5986253321523471,0.27210628875110715,0.04422320637732506,0.08163684676705049,0.0034083259521700622,5,109,73,4,grande,0,0
Computación Emergente,2425-3,anon_182,1,8,4.0,3-5,6.817700439125454,8.009611533840609e-05,0.3460953143772527,0.11541850220264317,0.3845414497396877,0.1538646375650781,5,109,73,4,grande,0,1
Computación Emergente,2425-3,anon_183,1,4,7.0,6-11,6.817700439125454,8.009611533840609e-05,0.3460953143772527,0.11541850220264317,0.3845414497396877,0.1538646375650781,5,109,73,4,grande,0,1
Computación Emergente,2425-3,anon_183,1,6,7.0,6-11,6.108552716851383,0.00010411244143675168,0.3499219156689224,0.15002602811035917,0.3998958875585632,0.10005205622071836,5,109,73,4,grande,1,0
Computación Emergente,2425-3,anon_183,1,8,7.0,6-11,6.817700439125454,8.009611533840609e-05,0.3460953143772527,0.11541850220264317,0.3845414497396877,0.1538646375650781,5,109,73,4,grande,0,1
Computación Emergente,2425-3,anon_184,1,4,1.0,1-2,0.9774020034352088,0.679517393927207,0.17374622964005632,0.12355519806957571,0.011590589181580535,0.011590589181580535,5,109,73,5 o más,grande,0,0
Computación Emergente,2425-3,anon_184,1,6,1.0,1-2,6.335659443549964,0.00012247397428046542,0.2940600122473975,0.35284751990202085,0.17648499693815067,0.17648499693815067,5,109,73,5 o más,grande,1,0
Computación Emergente,2425-3,anon_184,1,8,1.0,1-2,0.9774020034352088,0.679517393927207,0.17374622964005632,0.12355519806957571,0.011590589181580535,0.011590589181580535,5,109,73,5 o más,grande,0,0
Computación Emergente,2425-3,anon_185,1,4,0.0,0,0.9774020034352088,0.679517393927207,0.17374622964005632,0.12355519806957571,0.011590589181580535,0.011590589181580535,5,109,73,5 o más,grande,0,0
Computación Emergente,2425-3,anon_185,1,6,0.0,0,0.9774020034352088,0.679517393927207,0.17374622964005632,0.12355519806957571,0.011590589181580535,0.011590589181580535,5,109,73,5 o más,grande,0,0
Computación Emergente,2425-3,anon_185,1,8,0.0,0,0.9774020034352088,0.679517393927207,0.17374622964005632,0.12355519806957571,0.011590589181580535,0.011590589181580535,5,109,73,5 o más,grande,0,0
Computación Emergente,2526-1,anon_220,1,4,1.0,1-2,6.487142524994187,0.2,0.2,0.2,0.2,0.2,5,154,28,5 o más,pequeño,0,0
Computación Emergente,2526-1,anon_220,1,6,1.0,1-2,6.487142524994187,0.2,0.2,0.2,0.2,0.2,5,154,28,5 o más,pequeño,0,0
Computación Emergente,2526-1,anon_220,1,8,1.0,1-2,6.487142524994187,0.2,0.2,0.2,0.2,0.2,5,154,28,5 o más,pequeño,0,0
Computación Emergente,2526-1,anon_221,1,4,13.0,12 o más,6.487142524994187,0.2,0.2,0.2,0.2,0.2,5,154,28,3,pequeño,1,2
Computación Emergente,2526-1,anon_221,1,6,13.0,12 o más,6.487142524994187,0.2,0.2,0.2,0.2,0.2,5,154,28,3,pequeño,1,1
Computación Emergente,2526-1,anon_221,1,8,13.0,12 o más,6.487142524994187,0.2,0.2,0.2,0.2,0.2,5,154,28,3,pequeño,1,2
Computación Emergente,2526-1,anon_222,1,4,1.0,1-2,6.487142524994187,0.2,0.2,0.2,0.2,0.2,5,154,28,5 o más,pequeño,0,1
Computación Emergente,2526-1,anon_222,1,6,1.0,1-2,6.487142524994187,0.2,0.2,0.2,0.2,0.2,5,154,28,5 o más,pequeño,0,0
Computación Emergente,2526-1,anon_222,1,8,1.0,1-2,6.487142524994187,0.2,0.2,0.2,0.2,0.2,5,154,28,5 o más,pequeño,0,0
Computación Emergente,2526-1,anon_223,1,4,3.0,3-5,6.487142524994187,0.2,0.2,0.2,0.2,0.2,5,154,28,5 o más,pequeño,0,0
Computación Emergente,2526-1,anon_223,1,6,3.0,3-5,6.487142524994187,0.2,0.2,0.2,0.2,0.2,5,154,28,5 o más,pequeño,0,2
Computación Emergente,2526-1,anon_223,1,8,3.0,3-5,6.487142524994187,0.2,0.2,0.2,0.2,0.2,5,154,28,5 o más,pequeño,0,0
Computación Emergente,2526-1,anon_224,1,4,8.0,6-11,6.487142524994187,0.2,0.2,0.2,0.2,0.2,5,154,28,3,pequeño,0,3 o más
Computación Emergente,2526-1,anon_224,1,6,8.0,6-11,6.487142524994187,0.2,0.2,0.2,0.2,0.2,5,154,28,3,pequeño,1,0
Computación Emergente,2526-1,anon_224,1,8,8.0,6-11,6.487142524994187,0.2,0.2,0.2,0.2,0.2,5,154,28,3,pequeño,0,1
Computación Emergente,2526-1,anon_225,1,4,1.0,1-2,6.487142524994187,0.2,0.2,0.2,0.2,0.2,5,154,28,4,pequeño,0,0
Computación Emergente,2526-1,anon_225,1,6,1.0,1-2,6.487142524994187,0.2,0.2,0.2,0.2,0.2,5,154,28,4,pequeño,0,0
Computación Emergente,2526-1,anon_225,1,8,1.0,1-2,6.487142524994187,0.2,0.2,0.2,0.2,0.2,5,154,28,4,pequeño,0,0
Computación Emergente,2526-1,anon_226,1,4,5.0,3-5,6.487142524994187,0.2,0.2,0.2,0.2,0.2,5,154,28,5 o más,pequeño,1,1
Computación Emergente,2526-1,anon_226,1,6,5.0,3-5,6.487142524994187,0.2,0.2,0.2,0.2,0.2,5,154,28,5 o más,pequeño,1,0
Computación Emergente,2526-1,anon_226,1,8,5.0,3-5,6.487142524994187,0.2,0.2,0.2,0.2,0.2,5,154,28,5 o más,pequeño,0,1
Computación Emergente,2526-1,anon_227,1,4,4.0,3-5,6.487142524994187,0.2,0.2,0.2,0.2,0.2,5,154,28,5 o más,pequeño,1,2
Computación Emergente,2526-1,anon_227,1,6,4.0,3-5,6.487142524994187,0.2,0.2,0.2,0.2,0.2,5,154,28,5 o más,pequeño,0,0
Computación Emergente,2526-1,anon_227,1,8,4.0,3-5,6.487142524994187,0.2,0.2,0.2,0.2,0.2,5,154,28,5 o más,pequeño,0,1
Computación Emergente,2526-1,anon_228,1,4,15.0,12 o más,6.487142524994187,0.2,0.2,0.2,0.2,0.2,5,154,28,3,pequeño,1,2
Computación Emergente,2526-1,anon_228,1,6,15.0,12 o más,6.487142524994187,0.2,0.2,0.2,0.2,0.2,5,154,28,3,pequeño,1,2
Computación Emergente,2526-1,anon_228,1,8,15.0,12 o más,6.487142524994187,0.2,0.2,0.2,0.2,0.2,5,154,28,3,pequeño,1,2
Computación Emergente,2526-1,anon_229,1,4,1.0,1-2,6.487142524994187,0.2,0.2,0.2,0.2,0.2,5,154,28,5 o más,pequeño,0,0
Computación Emergente,2526-1,anon_229,1,6,1.0,1-2,6.487142524994187,0.2,0.2,0.2,0.2,0.2,5,154,28,5 o más,pequeño,1,0
Computación Emergente,2526-1,anon_229,1,8,1.0,1-2,6.487142524994187,0.2,0.2,0.2,0.2,0.2,5,154,28,5 o más,pequeño,0,0
Computación Emergente,2526-1,anon_230,1,4,1.0,1-2,6.487142524994187,0.2,0.2,0.2,0.2,0.2,5,154,28,5 o más,pequeño,0,0
Computación Emergente,2526-1,anon_230,1,6,1.0,1-2,6.487142524994187,0.2,0.2,0.2,0.2,0.2,5,154,28,5 o más,pequeño,0,0
Computación Emergente,2526-1,anon_230,1,8,1.0,1-2,6.487142524994187,0.2,0.2,0.2,0.2,0.2,5,154,28,5 o más,pequeño,0,0
Computación Emergente,2526-1,anon_231,1,4,4.0,3-5,6.487142524994187,0.2,0.2,0.2,0.2,0.2,5,154,28,3,pequeño,1,1
Computación Emergente,2526-1,anon_231,1,6,4.0,3-5,6.487142524994187,0.2,0.2,0.2,0.2,0.2,5,154,28,3,pequeño,0,0
Computación Emergente,2526-1,anon_231,1,8,4.0,3-5,6.487142524994187,0.2,0.2,0.2,0.2,0.2,5,154,28,3,pequeño,0,1
Computación Emergente,2526-1,anon_232,1,4,8.0,6-11,6.487142524994187,0.2,0.2,0.2,0.2,0.2,5,154,28,3,pequeño,1,1
Computación Emergente,2526-1,anon_232,1,6,8.0,6-11,6.487142524994187,0.2,0.2,0.2,0.2,0.2,5,154,28,3,pequeño,1,2
Computación Emergente,2526-1,anon_232,1,8,8.0,6-11,6.487142524994187,0.2,0.2,0.2,0.2,0.2,5,154,28,3,pequeño,1,0
Computación Emergente,2526-1,anon_233,1,4,0.0,0,6.487142524994187,0.2,0.2,0.2,0.2,0.2,5,154,28,4,pequeño,0,0
Computación Emergente,2526-1,anon_233,1,6,0.0,0,6.487142524994187,0.2,0.2,0.2,0.2,0.2,5,154,28,4,pequeño,0,0
Computación Emergente,2526-1,anon_233,1,8,0.0,0,6.487142524994187,0.2,0.2,0.2,0.2,0.2,5,154,28,4,pequeño,0,0
Computación Emergente,2526-1,anon_234,1,4,5.0,3-5,6.487142524994187,0.2,0.2,0.2,0.2,0.2,5,154,28,5 o más,pequeño,0,3 o más
Computación Emergente,2526-1,anon_234,1,6,5.0,3-5,6.487142524994187,0.2,0.2,0.2,0.2,0.2,5,154,28,5 o más,pequeño,0,0
Computación Emergente,2526-1,anon_234,1,8,5.0,3-5,6.487142524994187,0.2,0.2,0.2,0.2,0.2,5,154,28,5 o más,pequeño,0,0
Computación Emergente,2526-1,anon_174,1,4,0.0,0,6.487142524994187,0.2,0.2,0.2,0.2,0.2,5,154,28,3,pequeño,0,0
Computación Emergente,2526-1,anon_174,1,6,0.0,0,6.487142524994187,0.2,0.2,0.2,0.2,0.2,5,154,28,3,pequeño,0,0
Computación Emergente,2526-1,anon_174,1,8,0.0,0,6.487142524994187,0.2,0.2,0.2,0.2,0.2,5,154,28,3,pequeño,0,0
Computación Emergente,2526-1,anon_205,1,4,0.0,0,6.487142524994187,0.2,0.2,0.2,0.2,0.2,5,154,28,4,pequeño,0,0
Computación Emergente,2526-1,anon_205,1,6,0.0,0,6.487142524994187,0.2,0.2,0.2,0.2,0.2,5,154,28,4,pequeño,0,0
Computación Emergente,2526-1,anon_205,1,8,0.0,0,6.487142524994187,0.2,0.2,0.2,0.2,0.2,5,154,28,4,pequeño,0,0
Computación Emergente,2526-1,anon_235,1,4,13.0,12 o más,6.487142524994187,0.2,0.2,0.2,0.2,0.2,5,154,28,3,pequeño,1,2
Computación Emergente,2526-1,anon_235,1,6,13.0,12 o más,6.487142524994187,0.2,0.2,0.2,0.2,0.2,5,154,28,3,pequeño,1,1
Computación Emergente,2526-1,anon_235,1,8,13.0,12 o más,6.487142524994187,0.2,0.2,0.2,0.2,0.2,5,154,28,3,pequeño,3 o más,2
Computación Emergente,2526-1,anon_236,1,4,2.0,1-2,6.487142524994187,0.2,0.2,0.2,0.2,0.2,5,154,28,4,pequeño,0,0
Computación Emergente,2526-1,anon_236,1,6,2.0,1-2,6.487142524994187,0.2,0.2,0.2,0.2,0.2,5,154,28,4,pequeño,0,0
Computación Emergente,2526-1,anon_236,1,8,2.0,1-2,6.487142524994187,0.2,0.2,0.2,0.2,0.2,5,154,28,4,pequeño,0,1
Computación Emergente,2526-1,anon_237,1,4,13.0,12 o más,6.487142524994187,0.2,0.2,0.2,0.2,0.2,5,154,28,3,pequeño,1,3 o más
Computación Emergente,2526-1,anon_237,1,6,13.0,12 o más,6.487142524994187,0.2,0.2,0.2,0.2,0.2,5,154,28,3,pequeño,0,2
Computación Emergente,2526-1,anon_237,1,8,13.0,12 o más,6.487142524994187,0.2,0.2,0.2,0.2,0.2,5,154,28,3,pequeño,1,2
Computación Emergente,2526-1,anon_238,1,4,0.0,0,6.487142524994187,0.2,0.2,0.2,0.2,0.2,5,154,28,5 o más,pequeño,0,0
Computación Emergente,2526-1,anon_238,1,6,0.0,0,6.487142524994187,0.2,0.2,0.2,0.2,0.2,5,154,28,5 o más,pequeño,0,0
Computación Emergente,2526-1,anon_238,1,8,0.0,0,6.487142524994187,0.2,0.2,0.2,0.2,0.2,5,154,28,5 o más,pequeño,0,0
Computación Emergente,2526-1,anon_239,1,4,1.0,1-2,6.487142524994187,0.2,0.2,0.2,0.2,0.2,5,154,28,4,pequeño,0,1
Computación Emergente,2526-1,anon_239,1,6,1.0,1-2,6.487142524994187,0.2,0.2,0.2,0.2,0.2,5,154,28,4,pequeño,0,0
Computación Emergente,2526-1,anon_239,1,8,1.0,1-2,6.487142524994187,0.2,0.2,0.2,0.2,0.2,5,154,28,4,pequeño,0,0
Computación Emergente,2526-1,anon_240,1,4,0.0,0,6.487142524994187,0.2,0.2,0.2,0.2,0.2,5,154,28,5 o más,pequeño,0,0
Computación Emergente,2526-1,anon_240,1,6,0.0,0,6.487142524994187,0.2,0.2,0.2,0.2,0.2,5,154,28,5 o más,pequeño,0,0
Computación Emergente,2526-1,anon_240,1,8,0.0,0,6.487142524994187,0.2,0.2,0.2,0.2,0.2,5,154,28,5 o más,pequeño,0,0
Computación Emergente,2526-1,anon_241,1,4,0.0,0,6.487142524994187,0.2,0.2,0.2,0.2,0.2,5,154,28,4,pequeño,0,0
Computación Emergente,2526-1,anon_241,1,6,0.0,0,6.487142524994187,0.2,0.2,0.2,0.2,0.2,5,154,28,4,pequeño,0,0
Computación Emergente,2526-1,anon_241,1,8,0.0,0,6.487142524994187,0.2,0.2,0.2,0.2,0.2,5,154,28,4,pequeño,0,0
Computación Emergente,2526-1,anon_242,1,4,1.0,1-2,6.487142524994187,0.2,0.2,0.2,0.2,0.2,5,154,28,4,pequeño,0,1
Computación Emergente,2526-1,anon_242,1,6,1.0,1-2,6.487142524994187,0.2,0.2,0.2,0.2,0.2,5,154,28,4,pequeño,0,0
Computación Emergente,2526-1,anon_242,1,8,1.0,1-2,6.487142524994187,0.2,0.2,0.2,0.2,0.2,5,154,28,4,pequeño,0,0
Computación Emergente,2526-1,anon_212,1,4,1.0,1-2,6.487142524994187,0.2,0.2,0.2,0.2,0.2,5,154,28,5 o más,pequeño,0,1
Computación Emergente,2526-1,anon_212,1,6,1.0,1-2,6.487142524994187,0.2,0.2,0.2,0.2,0.2,5,154,28,5 o más,pequeño,0,0
Computación Emergente,2526-1,anon_212,1,8,1.0,1-2,6.487142524994187,0.2,0.2,0.2,0.2,0.2,5,154,28,5 o más,pequeño,0,0
Computación Emergente,2526-1,anon_243,1,4,0.0,0,6.487142524994187,0.2,0.2,0.2,0.2,0.2,5,154,28,4,pequeño,0,0
Computación Emergente,2526-1,anon_243,1,6,0.0,0,6.487142524994187,0.2,0.2,0.2,0.2,0.2,5,154,28,4,pequeño,0,0
Computación Emergente,2526-1,anon_243,1,8,0.0,0,6.487142524994187,0.2,0.2,0.2,0.2,0.2,5,154,28,4,pequeño,0,0
Computación Emergente,2526-1,anon_244,1,4,0.0,0,6.487142524994187,0.2,0.2,0.2,0.2,0.2,5,154,28,5 o más,pequeño,0,0
Computación Emergente,2526-1,anon_244,1,6,0.0,0,6.487142524994187,0.2,0.2,0.2,0.2,0.2,5,154,28,5 o más,pequeño,0,0
Computación Emergente,2526-1,anon_244,1,8,0.0,0,6.487142524994187,0.2,0.2,0.2,0.2,0.2,5,154,28,5 o más,pequeño,0,0
Computación Emergente,2526-2,anon_245,1,4,1.0,1-2,1.5778637249867373,0.5288329794479388,0.25192099675493773,0.1173110051680622,0.09808100636993713,0.0038540122591242346,5,141,41,4,grande,0,0
Computación Emergente,2526-2,anon_245,1,6,1.0,1-2,1.5778637249867373,0.5288329794479388,0.25192099675493773,0.1173110051680622,0.09808100636993713,0.0038540122591242346,5,141,41,4,grande,0,0
Computación Emergente,2526-2,anon_245,1,8,1.0,1-2,1.5778637249867373,0.5288329794479388,0.25192099675493773,0.1173110051680622,0.09808100636993713,0.0038540122591242346,5,141,41,4,grande,0,0
Computación Emergente,2526-2,anon_246,1,4,0.0,0,1.0454767378701928,0.6040997282738237,0.26086666348858273,0.12128521714258475,9.534251799590028e-06,0.013738856843209229,5,141,41,5 o más,grande,0,0
Computación Emergente,2526-2,anon_246,1,6,0.0,0,1.0454767378701928,0.6040997282738237,0.26086666348858273,0.12128521714258475,9.534251799590028e-06,0.013738856843209229,5,141,41,5 o más,grande,0,0
Computación Emergente,2526-2,anon_246,1,8,0.0,0,1.0454767378701928,0.6040997282738237,0.26086666348858273,0.12128521714258475,9.534251799590028e-06,0.013738856843209229,5,141,41,5 o más,grande,0,0
Computación Emergente,2526-2,anon_222,1,4,0.0,0,1.0454767378701928,0.6040997282738237,0.26086666348858273,0.12128521714258475,9.534251799590028e-06,0.013738856843209229,5,141,41,5 o más,grande,0,0
Computación Emergente,2526-2,anon_222,1,6,0.0,0,1.0454767378701928,0.6040997282738237,0.26086666348858273,0.12128521714258475,9.534251799590028e-06,0.013738856843209229,5,141,41,5 o más,grande,0,0
Computación Emergente,2526-2,anon_222,1,8,0.0,0,1.0454767378701928,0.6040997282738237,0.26086666348858273,0.12128521714258475,9.534251799590028e-06,0.013738856843209229,5,141,41,5 o más,grande,0,0
Computación Emergente,2526-2,anon_247,1,4,6.0,6-11,18.373590284286163,0.0020618556701030924,0.0020618556701030924,0.0020618556701030924,0.0020618556701030924,0.9917525773195877,5,141,41,5 o más,grande,2,1
Computación Emergente,2526-2,anon_247,1,6,6.0,6-11,4.519769572640056,0.00012247397428046542,0.4116350275566443,0.47042253521126765,0.00012247397428046542,0.11769748928352726,5,141,41,5 o más,grande,1,0
Computación Emergente,2526-2,anon_247,1,8,6.0,6-11,4.519769572640056,0.00012247397428046542,0.4116350275566443,0.47042253521126765,0.00012247397428046542,0.11769748928352726,5,141,41,5 o más,grande,1,0
Computación Emergente,2526-2,anon_248,1,4,0.0,0,1.0454767378701928,0.6040997282738237,0.26086666348858273,0.12128521714258475,9.534251799590028e-06,0.013738856843209229,5,141,41,5 o más,grande,0,0
Computación Emergente,2526-2,anon_248,1,6,0.0,0,1.0454767378701928,0.6040997282738237,0.26086666348858273,0.12128521714258475,9.534251799590028e-06,0.013738856843209229,5,141,41,5 o más,grande,0,0
Computación Emergente,2526-2,anon_248,1,8,0.0,0,1.0454767378701928,0.6040997282738237,0.26086666348858273,0.12128521714258475,9.534251799590028e-06,0.013738856843209229,5,141,41,5 o más,grande,0,0
Computación Emergente,2526-2,anon_249,1,4,0.0,0,1.0454767378701928,0.6040997282738237,0.26086666348858273,0.12128521714258475,9.534251799590028e-06,0.013738856843209229,5,141,41,5 o más,grande,0,0
Computación Emergente,2526-2,anon_249,1,6,0.0,0,1.0454767378701928,0.6040997282738237,0.26086666348858273,0.12128521714258475,9.534251799590028e-06,0.013738856843209229,5,141,41,5 o más,grande,0,0
Computación Emergente,2526-2,anon_249,1,8,0.0,0,1.0454767378701928,0.6040997282738237,0.26086666348858273,0.12128521714258475,9.534251799590028e-06,0.013738856843209229,5,141,41,5 o más,grande,0,0
Computación Emergente,2526-2,anon_250,1,4,10.0,6-11,12.99605314806092,0.0010362694300518132,0.0010362694300518132,0.0010362694300518132,0.49844559585492226,0.49844559585492226,5,141,41,4,grande,2,2
Computación Emergente,2526-2,anon_250,1,6,10.0,6-11,5.4543635969212385,7.437709185570843e-05,0.24998140572703603,0.3570844179992562,0.32138341390851616,0.0714763852733358,5,141,41,4,grande,1,0
Computación Emergente,2526-2,anon_250,1,8,10.0,6-11,5.4543635969212385,7.437709185570843e-05,0.24998140572703603,0.3570844179992562,0.32138341390851616,0.0714763852733358,5,141,41,4,grande,1,0
Computación Emergente,2526-2,anon_251,1,4,2.0,1-2,6.378300177067173,5.7853630315302295e-05,0.19444605148973101,0.319409892970784,0.37494937807347417,0.1111368238356957,5,141,41,4,grande,0,1
Computación Emergente,2526-2,anon_251,1,6,2.0,1-2,1.5778637249867373,0.5288329794479388,0.25192099675493773,0.1173110051680622,0.09808100636993713,0.0038540122591242346,5,141,41,4,grande,0,0
Computación Emergente,2526-2,anon_251,1,8,2.0,1-2,1.5778637249867373,0.5288329794479388,0.25192099675493773,0.1173110051680622,0.09808100636993713,0.0038540122591242346,5,141,41,4,grande,0,0
Computación Emergente,2526-2,anon_252,1,4,9.0,6-11,12.99605314806092,0.0010362694300518132,0.0010362694300518132,0.0010362694300518132,0.49844559585492226,0.49844559585492226,5,141,41,4,grande,2,2
Computación Emergente,2526-2,anon_252,1,6,9.0,6-11,5.4543635969212385,7.437709185570843e-05,0.24998140572703603,0.3570844179992562,0.32138341390851616,0.0714763852733358,5,141,41,4,grande,1,0
Computación Emergente,2526-2,anon_252,1,8,9.0,6-11,5.4543635969212385,7.437709185570843e-05,0.24998140572703603,0.3570844179992562,0.32138341390851616,0.0714763852733358,5,141,41,4,grande,1,0
Computación Emergente,2526-2,anon_253,1,4,0.0,0,1.0454767378701928,0.6040997282738237,0.26086666348858273,0.12128521714258475,9.534251799590028e-06,0.013738856843209229,5,141,41,5 o más,grande,0,0
Computación Emergente,2526-2,anon_253,1,6,0.0,0,1.0454767378701928,0.6040997282738237,0.26086666348858273,0.12128521714258475,9.534251799590028e-06,0.013738856843209229,5,141,41,5 o más,grande,0,0
Computación Emergente,2526-2,anon_253,1,8,0.0,0,1.0454767378701928,0.6040997282738237,0.26086666348858273,0.12128521714258475,9.534251799590028e-06,0.013738856843209229,5,141,41,5 o más,grande,0,0
Computación Emergente,2526-2,anon_254,1,4,0.0,0,1.5778637249867373,0.5288329794479388,0.25192099675493773,0.1173110051680622,0.09808100636993713,0.0038540122591242346,5,141,41,4,grande,0,0
Computación Emergente,2526-2,anon_254,1,6,0.0,0,1.5778637249867373,0.5288329794479388,0.25192099675493773,0.1173110051680622,0.09808100636993713,0.0038540122591242346,5,141,41,4,grande,0,0
Computación Emergente,2526-2,anon_254,1,8,0.0,0,1.5778637249867373,0.5288329794479388,0.25192099675493773,0.1173110051680622,0.09808100636993713,0.0038540122591242346,5,141,41,4,grande,0,0
Computación Emergente,2526-2,anon_255,1,4,0.0,0,1.5778637249867373,0.5288329794479388,0.25192099675493773,0.1173110051680622,0.09808100636993713,0.0038540122591242346,5,141,41,4,grande,0,0
Computación Emergente,2526-2,anon_255,1,6,0.0,0,1.5778637249867373,0.5288329794479388,0.25192099675493773,0.1173110051680622,0.09808100636993713,0.0038540122591242346,5,141,41,4,grande,0,0
Computación Emergente,2526-2,anon_255,1,8,0.0,0,1.5778637249867373,0.5288329794479388,0.25192099675493773,0.1173110051680622,0.09808100636993713,0.0038540122591242346,5,141,41,4,grande,0,0
Computación Emergente,2526-2,anon_256,1,4,0.0,0,1.0454767378701928,0.6040997282738237,0.26086666348858273,0.12128521714258475,9.534251799590028e-06,0.013738856843209229,5,141,41,5 o más,grande,0,0
Computación Emergente,2526-2,anon_256,1,6,0.0,0,1.0454767378701928,0.6040997282738237,0.26086666348858273,0.12128521714258475,9.534251799590028e-06,0.013738856843209229,5,141,41,5 o más,grande,0,0
Computación Emergente,2526-2,anon_256,1,8,0.0,0,1.0454767378701928,0.6040997282738237,0.26086666348858273,0.12128521714258475,9.534251799590028e-06,0.013738856843209229,5,141,41,5 o más,grande,0,0
Computación Emergente,2526-2,anon_257,1,4,4.0,3-5,6.378300177067173,5.7853630315302295e-05,0.19444605148973101,0.319409892970784,0.37494937807347417,0.1111368238356957,5,141,41,4,grande,0,1
Computación Emergente,2526-2,anon_257,1,6,4.0,3-5,6.378300177067173,5.7853630315302295e-05,0.19444605148973101,0.319409892970784,0.37494937807347417,0.1111368238356957,5,141,41,4,grande,0,1
Computación Emergente,2526-2,anon_257,1,8,4.0,3-5,1.5778637249867373,0.5288329794479388,0.25192099675493773,0.1173110051680622,0.09808100636993713,0.0038540122591242346,5,141,41,4,grande,0,0
Computación Emergente,2526-2,anon_258,1,4,1.0,1-2,1.5778637249867373,0.5288329794479388,0.25192099675493773,0.1173110051680622,0.09808100636993713,0.0038540122591242346,5,141,41,4,grande,0,0
Computación Emergente,2526-2,anon_258,1,6,1.0,1-2,5.4543635969212385,7.437709185570843e-05,0.24998140572703603,0.3570844179992562,0.32138341390851616,0.0714763852733358,5,141,41,4,grande,1,0
Computación Emergente,2526-2,anon_258,1,8,1.0,1-2,1.5778637249867373,0.5288329794479388,0.25192099675493773,0.1173110051680622,0.09808100636993713,0.0038540122591242346,5,141,41,4,grande,0,0
Computación Emergente,2526-2,anon_260,1,4,5.0,3-5,18.373590284286163,0.0020618556701030924,0.0020618556701030924,0.0020618556701030924,0.0020618556701030924,0.9917525773195877,5,141,41,5 o más,grande,2,0
Computación Emergente,2526-2,anon_260,1,6,5.0,3-5,1.0454767378701928,0.6040997282738237,0.26086666348858273,0.12128521714258475,9.534251799590028e-06,0.013738856843209229,5,141,41,5 o más,grande,0,0
Computación Emergente,2526-2,anon_260,1,8,5.0,3-5,1.0454767378701928,0.6040997282738237,0.26086666348858273,0.12128521714258475,9.534251799590028e-06,0.013738856843209229,5,141,41,5 o más,grande,0,0
Computación Emergente,2526-2,anon_261,1,4,0.0,0,1.0454767378701928,0.6040997282738237,0.26086666348858273,0.12128521714258475,9.534251799590028e-06,0.013738856843209229,5,141,41,5 o más,grande,0,0
Computación Emergente,2526-2,anon_261,1,6,0.0,0,1.0454767378701928,0.6040997282738237,0.26086666348858273,0.12128521714258475,9.534251799590028e-06,0.013738856843209229,5,141,41,5 o más,grande,0,0
Computación Emergente,2526-2,anon_261,1,8,0.0,0,1.0454767378701928,0.6040997282738237,0.26086666348858273,0.12128521714258475,9.534251799590028e-06,0.013738856843209229,5,141,41,5 o más,grande,0,0
Computación Emergente,2526-2,anon_262,1,4,1.0,1-2,1.0454767378701928,0.6040997282738237,0.26086666348858273,0.12128521714258475,9.534251799590028e-06,0.013738856843209229,5,141,41,5 o más,grande,0,0
Computación Emergente,2526-2,anon_262,1,6,1.0,1-2,1.0454767378701928,0.6040997282738237,0.26086666348858273,0.12128521714258475,9.534251799590028e-06,0.013738856843209229,5,141,41,5 o más,grande,0,0
Computación Emergente,2526-2,anon_262,1,8,1.0,1-2,1.0454767378701928,0.6040997282738237,0.26086666348858273,0.12128521714258475,9.534251799590028e-06,0.013738856843209229,5,141,41,5 o más,grande,0,0
Computación Emergente,2526-2,anon_263,1,4,0.0,0,1.0454767378701928,0.6040997282738237,0.26086666348858273,0.12128521714258475,9.534251799590028e-06,0.013738856843209229,5,141,41,5 o más,grande,0,0
Computación Emergente,2526-2,anon_263,1,6,0.0,0,1.0454767378701928,0.6040997282738237,0.26086666348858273,0.12128521714258475,9.534251799590028e-06,0.013738856843209229,5,141,41,5 o más,grande,0,0
Computación Emergente,2526-2,anon_263,1,8,0.0,0,1.0454767378701928,0.6040997282738237,0.26086666348858273,0.12128521714258475,9.534251799590028e-06,0.013738856843209229,5,141,41,5 o más,grande,0,0
Computación Emergente,2526-2,anon_264,1,4,0.0,0,1.0454767378701928,0.6040997282738237,0.26086666348858273,0.12128521714258475,9.534251799590028e-06,0.013738856843209229,5,141,41,5 o más,grande,0,0
Computación Emergente,2526-2,anon_264,1,6,0.0,0,1.0454767378701928,0.6040997282738237,0.26086666348858273,0.12128521714258475,9.534251799590028e-06,0.013738856843209229,5,141,41,5 o más,grande,0,0
Computación Emergente,2526-2,anon_264,1,8,0.0,0,1.0454767378701928,0.6040997282738237,0.26086666348858273,0.12128521714258475,9.534251799590028e-06,0.013738856843209229,5,141,41,5 o más,grande,0,0
Computación Emergente,2526-2,anon_265,1,4,1.0,1-2,4.411200422384633,0.0001156737998843262,0.41654135338345866,0.4720647773279353,0.0001156737998843262,0.11116252168883749,5,141,41,5 o más,grande,0,1
Computación Emergente,2526-2,anon_265,1,6,1.0,1-2,1.0454767378701928,0.6040997282738237,0.26086666348858273,0.12128521714258475,9.534251799590028e-06,0.013738856843209229,5,141,41,5 o más,grande,0,0
Computación Emergente,2526-2,anon_265,1,8,1.0,1-2,1.0454767378701928,0.6040997282738237,0.26086666348858273,0.12128521714258475,9.534251799590028e-06,0.013738856843209229,5,141,41,5 o más,grande,0,0
Computación Emergente,2526-2,anon_266,1,4,1.0,1-2,1.5778637249867373,0.5288329794479388,0.25192099675493773,0.1173110051680622,0.09808100636993713,0.0038540122591242346,5,141,41,4,grande,0,0
Computación Emergente,2526-2,anon_266,1,6,1.0,1-2,1.5778637249867373,0.5288329794479388,0.25192099675493773,0.1173110051680622,0.09808100636993713,0.0038540122591242346,5,141,41,4,grande,0,0
Computación Emergente,2526-2,anon_266,1,8,1.0,1-2,1.5778637249867373,0.5288329794479388,0.25192099675493773,0.1173110051680622,0.09808100636993713,0.0038540122591242346,5,141,41,4,grande,0,0
Computación Emergente,2526-2,anon_174,1,4,0.0,0,1.5778637249867373,0.5288329794479388,0.25192099675493773,0.1173110051680622,0.09808100636993713,0.0038540122591242346,5,141,41,4,grande,0,0
Computación Emergente,2526-2,anon_174,1,6,0.0,0,1.5778637249867373,0.5288329794479388,0.25192099675493773,0.1173110051680622,0.09808100636993713,0.0038540122591242346,5,141,41,4,grande,0,0
Computación Emergente,2526-2,anon_174,1,8,0.0,0,1.5778637249867373,0.5288329794479388,0.25192099675493773,0.1173110051680622,0.09808100636993713,0.0038540122591242346,5,141,41,4,grande,0,0
Computación Emergente,2526-2,anon_267,1,4,0.0,0,1.5778637249867373,0.5288329794479388,0.25192099675493773,0.1173110051680622,0.09808100636993713,0.0038540122591242346,5,141,41,4,grande,0,0
Computación Emergente,2526-2,anon_267,1,6,0.0,0,1.5778637249867373,0.5288329794479388,0.25192099675493773,0.1173110051680622,0.09808100636993713,0.0038540122591242346,5,141,41,4,grande,0,0
Computación Emergente,2526-2,anon_267,1,8,0.0,0,1.5778637249867373,0.5288329794479388,0.25192099675493773,0.1173110051680622,0.09808100636993713,0.0038540122591242346,5,141,41,4,grande,0,0
Computación Emergente,2526-2,anon_268,1,4,1.0,1-2,1.0454767378701928,0.6040997282738237,0.26086666348858273,0.12128521714258475,9.534251799590028e-06,0.013738856843209229,5,141,41,5 o más,grande,0,0
Computación Emergente,2526-2,anon_268,1,6,1.0,1-2,1.0454767378701928,0.6040997282738237,0.26086666348858273,0.12128521714258475,9.534251799590028e-06,0.013738856843209229,5,141,41,5 o más,grande,0,0
Computación Emergente,2526-2,anon_268,1,8,1.0,1-2,1.0454767378701928,0.6040997282738237,0.26086666348858273,0.12128521714258475,9.534251799590028e-06,0.013738856843209229,5,141,41,5 o más,grande,0,0
Computación Emergente,2526-2,anon_269,1,4,0.0,0,1.5778637249867373,0.5288329794479388,0.25192099675493773,0.1173110051680622,0.09808100636993713,0.0038540122591242346,5,141,41,4,grande,0,0
Computación Emergente,2526-2,anon_269,1,6,0.0,0,1.5778637249867373,0.5288329794479388,0.25192099675493773,0.1173110051680622,0.09808100636993713,0.0038540122591242346,5,141,41,4,grande,0,0
Computación Emergente,2526-2,anon_269,1,8,0.0,0,1.5778637249867373,0.5288329794479388,0.25192099675493773,0.1173110051680622,0.09808100636993713,0.0038540122591242346,5,141,41,4,grande,0,0
Computación Emergente,2526-2,anon_270,1,4,0.0,0,1.5778637249867373,0.5288329794479388,0.25192099675493773,0.1173110051680622,0.09808100636993713,0.0038540122591242346,5,141,41,4,grande,0,0
Computación Emergente,2526-2,anon_270,1,6,0.0,0,1.5778637249867373,0.5288329794479388,0.25192099675493773,0.1173110051680622,0.09808100636993713,0.0038540122591242346,5,141,41,4,grande,0,0
Computación Emergente,2526-2,anon_270,1,8,0.0,0,1.5778637249867373,0.5288329794479388,0.25192099675493773,0.1173110051680622,0.09808100636993713,0.0038540122591242346,5,141,41,4,grande,0,0
Computación Emergente,2526-2,anon_271,1,4,0.0,0,1.0454767378701928,0.6040997282738237,0.26086666348858273,0.12128521714258475,9.534251799590028e-06,0.013738856843209229,5,141,41,5 o más,grande,0,0
Computación Emergente,2526-2,anon_271,1,6,0.0,0,1.0454767378701928,0.6040997282738237,0.26086666348858273,0.12128521714258475,9.534251799590028e-06,0.013738856843209229,5,141,41,5 o más,grande,0,0
Computación Emergente,2526-2,anon_271,1,8,0.0,0,1.0454767378701928,0.6040997282738237,0.26086666348858273,0.12128521714258475,9.534251799590028e-06,0.013738856843209229,5,141,41,5 o más,grande,0,0
Computación Emergente,2526-2,anon_272,1,4,0.0,0,1.5778637249867373,0.5288329794479388,0.25192099675493773,0.1173110051680622,0.09808100636993713,0.0038540122591242346,5,141,41,4,grande,0,0
Computación Emergente,2526-2,anon_272,1,6,0.0,0,1.5778637249867373,0.5288329794479388,0.25192099675493773,0.1173110051680622,0.09808100636993713,0.0038540122591242346,5,141,41,4,grande,0,0
Computación Emergente,2526-2,anon_272,1,8,0.0,0,1.5778637249867373,0.5288329794479388,0.25192099675493773,0.1173110051680622,0.09808100636993713,0.0038540122591242346,5,141,41,4,grande,0,0
Computación Emergente,2526-2,anon_273,1,4,0.0,0,1.0454767378701928,0.6040997282738237,0.26086666348858273,0.12128521714258475,9.534251799590028e-06,0.013738856843209229,5,141,41,5 o más,grande,0,0
Computación Emergente,2526-2,anon_273,1,6,0.0,0,1.0454767378701928,0.6040997282738237,0.26086666348858273,0.12128521714258475,9.534251799590028e-06,0.013738856843209229,5,141,41,5 o más,grande,0,0
Computación Emergente,2526-2,anon_273,1,8,0.0,0,1.0454767378701928,0.6040997282738237,0.26086666348858273,0.12128521714258475,9.534251799590028e-06,0.013738856843209229,5,141,41,5 o más,grande,0,0
Computación Emergente,2526-2,anon_274,1,4,0.0,0,1.0454767378701928,0.6040997282738237,0.26086666348858273,0.12128521714258475,9.534251799590028e-06,0.013738856843209229,5,141,41,5 o más,grande,0,0
Computación Emergente,2526-2,anon_274,1,6,0.0,0,1.0454767378701928,0.6040997282738237,0.26086666348858273,0.12128521714258475,9.534251799590028e-06,0.013738856843209229,5,141,41,5 o más,grande,0,0
Computación Emergente,2526-2,anon_274,1,8,0.0,0,1.0454767378701928,0.6040997282738237,0.26086666348858273,0.12128521714258475,9.534251799590028e-06,0.013738856843209229,5,141,41,5 o más,grande,0,0
Computación Emergente,2526-2,anon_244,1,4,0.0,0,1.0454767378701928,0.6040997282738237,0.26086666348858273,0.12128521714258475,9.534251799590028e-06,0.013738856843209229,5,141,41,5 o más,grande,0,0
Computación Emergente,2526-2,anon_244,1,6,0.0,0,1.0454767378701928,0.6040997282738237,0.26086666348858273,0.12128521714258475,9.534251799590028e-06,0.013738856843209229,5,141,41,5 o más,grande,0,0
Computación Emergente,2526-2,anon_244,1,8,0.0,0,1.0454767378701928,0.6040997282738237,0.26086666348858273,0.12128521714258475,9.534251799590028e-06,0.013738856843209229,5,141,41,5 o más,grande,0,0
Computación Emergente,2526-2,anon_275,1,4,2.0,1-2,6.378300177067173,5.7853630315302295e-05,0.19444605148973101,0.319409892970784,0.37494937807347417,0.1111368238356957,5,141,41,4,grande,0,1
Computación Emergente,2526-2,anon_275,1,6,2.0,1-2,1.5778637249867373,0.5288329794479388,0.25192099675493773,0.1173110051680622,0.09808100636993713,0.0038540122591242346,5,141,41,4,grande,0,0
Computación Emergente,2526-2,anon_275,1,8,2.0,1-2,1.5778637249867373,0.5288329794479388,0.25192099675493773,0.1173110051680622,0.09808100636993713,0.0038540122591242346,5,141,41,4,grande,0,0
Computación Emergente,2526-2,anon_276,1,4,3.0,3-5,4.411200422384633,0.0001156737998843262,0.41654135338345866,0.4720647773279353,0.0001156737998843262,0.11116252168883749,5,141,41,5 o más,grande,0,1
Computación Emergente,2526-2,anon_276,1,6,3.0,3-5,1.0454767378701928,0.6040997282738237,0.26086666348858273,0.12128521714258475,9.534251799590028e-06,0.013738856843209229,5,141,41,5 o más,grande,0,0
Computación Emergente,2526-2,anon_276,1,8,3.0,3-5,1.0454767378701928,0.6040997282738237,0.26086666348858273,0.12128521714258475,9.534251799590028e-06,0.013738856843209229,5,141,41,5 o más,grande,0,0
Computación Emergente,2526-2,anon_277,1,4,1.0,1-2,1.0454767378701928,0.6040997282738237,0.26086666348858273,0.12128521714258475,9.534251799590028e-06,0.013738856843209229,5,141,41,5 o más,grande,0,0
Computación Emergente,2526-2,anon_277,1,6,1.0,1-2,1.0454767378701928,0.6040997282738237,0.26086666348858273,0.12128521714258475,9.534251799590028e-06,0.013738856843209229,5,141,41,5 o más,grande,0,0
Computación Emergente,2526-2,anon_277,1,8,1.0,1-2,1.0454767378701928,0.6040997282738237,0.26086666348858273,0.12128521714258475,9.534251799590028e-06,0.013738856843209229,5,141,41,5 o más,grande,0,0
Computación Emergente,2526-2,anon_278,1,4,0.0,0,1.5778637249867373,0.5288329794479388,0.25192099675493773,0.1173110051680622,0.09808100636993713,0.0038540122591242346,5,141,41,4,grande,0,0
Computación Emergente,2526-2,anon_278,1,6,0.0,0,1.5778637249867373,0.5288329794479388,0.25192099675493773,0.1173110051680622,0.09808100636993713,0.0038540122591242346,5,141,41,4,grande,0,0
Computación Emergente,2526-2,anon_278,1,8,0.0,0,1.5778637249867373,0.5288329794479388,0.25192099675493773,0.1173110051680622,0.09808100636993713,0.0038540122591242346,5,141,41,4,grande,0,0
Computación Emergente,2526-2,anon_279,1,4,12.0,12 o más,18.478749146578433,0.00034662045060658575,0.00034662045060658575,0.00034662045060658575,0.00034662045060658575,0.9986135181975736,5,141,41,5 o más,grande,0,2
Computación Emergente,2526-2,anon_279,1,6,12.0,12 o más,4.411200422384633,0.0001156737998843262,0.41654135338345866,0.4720647773279353,0.0001156737998843262,0.11116252168883749,5,141,41,5 o más,grande,0,1
Computación Emergente,2526-2,anon_279,1,8,12.0,12 o más,18.373590284286163,0.0020618556701030924,0.0020618556701030924,0.0020618556701030924,0.0020618556701030924,0.9917525773195877,5,141,41,5 o más,grande,1,2
Computación Emergente,2526-2,anon_280,1,4,1.0,1-2,6.378300177067173,5.7853630315302295e-05,0.19444605148973101,0.319409892970784,0.37494937807347417,0.1111368238356957,5,141,41,4,grande,0,1
Computación Emergente,2526-2,anon_280,1,6,1.0,1-2,1.5778637249867373,0.5288329794479388,0.25192099675493773,0.1173110051680622,0.09808100636993713,0.0038540122591242346,5,141,41,4,grande,0,0
Computación Emergente,2526-2,anon_280,1,8,1.0,1-2,1.5778637249867373,0.5288329794479388,0.25192099675493773,0.1173110051680622,0.09808100636993713,0.0038540122591242346,5,141,41,4,grande,0,0
Computación Emergente,2526-2,anon_281,1,4,3.0,3-5,2.4905675419250293,0.6706719166772513,2.5403277022735928e-05,0.1463482789279817,0.13415470595706844,0.04879969516067572,5,141,41,3,grande,0,0
Computación Emergente,2526-2,anon_281,1,6,3.0,3-5,2.4905675419250293,0.6706719166772513,2.5403277022735928e-05,0.1463482789279817,0.13415470595706844,0.04879969516067572,5,141,41,3,grande,0,0
Computación Emergente,2526-2,anon_281,1,8,3.0,3-5,18.436467655832942,0.0010362694300518136,0.0010362694300518136,0.0010362694300518136,0.0010362694300518136,0.9958549222797928,5,141,41,3,grande,3 o más,0
Computación Emergente,2526-2,anon_282,1,4,0.0,0,1.5778637249867373,0.5288329794479388,0.25192099675493773,0.1173110051680622,0.09808100636993713,0.0038540122591242346,5,141,41,4,grande,0,0
Computación Emergente,2526-2,anon_282,1,6,0.0,0,1.5778637249867373,0.5288329794479388,0.25192099675493773,0.1173110051680622,0.09808100636993713,0.0038540122591242346,5,141,41,4,grande,0,0
Computación Emergente,2526-2,anon_282,1,8,0.0,0,1.5778637249867373,0.5288329794479388,0.25192099675493773,0.1173110051680622,0.09808100636993713,0.0038540122591242346,5,141,41,4,grande,0,0
Computación Emergente,2526-3,anon_283,1,4,3.0,3-5,7.23786630310179,0.0002190580503833516,0.0002190580503833516,0.5785323110624315,0.10536692223439213,0.31566265060240967,5,142,40,5 o más,grande,1,1
Computación Emergente,2526-3,anon_283,1,6,3.0,3-5,0.5860469964472588,0.6924030638094953,0.24034214526271866,0.05865943432777993,0.008589395881143266,5.96071886269484e-06,5,142,40,5 o más,grande,0,0
Computación Emergente,2526-3,anon_283,1,8,3.0,3-5,3.7824470555060543,9.91571641051066e-05,0.4998512642538424,0.3094695091720377,0.09529003470500744,0.09529003470500744,5,142,40,5 o más,grande,0,1
Computación Emergente,2526-3,anon_284,1,4,21.0,12 o más,5.117389277389277,0.2,0.2,0.2,0.2,0.2,5,142,40,4,grande,3 o más,2
Computación Emergente,2526-3,anon_284,1,6,21.0,12 o más,4.080611771529831,5.480953685941354e-05,0.3157577418470814,0.38152918607837766,0.30260345300082214,5.480953685941354e-05,5,142,40,4,grande,0,1
Computación Emergente,2526-3,anon_284,1,8,21.0,12 o más,5.117389277389277,0.2,0.2,0.2,0.2,0.2,5,142,40,4,grande,3 o más,1
Computación Emergente,2526-3,anon_285,1,4,30.0,12 o más,5.117389277389277,0.2,0.2,0.2,0.2,0.2,5,142,40,5 o más,grande,3 o más,3 o más
Computación Emergente,2526-3,anon_285,1,6,30.0,12 o más,8.116857905646832,0.0006920415224913494,0.0006920415224913494,0.3328719723183391,0.3328719723183391,0.3328719723183391,5,142,40,5 o más,grande,0,2
Computación Emergente,2526-3,anon_285,1,8,30.0,12 o más,5.117389277389277,0.2,0.2,0.2,0.2,0.2,5,142,40,5 o más,grande,3 o más,3 o más
Computación Emergente,2526-3,anon_286,1,4,18.0,12 o más,5.117389277389277,0.2,0.2,0.2,0.2,0.2,5,142,40,4,grande,3 o más,2
Computación Emergente,2526-3,anon_286,1,6,18.0,12 o más,0.8929547350911811,0.5655893325453404,0.32446348760757954,0.09042957928563515,0.019510213127470175,7.387433974808851e-06,5,142,40,4,grande,0,0
Computación Emergente,2526-3,anon_286,1,8,18.0,12 o más,5.117389277389277,0.2,0.2,0.2,0.2,0.2,5,142,40,4,grande,3 o más,3 o más
Computación Emergente,2526-3,anon_287,1,4,23.0,12 o más,5.117389277389277,0.2,0.2,0.2,0.2,0.2,5,142,40,5 o más,grande,3 o más,3 o más
Computación Emergente,2526-3,anon_287,1,6,23.0,12 o más,8.116857905646832,0.0006920415224913494,0.0006920415224913494,0.3328719723183391,0.3328719723183391,0.3328719723183391,5,142,40,5 o más,grande,0,2
Computación Emergente,2526-3,anon_287,1,8,23.0,12 o más,13.116674116261745,0.0020618556701030924,0.0020618556701030924,0.0020618556701030924,0.0020618556701030924,0.9917525773195877,5,142,40,5 o más,grande,2,2
Computación Emergente,2526-3,anon_288,1,4,24.0,12 o más,5.117389277389277,0.2,0.2,0.2,0.2,0.2,5,142,40,3,grande,2,2
Computación Emergente,2526-3,anon_288,1,6,24.0,12 o más,5.854780413116635,0.0003466204506065858,0.0003466204506065858,0.41629116117850956,0.5826689774696707,0.0003466204506065858,5,142,40,3,grande,0,1
Computación Emergente,2526-3,anon_288,1,8,24.0,12 o más,5.117389277389277,0.2,0.2,0.2,0.2,0.2,5,142,40,3,grande,3 o más,3 o más
Computación Emergente,2526-3,anon_289,1,4,0.0,0,0.5860469964472588,0.6924030638094953,0.24034214526271866,0.05865943432777993,0.008589395881143266,5.96071886269484e-06,5,142,40,5 o más,grande,0,0
Computación Emergente,2526-3,anon_289,1,6,0.0,0,0.5860469964472588,0.6924030638094953,0.24034214526271866,0.05865943432777993,0.008589395881143266,5.96071886269484e-06,5,142,40,5 o más,grande,0,0
Computación Emergente,2526-3,anon_289,1,8,0.0,0,0.5860469964472588,0.6924030638094953,0.24034214526271866,0.05865943432777993,0.008589395881143266,5.96071886269484e-06,5,142,40,5 o más,grande,0,0
Computación Emergente,2526-3,anon_290,1,4,5.0,3-5,3.489649567706248,0.0001156737998843262,0.5553499132446501,0.22220936957779064,0.16668594563331407,0.05563909774436091,5,142,40,5 o más,grande,1,0
Computación Emergente,2526-3,anon_290,1,6,5.0,3-5,0.5860469964472588,0.6924030638094953,0.24034214526271866,0.05865943432777993,0.008589395881143266,5.96071886269484e-06,5,142,40,5 o más,grande,0,0
Computación Emergente,2526-3,anon_290,1,8,5.0,3-5,0.5860469964472588,0.6924030638094953,0.24034214526271866,0.05865943432777993,0.008589395881143266,5.96071886269484e-06,5,142,40,5 o más,grande,0,0
Computación Emergente,2526-3,anon_291,1,4,0.0,0,1.7085763959279299,0.5944835350408106,5.629045876723896e-05,0.378328173374613,0.027075710667041942,5.629045876723896e-05,5,142,40,3,grande,0,0
Computación Emergente,2526-3,anon_291,1,6,0.0,0,1.7085763959279299,0.5944835350408106,5.629045876723896e-05,0.378328173374613,0.027075710667041942,5.629045876723896e-05,5,142,40,3,grande,0,0
Computación Emergente,2526-3,anon_291,1,8,0.0,0,1.7085763959279299,0.5944835350408106,5.629045876723896e-05,0.378328173374613,0.027075710667041942,5.629045876723896e-05,5,142,40,3,grande,0,0
Computación Emergente,2526-3,anon_292,1,4,6.0,6-11,7.171121658997307,0.0010362694300518136,0.0010362694300518136,0.0010362694300518136,0.9958549222797928,0.0010362694300518136,5,142,40,4,grande,0,2
Computación Emergente,2526-3,anon_292,1,6,6.0,6-11,4.080611771529831,5.480953685941354e-05,0.3157577418470814,0.38152918607837766,0.30260345300082214,5.480953685941354e-05,5,142,40,4,grande,0,1
Computación Emergente,2526-3,anon_292,1,8,6.0,6-11,4.207669361776558,6.125574272588054e-05,0.2940888208269525,0.3822970903522204,0.32349157733537515,6.125574272588054e-05,5,142,40,4,grande,1,0
Computación Emergente,2526-3,anon_293,1,4,0.0,0,0.8929547350911811,0.5655893325453404,0.32446348760757954,0.09042957928563515,0.019510213127470175,7.387433974808851e-06,5,142,40,4,grande,0,0
Computación Emergente,2526-3,anon_293,1,6,0.0,0,0.8929547350911811,0.5655893325453404,0.32446348760757954,0.09042957928563515,0.019510213127470175,7.387433974808851e-06,5,142,40,4,grande,0,0
Computación Emergente,2526-3,anon_293,1,8,0.0,0,0.8929547350911811,0.5655893325453404,0.32446348760757954,0.09042957928563515,0.019510213127470175,7.387433974808851e-06,5,142,40,4,grande,0,0
Computación Emergente,2526-3,anon_294,1,4,0.0,0,0.8929547350911811,0.5655893325453404,0.32446348760757954,0.09042957928563515,0.019510213127470175,7.387433974808851e-06,5,142,40,4,grande,0,0
Computación Emergente,2526-3,anon_294,1,6,0.0,0,0.8929547350911811,0.5655893325453404,0.32446348760757954,0.09042957928563515,0.019510213127470175,7.387433974808851e-06,5,142,40,4,grande,0,0
Computación Emergente,2526-3,anon_294,1,8,0.0,0,0.8929547350911811,0.5655893325453404,0.32446348760757954,0.09042957928563515,0.019510213127470175,7.387433974808851e-06,5,142,40,4,grande,0,0
Computación Emergente,2526-3,anon_295,1,4,3.0,3-5,1.7085763959279299,0.5944835350408106,5.629045876723896e-05,0.378328173374613,0.027075710667041942,5.629045876723896e-05,5,142,40,3,grande,0,0
Computación Emergente,2526-3,anon_295,1,6,3.0,3-5,1.7085763959279299,0.5944835350408106,5.629045876723896e-05,0.378328173374613,0.027075710667041942,5.629045876723896e-05,5,142,40,3,grande,0,0
Computación Emergente,2526-3,anon_295,1,8,3.0,3-5,5.117389277389277,0.2,0.2,0.2,0.2,0.2,5,142,40,3,grande,2,0
Computación Emergente,2526-3,anon_296,1,4,0.0,0,0.8929547350911811,0.5655893325453404,0.32446348760757954,0.09042957928563515,0.019510213127470175,7.387433974808851e-06,5,142,40,4,grande,0,0
Computación Emergente,2526-3,anon_296,1,6,0.0,0,0.8929547350911811,0.5655893325453404,0.32446348760757954,0.09042957928563515,0.019510213127470175,7.387433974808851e-06,5,142,40,4,grande,0,0
Computación Emergente,2526-3,anon_296,1,8,0.0,0,0.8929547350911811,0.5655893325453404,0.32446348760757954,0.09042957928563515,0.019510213127470175,7.387433974808851e-06,5,142,40,4,grande,0,0
Computación Emergente,2526-3,anon_297,1,4,16.0,12 o más,5.117389277389277,0.2,0.2,0.2,0.2,0.2,5,142,40,3,grande,1,2
Computación Emergente,2526-3,anon_297,1,6,16.0,12 o más,5.854780413116635,0.0003466204506065858,0.0003466204506065858,0.41629116117850956,0.5826689774696707,0.0003466204506065858,5,142,40,3,grande,0,1
Computación Emergente,2526-3,anon_297,1,8,16.0,12 o más,5.117389277389277,0.2,0.2,0.2,0.2,0.2,5,142,40,3,grande,2,3 o más
Computación Emergente,2526-3,anon_298,1,4,6.0,6-11,4.080611771529831,5.480953685941354e-05,0.3157577418470814,0.38152918607837766,0.30260345300082214,5.480953685941354e-05,5,142,40,4,grande,0,1
Computación Emergente,2526-3,anon_298,1,6,6.0,6-11,0.8929547350911811,0.5655893325453404,0.32446348760757954,0.09042957928563515,0.019510213127470175,7.387433974808851e-06,5,142,40,4,grande,0,0
Computación Emergente,2526-3,anon_298,1,8,6.0,6-11,4.080611771529831,5.480953685941354e-05,0.3157577418470814,0.38152918607837766,0.30260345300082214,5.480953685941354e-05,5,142,40,4,grande,0,1
Computación Emergente,2526-3,anon_299,1,4,0.0,0,0.8929547350911811,0.5655893325453404,0.32446348760757954,0.09042957928563515,0.019510213127470175,7.387433974808851e-06,5,142,40,4,grande,0,0
Computación Emergente,2526-3,anon_299,1,6,0.0,0,0.8929547350911811,0.5655893325453404,0.32446348760757954,0.09042957928563515,0.019510213127470175,7.387433974808851e-06,5,142,40,4,grande,0,0
Computación Emergente,2526-3,anon_299,1,8,0.0,0,0.8929547350911811,0.5655893325453404,0.32446348760757954,0.09042957928563515,0.019510213127470175,7.387433974808851e-06,5,142,40,4,grande,0,0
Computación Emergente,2526-3,anon_300,1,4,27.0,12 o más,5.117389277389277,0.2,0.2,0.2,0.2,0.2,5,142,40,5 o más,grande,3 o más,3 o más
Computación Emergente,2526-3,anon_300,1,6,27.0,12 o más,8.116857905646832,0.0006920415224913494,0.0006920415224913494,0.3328719723183391,0.3328719723183391,0.3328719723183391,5,142,40,5 o más,grande,0,2
Computación Emergente,2526-3,anon_300,1,8,27.0,12 o más,5.117389277389277,0.2,0.2,0.2,0.2,0.2,5,142,40,5 o más,grande,3 o más,0
Computación Emergente,2526-3,anon_301,1,4,12.0,12 o más,10.164621423481528,0.0010362694300518132,0.0010362694300518132,0.0010362694300518132,0.49844559585492226,0.49844559585492226,5,142,40,5 o más,grande,2,1
Computación Emergente,2526-3,anon_301,1,6,12.0,12 o más,0.5860469964472588,0.6924030638094953,0.24034214526271866,0.05865943432777993,0.008589395881143266,5.96071886269484e-06,5,142,40,5 o más,grande,0,0
Computación Emergente,2526-3,anon_301,1,8,12.0,12 o más,7.23786630310179,0.0002190580503833516,0.0002190580503833516,0.5785323110624315,0.10536692223439213,0.31566265060240967,5,142,40,5 o más,grande,1,1
Computación Emergente,2526-3,anon_302,1,4,0.0,0,0.5860469964472588,0.6924030638094953,0.24034214526271866,0.05865943432777993,0.008589395881143266,5.96071886269484e-06,5,142,40,5 o más,grande,0,0
Computación Emergente,2526-3,anon_302,1,6,0.0,0,0.5860469964472588,0.6924030638094953,0.24034214526271866,0.05865943432777993,0.008589395881143266,5.96071886269484e-06,5,142,40,5 o más,grande,0,0
Computación Emergente,2526-3,anon_302,1,8,0.0,0,0.5860469964472588,0.6924030638094953,0.24034214526271866,0.05865943432777993,0.008589395881143266,5.96071886269484e-06,5,142,40,5 o más,grande,0,0
Computación Emergente,2526-3,anon_303,1,4,9.0,6-11,5.117389277389277,0.2,0.2,0.2,0.2,0.2,5,142,40,3,grande,2,3 o más
Computación Emergente,2526-3,anon_303,1,6,9.0,6-11,1.7085763959279299,0.5944835350408106,5.629045876723896e-05,0.378328173374613,0.027075710667041942,5.629045876723896e-05,5,142,40,3,grande,0,0
Computación Emergente,2526-3,anon_303,1,8,9.0,6-11,5.117389277389277,0.2,0.2,0.2,0.2,0.2,5,142,40,3,grande,1,2
Computación Emergente,2526-3,anon_174,1,4,0.0,0,0.8929547350911811,0.5655893325453404,0.32446348760757954,0.09042957928563515,0.019510213127470175,7.387433974808851e-06,5,142,40,4,grande,0,0
Computación Emergente,2526-3,anon_174,1,6,0.0,0,0.8929547350911811,0.5655893325453404,0.32446348760757954,0.09042957928563515,0.019510213127470175,7.387433974808851e-06,5,142,40,4,grande,0,0
Computación Emergente,2526-3,anon_174,1,8,0.0,0,0.8929547350911811,0.5655893325453404,0.32446348760757954,0.09042957928563515,0.019510213127470175,7.387433974808851e-06,5,142,40,4,grande,0,0
Computación Emergente,2526-3,anon_304,1,4,0.0,0,1.7085763959279299,0.5944835350408106,5.629045876723896e-05,0.378328173374613,0.027075710667041942,5.629045876723896e-05,5,142,40,3,grande,0,0
Computación Emergente,2526-3,anon_304,1,6,0.0,0,1.7085763959279299,0.5944835350408106,5.629045876723896e-05,0.378328173374613,0.027075710667041942,5.629045876723896e-05,5,142,40,3,grande,0,0
Computación Emergente,2526-3,anon_304,1,8,0.0,0,1.7085763959279299,0.5944835350408106,5.629045876723896e-05,0.378328173374613,0.027075710667041942,5.629045876723896e-05,5,142,40,3,grande,0,0
Computación Emergente,2526-3,anon_305,1,4,12.0,12 o más,5.117389277389277,0.2,0.2,0.2,0.2,0.2,5,142,40,3,grande,2,2
Computación Emergente,2526-3,anon_305,1,6,12.0,12 o más,5.854780413116635,0.0003466204506065858,0.0003466204506065858,0.41629116117850956,0.5826689774696707,0.0003466204506065858,5,142,40,3,grande,0,1
Computación Emergente,2526-3,anon_305,1,8,12.0,12 o más,5.117389277389277,0.2,0.2,0.2,0.2,0.2,5,142,40,3,grande,0,2
Computación Emergente,2526-3,anon_306,1,4,11.0,6-11,6.023078068749147,0.0003780718336483932,0.0003780718336483932,0.3633270321361059,0.635538752362949,0.0003780718336483932,5,142,40,3,grande,1,0
Computación Emergente,2526-3,anon_306,1,6,11.0,6-11,5.854780413116635,0.0003466204506065858,0.0003466204506065858,0.41629116117850956,0.5826689774696707,0.0003466204506065858,5,142,40,3,grande,0,1
Computación Emergente,2526-3,anon_306,1,8,11.0,6-11,5.117389277389277,0.2,0.2,0.2,0.2,0.2,5,142,40,3,grande,2,2
Computación Emergente,2526-3,anon_307,1,4,0.0,0,0.8929547350911811,0.5655893325453404,0.32446348760757954,0.09042957928563515,0.019510213127470175,7.387433974808851e-06,5,142,40,4,grande,0,0
Computación Emergente,2526-3,anon_307,1,6,0.0,0,0.8929547350911811,0.5655893325453404,0.32446348760757954,0.09042957928563515,0.019510213127470175,7.387433974808851e-06,5,142,40,4,grande,0,0
Computación Emergente,2526-3,anon_307,1,8,0.0,0,0.8929547350911811,0.5655893325453404,0.32446348760757954,0.09042957928563515,0.019510213127470175,7.387433974808851e-06,5,142,40,4,grande,0,0
Computación Emergente,2526-3,anon_308,1,4,9.0,6-11,5.117389277389277,0.2,0.2,0.2,0.2,0.2,5,142,40,4,grande,1,3 o más
Computación Emergente,2526-3,anon_308,1,6,9.0,6-11,0.8929547350911811,0.5655893325453404,0.32446348760757954,0.09042957928563515,0.019510213127470175,7.387433974808851e-06,5,142,40,4,grande,0,0
Computación Emergente,2526-3,anon_308,1,8,9.0,6-11,7.171121658997307,0.0010362694300518136,0.0010362694300518136,0.0010362694300518136,0.9958549222797928,0.0010362694300518136,5,142,40,4,grande,0,2
Computación Emergente,2526-3,anon_309,1,4,2.0,1-2,0.8929547350911811,0.5655893325453404,0.32446348760757954,0.09042957928563515,0.019510213127470175,7.387433974808851e-06,5,142,40,4,grande,0,0
Computación Emergente,2526-3,anon_309,1,6,2.0,1-2,0.8929547350911811,0.5655893325453404,0.32446348760757954,0.09042957928563515,0.019510213127470175,7.387433974808851e-06,5,142,40,4,grande,0,0
Computación Emergente,2526-3,anon_309,1,8,2.0,1-2,7.160535409607574,0.0020618556701030924,0.0020618556701030924,0.0020618556701030924,0.9917525773195877,0.0020618556701030924,5,142,40,4,grande,2,0
Computación Emergente,2526-3,anon_310,1,4,8.0,6-11,5.117389277389277,0.2,0.2,0.2,0.2,0.2,5,142,40,4,grande,1,3 o más
Computación Emergente,2526-3,anon_310,1,6,8.0,6-11,0.8929547350911811,0.5655893325453404,0.32446348760757954,0.09042957928563515,0.019510213127470175,7.387433974808851e-06,5,142,40,4,grande,0,0
Computación Emergente,2526-3,anon_310,1,8,8.0,6-11,0.8929547350911811,0.5655893325453404,0.32446348760757954,0.09042957928563515,0.019510213127470175,7.387433974808851e-06,5,142,40,4,grande,0,0
Computación Emergente,2526-3,anon_311,1,4,0.0,0,0.8929547350911811,0.5655893325453404,0.32446348760757954,0.09042957928563515,0.019510213127470175,7.387433974808851e-06,5,142,40,4,grande,0,0
Computación Emergente,2526-3,anon_311,1,6,0.0,0,0.8929547350911811,0.5655893325453404,0.32446348760757954,0.09042957928563515,0.019510213127470175,7.387433974808851e-06,5,142,40,4,grande,0,0
Computación Emergente,2526-3,anon_311,1,8,0.0,0,0.8929547350911811,0.5655893325453404,0.32446348760757954,0.09042957928563515,0.019510213127470175,7.387433974808851e-06,5,142,40,4,grande,0,0
Computación Emergente,2526-3,anon_312,1,4,7.0,6-11,5.117389277389277,0.2,0.2,0.2,0.2,0.2,5,142,40,3,grande,2,1
Computación Emergente,2526-3,anon_312,1,6,7.0,6-11,1.7085763959279299,0.5944835350408106,5.629045876723896e-05,0.378328173374613,0.027075710667041942,5.629045876723896e-05,5,142,40,3,grande,0,0
Computación Emergente,2526-3,anon_312,1,8,7.0,6-11,6.118893823651329,0.0004618937644341801,0.0004618937644341801,0.3330254041570439,0.6655889145496535,0.0004618937644341801,5,142,40,3,grande,1,1
Computación Emergente,2526-3,anon_313,1,4,1.0,1-2,0.8929547350911811,0.5655893325453404,0.32446348760757954,0.09042957928563515,0.019510213127470175,7.387433974808851e-06,5,142,40,4,grande,0,0
Computación Emergente,2526-3,anon_313,1,6,1.0,1-2,0.8929547350911811,0.5655893325453404,0.32446348760757954,0.09042957928563515,0.019510213127470175,7.387433974808851e-06,5,142,40,4,grande,0,0
Computación Emergente,2526-3,anon_313,1,8,1.0,1-2,0.8929547350911811,0.5655893325453404,0.32446348760757954,0.09042957928563515,0.019510213127470175,7.387433974808851e-06,5,142,40,4,grande,0,0
Computación Emergente,2526-3,anon_314,1,4,1.0,1-2,3.489649567706248,0.0001156737998843262,0.5553499132446501,0.22220936957779064,0.16668594563331407,0.05563909774436091,5,142,40,5 o más,grande,1,0
Computación Emergente,2526-3,anon_314,1,6,1.0,1-2,0.5860469964472588,0.6924030638094953,0.24034214526271866,0.05865943432777993,0.008589395881143266,5.96071886269484e-06,5,142,40,5 o más,grande,0,0
Computación Emergente,2526-3,anon_314,1,8,1.0,1-2,0.5860469964472588,0.6924030638094953,0.24034214526271866,0.05865943432777993,0.008589395881143266,5.96071886269484e-06,5,142,40,5 o más,grande,0,0
Computación Emergente,2526-3,anon_315,1,4,1.0,1-2,4.207669361776558,6.125574272588054e-05,0.2940888208269525,0.3822970903522204,0.32349157733537515,6.125574272588054e-05,5,142,40,4,grande,1,0
Computación Emergente,2526-3,anon_315,1,6,1.0,1-2,0.8929547350911811,0.5655893325453404,0.32446348760757954,0.09042957928563515,0.019510213127470175,7.387433974808851e-06,5,142,40,4,grande,0,0
Computación Emergente,2526-3,anon_315,1,8,1.0,1-2,0.8929547350911811,0.5655893325453404,0.32446348760757954,0.09042957928563515,0.019510213127470175,7.387433974808851e-06,5,142,40,4,grande,0,0
Computación Emergente,2526-3,anon_316,1,4,11.0,6-11,6.118893823651329,0.0004618937644341801,0.0004618937644341801,0.3330254041570439,0.6655889145496535,0.0004618937644341801,5,142,40,3,grande,1,1
Computación Emergente,2526-3,anon_316,1,6,11.0,6-11,1.7085763959279299,0.5944835350408106,5.629045876723896e-05,0.378328173374613,0.027075710667041942,5.629045876723896e-05,5,142,40,3,grande,0,0
Computación Emergente,2526-3,anon_316,1,8,11.0,6-11,5.117389277389277,0.2,0.2,0.2,0.2,0.2,5,142,40,3,grande,0,2
Computación Emergente,2526-3,anon_317,1,4,0.0,0,1.7085763959279299,0.5944835350408106,5.629045876723896e-05,0.378328173374613,0.027075710667041942,5.629045876723896e-05,5,142,40,3,grande,0,0
Computación Emergente,2526-3,anon_317,1,6,0.0,0,1.7085763959279299,0.5944835350408106,5.629045876723896e-05,0.378328173374613,0.027075710667041942,5.629045876723896e-05,5,142,40,3,grande,0,0
Computación Emergente,2526-3,anon_317,1,8,0.0,0,1.7085763959279299,0.5944835350408106,5.629045876723896e-05,0.378328173374613,0.027075710667041942,5.629045876723896e-05,5,142,40,3,grande,0,0
Computación Emergente,2526-3,anon_318,1,4,0.0,0,0.5860469964472588,0.6924030638094953,0.24034214526271866,0.05865943432777993,0.008589395881143266,5.96071886269484e-06,5,142,40,5 o más,grande,0,0
Computación Emergente,2526-3,anon_318,1,6,0.0,0,0.5860469964472588,0.6924030638094953,0.24034214526271866,0.05865943432777993,0.008589395881143266,5.96071886269484e-06,5,142,40,5 o más,grande,0,0
Computación Emergente,2526-3,anon_318,1,8,0.0,0,0.5860469964472588,0.6924030638094953,0.24034214526271866,0.05865943432777993,0.008589395881143266,5.96071886269484e-06,5,142,40,5 o más,grande,0,0
Computación Emergente,2526-3,anon_319,1,4,22.0,12 o más,7.160535409607574,0.0020618556701030924,0.0020618556701030924,0.0020618556701030924,0.9917525773195877,0.0020618556701030924,5,142,40,4,grande,2,0
Computación Emergente,2526-3,anon_319,1,6,22.0,12 o más,4.080611771529831,5.480953685941354e-05,0.3157577418470814,0.38152918607837766,0.30260345300082214,5.480953685941354e-05,5,142,40,4,grande,0,1
Computación Emergente,2526-3,anon_319,1,8,22.0,12 o más,5.117389277389277,0.2,0.2,0.2,0.2,0.2,5,142,40,4,grande,3 o más,3 o más
Computación Emergente,2526-3,anon_320,1,4,3.0,3-5,3.7824470555060543,9.91571641051066e-05,0.4998512642538424,0.3094695091720377,0.09529003470500744,0.09529003470500744,5,142,40,5 o más,grande,0,1
Computación Emergente,2526-3,anon_320,1,6,3.0,3-5,0.5860469964472588,0.6924030638094953,0.24034214526271866,0.05865943432777993,0.008589395881143266,5.96071886269484e-06,5,142,40,5 o más,grande,0,0
Computación Emergente,2526-3,anon_320,1,8,3.0,3-5,3.489649567706248,0.0001156737998843262,0.5553499132446501,0.22220936957779064,0.16668594563331407,0.05563909774436091,5,142,40,5 o más,grande,1,0
Computación Emergente,2526-3,anon_321,1,4,3.0,3-5,0.8929547350911811,0.5655893325453404,0.32446348760757954,0.09042957928563515,0.019510213127470175,7.387433974808851e-06,5,142,40,4,grande,0,0
Computación Emergente,2526-3,anon_321,1,6,3.0,3-5,0.8929547350911811,0.5655893325453404,0.32446348760757954,0.09042957928563515,0.019510213127470175,7.387433974808851e-06,5,142,40,4,grande,0,0
Computación Emergente,2526-3,anon_321,1,8,3.0,3-5,0.8929547350911811,0.5655893325453404,0.32446348760757954,0.09042957928563515,0.019510213127470175,7.387433974808851e-06,5,142,40,4,grande,0,0
Estructura de Datos,2425-3,anon_322,2,4,36.0,12 o más,6.851082251082252,0.2,0.2,0.2,0.2,0.2,5,78,30,2,mediano,3 o más,1
Estructura de Datos,2425-3,anon_322,2,6,36.0,12 o más,6.851082251082252,0.2,0.2,0.2,0.2,0.2,5,78,30,2,mediano,3 o más,1
Estructura de Datos,2425-3,anon_322,2,8,36.0,12 o más,6.851082251082252,0.2,0.2,0.2,0.2,0.2,5,78,30,2,mediano,3 o más,1
Estructura de Datos,2425-3,anon_323,2,4,27.0,12 o más,3.877646771257469,0.00029717682020802375,0.5708766716196136,0.14294205052005943,0.2855869242199108,0.00029717682020802375,5,78,30,2,mediano,0,2
Estructura de Datos,2425-3,anon_323,2,6,27.0,12 o más,6.851082251082252,0.2,0.2,0.2,0.2,0.2,5,78,30,2,mediano,3 o más,1
Estructura de Datos,2425-3,anon_323,2,8,27.0,12 o más,3.6695050653813537,0.0020618556701030924,0.0020618556701030924,0.9917525773195877,0.0020618556701030924,0.0020618556701030924,5,78,30,2,mediano,2,1
Estructura de Datos,2425-3,anon_324,2,4,0.0,0,1.4032233155063372,0.6983303025293437,0.12699619771863116,0.14286658951892875,3.3063316250619935e-05,0.031773846916845754,5,78,30,4,mediano,0,0
Estructura de Datos,2425-3,anon_324,2,6,0.0,0,1.4032233155063372,0.6983303025293437,0.12699619771863116,0.14286658951892875,3.3063316250619935e-05,0.031773846916845754,5,78,30,4,mediano,0,0
Estructura de Datos,2425-3,anon_324,2,8,0.0,0,1.4032233155063372,0.6983303025293437,0.12699619771863116,0.14286658951892875,3.3063316250619935e-05,0.031773846916845754,5,78,30,4,mediano,0,0
Estructura de Datos,2425-3,anon_037,2,4,3.0,3-5,10.20247028501364,0.00023121387283236996,0.3331791907514451,0.00023121387283236996,0.3331791907514451,0.3331791907514451,5,78,30,1,mediano,0,1
Estructura de Datos,2425-3,anon_037,2,6,3.0,3-5,2.2381018970347606,0.5076430059285371,0.3999679538535491,3.2046146450889276e-05,0.030796346739304595,0.061560647332158304,5,78,30,1,mediano,0,0
Estructura de Datos,2425-3,anon_037,2,8,3.0,3-5,2.2381018970347606,0.5076430059285371,0.3999679538535491,3.2046146450889276e-05,0.030796346739304595,0.061560647332158304,5,78,30,1,mediano,0,0
Estructura de Datos,2425-3,anon_325,2,4,3.0,3-5,2.320489852083275,0.3707765229094739,0.3539235765697232,0.12359997659313007,0.1516882204927146,1.1703434958160218e-05,5,78,30,2,mediano,0,0
Estructura de Datos,2425-3,anon_325,2,6,3.0,3-5,2.320489852083275,0.3707765229094739,0.3539235765697232,0.12359997659313007,0.1516882204927146,1.1703434958160218e-05,5,78,30,2,mediano,0,0
Estructura de Datos,2425-3,anon_325,2,8,3.0,3-5,2.320489852083275,0.3707765229094739,0.3539235765697232,0.12359997659313007,0.1516882204927146,1.1703434958160218e-05,5,78,30,2,mediano,0,0
Estructura de Datos,2425-3,anon_326,2,4,0.0,0,2.320489852083275,0.3707765229094739,0.3539235765697232,0.12359997659313007,0.1516882204927146,1.1703434958160218e-05,5,78,30,2,mediano,0,0
Estructura de Datos,2425-3,anon_326,2,6,0.0,0,2.320489852083275,0.3707765229094739,0.3539235765697232,0.12359997659313007,0.1516882204927146,1.1703434958160218e-05,5,78,30,2,mediano,0,0
Estructura de Datos,2425-3,anon_326,2,8,0.0,0,2.320489852083275,0.3707765229094739,0.3539235765697232,0.12359997659313007,0.1516882204927146,1.1703434958160218e-05,5,78,30,2,mediano,0,0
Estructura de Datos,2425-3,anon_327,2,4,11.0,6-11,8.153103940732807,0.0020618556701030924,0.0020618556701030924,0.0020618556701030924,0.9917525773195877,0.0020618556701030924,5,78,30,2,mediano,1,2
Estructura de Datos,2425-3,anon_327,2,6,11.0,6-11,3.8240902835122488,0.00023121387283236996,0.44416184971098266,0.3331791907514451,0.22219653179190751,0.00023121387283236996,5,78,30,2,mediano,0,1
Estructura de Datos,2425-3,anon_327,2,8,11.0,6-11,6.851082251082252,0.2,0.2,0.2,0.2,0.2,5,78,30,2,mediano,1,1
Estructura de Datos,2425-3,anon_328,2,4,18.0,12 o más,8.153103940732807,0.0020618556701030924,0.0020618556701030924,0.0020618556701030924,0.9917525773195877,0.0020618556701030924,5,78,30,1,mediano,1,2
Estructura de Datos,2425-3,anon_328,2,6,18.0,12 o más,10.20247028501364,0.00023121387283236996,0.3331791907514451,0.00023121387283236996,0.3331791907514451,0.3331791907514451,5,78,30,1,mediano,0,1
Estructura de Datos,2425-3,anon_328,2,8,18.0,12 o más,2.2381018970347606,0.5076430059285371,0.3999679538535491,3.2046146450889276e-05,0.030796346739304595,0.061560647332158304,5,78,30,1,mediano,0,0
Estructura de Datos,2425-3,anon_329,2,4,21.0,12 o más,6.851082251082252,0.2,0.2,0.2,0.2,0.2,5,78,30,2,mediano,2,3 o más
Estructura de Datos,2425-3,anon_329,2,6,21.0,12 o más,6.355577755577756,0.0004158004158004158,0.0004158004158004158,0.3995841995841996,0.5991683991683993,0.0004158004158004158,5,78,30,2,mediano,3 o más,0
Estructura de Datos,2425-3,anon_329,2,8,21.0,12 o más,2.320489852083275,0.3707765229094739,0.3539235765697232,0.12359997659313007,0.1516882204927146,1.1703434958160218e-05,5,78,30,2,mediano,0,0
Estructura de Datos,2425-3,anon_330,2,4,13.0,12 o más,20.524237961351364,0.0020618556701030924,0.0020618556701030924,0.0020618556701030924,0.0020618556701030924,0.9917525773195877,5,78,30,1,mediano,3 o más,3 o más
Estructura de Datos,2425-3,anon_330,2,6,13.0,12 o más,10.20247028501364,0.00023121387283236996,0.3331791907514451,0.00023121387283236996,0.3331791907514451,0.3331791907514451,5,78,30,1,mediano,0,1
Estructura de Datos,2425-3,anon_330,2,8,13.0,12 o más,2.2381018970347606,0.5076430059285371,0.3999679538535491,3.2046146450889276e-05,0.030796346739304595,0.061560647332158304,5,78,30,1,mediano,0,0
Estructura de Datos,2425-3,anon_331,2,4,0.0,0,1.3253742579720513,0.651816989429828,0.14074531286166192,0.17777949232312323,0.014829102692693465,0.014829102692693465,5,78,30,3,mediano,0,0
Estructura de Datos,2425-3,anon_331,2,6,0.0,0,1.3253742579720513,0.651816989429828,0.14074531286166192,0.17777949232312323,0.014829102692693465,0.014829102692693465,5,78,30,3,mediano,0,0
Estructura de Datos,2425-3,anon_331,2,8,0.0,0,1.3253742579720513,0.651816989429828,0.14074531286166192,0.17777949232312323,0.014829102692693465,0.014829102692693465,5,78,30,3,mediano,0,0
Estructura de Datos,2425-3,anon_011,2,4,0.0,0,2.320489852083275,0.3707765229094739,0.3539235765697232,0.12359997659313007,0.1516882204927146,1.1703434958160218e-05,5,78,30,2,mediano,0,0
Estructura de Datos,2425-3,anon_011,2,6,0.0,0,2.320489852083275,0.3707765229094739,0.3539235765697232,0.12359997659313007,0.1516882204927146,1.1703434958160218e-05,5,78,30,2,mediano,0,0
Estructura de Datos,2425-3,anon_011,2,8,0.0,0,2.320489852083275,0.3707765229094739,0.3539235765697232,0.12359997659313007,0.1516882204927146,1.1703434958160218e-05,5,78,30,2,mediano,0,0
Estructura de Datos,2425-3,anon_332,2,4,0.0,0,1.4032233155063372,0.6983303025293437,0.12699619771863116,0.14286658951892875,3.3063316250619935e-05,0.031773846916845754,5,78,30,4,mediano,0,0
Estructura de Datos,2425-3,anon_332,2,6,0.0,0,1.4032233155063372,0.6983303025293437,0.12699619771863116,0.14286658951892875,3.3063316250619935e-05,0.031773846916845754,5,78,30,4,mediano,0,0
Estructura de Datos,2425-3,anon_332,2,8,0.0,0,1.4032233155063372,0.6983303025293437,0.12699619771863116,0.14286658951892875,3.3063316250619935e-05,0.031773846916845754,5,78,30,4,mediano,0,0
Estructura de Datos,2425-3,anon_333,2,4,2.0,1-2,14.377466747414934,0.0010362694300518132,0.0010362694300518132,0.0010362694300518132,0.49844559585492226,0.49844559585492226,5,78,30,5 o más,mediano,0,1
Estructura de Datos,2425-3,anon_333,2,6,2.0,1-2,2.124052988034936,0.7332407568130533,3.47161951050165e-05,0.15000867904877627,0.06668981079673669,0.05002603714632877,5,78,30,5 o más,mediano,0,0
Estructura de Datos,2425-3,anon_333,2,8,2.0,1-2,14.377466747414934,0.0010362694300518132,0.0010362694300518132,0.0010362694300518132,0.49844559585492226,0.49844559585492226,5,78,30,5 o más,mediano,0,1
Estructura de Datos,2425-3,anon_301,2,4,15.0,12 o más,20.524237961351364,0.0020618556701030924,0.0020618556701030924,0.0020618556701030924,0.0020618556701030924,0.9917525773195877,5,78,30,4,mediano,3 o más,2
Estructura de Datos,2425-3,anon_301,2,6,15.0,12 o más,6.851082251082252,0.2,0.2,0.2,0.2,0.2,5,78,30,4,mediano,2,1
Estructura de Datos,2425-3,anon_301,2,8,15.0,12 o más,8.075114965772407,0.0006920415224913495,0.6650519031141868,0.0006920415224913495,0.0006920415224913495,0.33287197231833915,5,78,30,4,mediano,0,1
Estructura de Datos,2425-3,anon_334,2,4,3.0,3-5,2.320489852083275,0.3707765229094739,0.3539235765697232,0.12359997659313007,0.1516882204927146,1.1703434958160218e-05,5,78,30,2,mediano,0,0
Estructura de Datos,2425-3,anon_334,2,6,3.0,3-5,2.320489852083275,0.3707765229094739,0.3539235765697232,0.12359997659313007,0.1516882204927146,1.1703434958160218e-05,5,78,30,2,mediano,0,0
Estructura de Datos,2425-3,anon_334,2,8,3.0,3-5,3.8240902835122488,0.00023121387283236996,0.44416184971098266,0.3331791907514451,0.22219653179190751,0.00023121387283236996,5,78,30,2,mediano,0,1
Estructura de Datos,2425-3,anon_335,2,4,1.0,1-2,2.124052988034936,0.7332407568130533,3.47161951050165e-05,0.15000867904877627,0.06668981079673669,0.05002603714632877,5,78,30,5 o más,mediano,0,0
Estructura de Datos,2425-3,anon_335,2,6,1.0,1-2,14.377466747414934,0.0010362694300518132,0.0010362694300518132,0.0010362694300518132,0.49844559585492226,0.49844559585492226,5,78,30,5 o más,mediano,0,1
Estructura de Datos,2425-3,anon_335,2,8,1.0,1-2,2.124052988034936,0.7332407568130533,3.47161951050165e-05,0.15000867904877627,0.06668981079673669,0.05002603714632877,5,78,30,5 o más,mediano,0,0
Estructura de Datos,2425-3,anon_336,2,4,3.0,3-5,10.20247028501364,0.00023121387283236996,0.3331791907514451,0.00023121387283236996,0.3331791907514451,0.3331791907514451,5,78,30,1,mediano,0,1
Estructura de Datos,2425-3,anon_336,2,6,3.0,3-5,2.2381018970347606,0.5076430059285371,0.3999679538535491,3.2046146450889276e-05,0.030796346739304595,0.061560647332158304,5,78,30,1,mediano,0,0
Estructura de Datos,2425-3,anon_336,2,8,3.0,3-5,2.2381018970347606,0.5076430059285371,0.3999679538535491,3.2046146450889276e-05,0.030796346739304595,0.061560647332158304,5,78,30,1,mediano,0,0
Estructura de Datos,2425-3,anon_337,2,4,2.0,1-2,8.075114965772407,0.0006920415224913495,0.6650519031141868,0.0006920415224913495,0.0006920415224913495,0.33287197231833915,5,78,30,4,mediano,0,1
Estructura de Datos,2425-3,anon_337,2,6,2.0,1-2,1.4032233155063372,0.6983303025293437,0.12699619771863116,0.14286658951892875,3.3063316250619935e-05,0.031773846916845754,5,78,30,4,mediano,0,0
Estructura de Datos,2425-3,anon_337,2,8,2.0,1-2,1.4032233155063372,0.6983303025293437,0.12699619771863116,0.14286658951892875,3.3063316250619935e-05,0.031773846916845754,5,78,30,4,mediano,0,0
Estructura de Datos,2425-3,anon_338,2,4,0.0,0,1.3253742579720513,0.651816989429828,0.14074531286166192,0.17777949232312323,0.014829102692693465,0.014829102692693465,5,78,30,3,mediano,0,0
Estructura de Datos,2425-3,anon_338,2,6,0.0,0,1.3253742579720513,0.651816989429828,0.14074531286166192,0.17777949232312323,0.014829102692693465,0.014829102692693465,5,78,30,3,mediano,0,0
Estructura de Datos,2425-3,anon_338,2,8,0.0,0,1.3253742579720513,0.651816989429828,0.14074531286166192,0.17777949232312323,0.014829102692693465,0.014829102692693465,5,78,30,3,mediano,0,0
Estructura de Datos,2425-3,anon_339,2,4,2.0,1-2,2.320489852083275,0.3707765229094739,0.3539235765697232,0.12359997659313007,0.1516882204927146,1.1703434958160218e-05,5,78,30,2,mediano,0,0
Estructura de Datos,2425-3,anon_339,2,6,2.0,1-2,2.320489852083275,0.3707765229094739,0.3539235765697232,0.12359997659313007,0.1516882204927146,1.1703434958160218e-05,5,78,30,2,mediano,0,0
Estructura de Datos,2425-3,anon_339,2,8,2.0,1-2,3.8240902835122488,0.00023121387283236996,0.44416184971098266,0.3331791907514451,0.22219653179190751,0.00023121387283236996,5,78,30,2,mediano,0,1
Estructura de Datos,2425-3,anon_340,2,4,0.0,0,2.320489852083275,0.3707765229094739,0.3539235765697232,0.12359997659313007,0.1516882204927146,1.1703434958160218e-05,5,78,30,2,mediano,0,0
Estructura de Datos,2425-3,anon_340,2,6,0.0,0,2.320489852083275,0.3707765229094739,0.3539235765697232,0.12359997659313007,0.1516882204927146,1.1703434958160218e-05,5,78,30,2,mediano,0,0
Estructura de Datos,2425-3,anon_340,2,8,0.0,0,2.320489852083275,0.3707765229094739,0.3539235765697232,0.12359997659313007,0.1516882204927146,1.1703434958160218e-05,5,78,30,2,mediano,0,0
Estructura de Datos,2425-3,anon_341,2,4,0.0,0,1.3253742579720513,0.651816989429828,0.14074531286166192,0.17777949232312323,0.014829102692693465,0.014829102692693465,5,78,30,3,mediano,0,0
Estructura de Datos,2425-3,anon_341,2,6,0.0,0,1.3253742579720513,0.651816989429828,0.14074531286166192,0.17777949232312323,0.014829102692693465,0.014829102692693465,5,78,30,3,mediano,0,0
Estructura de Datos,2425-3,anon_341,2,8,0.0,0,1.3253742579720513,0.651816989429828,0.14074531286166192,0.17777949232312323,0.014829102692693465,0.014829102692693465,5,78,30,3,mediano,0,0
Estructura de Datos,2425-3,anon_342,2,4,1.0,1-2,1.4032233155063372,0.6983303025293437,0.12699619771863116,0.14286658951892875,3.3063316250619935e-05,0.031773846916845754,5,78,30,4,mediano,0,0
Estructura de Datos,2425-3,anon_342,2,6,1.0,1-2,1.4032233155063372,0.6983303025293437,0.12699619771863116,0.14286658951892875,3.3063316250619935e-05,0.031773846916845754,5,78,30,4,mediano,0,0
Estructura de Datos,2425-3,anon_342,2,8,1.0,1-2,1.4032233155063372,0.6983303025293437,0.12699619771863116,0.14286658951892875,3.3063316250619935e-05,0.031773846916845754,5,78,30,4,mediano,0,0
Estructura de Datos,2425-3,anon_050,2,4,1.0,1-2,2.320489852083275,0.3707765229094739,0.3539235765697232,0.12359997659313007,0.1516882204927146,1.1703434958160218e-05,5,78,30,2,mediano,0,0
Estructura de Datos,2425-3,anon_050,2,6,1.0,1-2,2.320489852083275,0.3707765229094739,0.3539235765697232,0.12359997659313007,0.1516882204927146,1.1703434958160218e-05,5,78,30,2,mediano,0,0
Estructura de Datos,2425-3,anon_050,2,8,1.0,1-2,2.320489852083275,0.3707765229094739,0.3539235765697232,0.12359997659313007,0.1516882204927146,1.1703434958160218e-05,5,78,30,2,mediano,0,0
Estructura de Datos,2425-3,anon_052,2,4,7.0,6-11,12.280256889269022,0.0003466204506065858,0.33310225303292895,0.0003466204506065858,0.1667244367417678,0.49948006932409017,5,78,30,1,mediano,1,0
Estructura de Datos,2425-3,anon_052,2,6,7.0,6-11,10.20247028501364,0.00023121387283236996,0.3331791907514451,0.00023121387283236996,0.3331791907514451,0.3331791907514451,5,78,30,1,mediano,0,1
Estructura de Datos,2425-3,anon_052,2,8,7.0,6-11,2.2381018970347606,0.5076430059285371,0.3999679538535491,3.2046146450889276e-05,0.030796346739304595,0.061560647332158304,5,78,30,1,mediano,0,0
Estructura de Datos,2425-3,anon_343,2,4,4.0,3-5,2.320489852083275,0.3707765229094739,0.3539235765697232,0.12359997659313007,0.1516882204927146,1.1703434958160218e-05,5,78,30,2,mediano,0,0
Estructura de Datos,2425-3,anon_343,2,6,4.0,3-5,2.320489852083275,0.3707765229094739,0.3539235765697232,0.12359997659313007,0.1516882204927146,1.1703434958160218e-05,5,78,30,2,mediano,0,0
Estructura de Datos,2425-3,anon_343,2,8,4.0,3-5,2.320489852083275,0.3707765229094739,0.3539235765697232,0.12359997659313007,0.1516882204927146,1.1703434958160218e-05,5,78,30,2,mediano,0,0
Estructura de Datos,2425-3,anon_344,2,4,0.0,0,2.124052988034936,0.7332407568130533,3.47161951050165e-05,0.15000867904877627,0.06668981079673669,0.05002603714632877,5,78,30,5 o más,mediano,0,0
Estructura de Datos,2425-3,anon_344,2,6,0.0,0,2.124052988034936,0.7332407568130533,3.47161951050165e-05,0.15000867904877627,0.06668981079673669,0.05002603714632877,5,78,30,5 o más,mediano,0,0
Estructura de Datos,2425-3,anon_344,2,8,0.0,0,2.124052988034936,0.7332407568130533,3.47161951050165e-05,0.15000867904877627,0.06668981079673669,0.05002603714632877,5,78,30,5 o más,mediano,0,0
Estructura de Datos,2425-3,anon_055,2,4,1.0,1-2,2.2381018970347606,0.5076430059285371,0.3999679538535491,3.2046146450889276e-05,0.030796346739304595,0.061560647332158304,5,78,30,1,mediano,0,0
Estructura de Datos,2425-3,anon_055,2,6,1.0,1-2,2.2381018970347606,0.5076430059285371,0.3999679538535491,3.2046146450889276e-05,0.030796346739304595,0.061560647332158304,5,78,30,1,mediano,0,0
Estructura de Datos,2425-3,anon_055,2,8,1.0,1-2,2.2381018970347606,0.5076430059285371,0.3999679538535491,3.2046146450889276e-05,0.030796346739304595,0.061560647332158304,5,78,30,1,mediano,0,0
Estructura de Datos,2425-3,anon_345,2,4,7.0,6-11,2.320489852083275,0.3707765229094739,0.3539235765697232,0.12359997659313007,0.1516882204927146,1.1703434958160218e-05,5,78,30,2,mediano,0,0
Estructura de Datos,2425-3,anon_345,2,6,7.0,6-11,6.355577755577756,0.0004158004158004158,0.0004158004158004158,0.3995841995841996,0.5991683991683993,0.0004158004158004158,5,78,30,2,mediano,3 o más,0
Estructura de Datos,2425-3,anon_345,2,8,7.0,6-11,2.320489852083275,0.3707765229094739,0.3539235765697232,0.12359997659313007,0.1516882204927146,1.1703434958160218e-05,5,78,30,2,mediano,0,0
Estructura de Datos,2526-1,anon_346,2,4,0.0,0,6.3947979663111365,4.084133142740453e-05,0.37251378394935675,0.3137022666938942,0.15687155401266079,0.15687155401266079,5,78,30,1,mediano,0,0
Estructura de Datos,2526-1,anon_346,2,6,0.0,0,6.3947979663111365,4.084133142740453e-05,0.37251378394935675,0.3137022666938942,0.15687155401266079,0.15687155401266079,5,78,30,1,mediano,0,0
Estructura de Datos,2526-1,anon_346,2,8,0.0,0,6.3947979663111365,4.084133142740453e-05,0.37251378394935675,0.3137022666938942,0.15687155401266079,0.15687155401266079,5,78,30,1,mediano,0,0
Estructura de Datos,2526-1,anon_347,2,4,1.0,1-2,2.512345156952752,0.30554792043399637,0.3124918625678119,0.26388426763110306,0.11111754068716095,0.006958408679927668,5,78,30,2,mediano,0,0
Estructura de Datos,2526-1,anon_347,2,6,1.0,1-2,2.512345156952752,0.30554792043399637,0.3124918625678119,0.26388426763110306,0.11111754068716095,0.006958408679927668,5,78,30,2,mediano,0,0
Estructura de Datos,2526-1,anon_347,2,8,1.0,1-2,6.7231402754159575,0.00026007802340702205,0.12509752925877762,0.4996098829648894,0.2499349804941482,0.12509752925877762,5,78,30,2,mediano,1,0
Estructura de Datos,2526-1,anon_348,2,4,0.0,0,2.512345156952752,0.30554792043399637,0.3124918625678119,0.26388426763110306,0.11111754068716095,0.006958408679927668,5,78,30,2,mediano,0,0
Estructura de Datos,2526-1,anon_348,2,6,0.0,0,2.512345156952752,0.30554792043399637,0.3124918625678119,0.26388426763110306,0.11111754068716095,0.006958408679927668,5,78,30,2,mediano,0,0
Estructura de Datos,2526-1,anon_348,2,8,0.0,0,2.512345156952752,0.30554792043399637,0.3124918625678119,0.26388426763110306,0.11111754068716095,0.006958408679927668,5,78,30,2,mediano,0,0
Estructura de Datos,2526-1,anon_349,2,4,0.0,0,6.3947979663111365,4.084133142740453e-05,0.37251378394935675,0.3137022666938942,0.15687155401266079,0.15687155401266079,5,78,30,1,mediano,0,0
Estructura de Datos,2526-1,anon_349,2,6,0.0,0,6.3947979663111365,4.084133142740453e-05,0.37251378394935675,0.3137022666938942,0.15687155401266079,0.15687155401266079,5,78,30,1,mediano,0,0
Estructura de Datos,2526-1,anon_349,2,8,0.0,0,6.3947979663111365,4.084133142740453e-05,0.37251378394935675,0.3137022666938942,0.15687155401266079,0.15687155401266079,5,78,30,1,mediano,0,0
Estructura de Datos,2526-1,anon_324,2,4,0.0,0,1.7496102081206946,0.6026822656584391,0.3424454273077472,2.8534741047224992e-05,2.8534741047224992e-05,0.05481523755171921,5,78,30,4,mediano,0,0
Estructura de Datos,2526-1,anon_324,2,6,0.0,0,1.7496102081206946,0.6026822656584391,0.3424454273077472,2.8534741047224992e-05,2.8534741047224992e-05,0.05481523755171921,5,78,30,4,mediano,0,0
Estructura de Datos,2526-1,anon_324,2,8,0.0,0,1.7496102081206946,0.6026822656584391,0.3424454273077472,2.8534741047224992e-05,2.8534741047224992e-05,0.05481523755171921,5,78,30,4,mediano,0,0
Estructura de Datos,2526-1,anon_350,2,4,3.0,3-5,1.2582537303467538,0.6637514591002963,0.16379635449402893,0.13793660770404959,0.017257789350812607,0.017257789350812607,5,78,30,3,mediano,0,0
Estructura de Datos,2526-1,anon_350,2,6,3.0,3-5,1.2582537303467538,0.6637514591002963,0.16379635449402893,0.13793660770404959,0.017257789350812607,0.017257789350812607,5,78,30,3,mediano,0,0
Estructura de Datos,2526-1,anon_350,2,8,3.0,3-5,1.2582537303467538,0.6637514591002963,0.16379635449402893,0.13793660770404959,0.017257789350812607,0.017257789350812607,5,78,30,3,mediano,0,0
Estructura de Datos,2526-1,anon_351,2,4,6.0,6-11,2.512345156952752,0.30554792043399637,0.3124918625678119,0.26388426763110306,0.11111754068716095,0.006958408679927668,5,78,30,2,mediano,0,0
Estructura de Datos,2526-1,anon_351,2,6,6.0,6-11,2.512345156952752,0.30554792043399637,0.3124918625678119,0.26388426763110306,0.11111754068716095,0.006958408679927668,5,78,30,2,mediano,0,0
Estructura de Datos,2526-1,anon_351,2,8,6.0,6-11,2.512345156952752,0.30554792043399637,0.3124918625678119,0.26388426763110306,0.11111754068716095,0.006958408679927668,5,78,30,2,mediano,0,0
Estructura de Datos,2526-1,anon_352,2,4,0.0,0,2.098957668314869,0.515573637103336,0.2499918633034988,0.14063466232709518,0.06252237591537835,0.031277461350691614,5,78,30,5 o más,mediano,0,0
Estructura de Datos,2526-1,anon_352,2,6,0.0,0,2.098957668314869,0.515573637103336,0.2499918633034988,0.14063466232709518,0.06252237591537835,0.031277461350691614,5,78,30,5 o más,mediano,0,0
Estructura de Datos,2526-1,anon_352,2,8,0.0,0,2.098957668314869,0.515573637103336,0.2499918633034988,0.14063466232709518,0.06252237591537835,0.031277461350691614,5,78,30,5 o más,mediano,0,0
Estructura de Datos,2526-1,anon_353,2,4,2.0,1-2,6.821195989708101,0.0006920415224913495,0.0006920415224913495,0.33287197231833915,0.6650519031141868,0.0006920415224913495,5,78,30,1,mediano,1,0
Estructura de Datos,2526-1,anon_353,2,6,2.0,1-2,6.3947979663111365,4.084133142740453e-05,0.37251378394935675,0.3137022666938942,0.15687155401266079,0.15687155401266079,5,78,30,1,mediano,0,0
Estructura de Datos,2526-1,anon_353,2,8,2.0,1-2,6.3947979663111365,4.084133142740453e-05,0.37251378394935675,0.3137022666938942,0.15687155401266079,0.15687155401266079,5,78,30,1,mediano,0,0
Estructura de Datos,2526-1,anon_354,2,4,0.0,0,2.512345156952752,0.30554792043399637,0.3124918625678119,0.26388426763110306,0.11111754068716095,0.006958408679927668,5,78,30,2,mediano,0,0
Estructura de Datos,2526-1,anon_354,2,6,0.0,0,2.512345156952752,0.30554792043399637,0.3124918625678119,0.26388426763110306,0.11111754068716095,0.006958408679927668,5,78,30,2,mediano,0,0
Estructura de Datos,2526-1,anon_354,2,8,0.0,0,2.512345156952752,0.30554792043399637,0.3124918625678119,0.26388426763110306,0.11111754068716095,0.006958408679927668,5,78,30,2,mediano,0,0
Estructura de Datos,2526-1,anon_355,2,4,0.0,0,2.512345156952752,0.30554792043399637,0.3124918625678119,0.26388426763110306,0.11111754068716095,0.006958408679927668,5,78,30,2,mediano,0,0
Estructura de Datos,2526-1,anon_355,2,6,0.0,0,2.512345156952752,0.30554792043399637,0.3124918625678119,0.26388426763110306,0.11111754068716095,0.006958408679927668,5,78,30,2,mediano,0,0
Estructura de Datos,2526-1,anon_355,2,8,0.0,0,2.512345156952752,0.30554792043399637,0.3124918625678119,0.26388426763110306,0.11111754068716095,0.006958408679927668,5,78,30,2,mediano,0,0
Estructura de Datos,2526-1,anon_356,2,4,0.0,0,2.512345156952752,0.30554792043399637,0.3124918625678119,0.26388426763110306,0.11111754068716095,0.006958408679927668,5,78,30,2,mediano,0,0
Estructura de Datos,2526-1,anon_356,2,6,0.0,0,2.512345156952752,0.30554792043399637,0.3124918625678119,0.26388426763110306,0.11111754068716095,0.006958408679927668,5,78,30,2,mediano,0,0
Estructura de Datos,2526-1,anon_356,2,8,0.0,0,2.512345156952752,0.30554792043399637,0.3124918625678119,0.26388426763110306,0.11111754068716095,0.006958408679927668,5,78,30,2,mediano,0,0
Estructura de Datos,2526-1,anon_012,2,4,0.0,0,6.3947979663111365,4.084133142740453e-05,0.37251378394935675,0.3137022666938942,0.15687155401266079,0.15687155401266079,5,78,30,1,mediano,0,0
Estructura de Datos,2526-1,anon_012,2,6,0.0,0,6.3947979663111365,4.084133142740453e-05,0.37251378394935675,0.3137022666938942,0.15687155401266079,0.15687155401266079,5,78,30,1,mediano,0,0
Estructura de Datos,2526-1,anon_012,2,8,0.0,0,6.3947979663111365,4.084133142740453e-05,0.37251378394935675,0.3137022666938942,0.15687155401266079,0.15687155401266079,5,78,30,1,mediano,0,0
Estructura de Datos,2526-1,anon_333,2,4,0.0,0,2.098957668314869,0.515573637103336,0.2499918633034988,0.14063466232709518,0.06252237591537835,0.031277461350691614,5,78,30,5 o más,mediano,0,0
Estructura de Datos,2526-1,anon_333,2,6,0.0,0,2.098957668314869,0.515573637103336,0.2499918633034988,0.14063466232709518,0.06252237591537835,0.031277461350691614,5,78,30,5 o más,mediano,0,0
Estructura de Datos,2526-1,anon_333,2,8,0.0,0,2.098957668314869,0.515573637103336,0.2499918633034988,0.14063466232709518,0.06252237591537835,0.031277461350691614,5,78,30,5 o más,mediano,0,0
Estructura de Datos,2526-1,anon_357,2,4,0.0,0,1.2582537303467538,0.6637514591002963,0.16379635449402893,0.13793660770404959,0.017257789350812607,0.017257789350812607,5,78,30,3,mediano,0,0
Estructura de Datos,2526-1,anon_357,2,6,0.0,0,1.2582537303467538,0.6637514591002963,0.16379635449402893,0.13793660770404959,0.017257789350812607,0.017257789350812607,5,78,30,3,mediano,0,0
Estructura de Datos,2526-1,anon_357,2,8,0.0,0,1.2582537303467538,0.6637514591002963,0.16379635449402893,0.13793660770404959,0.017257789350812607,0.017257789350812607,5,78,30,3,mediano,0,0
Estructura de Datos,2526-1,anon_336,2,4,21.0,12 o más,5.112488375182676,0.0010362694300518132,0.49844559585492226,0.0010362694300518132,0.49844559585492226,0.0010362694300518132,5,78,30,1,mediano,2,0
Estructura de Datos,2526-1,anon_336,2,6,21.0,12 o más,6.821195989708101,0.0006920415224913495,0.0006920415224913495,0.33287197231833915,0.6650519031141868,0.0006920415224913495,5,78,30,1,mediano,1,0
Estructura de Datos,2526-1,anon_336,2,8,21.0,12 o más,5.112488375182676,0.0010362694300518132,0.49844559585492226,0.0010362694300518132,0.49844559585492226,0.0010362694300518132,5,78,30,1,mediano,2,0
Estructura de Datos,2526-1,anon_358,2,4,5.0,3-5,4.760542002526735,0.00013879250520471896,0.2,0.4664816099930604,0.3332408049965302,0.00013879250520471896,5,78,30,2,mediano,0,1
Estructura de Datos,2526-1,anon_358,2,6,5.0,3-5,12.680510688202997,0.0004158004158004158,0.0004158004158004158,0.20000000000000004,0.3995841995841996,0.3995841995841996,5,78,30,2,mediano,0,3 o más
Estructura de Datos,2526-1,anon_358,2,8,5.0,3-5,2.512345156952752,0.30554792043399637,0.3124918625678119,0.26388426763110306,0.11111754068716095,0.006958408679927668,5,78,30,2,mediano,0,0
Estructura de Datos,2526-1,anon_359,2,4,0.0,0,1.2582537303467538,0.6637514591002963,0.16379635449402893,0.13793660770404959,0.017257789350812607,0.017257789350812607,5,78,30,3,mediano,0,0
Estructura de Datos,2526-1,anon_359,2,6,0.0,0,1.2582537303467538,0.6637514591002963,0.16379635449402893,0.13793660770404959,0.017257789350812607,0.017257789350812607,5,78,30,3,mediano,0,0
Estructura de Datos,2526-1,anon_359,2,8,0.0,0,1.2582537303467538,0.6637514591002963,0.16379635449402893,0.13793660770404959,0.017257789350812607,0.017257789350812607,5,78,30,3,mediano,0,0
Estructura de Datos,2526-1,anon_360,2,4,0.0,0,2.512345156952752,0.30554792043399637,0.3124918625678119,0.26388426763110306,0.11111754068716095,0.006958408679927668,5,78,30,2,mediano,0,0
Estructura de Datos,2526-1,anon_360,2,6,0.0,0,2.512345156952752,0.30554792043399637,0.3124918625678119,0.26388426763110306,0.11111754068716095,0.006958408679927668,5,78,30,2,mediano,0,0
Estructura de Datos,2526-1,anon_360,2,8,0.0,0,2.512345156952752,0.30554792043399637,0.3124918625678119,0.26388426763110306,0.11111754068716095,0.006958408679927668,5,78,30,2,mediano,0,0
Estructura de Datos,2526-1,anon_361,2,4,0.0,0,1.2582537303467538,0.6637514591002963,0.16379635449402893,0.13793660770404959,0.017257789350812607,0.017257789350812607,5,78,30,3,mediano,0,0
Estructura de Datos,2526-1,anon_361,2,6,0.0,0,1.2582537303467538,0.6637514591002963,0.16379635449402893,0.13793660770404959,0.017257789350812607,0.017257789350812607,5,78,30,3,mediano,0,0
Estructura de Datos,2526-1,anon_361,2,8,0.0,0,1.2582537303467538,0.6637514591002963,0.16379635449402893,0.13793660770404959,0.017257789350812607,0.017257789350812607,5,78,30,3,mediano,0,0
Estructura de Datos,2526-1,anon_362,2,4,0.0,0,1.7496102081206946,0.6026822656584391,0.3424454273077472,2.8534741047224992e-05,2.8534741047224992e-05,0.05481523755171921,5,78,30,4,mediano,0,0
Estructura de Datos,2526-1,anon_362,2,6,0.0,0,1.7496102081206946,0.6026822656584391,0.3424454273077472,2.8534741047224992e-05,2.8534741047224992e-05,0.05481523755171921,5,78,30,4,mediano,0,0
Estructura de Datos,2526-1,anon_362,2,8,0.0,0,1.7496102081206946,0.6026822656584391,0.3424454273077472,2.8534741047224992e-05,2.8534741047224992e-05,0.05481523755171921,5,78,30,4,mediano,0,0
Estructura de Datos,2526-1,anon_363,2,4,1.0,1-2,2.512345156952752,0.30554792043399637,0.3124918625678119,0.26388426763110306,0.11111754068716095,0.006958408679927668,5,78,30,2,mediano,0,0
Estructura de Datos,2526-1,anon_363,2,6,1.0,1-2,2.512345156952752,0.30554792043399637,0.3124918625678119,0.26388426763110306,0.11111754068716095,0.006958408679927668,5,78,30,2,mediano,0,0
Estructura de Datos,2526-1,anon_363,2,8,1.0,1-2,2.512345156952752,0.30554792043399637,0.3124918625678119,0.26388426763110306,0.11111754068716095,0.006958408679927668,5,78,30,2,mediano,0,0
Estructura de Datos,2526-1,anon_342,2,4,4.0,3-5,21.449889095909857,0.0006920415224913495,0.0006920415224913495,0.0006920415224913495,0.0006920415224913495,0.9972318339100346,5,78,30,4,mediano,3 o más,0
Estructura de Datos,2526-1,anon_342,2,6,4.0,3-5,1.7496102081206946,0.6026822656584391,0.3424454273077472,2.8534741047224992e-05,2.8534741047224992e-05,0.05481523755171921,5,78,30,4,mediano,0,0
Estructura de Datos,2526-1,anon_342,2,8,4.0,3-5,1.7496102081206946,0.6026822656584391,0.3424454273077472,2.8534741047224992e-05,2.8534741047224992e-05,0.05481523755171921,5,78,30,4,mediano,0,0
Estructura de Datos,2526-1,anon_364,2,4,23.0,12 o más,3.394052614052615,0.0005194805194805196,0.7485714285714287,0.0005194805194805196,0.24987012987012994,0.0005194805194805196,5,78,30,5 o más,mediano,0,1
Estructura de Datos,2526-1,anon_364,2,6,23.0,12 o más,15.43232188803123,0.0006920415224913495,0.0006920415224913495,0.33287197231833915,0.0006920415224913495,0.6650519031141868,5,78,30,5 o más,mediano,0,3 o más
Estructura de Datos,2526-1,anon_364,2,8,23.0,12 o más,13.713333333333331,0.0005194805194805195,0.0005194805194805195,0.24987012987012988,0.24987012987012988,0.4992207792207792,5,78,30,5 o más,mediano,3 o más,0
Estructura de Datos,2526-1,anon_365,2,4,0.0,0,1.2582537303467538,0.6637514591002963,0.16379635449402893,0.13793660770404959,0.017257789350812607,0.017257789350812607,5,78,30,3,mediano,0,0
Estructura de Datos,2526-1,anon_365,2,6,0.0,0,1.2582537303467538,0.6637514591002963,0.16379635449402893,0.13793660770404959,0.017257789350812607,0.017257789350812607,5,78,30,3,mediano,0,0
Estructura de Datos,2526-1,anon_365,2,8,0.0,0,1.2582537303467538,0.6637514591002963,0.16379635449402893,0.13793660770404959,0.017257789350812607,0.017257789350812607,5,78,30,3,mediano,0,0
Estructura de Datos,2526-1,anon_366,2,4,6.0,6-11,2.512345156952752,0.30554792043399637,0.3124918625678119,0.26388426763110306,0.11111754068716095,0.006958408679927668,5,78,30,2,mediano,0,0
Estructura de Datos,2526-1,anon_366,2,6,6.0,6-11,12.680510688202997,0.0004158004158004158,0.0004158004158004158,0.20000000000000004,0.3995841995841996,0.3995841995841996,5,78,30,2,mediano,0,3 o más
Estructura de Datos,2526-1,anon_366,2,8,6.0,6-11,2.512345156952752,0.30554792043399637,0.3124918625678119,0.26388426763110306,0.11111754068716095,0.006958408679927668,5,78,30,2,mediano,0,0
Estructura de Datos,2526-1,anon_367,2,4,14.0,12 o más,9.410328450599001,0.0002081165452653486,0.10010405827263269,0.2,0.499687825182102,0.2,5,78,30,1,mediano,0,1
Estructura de Datos,2526-1,anon_367,2,6,14.0,12 o más,18.23041625041625,0.0005194805194805196,0.0005194805194805196,0.0005194805194805196,0.2498701298701299,0.7485714285714286,5,78,30,1,mediano,1,3 o más
Estructura de Datos,2526-1,anon_367,2,8,14.0,12 o más,6.821195989708101,0.0006920415224913495,0.0006920415224913495,0.33287197231833915,0.6650519031141868,0.0006920415224913495,5,78,30,1,mediano,1,0
Estructura de Datos,2526-1,anon_368,2,4,2.0,1-2,2.512345156952752,0.30554792043399637,0.3124918625678119,0.26388426763110306,0.11111754068716095,0.006958408679927668,5,78,30,2,mediano,0,0
Estructura de Datos,2526-1,anon_368,2,6,2.0,1-2,2.512345156952752,0.30554792043399637,0.3124918625678119,0.26388426763110306,0.11111754068716095,0.006958408679927668,5,78,30,2,mediano,0,0
Estructura de Datos,2526-1,anon_368,2,8,2.0,1-2,2.512345156952752,0.30554792043399637,0.3124918625678119,0.26388426763110306,0.11111754068716095,0.006958408679927668,5,78,30,2,mediano,0,0
Estructura de Datos,2526-1,anon_369,2,4,2.0,1-2,6.3947979663111365,4.084133142740453e-05,0.37251378394935675,0.3137022666938942,0.15687155401266079,0.15687155401266079,5,78,30,1,mediano,0,0
Estructura de Datos,2526-1,anon_369,2,6,2.0,1-2,6.3947979663111365,4.084133142740453e-05,0.37251378394935675,0.3137022666938942,0.15687155401266079,0.15687155401266079,5,78,30,1,mediano,0,0
Estructura de Datos,2526-1,anon_369,2,8,2.0,1-2,6.3947979663111365,4.084133142740453e-05,0.37251378394935675,0.3137022666938942,0.15687155401266079,0.15687155401266079,5,78,30,1,mediano,0,0
Estructura de Datos,2526-1,anon_060,2,4,2.0,1-2,4.760542002526735,0.00013879250520471896,0.2,0.4664816099930604,0.3332408049965302,0.00013879250520471896,5,78,30,2,mediano,0,1
Estructura de Datos,2526-1,anon_060,2,6,2.0,1-2,6.7231402754159575,0.00026007802340702205,0.12509752925877762,0.4996098829648894,0.2499349804941482,0.12509752925877762,5,78,30,2,mediano,1,0
Estructura de Datos,2526-1,anon_060,2,8,2.0,1-2,2.512345156952752,0.30554792043399637,0.3124918625678119,0.26388426763110306,0.11111754068716095,0.006958408679927668,5,78,30,2,mediano,0,0
Estructura de Datos,2526-2,anon_031,2,4,3.0,3-5,6.626923076923077,0.2,0.2,0.2,0.2,0.2,5,90,18,3,pequeño,0,1
Estructura de Datos,2526-2,anon_031,2,6,3.0,3-5,6.626923076923077,0.2,0.2,0.2,0.2,0.2,5,90,18,3,pequeño,0,0
Estructura de Datos,2526-2,anon_031,2,8,3.0,3-5,6.626923076923077,0.2,0.2,0.2,0.2,0.2,5,90,18,3,pequeño,0,0
Estructura de Datos,2526-2,anon_347,2,4,9.0,6-11,6.626923076923077,0.2,0.2,0.2,0.2,0.2,5,90,18,3,pequeño,0,1
Estructura de Datos,2526-2,anon_347,2,6,9.0,6-11,6.626923076923077,0.2,0.2,0.2,0.2,0.2,5,90,18,3,pequeño,2,2
Estructura de Datos,2526-2,anon_347,2,8,9.0,6-11,6.626923076923077,0.2,0.2,0.2,0.2,0.2,5,90,18,3,pequeño,0,0
Estructura de Datos,2526-2,anon_064,2,4,0.0,0,6.626923076923077,0.2,0.2,0.2,0.2,0.2,5,90,18,2,pequeño,0,0
Estructura de Datos,2526-2,anon_064,2,6,0.0,0,6.626923076923077,0.2,0.2,0.2,0.2,0.2,5,90,18,2,pequeño,0,0
Estructura de Datos,2526-2,anon_064,2,8,0.0,0,6.626923076923077,0.2,0.2,0.2,0.2,0.2,5,90,18,2,pequeño,0,0
Estructura de Datos,2526-2,anon_067,2,4,7.0,6-11,6.626923076923077,0.2,0.2,0.2,0.2,0.2,5,90,18,2,pequeño,0,1
Estructura de Datos,2526-2,anon_067,2,6,7.0,6-11,6.626923076923077,0.2,0.2,0.2,0.2,0.2,5,90,18,2,pequeño,0,1
Estructura de Datos,2526-2,anon_067,2,8,7.0,6-11,6.626923076923077,0.2,0.2,0.2,0.2,0.2,5,90,18,2,pequeño,0,0
Estructura de Datos,2526-2,anon_370,2,4,44.0,12 o más,6.626923076923077,0.2,0.2,0.2,0.2,0.2,5,90,18,5 o más,pequeño,3 o más,3 o más
Estructura de Datos,2526-2,anon_370,2,6,44.0,12 o más,6.626923076923077,0.2,0.2,0.2,0.2,0.2,5,90,18,5 o más,pequeño,0,3 o más
Estructura de Datos,2526-2,anon_370,2,8,44.0,12 o más,6.626923076923077,0.2,0.2,0.2,0.2,0.2,5,90,18,5 o más,pequeño,3 o más,1
Estructura de Datos,2526-2,anon_371,2,4,9.0,6-11,6.626923076923077,0.2,0.2,0.2,0.2,0.2,5,90,18,2,pequeño,0,0
Estructura de Datos,2526-2,anon_371,2,6,9.0,6-11,6.626923076923077,0.2,0.2,0.2,0.2,0.2,5,90,18,2,pequeño,0,3 o más
Estructura de Datos,2526-2,anon_371,2,8,9.0,6-11,6.626923076923077,0.2,0.2,0.2,0.2,0.2,5,90,18,2,pequeño,0,0
Estructura de Datos,2526-2,anon_372,2,4,4.0,3-5,6.626923076923077,0.2,0.2,0.2,0.2,0.2,5,90,18,5 o más,pequeño,0,0
Estructura de Datos,2526-2,anon_372,2,6,4.0,3-5,6.626923076923077,0.2,0.2,0.2,0.2,0.2,5,90,18,5 o más,pequeño,3 o más,0
Estructura de Datos,2526-2,anon_372,2,8,4.0,3-5,6.626923076923077,0.2,0.2,0.2,0.2,0.2,5,90,18,5 o más,pequeño,0,0
Estructura de Datos,2526-2,anon_373,2,4,2.0,1-2,6.626923076923077,0.2,0.2,0.2,0.2,0.2,5,90,18,3,pequeño,0,0
Estructura de Datos,2526-2,anon_373,2,6,2.0,1-2,6.626923076923077,0.2,0.2,0.2,0.2,0.2,5,90,18,3,pequeño,0,0
Estructura de Datos,2526-2,anon_373,2,8,2.0,1-2,6.626923076923077,0.2,0.2,0.2,0.2,0.2,5,90,18,3,pequeño,1,0
Estructura de Datos,2526-2,anon_355,2,4,0.0,0,6.626923076923077,0.2,0.2,0.2,0.2,0.2,5,90,18,3,pequeño,0,0
Estructura de Datos,2526-2,anon_355,2,6,0.0,0,6.626923076923077,0.2,0.2,0.2,0.2,0.2,5,90,18,3,pequeño,0,0
Estructura de Datos,2526-2,anon_355,2,8,0.0,0,6.626923076923077,0.2,0.2,0.2,0.2,0.2,5,90,18,3,pequeño,0,0
Estructura de Datos,2526-2,anon_374,2,4,9.0,6-11,6.626923076923077,0.2,0.2,0.2,0.2,0.2,5,90,18,2,pequeño,0,0
Estructura de Datos,2526-2,anon_374,2,6,9.0,6-11,6.626923076923077,0.2,0.2,0.2,0.2,0.2,5,90,18,2,pequeño,0,0
Estructura de Datos,2526-2,anon_374,2,8,9.0,6-11,6.626923076923077,0.2,0.2,0.2,0.2,0.2,5,90,18,2,pequeño,0,0
Estructura de Datos,2526-2,anon_205,2,4,0.0,0,6.626923076923077,0.2,0.2,0.2,0.2,0.2,5,90,18,5 o más,pequeño,0,0
Estructura de Datos,2526-2,anon_205,2,6,0.0,0,6.626923076923077,0.2,0.2,0.2,0.2,0.2,5,90,18,5 o más,pequeño,0,0
Estructura de Datos,2526-2,anon_205,2,8,0.0,0,6.626923076923077,0.2,0.2,0.2,0.2,0.2,5,90,18,5 o más,pequeño,0,0
Estructura de Datos,2526-2,anon_360,2,4,0.0,0,6.626923076923077,0.2,0.2,0.2,0.2,0.2,5,90,18,3,pequeño,0,0
Estructura de Datos,2526-2,anon_360,2,6,0.0,0,6.626923076923077,0.2,0.2,0.2,0.2,0.2,5,90,18,3,pequeño,0,0
Estructura de Datos,2526-2,anon_360,2,8,0.0,0,6.626923076923077,0.2,0.2,0.2,0.2,0.2,5,90,18,3,pequeño,0,0
Estructura de Datos,2526-2,anon_375,2,4,0.0,0,6.626923076923077,0.2,0.2,0.2,0.2,0.2,5,90,18,2,pequeño,0,0
Estructura de Datos,2526-2,anon_375,2,6,0.0,0,6.626923076923077,0.2,0.2,0.2,0.2,0.2,5,90,18,2,pequeño,0,0
Estructura de Datos,2526-2,anon_375,2,8,0.0,0,6.626923076923077,0.2,0.2,0.2,0.2,0.2,5,90,18,2,pequeño,0,0
Estructura de Datos,2526-2,anon_077,2,4,0.0,0,6.626923076923077,0.2,0.2,0.2,0.2,0.2,5,90,18,2,pequeño,0,0
Estructura de Datos,2526-2,anon_077,2,6,0.0,0,6.626923076923077,0.2,0.2,0.2,0.2,0.2,5,90,18,2,pequeño,0,0
Estructura de Datos,2526-2,anon_077,2,8,0.0,0,6.626923076923077,0.2,0.2,0.2,0.2,0.2,5,90,18,2,pequeño,0,0
Estructura de Datos,2526-2,anon_080,2,4,14.0,12 o más,6.626923076923077,0.2,0.2,0.2,0.2,0.2,5,90,18,2,pequeño,0,1
Estructura de Datos,2526-2,anon_080,2,6,14.0,12 o más,6.626923076923077,0.2,0.2,0.2,0.2,0.2,5,90,18,2,pequeño,2,2
Estructura de Datos,2526-2,anon_080,2,8,14.0,12 o más,6.626923076923077,0.2,0.2,0.2,0.2,0.2,5,90,18,2,pequeño,0,0
Estructura de Datos,2526-2,anon_376,2,4,3.0,3-5,6.626923076923077,0.2,0.2,0.2,0.2,0.2,5,90,18,2,pequeño,0,1
Estructura de Datos,2526-2,anon_376,2,6,3.0,3-5,6.626923076923077,0.2,0.2,0.2,0.2,0.2,5,90,18,2,pequeño,0,0
Estructura de Datos,2526-2,anon_376,2,8,3.0,3-5,6.626923076923077,0.2,0.2,0.2,0.2,0.2,5,90,18,2,pequeño,0,0
Estructura de Datos,2526-2,anon_377,2,4,8.0,6-11,6.626923076923077,0.2,0.2,0.2,0.2,0.2,5,90,18,3,pequeño,0,0
Estructura de Datos,2526-2,anon_377,2,6,8.0,6-11,6.626923076923077,0.2,0.2,0.2,0.2,0.2,5,90,18,3,pequeño,2,0
Estructura de Datos,2526-2,anon_377,2,8,8.0,6-11,6.626923076923077,0.2,0.2,0.2,0.2,0.2,5,90,18,3,pequeño,0,0
Estructura de Datos,2526-2,anon_087,2,4,0.0,0,6.626923076923077,0.2,0.2,0.2,0.2,0.2,5,90,18,2,pequeño,0,0
Estructura de Datos,2526-2,anon_087,2,6,0.0,0,6.626923076923077,0.2,0.2,0.2,0.2,0.2,5,90,18,2,pequeño,0,0
Estructura de Datos,2526-2,anon_087,2,8,0.0,0,6.626923076923077,0.2,0.2,0.2,0.2,0.2,5,90,18,2,pequeño,0,0
Estructura de Datos,2526-3,anon_004,2,4,7.0,6-11,1.988148773642465,0.45359463087248314,0.2783463087248322,0.14433288590604026,0.11856107382550335,0.005165100671140939,5,78,30,2,mediano,0,0
Estructura de Datos,2526-3,anon_004,2,6,7.0,6-11,14.064891399761418,0.0003466204506065858,0.1667244367417678,0.0003466204506065858,0.33310225303292895,0.4994800693240901,5,78,30,2,mediano,0,2
Estructura de Datos,2526-3,anon_004,2,8,7.0,6-11,1.988148773642465,0.45359463087248314,0.2783463087248322,0.14433288590604026,0.11856107382550335,0.005165100671140939,5,78,30,2,mediano,0,0
Estructura de Datos,2526-3,anon_349,2,4,6.0,6-11,7.057922077922078,0.2,0.2,0.2,0.2,0.2,5,78,30,2,mediano,2,2
Estructura de Datos,2526-3,anon_349,2,6,6.0,6-11,3.465210428669076,0.0001156737998843262,0.3887796414112204,0.44430306535569697,0.16668594563331407,0.0001156737998843262,5,78,30,2,mediano,0,1
Estructura de Datos,2526-3,anon_349,2,8,6.0,6-11,3.465210428669076,0.0001156737998843262,0.3887796414112204,0.44430306535569697,0.16668594563331407,0.0001156737998843262,5,78,30,2,mediano,0,1
Estructura de Datos,2526-3,anon_324,2,4,0.0,0,0.9514020617998957,0.6599041866277858,0.31997500520724853,4.16579879191835e-05,4.16579879191835e-05,0.020037492189127266,5,78,30,5 o más,mediano,0,0
Estructura de Datos,2526-3,anon_324,2,6,0.0,0,0.9514020617998957,0.6599041866277858,0.31997500520724853,4.16579879191835e-05,4.16579879191835e-05,0.020037492189127266,5,78,30,5 o más,mediano,0,0
Estructura de Datos,2526-3,anon_324,2,8,0.0,0,0.9514020617998957,0.6599041866277858,0.31997500520724853,4.16579879191835e-05,4.16579879191835e-05,0.020037492189127266,5,78,30,5 o más,mediano,0,0
Estructura de Datos,2526-3,anon_372,2,4,10.0,6-11,7.057922077922078,0.2,0.2,0.2,0.2,0.2,5,78,30,5 o más,mediano,2,3 o más
Estructura de Datos,2526-3,anon_372,2,6,10.0,6-11,7.057922077922078,0.2,0.2,0.2,0.2,0.2,5,78,30,5 o más,mediano,1,2
Estructura de Datos,2526-3,anon_372,2,8,10.0,6-11,0.9514020617998957,0.6599041866277858,0.31997500520724853,4.16579879191835e-05,4.16579879191835e-05,0.020037492189127266,5,78,30,5 o más,mediano,0,0
Estructura de Datos,2526-3,anon_326,2,4,12.0,12 o más,7.057922077922078,0.2,0.2,0.2,0.2,0.2,5,78,30,3,mediano,0,2
Estructura de Datos,2526-3,anon_326,2,6,12.0,12 o más,7.057922077922078,0.2,0.2,0.2,0.2,0.2,5,78,30,3,mediano,0,2
Estructura de Datos,2526-3,anon_326,2,8,12.0,12 o más,7.057922077922078,0.2,0.2,0.2,0.2,0.2,5,78,30,3,mediano,2,2
Estructura de Datos,2526-3,anon_378,2,4,2.0,1-2,1.4248770150722994,0.6110516418342253,0.23610588745841168,0.12501084912483726,2.8930999566035004e-05,0.027802690582959637,5,78,30,4,mediano,0,0
Estructura de Datos,2526-3,anon_378,2,6,2.0,1-2,8.497167123533906,0.0006920415224913495,0.6650519031141868,0.0006920415224913495,0.0006920415224913495,0.33287197231833915,5,78,30,4,mediano,0,1
Estructura de Datos,2526-3,anon_378,2,8,2.0,1-2,1.4248770150722994,0.6110516418342253,0.23610588745841168,0.12501084912483726,2.8930999566035004e-05,0.027802690582959637,5,78,30,4,mediano,0,0
Estructura de Datos,2526-3,anon_379,2,4,19.0,12 o más,7.057922077922078,0.2,0.2,0.2,0.2,0.2,5,78,30,4,mediano,3 o más,1
Estructura de Datos,2526-3,anon_379,2,6,19.0,12 o más,7.057922077922078,0.2,0.2,0.2,0.2,0.2,5,78,30,4,mediano,0,2
Estructura de Datos,2526-3,anon_379,2,8,19.0,12 o más,22.2843321445394,0.0010362694300518136,0.0010362694300518136,0.0010362694300518136,0.0010362694300518136,0.9958549222797928,5,78,30,4,mediano,2,0
Estructura de Datos,2526-3,anon_007,2,4,0.0,0,1.988148773642465,0.45359463087248314,0.2783463087248322,0.14433288590604026,0.11856107382550335,0.005165100671140939,5,78,30,2,mediano,0,0
Estructura de Datos,2526-3,anon_007,2,6,0.0,0,1.988148773642465,0.45359463087248314,0.2783463087248322,0.14433288590604026,0.11856107382550335,0.005165100671140939,5,78,30,2,mediano,0,0
Estructura de Datos,2526-3,anon_007,2,8,0.0,0,1.988148773642465,0.45359463087248314,0.2783463087248322,0.14433288590604026,0.11856107382550335,0.005165100671140939,5,78,30,2,mediano,0,0
Estructura de Datos,2526-3,anon_356,2,4,0.0,0,0.3259586853533674,0.9057958583506924,2.450680063717682e-05,0.09413062124739616,2.450680063717682e-05,2.450680063717682e-05,5,78,30,3,mediano,0,0
Estructura de Datos,2526-3,anon_356,2,6,0.0,0,0.3259586853533674,0.9057958583506924,2.450680063717682e-05,0.09413062124739616,2.450680063717682e-05,2.450680063717682e-05,5,78,30,3,mediano,0,0
Estructura de Datos,2526-3,anon_356,2,8,0.0,0,0.3259586853533674,0.9057958583506924,2.450680063717682e-05,0.09413062124739616,2.450680063717682e-05,2.450680063717682e-05,5,78,30,3,mediano,0,0
Estructura de Datos,2526-3,anon_380,2,4,3.0,3-5,1.988148773642465,0.45359463087248314,0.2783463087248322,0.14433288590604026,0.11856107382550335,0.005165100671140939,5,78,30,2,mediano,0,0
Estructura de Datos,2526-3,anon_380,2,6,3.0,3-5,1.988148773642465,0.45359463087248314,0.2783463087248322,0.14433288590604026,0.11856107382550335,0.005165100671140939,5,78,30,2,mediano,0,0
Estructura de Datos,2526-3,anon_380,2,8,3.0,3-5,1.988148773642465,0.45359463087248314,0.2783463087248322,0.14433288590604026,0.11856107382550335,0.005165100671140939,5,78,30,2,mediano,0,0
Estructura de Datos,2526-3,anon_381,2,4,4.0,3-5,7.057922077922078,0.2,0.2,0.2,0.2,0.2,5,78,30,3,mediano,2,2
Estructura de Datos,2526-3,anon_381,2,6,4.0,3-5,0.3259586853533674,0.9057958583506924,2.450680063717682e-05,0.09413062124739616,2.450680063717682e-05,2.450680063717682e-05,5,78,30,3,mediano,0,0
Estructura de Datos,2526-3,anon_381,2,8,4.0,3-5,0.3259586853533674,0.9057958583506924,2.450680063717682e-05,0.09413062124739616,2.450680063717682e-05,2.450680063717682e-05,5,78,30,3,mediano,0,0
Estructura de Datos,2526-3,anon_382,2,4,2.0,1-2,7.057922077922078,0.2,0.2,0.2,0.2,0.2,5,78,30,3,mediano,0,2
Estructura de Datos,2526-3,anon_382,2,6,2.0,1-2,0.3259586853533674,0.9057958583506924,2.450680063717682e-05,0.09413062124739616,2.450680063717682e-05,2.450680063717682e-05,5,78,30,3,mediano,0,0
Estructura de Datos,2526-3,anon_382,2,8,2.0,1-2,0.3259586853533674,0.9057958583506924,2.450680063717682e-05,0.09413062124739616,2.450680063717682e-05,2.450680063717682e-05,5,78,30,3,mediano,0,0
Estructura de Datos,2526-3,anon_383,2,4,3.0,3-5,22.2843321445394,0.0010362694300518136,0.0010362694300518136,0.0010362694300518136,0.0010362694300518136,0.9958549222797928,5,78,30,5 o más,mediano,3 o más,0
Estructura de Datos,2526-3,anon_383,2,6,3.0,3-5,0.9514020617998957,0.6599041866277858,0.31997500520724853,4.16579879191835e-05,4.16579879191835e-05,0.020037492189127266,5,78,30,5 o más,mediano,0,0
Estructura de Datos,2526-3,anon_383,2,8,3.0,3-5,0.9514020617998957,0.6599041866277858,0.31997500520724853,4.16579879191835e-05,4.16579879191835e-05,0.020037492189127266,5,78,30,5 o más,mediano,0,0
Estructura de Datos,2526-3,anon_384,2,4,2.0,1-2,4.398857804799079,0.3510470914127424,0.28722437673130197,0.1702160664819945,0.06384487534626039,0.12766759002770084,5,78,30,1,mediano,0,0
Estructura de Datos,2526-3,anon_384,2,6,2.0,1-2,4.398857804799079,0.3510470914127424,0.28722437673130197,0.1702160664819945,0.06384487534626039,0.12766759002770084,5,78,30,1,mediano,0,0
Estructura de Datos,2526-3,anon_384,2,8,2.0,1-2,22.2843321445394,0.0010362694300518136,0.0010362694300518136,0.0010362694300518136,0.0010362694300518136,0.9958549222797928,5,78,30,1,mediano,2,0
Estructura de Datos,2526-3,anon_385,2,4,0.0,0,1.4248770150722994,0.6110516418342253,0.23610588745841168,0.12501084912483726,2.8930999566035004e-05,0.027802690582959637,5,78,30,4,mediano,0,0
Estructura de Datos,2526-3,anon_385,2,6,0.0,0,1.4248770150722994,0.6110516418342253,0.23610588745841168,0.12501084912483726,2.8930999566035004e-05,0.027802690582959637,5,78,30,4,mediano,0,0
Estructura de Datos,2526-3,anon_385,2,8,0.0,0,1.4248770150722994,0.6110516418342253,0.23610588745841168,0.12501084912483726,2.8930999566035004e-05,0.027802690582959637,5,78,30,4,mediano,0,0
Estructura de Datos,2526-3,anon_375,2,4,4.0,3-5,11.971772040784174,0.0003466204506065858,0.0003466204506065858,0.1667244367417678,0.49948006932409017,0.33310225303292895,5,78,30,2,mediano,3 o más,0
Estructura de Datos,2526-3,anon_375,2,6,4.0,3-5,1.988148773642465,0.45359463087248314,0.2783463087248322,0.14433288590604026,0.11856107382550335,0.005165100671140939,5,78,30,2,mediano,0,0
Estructura de Datos,2526-3,anon_375,2,8,4.0,3-5,1.988148773642465,0.45359463087248314,0.2783463087248322,0.14433288590604026,0.11856107382550335,0.005165100671140939,5,78,30,2,mediano,0,0
Estructura de Datos,2526-3,anon_386,2,4,2.0,1-2,14.064891399761418,0.0003466204506065858,0.1667244367417678,0.0003466204506065858,0.33310225303292895,0.4994800693240901,5,78,30,2,mediano,0,2
Estructura de Datos,2526-3,anon_386,2,6,2.0,1-2,1.988148773642465,0.45359463087248314,0.2783463087248322,0.14433288590604026,0.11856107382550335,0.005165100671140939,5,78,30,2,mediano,0,0
Estructura de Datos,2526-3,anon_386,2,8,2.0,1-2,1.988148773642465,0.45359463087248314,0.2783463087248322,0.14433288590604026,0.11856107382550335,0.005165100671140939,5,78,30,2,mediano,0,0
Estructura de Datos,2526-3,anon_387,2,4,4.0,3-5,7.057922077922078,0.2,0.2,0.2,0.2,0.2,5,78,30,3,mediano,2,0
Estructura de Datos,2526-3,anon_387,2,6,4.0,3-5,0.3259586853533674,0.9057958583506924,2.450680063717682e-05,0.09413062124739616,2.450680063717682e-05,2.450680063717682e-05,5,78,30,3,mediano,0,0
Estructura de Datos,2526-3,anon_387,2,8,4.0,3-5,0.3259586853533674,0.9057958583506924,2.450680063717682e-05,0.09413062124739616,2.450680063717682e-05,2.450680063717682e-05,5,78,30,3,mediano,0,0
Estructura de Datos,2526-3,anon_339,2,4,0.0,0,0.3259586853533674,0.9057958583506924,2.450680063717682e-05,0.09413062124739616,2.450680063717682e-05,2.450680063717682e-05,5,78,30,3,mediano,0,0
Estructura de Datos,2526-3,anon_339,2,6,0.0,0,0.3259586853533674,0.9057958583506924,2.450680063717682e-05,0.09413062124739616,2.450680063717682e-05,2.450680063717682e-05,5,78,30,3,mediano,0,0
Estructura de Datos,2526-3,anon_339,2,8,0.0,0,0.3259586853533674,0.9057958583506924,2.450680063717682e-05,0.09413062124739616,2.450680063717682e-05,2.450680063717682e-05,5,78,30,3,mediano,0,0
Estructura de Datos,2526-3,anon_388,2,4,10.0,6-11,22.205845494711475,0.0020618556701030924,0.0020618556701030924,0.0020618556701030924,0.0020618556701030924,0.9917525773195877,5,78,30,1,mediano,2,2
Estructura de Datos,2526-3,anon_388,2,6,10.0,6-11,10.82874673764986,0.0001601281024819856,0.3076060848678943,0.15388310648518816,0.15388310648518816,0.3844675740592474,5,78,30,1,mediano,0,1
Estructura de Datos,2526-3,anon_388,2,8,10.0,6-11,22.2843321445394,0.0010362694300518136,0.0010362694300518136,0.0010362694300518136,0.0010362694300518136,0.9958549222797928,5,78,30,1,mediano,3 o más,0
Estructura de Datos,2526-3,anon_341,2,4,0.0,0,1.4248770150722994,0.6110516418342253,0.23610588745841168,0.12501084912483726,2.8930999566035004e-05,0.027802690582959637,5,78,30,4,mediano,0,0
Estructura de Datos,2526-3,anon_341,2,6,0.0,0,1.4248770150722994,0.6110516418342253,0.23610588745841168,0.12501084912483726,2.8930999566035004e-05,0.027802690582959637,5,78,30,4,mediano,0,0
Estructura de Datos,2526-3,anon_341,2,8,0.0,0,1.4248770150722994,0.6110516418342253,0.23610588745841168,0.12501084912483726,2.8930999566035004e-05,0.027802690582959637,5,78,30,4,mediano,0,0
Estructura de Datos,2526-3,anon_362,2,4,15.0,12 o más,6.770229718333616,0.0005194805194805196,0.7485714285714287,0.0005194805194805196,0.0005194805194805196,0.24987012987012994,5,78,30,5 o más,mediano,1,0
Estructura de Datos,2526-3,anon_362,2,6,15.0,12 o más,22.205845494711475,0.0020618556701030924,0.0020618556701030924,0.0020618556701030924,0.0020618556701030924,0.9917525773195877,5,78,30,5 o más,mediano,0,2
Estructura de Datos,2526-3,anon_362,2,8,15.0,12 o más,22.205845494711475,0.0020618556701030924,0.0020618556701030924,0.0020618556701030924,0.0020618556701030924,0.9917525773195877,5,78,30,5 o más,mediano,0,2
Estructura de Datos,2526-3,anon_389,2,4,0.0,0,0.9514020617998957,0.6599041866277858,0.31997500520724853,4.16579879191835e-05,4.16579879191835e-05,0.020037492189127266,5,78,30,5 o más,mediano,0,0
Estructura de Datos,2526-3,anon_389,2,6,0.0,0,0.9514020617998957,0.6599041866277858,0.31997500520724853,4.16579879191835e-05,4.16579879191835e-05,0.020037492189127266,5,78,30,5 o más,mediano,0,0
Estructura de Datos,2526-3,anon_389,2,8,0.0,0,0.9514020617998957,0.6599041866277858,0.31997500520724853,4.16579879191835e-05,4.16579879191835e-05,0.020037492189127266,5,78,30,5 o más,mediano,0,0
Estructura de Datos,2526-3,anon_390,2,4,0.0,0,0.3259586853533674,0.9057958583506924,2.450680063717682e-05,0.09413062124739616,2.450680063717682e-05,2.450680063717682e-05,5,78,30,3,mediano,0,0
Estructura de Datos,2526-3,anon_390,2,6,0.0,0,0.3259586853533674,0.9057958583506924,2.450680063717682e-05,0.09413062124739616,2.450680063717682e-05,2.450680063717682e-05,5,78,30,3,mediano,0,0
Estructura de Datos,2526-3,anon_390,2,8,0.0,0,0.3259586853533674,0.9057958583506924,2.450680063717682e-05,0.09413062124739616,2.450680063717682e-05,2.450680063717682e-05,5,78,30,3,mediano,0,0
Estructura de Datos,2526-3,anon_363,2,4,11.0,6-11,3.491693667157585,0.0020618556701030924,0.0020618556701030924,0.9917525773195877,0.0020618556701030924,0.0020618556701030924,5,78,30,3,mediano,1,0
Estructura de Datos,2526-3,anon_363,2,6,11.0,6-11,7.057922077922078,0.2,0.2,0.2,0.2,0.2,5,78,30,3,mediano,1,2
Estructura de Datos,2526-3,anon_363,2,8,11.0,6-11,7.057922077922078,0.2,0.2,0.2,0.2,0.2,5,78,30,3,mediano,2,0
Estructura de Datos,2526-3,anon_081,2,4,2.0,1-2,1.988148773642465,0.45359463087248314,0.2783463087248322,0.14433288590604026,0.11856107382550335,0.005165100671140939,5,78,30,2,mediano,0,0
Estructura de Datos,2526-3,anon_081,2,6,2.0,1-2,1.988148773642465,0.45359463087248314,0.2783463087248322,0.14433288590604026,0.11856107382550335,0.005165100671140939,5,78,30,2,mediano,0,0
Estructura de Datos,2526-3,anon_081,2,8,2.0,1-2,1.988148773642465,0.45359463087248314,0.2783463087248322,0.14433288590604026,0.11856107382550335,0.005165100671140939,5,78,30,2,mediano,0,0
Estructura de Datos,2526-3,anon_365,2,4,24.0,12 o más,22.205845494711475,0.0020618556701030924,0.0020618556701030924,0.0020618556701030924,0.0020618556701030924,0.9917525773195877,5,78,30,4,mediano,3 o más,2
Estructura de Datos,2526-3,anon_365,2,6,24.0,12 o más,12.878773972141847,0.0010362694300518132,0.0010362694300518132,0.49844559585492226,0.0010362694300518132,0.49844559585492226,5,78,30,4,mediano,0,3 o más
Estructura de Datos,2526-3,anon_365,2,8,24.0,12 o más,3.491693667157585,0.0020618556701030924,0.0020618556701030924,0.9917525773195877,0.0020618556701030924,0.0020618556701030924,5,78,30,4,mediano,3 o más,0
Estructura de Datos,2526-3,anon_391,2,4,1.0,1-2,0.3259586853533674,0.9057958583506924,2.450680063717682e-05,0.09413062124739616,2.450680063717682e-05,2.450680063717682e-05,5,78,30,3,mediano,0,0
Estructura de Datos,2526-3,anon_391,2,6,1.0,1-2,0.3259586853533674,0.9057958583506924,2.450680063717682e-05,0.09413062124739616,2.450680063717682e-05,2.450680063717682e-05,5,78,30,3,mediano,0,0
Estructura de Datos,2526-3,anon_391,2,8,1.0,1-2,0.3259586853533674,0.9057958583506924,2.450680063717682e-05,0.09413062124739616,2.450680063717682e-05,2.450680063717682e-05,5,78,30,3,mediano,0,0
Estructura de Datos,2526-3,anon_087,2,4,2.0,1-2,11.504329903862372,0.0005194805194805196,0.0005194805194805196,0.0005194805194805196,0.7485714285714286,0.2498701298701299,5,78,30,2,mediano,2,0
Estructura de Datos,2526-3,anon_087,2,6,2.0,1-2,1.988148773642465,0.45359463087248314,0.2783463087248322,0.14433288590604026,0.11856107382550335,0.005165100671140939,5,78,30,2,mediano,0,0
Estructura de Datos,2526-3,anon_087,2,8,2.0,1-2,1.988148773642465,0.45359463087248314,0.2783463087248322,0.14433288590604026,0.11856107382550335,0.005165100671140939,5,78,30,2,mediano,0,0
Estructura de Datos,2526-3,anon_392,2,4,0.0,0,0.3259586853533674,0.9057958583506924,2.450680063717682e-05,0.09413062124739616,2.450680063717682e-05,2.450680063717682e-05,5,78,30,3,mediano,0,0
Estructura de Datos,2526-3,anon_392,2,6,0.0,0,0.3259586853533674,0.9057958583506924,2.450680063717682e-05,0.09413062124739616,2.450680063717682e-05,2.450680063717682e-05,5,78,30,3,mediano,0,0
Estructura de Datos,2526-3,anon_392,2,8,0.0,0,0.3259586853533674,0.9057958583506924,2.450680063717682e-05,0.09413062124739616,2.450680063717682e-05,2.450680063717682e-05,5,78,30,3,mediano,0,0
Matemáticas Discretas,2526-2,anon_md_2526_2_2_001,2,4,5.0,3-5,5.413333333333334,0.2,0.2,0.2,0.2,0.2,5,31,56,3,pequeño,1,1
Matemáticas Discretas,2526-2,anon_md_2526_2_2_001,2,6,5.0,3-5,5.413333333333334,0.2,0.2,0.2,0.2,0.2,5,31,56,3,pequeño,2,1
Matemáticas Discretas,2526-2,anon_md_2526_2_2_001,2,8,5.0,3-5,5.413333333333334,0.2,0.2,0.2,0.2,0.2,5,31,56,3,pequeño,0,0
Matemáticas Discretas,2526-2,anon_md_2526_2_2_002,2,4,8.0,6-11,5.413333333333334,0.2,0.2,0.2,0.2,0.2,5,31,56,2,pequeño,0,0
Matemáticas Discretas,2526-2,anon_md_2526_2_2_002,2,6,8.0,6-11,5.413333333333334,0.2,0.2,0.2,0.2,0.2,5,31,56,2,pequeño,0,0
Matemáticas Discretas,2526-2,anon_md_2526_2_2_002,2,8,8.0,6-11,5.413333333333334,0.2,0.2,0.2,0.2,0.2,5,31,56,2,pequeño,1,1
Matemáticas Discretas,2526-2,anon_md_2526_2_2_003,2,4,0.0,0,5.413333333333334,0.2,0.2,0.2,0.2,0.2,5,31,56,5 o más,pequeño,0,0
Matemáticas Discretas,2526-2,anon_md_2526_2_2_003,2,6,0.0,0,5.413333333333334,0.2,0.2,0.2,0.2,0.2,5,31,56,5 o más,pequeño,0,0
Matemáticas Discretas,2526-2,anon_md_2526_2_2_003,2,8,0.0,0,5.413333333333334,0.2,0.2,0.2,0.2,0.2,5,31,56,5 o más,pequeño,0,0
Matemáticas Discretas,2526-2,anon_md_2526_2_2_004,2,4,6.0,6-11,5.413333333333334,0.2,0.2,0.2,0.2,0.2,5,31,56,4,pequeño,0,0
Matemáticas Discretas,2526-2,anon_md_2526_2_2_004,2,6,6.0,6-11,5.413333333333334,0.2,0.2,0.2,0.2,0.2,5,31,56,4,pequeño,0,0
Matemáticas Discretas,2526-2,anon_md_2526_2_2_004,2,8,6.0,6-11,5.413333333333334,0.2,0.2,0.2,0.2,0.2,5,31,56,4,pequeño,1,1
Matemáticas Discretas,2526-2,anon_md_2526_2_2_005,2,4,4.0,3-5,5.413333333333334,0.2,0.2,0.2,0.2,0.2,5,31,56,3,pequeño,1,0
Matemáticas Discretas,2526-2,anon_md_2526_2_2_005,2,6,4.0,3-5,5.413333333333334,0.2,0.2,0.2,0.2,0.2,5,31,56,3,pequeño,0,0
Matemáticas Discretas,2526-2,anon_md_2526_2_2_005,2,8,4.0,3-5,5.413333333333334,0.2,0.2,0.2,0.2,0.2,5,31,56,3,pequeño,1,0
Matemáticas Discretas,2526-2,anon_md_2526_2_2_006,2,4,9.0,6-11,5.413333333333334,0.2,0.2,0.2,0.2,0.2,5,31,56,5 o más,pequeño,1,1
Matemáticas Discretas,2526-2,anon_md_2526_2_2_006,2,6,9.0,6-11,5.413333333333334,0.2,0.2,0.2,0.2,0.2,5,31,56,5 o más,pequeño,2,0
Matemáticas Discretas,2526-2,anon_md_2526_2_2_006,2,8,9.0,6-11,5.413333333333334,0.2,0.2,0.2,0.2,0.2,5,31,56,5 o más,pequeño,1,0
Matemáticas Discretas,2526-2,anon_md_2526_2_2_007,2,4,3.0,3-5,5.413333333333334,0.2,0.2,0.2,0.2,0.2,5,31,56,2,pequeño,0,0
Matemáticas Discretas,2526-2,anon_md_2526_2_2_007,2,6,3.0,3-5,5.413333333333334,0.2,0.2,0.2,0.2,0.2,5,31,56,2,pequeño,0,0
Matemáticas Discretas,2526-2,anon_md_2526_2_2_007,2,8,3.0,3-5,5.413333333333334,0.2,0.2,0.2,0.2,0.2,5,31,56,2,pequeño,0,0
Matemáticas Discretas,2526-2,anon_md_2526_2_2_008,2,4,5.0,3-5,5.413333333333334,0.2,0.2,0.2,0.2,0.2,5,31,56,3,pequeño,1,2
Matemáticas Discretas,2526-2,anon_md_2526_2_2_008,2,6,5.0,3-5,5.413333333333334,0.2,0.2,0.2,0.2,0.2,5,31,56,3,pequeño,0,0
Matemáticas Discretas,2526-2,anon_md_2526_2_2_008,2,8,5.0,3-5,5.413333333333334,0.2,0.2,0.2,0.2,0.2,5,31,56,3,pequeño,1,0
Matemáticas Discretas,2526-2,anon_md_2526_2_2_009,2,4,1.0,1-2,5.413333333333334,0.2,0.2,0.2,0.2,0.2,5,31,56,4,pequeño,0,0
Matemáticas Discretas,2526-2,anon_md_2526_2_2_009,2,6,1.0,1-2,5.413333333333334,0.2,0.2,0.2,0.2,0.2,5,31,56,4,pequeño,0,0
Matemáticas Discretas,2526-2,anon_md_2526_2_2_009,2,8,1.0,1-2,5.413333333333334,0.2,0.2,0.2,0.2,0.2,5,31,56,4,pequeño,0,0
Matemáticas Discretas,2526-2,anon_md_2526_2_2_010,2,4,0.0,0,5.413333333333334,0.2,0.2,0.2,0.2,0.2,5,31,56,5 o más,pequeño,0,0
Matemáticas Discretas,2526-2,anon_md_2526_2_2_010,2,6,0.0,0,5.413333333333334,0.2,0.2,0.2,0.2,0.2,5,31,56,5 o más,pequeño,0,0
Matemáticas Discretas,2526-2,anon_md_2526_2_2_010,2,8,0.0,0,5.413333333333334,0.2,0.2,0.2,0.2,0.2,5,31,56,5 o más,pequeño,0,0
Matemáticas Discretas,2526-2,anon_md_2526_2_2_011,2,4,5.0,3-5,5.413333333333334,0.2,0.2,0.2,0.2,0.2,5,31,56,4,pequeño,1,0
Matemáticas Discretas,2526-2,anon_md_2526_2_2_011,2,6,5.0,3-5,5.413333333333334,0.2,0.2,0.2,0.2,0.2,5,31,56,4,pequeño,1,0
Matemáticas Discretas,2526-2,anon_md_2526_2_2_011,2,8,5.0,3-5,5.413333333333334,0.2,0.2,0.2,0.2,0.2,5,31,56,4,pequeño,0,0
Matemáticas Discretas,2526-2,anon_md_2526_2_2_012,2,4,10.0,6-11,5.413333333333334,0.2,0.2,0.2,0.2,0.2,5,31,56,4,pequeño,0,0
Matemáticas Discretas,2526-2,anon_md_2526_2_2_012,2,6,10.0,6-11,5.413333333333334,0.2,0.2,0.2,0.2,0.2,5,31,56,4,pequeño,2,0
Matemáticas Discretas,2526-2,anon_md_2526_2_2_012,2,8,10.0,6-11,5.413333333333334,0.2,0.2,0.2,0.2,0.2,5,31,56,4,pequeño,2,1
Matemáticas Discretas,2526-2,anon_md_2526_2_2_013,2,4,1.0,1-2,5.413333333333334,0.2,0.2,0.2,0.2,0.2,5,31,56,5 o más,pequeño,0,0
Matemáticas Discretas,2526-2,anon_md_2526_2_2_013,2,6,1.0,1-2,5.413333333333334,0.2,0.2,0.2,0.2,0.2,5,31,56,5 o más,pequeño,0,0
Matemáticas Discretas,2526-2,anon_md_2526_2_2_013,2,8,1.0,1-2,5.413333333333334,0.2,0.2,0.2,0.2,0.2,5,31,56,5 o más,pequeño,0,0
Matemáticas Discretas,2526-2,anon_md_2526_2_2_014,2,4,2.0,1-2,5.413333333333334,0.2,0.2,0.2,0.2,0.2,5,31,56,5 o más,pequeño,0,0
Matemáticas Discretas,2526-2,anon_md_2526_2_2_014,2,6,2.0,1-2,5.413333333333334,0.2,0.2,0.2,0.2,0.2,5,31,56,5 o más,pequeño,0,0
Matemáticas Discretas,2526-2,anon_md_2526_2_2_014,2,8,2.0,1-2,5.413333333333334,0.2,0.2,0.2,0.2,0.2,5,31,56,5 o más,pequeño,0,0
Matemáticas Discretas,2526-2,anon_md_2526_2_2_015,2,4,0.0,0,5.413333333333334,0.2,0.2,0.2,0.2,0.2,5,31,56,5 o más,pequeño,0,0
Matemáticas Discretas,2526-2,anon_md_2526_2_2_015,2,6,0.0,0,5.413333333333334,0.2,0.2,0.2,0.2,0.2,5,31,56,5 o más,pequeño,0,0
Matemáticas Discretas,2526-2,anon_md_2526_2_2_015,2,8,0.0,0,5.413333333333334,0.2,0.2,0.2,0.2,0.2,5,31,56,5 o más,pequeño,0,0
Matemáticas Discretas,2526-2,anon_md_2526_2_2_016,2,4,10.0,6-11,5.413333333333334,0.2,0.2,0.2,0.2,0.2,5,31,56,2,pequeño,0,0
Matemáticas Discretas,2526-2,anon_md_2526_2_2_016,2,6,10.0,6-11,5.413333333333334,0.2,0.2,0.2,0.2,0.2,5,31,56,2,pequeño,1,0
Matemáticas Discretas,2526-2,anon_md_2526_2_2_016,2,8,10.0,6-11,5.413333333333334,0.2,0.2,0.2,0.2,0.2,5,31,56,2,pequeño,2,1
Matemáticas Discretas,2526-2,anon_md_2526_2_2_017,2,4,2.0,1-2,5.413333333333334,0.2,0.2,0.2,0.2,0.2,5,31,56,3,pequeño,0,0
Matemáticas Discretas,2526-2,anon_md_2526_2_2_017,2,6,2.0,1-2,5.413333333333334,0.2,0.2,0.2,0.2,0.2,5,31,56,3,pequeño,0,0
Matemáticas Discretas,2526-2,anon_md_2526_2_2_017,2,8,2.0,1-2,5.413333333333334,0.2,0.2,0.2,0.2,0.2,5,31,56,3,pequeño,0,0
Matemáticas Discretas,2526-2,anon_md_2526_2_2_018,2,4,1.0,1-2,5.413333333333334,0.2,0.2,0.2,0.2,0.2,5,31,56,2,pequeño,0,0
Matemáticas Discretas,2526-2,anon_md_2526_2_2_018,2,6,1.0,1-2,5.413333333333334,0.2,0.2,0.2,0.2,0.2,5,31,56,2,pequeño,0,0
Matemáticas Discretas,2526-2,anon_md_2526_2_2_018,2,8,1.0,1-2,5.413333333333334,0.2,0.2,0.2,0.2,0.2,5,31,56,2,pequeño,0,0
Matemáticas Discretas,2526-2,anon_md_2526_2_2_019,2,4,3.0,3-5,5.413333333333334,0.2,0.2,0.2,0.2,0.2,5,31,56,2,pequeño,0,1
Matemáticas Discretas,2526-2,anon_md_2526_2_2_019,2,6,3.0,3-5,5.413333333333334,0.2,0.2,0.2,0.2,0.2,5,31,56,2,pequeño,0,0
Matemáticas Discretas,2526-2,anon_md_2526_2_2_019,2,8,3.0,3-5,5.413333333333334,0.2,0.2,0.2,0.2,0.2,5,31,56,2,pequeño,0,0
Matemáticas Discretas,2526-2,anon_md_2526_2_2_020,2,4,3.0,3-5,5.413333333333334,0.2,0.2,0.2,0.2,0.2,5,31,56,2,pequeño,0,1
Matemáticas Discretas,2526-2,anon_md_2526_2_2_020,2,6,3.0,3-5,5.413333333333334,0.2,0.2,0.2,0.2,0.2,5,31,56,2,pequeño,0,0
Matemáticas Discretas,2526-2,anon_md_2526_2_2_020,2,8,3.0,3-5,5.413333333333334,0.2,0.2,0.2,0.2,0.2,5,31,56,2,pequeño,0,0
Matemáticas Discretas,2526-2,anon_md_2526_2_2_021,2,4,8.0,6-11,5.413333333333334,0.2,0.2,0.2,0.2,0.2,5,31,56,4,pequeño,0,1
Matemáticas Discretas,2526-2,anon_md_2526_2_2_021,2,6,8.0,6-11,5.413333333333334,0.2,0.2,0.2,0.2,0.2,5,31,56,4,pequeño,1,1
Matemáticas Discretas,2526-2,anon_md_2526_2_2_021,2,8,8.0,6-11,5.413333333333334,0.2,0.2,0.2,0.2,0.2,5,31,56,4,pequeño,2,0
Matemáticas Discretas,2526-2,anon_md_2526_2_1_001,1,4,9.0,6-11,6.883783160322954,0.0006920415224913495,0.0006920415224913495,0.6650519031141868,0.0006920415224913495,0.33287197231833915,5,31,56,2,grande,0,2
Matemáticas Discretas,2526-2,anon_md_2526_2_1_001,1,6,9.0,6-11,1.412581852835069,0.6469675311415152,4.0841331427404534e-05,0.35290994486420263,4.0841331427404534e-05,4.0841331427404534e-05,5,31,56,2,grande,0,0
Matemáticas Discretas,2526-2,anon_md_2526_2_1_001,1,8,9.0,6-11,5.732668052668053,0.0004158004158004158,0.0004158004158004158,0.7987525987525989,0.0004158004158004158,0.20000000000000004,5,31,56,2,grande,0,1
Matemáticas Discretas,2526-2,anon_md_2526_2_1_002,1,4,12.0,12 o más,8.791203463203464,0.0005194805194805196,0.0005194805194805196,0.0005194805194805196,0.997922077922078,0.0005194805194805196,5,31,56,4,grande,1,1
Matemáticas Discretas,2526-2,anon_md_2526_2_1_002,1,6,12.0,12 o más,8.765085910652923,0.0020618556701030924,0.0020618556701030924,0.0020618556701030924,0.9917525773195877,0.0020618556701030924,5,31,56,4,grande,2,1
Matemáticas Discretas,2526-2,anon_md_2526_2_1_002,1,8,12.0,12 o más,8.765085910652923,0.0020618556701030924,0.0020618556701030924,0.0020618556701030924,0.9917525773195877,0.0020618556701030924,5,31,56,4,grande,2,1
Matemáticas Discretas,2526-2,anon_md_2526_2_1_003,1,4,3.0,3-5,8.791203463203464,0.0005194805194805196,0.0005194805194805196,0.0005194805194805196,0.997922077922078,0.0005194805194805196,5,31,56,4,grande,1,1
Matemáticas Discretas,2526-2,anon_md_2526_2_1_003,1,6,3.0,3-5,0.7346871082827114,0.9164593578247034,5.785363031530229e-05,5.785363031530229e-05,0.0833670812843506,5.785363031530229e-05,5,31,56,4,grande,0,0
Matemáticas Discretas,2526-2,anon_md_2526_2_1_003,1,8,3.0,3-5,8.765085910652923,0.0020618556701030924,0.0020618556701030924,0.0020618556701030924,0.9917525773195877,0.0020618556701030924,5,31,56,4,grande,0,1
Matemáticas Discretas,2526-2,anon_md_2526_2_1_004,1,4,3.0,3-5,2.144458512014158,0.4313253012048192,0.3529099448642026,0.09806003675719827,0.07845619767204409,0.039248519501735746,5,31,56,5 o más,grande,0,0
Matemáticas Discretas,2526-2,anon_md_2526_2_1_004,1,6,3.0,3-5,2.144458512014158,0.4313253012048192,0.3529099448642026,0.09806003675719827,0.07845619767204409,0.039248519501735746,5,31,56,5 o más,grande,0,0
Matemáticas Discretas,2526-2,anon_md_2526_2_1_004,1,8,3.0,3-5,2.144458512014158,0.4313253012048192,0.3529099448642026,0.09806003675719827,0.07845619767204409,0.039248519501735746,5,31,56,5 o más,grande,0,0
Matemáticas Discretas,2526-2,anon_md_2526_2_1_005,1,4,9.0,6-11,5.732668052668053,0.0004158004158004158,0.0004158004158004158,0.7987525987525989,0.0004158004158004158,0.20000000000000004,5,31,56,2,grande,1,0
Matemáticas Discretas,2526-2,anon_md_2526_2_1_005,1,6,9.0,6-11,12.629084628670121,0.0010362694300518136,0.0010362694300518136,0.0010362694300518136,0.0010362694300518136,0.9958549222797928,5,31,56,2,grande,2,1
Matemáticas Discretas,2526-2,anon_md_2526_2_1_005,1,8,9.0,6-11,4.0073229706390325,0.0010362694300518136,0.0010362694300518136,0.9958549222797928,0.0010362694300518136,0.0010362694300518136,5,31,56,2,grande,2,0
Matemáticas Discretas,2526-2,anon_md_2526_2_1_006,1,4,2.0,1-2,0.7346871082827114,0.9164593578247034,5.785363031530229e-05,5.785363031530229e-05,0.0833670812843506,5.785363031530229e-05,5,31,56,4,grande,0,0
Matemáticas Discretas,2526-2,anon_md_2526_2_1_006,1,6,2.0,1-2,0.7346871082827114,0.9164593578247034,5.785363031530229e-05,5.785363031530229e-05,0.0833670812843506,5.785363031530229e-05,5,31,56,4,grande,0,0
Matemáticas Discretas,2526-2,anon_md_2526_2_1_006,1,8,2.0,1-2,0.7346871082827114,0.9164593578247034,5.785363031530229e-05,5.785363031530229e-05,0.0833670812843506,5.785363031530229e-05,5,31,56,4,grande,0,0
Matemáticas Discretas,2526-2,anon_md_2526_2_1_007,1,4,11.0,6-11,8.765085910652923,0.0020618556701030924,0.0020618556701030924,0.0020618556701030924,0.9917525773195877,0.0020618556701030924,5,31,56,3,grande,1,1
Matemáticas Discretas,2526-2,anon_md_2526_2_1_007,1,6,11.0,6-11,2.8067878787878793,0.0005194805194805196,0.4992207792207793,0.4992207792207793,0.0005194805194805196,0.0005194805194805196,5,31,56,3,grande,1,0
Matemáticas Discretas,2526-2,anon_md_2526_2_1_007,1,8,11.0,6-11,8.765085910652923,0.0020618556701030924,0.0020618556701030924,0.0020618556701030924,0.9917525773195877,0.0020618556701030924,5,31,56,3,grande,2,1
Matemáticas Discretas,2526-2,anon_md_2526_2_1_008,1,4,2.0,1-2,1.412581852835069,0.6469675311415152,4.0841331427404534e-05,0.35290994486420263,4.0841331427404534e-05,4.0841331427404534e-05,5,31,56,2,grande,0,0
Matemáticas Discretas,2526-2,anon_md_2526_2_1_008,1,6,2.0,1-2,1.412581852835069,0.6469675311415152,4.0841331427404534e-05,0.35290994486420263,4.0841331427404534e-05,4.0841331427404534e-05,5,31,56,2,grande,0,0
Matemáticas Discretas,2526-2,anon_md_2526_2_1_008,1,8,2.0,1-2,1.412581852835069,0.6469675311415152,4.0841331427404534e-05,0.35290994486420263,4.0841331427404534e-05,4.0841331427404534e-05,5,31,56,2,grande,0,0
Matemáticas Discretas,2526-2,anon_md_2526_2_1_009,1,4,1.0,1-2,2.144458512014158,0.4313253012048192,0.3529099448642026,0.09806003675719827,0.07845619767204409,0.039248519501735746,5,31,56,5 o más,grande,0,0
Matemáticas Discretas,2526-2,anon_md_2526_2_1_009,1,6,1.0,1-2,2.144458512014158,0.4313253012048192,0.3529099448642026,0.09806003675719827,0.07845619767204409,0.039248519501735746,5,31,56,5 o más,grande,0,0
Matemáticas Discretas,2526-2,anon_md_2526_2_1_009,1,8,1.0,1-2,2.144458512014158,0.4313253012048192,0.3529099448642026,0.09806003675719827,0.07845619767204409,0.039248519501735746,5,31,56,5 o más,grande,0,0
Matemáticas Discretas,2526-2,anon_md_2526_2_1_010,1,4,1.0,1-2,1.412581852835069,0.6469675311415152,4.0841331427404534e-05,0.35290994486420263,4.0841331427404534e-05,4.0841331427404534e-05,5,31,56,2,grande,0,0
Matemáticas Discretas,2526-2,anon_md_2526_2_1_010,1,6,1.0,1-2,1.412581852835069,0.6469675311415152,4.0841331427404534e-05,0.35290994486420263,4.0841331427404534e-05,4.0841331427404534e-05,5,31,56,2,grande,0,0
Matemáticas Discretas,2526-2,anon_md_2526_2_1_010,1,8,1.0,1-2,1.412581852835069,0.6469675311415152,4.0841331427404534e-05,0.35290994486420263,4.0841331427404534e-05,4.0841331427404534e-05,5,31,56,2,grande,0,0
Matemáticas Discretas,2526-2,anon_md_2526_2_1_011,1,4,3.0,3-5,2.144458512014158,0.4313253012048192,0.3529099448642026,0.09806003675719827,0.07845619767204409,0.039248519501735746,5,31,56,5 o más,grande,0,0
Matemáticas Discretas,2526-2,anon_md_2526_2_1_011,1,6,3.0,3-5,2.144458512014158,0.4313253012048192,0.3529099448642026,0.09806003675719827,0.07845619767204409,0.039248519501735746,5,31,56,5 o más,grande,0,0
Matemáticas Discretas,2526-2,anon_md_2526_2_1_011,1,8,3.0,3-5,6.282201993931513,0.0002600780234070221,0.24993498049414825,0.24993498049414825,0.37477243172951885,0.12509752925877765,5,31,56,5 o más,grande,1,0
Matemáticas Discretas,2526-2,anon_md_2526_2_1_012,1,4,8.0,6-11,8.791203463203464,0.0005194805194805196,0.0005194805194805196,0.0005194805194805196,0.997922077922078,0.0005194805194805196,5,31,56,4,grande,1,1
Matemáticas Discretas,2526-2,anon_md_2526_2_1_012,1,6,8.0,6-11,8.791203463203464,0.0005194805194805196,0.0005194805194805196,0.0005194805194805196,0.997922077922078,0.0005194805194805196,5,31,56,4,grande,1,1
Matemáticas Discretas,2526-2,anon_md_2526_2_1_012,1,8,8.0,6-11,8.765085910652923,0.0020618556701030924,0.0020618556701030924,0.0020618556701030924,0.9917525773195877,0.0020618556701030924,5,31,56,4,grande,0,1
Matemáticas Discretas,2526-2,anon_md_2526_2_1_013,1,4,5.0,3-5,8.791203463203464,0.0005194805194805196,0.0005194805194805196,0.0005194805194805196,0.997922077922078,0.0005194805194805196,5,31,56,4,grande,1,1
Matemáticas Discretas,2526-2,anon_md_2526_2_1_013,1,6,5.0,3-5,0.7346871082827114,0.9164593578247034,5.785363031530229e-05,5.785363031530229e-05,0.0833670812843506,5.785363031530229e-05,5,31,56,4,grande,0,0
Matemáticas Discretas,2526-2,anon_md_2526_2_1_013,1,8,5.0,3-5,0.7346871082827114,0.9164593578247034,5.785363031530229e-05,5.785363031530229e-05,0.0833670812843506,5.785363031530229e-05,5,31,56,4,grande,0,0
Matemáticas Discretas,2526-2,anon_md_2526_2_1_014,1,4,9.0,6-11,9.654350674373795,0.00023121387283236996,0.00023121387283236996,0.00023121387283236996,0.7771098265895954,0.22219653179190751,5,31,56,5 o más,grande,1,1
Matemáticas Discretas,2526-2,anon_md_2526_2_1_014,1,6,9.0,6-11,7.419899807321773,0.00023121387283236996,0.22219653179190751,0.22219653179190751,0.22219653179190751,0.3331791907514451,5,31,56,5 o más,grande,0,1
Matemáticas Discretas,2526-2,anon_md_2526_2_1_014,1,8,9.0,6-11,11.552768697374939,0.0002971768202080238,0.0002971768202080238,0.0002971768202080238,0.28558692421991083,0.7135215453194651,5,31,56,5 o más,grande,2,1
Matemáticas Discretas,2526-2,anon_md_2526_2_1_015,1,4,12.0,12 o más,8.765085910652923,0.0020618556701030924,0.0020618556701030924,0.0020618556701030924,0.9917525773195877,0.0020618556701030924,5,31,56,3,grande,1,2
Matemáticas Discretas,2526-2,anon_md_2526_2_1_015,1,6,12.0,12 o más,8.765085910652923,0.0020618556701030924,0.0020618556701030924,0.0020618556701030924,0.9917525773195877,0.0020618556701030924,5,31,56,3,grande,2,1
Matemáticas Discretas,2526-2,anon_md_2526_2_1_015,1,8,12.0,12 o más,8.765085910652923,0.0020618556701030924,0.0020618556701030924,0.0020618556701030924,0.9917525773195877,0.0020618556701030924,5,31,56,3,grande,2,1
Matemáticas Discretas,2526-2,anon_md_2526_2_1_016,1,4,2.0,1-2,2.8067878787878793,0.0005194805194805196,0.4992207792207793,0.4992207792207793,0.0005194805194805196,0.0005194805194805196,5,31,56,3,grande,1,0
Matemáticas Discretas,2526-2,anon_md_2526_2_1_016,1,6,2.0,1-2,1.2009141534678527,0.6873942286830115,0.14584508570188762,0.10418745931872422,0.06252983293556086,4.3393360815795186e-05,5,31,56,3,grande,0,0
Matemáticas Discretas,2526-2,anon_md_2526_2_1_016,1,8,2.0,1-2,1.2009141534678527,0.6873942286830115,0.14584508570188762,0.10418745931872422,0.06252983293556086,4.3393360815795186e-05,5,31,56,3,grande,0,0
Matemáticas Discretas,2526-2,anon_md_2526_2_1_017,1,4,11.0,6-11,8.791203463203464,0.0005194805194805196,0.0005194805194805196,0.0005194805194805196,0.997922077922078,0.0005194805194805196,5,31,56,4,grande,1,1
Matemáticas Discretas,2526-2,anon_md_2526_2_1_017,1,6,11.0,6-11,8.791203463203464,0.0005194805194805196,0.0005194805194805196,0.0005194805194805196,0.997922077922078,0.0005194805194805196,5,31,56,4,grande,1,1
Matemáticas Discretas,2526-2,anon_md_2526_2_1_017,1,8,11.0,6-11,8.765085910652923,0.0020618556701030924,0.0020618556701030924,0.0020618556701030924,0.9917525773195877,0.0020618556701030924,5,31,56,4,grande,2,1
Matemáticas Discretas,2526-2,anon_md_2526_2_1_018,1,4,8.0,6-11,1.412581852835069,0.6469675311415152,4.0841331427404534e-05,0.35290994486420263,4.0841331427404534e-05,4.0841331427404534e-05,5,31,56,2,grande,0,0
Matemáticas Discretas,2526-2,anon_md_2526_2_1_018,1,6,8.0,6-11,12.59189003436426,0.0020618556701030924,0.0020618556701030924,0.0020618556701030924,0.0020618556701030924,0.9917525773195877,5,31,56,2,grande,1,2
Matemáticas Discretas,2526-2,anon_md_2526_2_1_018,1,8,8.0,6-11,9.411460771564803,0.0002600780234070221,0.0002600780234070221,0.37477243172951885,0.0002600780234070221,0.6244473342002601,5,31,56,2,grande,1,1
Matemáticas Discretas,2526-2,anon_md_2526_2_1_019,1,4,1.0,1-2,2.144458512014158,0.4313253012048192,0.3529099448642026,0.09806003675719827,0.07845619767204409,0.039248519501735746,5,31,56,5 o más,grande,0,0
Matemáticas Discretas,2526-2,anon_md_2526_2_1_019,1,6,1.0,1-2,2.144458512014158,0.4313253012048192,0.3529099448642026,0.09806003675719827,0.07845619767204409,0.039248519501735746,5,31,56,5 o más,grande,0,0
Matemáticas Discretas,2526-2,anon_md_2526_2_1_019,1,8,1.0,1-2,2.144458512014158,0.4313253012048192,0.3529099448642026,0.09806003675719827,0.07845619767204409,0.039248519501735746,5,31,56,5 o más,grande,0,0
Matemáticas Discretas,2526-2,anon_md_2526_2_1_020,1,4,0.0,0,2.144458512014158,0.4313253012048192,0.3529099448642026,0.09806003675719827,0.07845619767204409,0.039248519501735746,5,31,56,5 o más,grande,0,0
Matemáticas Discretas,2526-2,anon_md_2526_2_1_020,1,6,0.0,0,2.144458512014158,0.4313253012048192,0.3529099448642026,0.09806003675719827,0.07845619767204409,0.039248519501735746,5,31,56,5 o más,grande,0,0
Matemáticas Discretas,2526-2,anon_md_2526_2_1_020,1,8,0.0,0,2.144458512014158,0.4313253012048192,0.3529099448642026,0.09806003675719827,0.07845619767204409,0.039248519501735746,5,31,56,5 o más,grande,0,0
Matemáticas Discretas,2526-2,anon_md_2526_2_1_021,1,4,0.0,0,2.144458512014158,0.4313253012048192,0.3529099448642026,0.09806003675719827,0.07845619767204409,0.039248519501735746,5,31,56,5 o más,grande,0,0
Matemáticas Discretas,2526-2,anon_md_2526_2_1_021,1,6,0.0,0,2.144458512014158,0.4313253012048192,0.3529099448642026,0.09806003675719827,0.07845619767204409,0.039248519501735746,5,31,56,5 o más,grande,0,0
Matemáticas Discretas,2526-2,anon_md_2526_2_1_021,1,8,0.0,0,2.144458512014158,0.4313253012048192,0.3529099448642026,0.09806003675719827,0.07845619767204409,0.039248519501735746,5,31,56,5 o más,grande,0,0
Matemáticas Discretas,2526-2,anon_md_2526_2_1_022,1,4,11.0,6-11,7.193817762399078,0.0006920415224913495,0.0006920415224913495,0.33287197231833915,0.6650519031141868,0.0006920415224913495,5,31,56,3,grande,0,2
Matemáticas Discretas,2526-2,anon_md_2526_2_1_022,1,6,11.0,6-11,8.765085910652923,0.0020618556701030924,0.0020618556701030924,0.0020618556701030924,0.9917525773195877,0.0020618556701030924,5,31,56,3,grande,1,1
Matemáticas Discretas,2526-2,anon_md_2526_2_1_022,1,8,11.0,6-11,8.765085910652923,0.0020618556701030924,0.0020618556701030924,0.0020618556701030924,0.9917525773195877,0.0020618556701030924,5,31,56,3,grande,2,1
Matemáticas Discretas,2526-2,anon_md_2526_2_1_023,1,4,3.0,3-5,1.2009141534678527,0.6873942286830115,0.14584508570188762,0.10418745931872422,0.06252983293556086,4.3393360815795186e-05,5,31,56,3,grande,0,0
Matemáticas Discretas,2526-2,anon_md_2526_2_1_023,1,6,3.0,3-5,1.2009141534678527,0.6873942286830115,0.14584508570188762,0.10418745931872422,0.06252983293556086,4.3393360815795186e-05,5,31,56,3,grande,0,0
Matemáticas Discretas,2526-2,anon_md_2526_2_1_023,1,8,3.0,3-5,1.2009141534678527,0.6873942286830115,0.14584508570188762,0.10418745931872422,0.06252983293556086,4.3393360815795186e-05,5,31,56,3,grande,0,0
Matemáticas Discretas,2526-2,anon_md_2526_2_1_024,1,4,5.0,3-5,8.791203463203464,0.0005194805194805196,0.0005194805194805196,0.0005194805194805196,0.997922077922078,0.0005194805194805196,5,31,56,4,grande,1,1
Matemáticas Discretas,2526-2,anon_md_2526_2_1_024,1,6,5.0,3-5,0.7346871082827114,0.9164593578247034,5.785363031530229e-05,5.785363031530229e-05,0.0833670812843506,5.785363031530229e-05,5,31,56,4,grande,0,0
Matemáticas Discretas,2526-2,anon_md_2526_2_1_024,1,8,5.0,3-5,8.791203463203464,0.0005194805194805196,0.0005194805194805196,0.0005194805194805196,0.997922077922078,0.0005194805194805196,5,31,56,4,grande,1,1
Matemáticas Discretas,2526-2,anon_md_2526_2_1_025,1,4,1.0,1-2,2.144458512014158,0.4313253012048192,0.3529099448642026,0.09806003675719827,0.07845619767204409,0.039248519501735746,5,31,56,5 o más,grande,0,0
Matemáticas Discretas,2526-2,anon_md_2526_2_1_025,1,6,1.0,1-2,2.144458512014158,0.4313253012048192,0.3529099448642026,0.09806003675719827,0.07845619767204409,0.039248519501735746,5,31,56,5 o más,grande,0,0
Matemáticas Discretas,2526-2,anon_md_2526_2_1_025,1,8,1.0,1-2,2.144458512014158,0.4313253012048192,0.3529099448642026,0.09806003675719827,0.07845619767204409,0.039248519501735746,5,31,56,5 o más,grande,0,0
Matemáticas Discretas,2526-2,anon_md_2526_2_1_026,1,4,1.0,1-2,2.144458512014158,0.4313253012048192,0.3529099448642026,0.09806003675719827,0.07845619767204409,0.039248519501735746,5,31,56,5 o más,grande,0,0
Matemáticas Discretas,2526-2,anon_md_2526_2_1_026,1,6,1.0,1-2,2.144458512014158,0.4313253012048192,0.3529099448642026,0.09806003675719827,0.07845619767204409,0.039248519501735746,5,31,56,5 o más,grande,0,0
Matemáticas Discretas,2526-2,anon_md_2526_2_1_026,1,8,1.0,1-2,2.144458512014158,0.4313253012048192,0.3529099448642026,0.09806003675719827,0.07845619767204409,0.039248519501735746,5,31,56,5 o más,grande,0,0
Matemáticas Discretas,2526-2,anon_md_2526_2_1_027,1,4,8.0,6-11,9.654350674373795,0.00023121387283236996,0.00023121387283236996,0.00023121387283236996,0.7771098265895954,0.22219653179190751,5,31,56,5 o más,grande,1,1
Matemáticas Discretas,2526-2,anon_md_2526_2_1_027,1,6,8.0,6-11,6.282201993931513,0.0002600780234070221,0.24993498049414825,0.24993498049414825,0.37477243172951885,0.12509752925877765,5,31,56,5 o más,grande,1,0
Matemáticas Discretas,2526-2,anon_md_2526_2_1_027,1,8,8.0,6-11,6.282201993931513,0.0002600780234070221,0.24993498049414825,0.24993498049414825,0.37477243172951885,0.12509752925877765,5,31,56,5 o más,grande,1,0
Matemáticas Discretas,2526-2,anon_md_2526_2_1_028,1,4,8.0,6-11,1.2009141534678527,0.6873942286830115,0.14584508570188762,0.10418745931872422,0.06252983293556086,4.3393360815795186e-05,5,31,56,3,grande,0,0
Matemáticas Discretas,2526-2,anon_md_2526_2_1_028,1,6,8.0,6-11,2.8067878787878793,0.0005194805194805196,0.4992207792207793,0.4992207792207793,0.0005194805194805196,0.0005194805194805196,5,31,56,3,grande,1,0
Matemáticas Discretas,2526-2,anon_md_2526_2_1_028,1,8,8.0,6-11,8.765085910652923,0.0020618556701030924,0.0020618556701030924,0.0020618556701030924,0.9917525773195877,0.0020618556701030924,5,31,56,3,grande,2,1
Matemáticas Discretas,2526-2,anon_md_2526_2_1_029,1,4,1.0,1-2,2.144458512014158,0.4313253012048192,0.3529099448642026,0.09806003675719827,0.07845619767204409,0.039248519501735746,5,31,56,5 o más,grande,0,0
Matemáticas Discretas,2526-2,anon_md_2526_2_1_029,1,6,1.0,1-2,2.144458512014158,0.4313253012048192,0.3529099448642026,0.09806003675719827,0.07845619767204409,0.039248519501735746,5,31,56,5 o más,grande,0,0
Matemáticas Discretas,2526-2,anon_md_2526_2_1_029,1,8,1.0,1-2,2.144458512014158,0.4313253012048192,0.3529099448642026,0.09806003675719827,0.07845619767204409,0.039248519501735746,5,31,56,5 o más,grande,0,0
Matemáticas Discretas,2526-2,anon_md_2526_2_1_030,1,4,1.0,1-2,0.7346871082827114,0.9164593578247034,5.785363031530229e-05,5.785363031530229e-05,0.0833670812843506,5.785363031530229e-05,5,31,56,4,grande,0,0
Matemáticas Discretas,2526-2,anon_md_2526_2_1_030,1,6,1.0,1-2,0.7346871082827114,0.9164593578247034,5.785363031530229e-05,5.785363031530229e-05,0.0833670812843506,5.785363031530229e-05,5,31,56,4,grande,0,0
Matemáticas Discretas,2526-2,anon_md_2526_2_1_030,1,8,1.0,1-2,0.7346871082827114,0.9164593578247034,5.785363031530229e-05,5.785363031530229e-05,0.0833670812843506,5.785363031530229e-05,5,31,56,4,grande,0,0
Matemáticas Discretas,2526-2,anon_md_2526_2_1_031,1,4,1.0,1-2,2.144458512014158,0.4313253012048192,0.3529099448642026,0.09806003675719827,0.07845619767204409,0.039248519501735746,5,31,56,5 o más,grande,0,0
Matemáticas Discretas,2526-2,anon_md_2526_2_1_031,1,6,1.0,1-2,2.144458512014158,0.4313253012048192,0.3529099448642026,0.09806003675719827,0.07845619767204409,0.039248519501735746,5,31,56,5 o más,grande,0,0
Matemáticas Discretas,2526-2,anon_md_2526_2_1_031,1,8,1.0,1-2,2.144458512014158,0.4313253012048192,0.3529099448642026,0.09806003675719827,0.07845619767204409,0.039248519501735746,5,31,56,5 o más,grande,0,0
Matemáticas Discretas,2526-2,anon_md_2526_2_1_032,1,4,1.0,1-2,1.412581852835069,0.6469675311415152,4.0841331427404534e-05,0.35290994486420263,4.0841331427404534e-05,4.0841331427404534e-05,5,31,56,2,grande,0,0
Matemáticas Discretas,2526-2,anon_md_2526_2_1_032,1,6,1.0,1-2,1.412581852835069,0.6469675311415152,4.0841331427404534e-05,0.35290994486420263,4.0841331427404534e-05,4.0841331427404534e-05,5,31,56,2,grande,0,0
Matemáticas Discretas,2526-2,anon_md_2526_2_1_032,1,8,1.0,1-2,1.412581852835069,0.6469675311415152,4.0841331427404534e-05,0.35290994486420263,4.0841331427404534e-05,4.0841331427404534e-05,5,31,56,2,grande,0,0
Matemáticas Discretas,2526-2,anon_md_2526_2_1_033,1,4,1.0,1-2,1.412581852835069,0.6469675311415152,4.0841331427404534e-05,0.35290994486420263,4.0841331427404534e-05,4.0841331427404534e-05,5,31,56,2,grande,0,0
Matemáticas Discretas,2526-2,anon_md_2526_2_1_033,1,6,1.0,1-2,1.412581852835069,0.6469675311415152,4.0841331427404534e-05,0.35290994486420263,4.0841331427404534e-05,4.0841331427404534e-05,5,31,56,2,grande,0,0
Matemáticas Discretas,2526-2,anon_md_2526_2_1_033,1,8,1.0,1-2,1.412581852835069,0.6469675311415152,4.0841331427404534e-05,0.35290994486420263,4.0841331427404534e-05,4.0841331427404534e-05,5,31,56,2,grande,0,0
Matemáticas Discretas,2526-2,anon_md_2526_2_1_034,1,4,0.0,0,1.2009141534678527,0.6873942286830115,0.14584508570188762,0.10418745931872422,0.06252983293556086,4.3393360815795186e-05,5,31,56,3,grande,0,0
Matemáticas Discretas,2526-2,anon_md_2526_2_1_034,1,6,0.0,0,1.2009141534678527,0.6873942286830115,0.14584508570188762,0.10418745931872422,0.06252983293556086,4.3393360815795186e-05,5,31,56,3,grande,0,0
Matemáticas Discretas,2526-2,anon_md_2526_2_1_034,1,8,0.0,0,1.2009141534678527,0.6873942286830115,0.14584508570188762,0.10418745931872422,0.06252983293556086,4.3393360815795186e-05,5,31,56,3,grande,0,0
Matemáticas Discretas,2526-2,anon_md_2526_2_1_035,1,4,8.0,6-11,1.2009141534678527,0.6873942286830115,0.14584508570188762,0.10418745931872422,0.06252983293556086,4.3393360815795186e-05,5,31,56,3,grande,0,0
Matemáticas Discretas,2526-2,anon_md_2526_2_1_035,1,6,8.0,6-11,2.8067878787878793,0.0005194805194805196,0.4992207792207793,0.4992207792207793,0.0005194805194805196,0.0005194805194805196,5,31,56,3,grande,1,0
Matemáticas Discretas,2526-2,anon_md_2526_2_1_035,1,8,8.0,6-11,8.765085910652923,0.0020618556701030924,0.0020618556701030924,0.0020618556701030924,0.9917525773195877,0.0020618556701030924,5,31,56,3,grande,2,1
Matemáticas Discretas,2526-3,anon_md_2526_3_1_001,1,4,13.0,12 o más,4.544552398788131,0.00014869888475836432,0.4284014869888476,0.21427509293680297,0.3570260223048327,0.00014869888475836432,5,56,31,5 o más,grande,1,0
Matemáticas Discretas,2526-3,anon_md_2526_3_1_001,1,6,13.0,12 o más,5.201256913021619,0.2,0.2,0.2,0.2,0.2,5,56,31,5 o más,grande,1,2
Matemáticas Discretas,2526-3,anon_md_2526_3_1_001,1,8,13.0,12 o más,5.201256913021619,0.2,0.2,0.2,0.2,0.2,5,56,31,5 o más,grande,2,2
Matemáticas Discretas,2526-3,anon_md_2526_3_1_002,1,4,0.0,0,3.1619650511919035,0.3437032216075496,0.21874389847054995,0.21874389847054995,0.18750406768630004,0.03130491376505044,5,56,31,3,grande,0,0
Matemáticas Discretas,2526-3,anon_md_2526_3_1_002,1,6,0.0,0,3.1619650511919035,0.3437032216075496,0.21874389847054995,0.21874389847054995,0.18750406768630004,0.03130491376505044,5,56,31,3,grande,0,0
Matemáticas Discretas,2526-3,anon_md_2526_3_1_002,1,8,0.0,0,3.1619650511919035,0.3437032216075496,0.21874389847054995,0.21874389847054995,0.18750406768630004,0.03130491376505044,5,56,31,3,grande,0,0
Matemáticas Discretas,2526-3,anon_md_2526_3_1_003,1,4,4.0,3-5,2.039058783213951,5.2069773496485286e-05,0.8998177557927622,5.2069773496485286e-05,0.10002603488674823,5.2069773496485286e-05,5,56,31,2,grande,0,0
Matemáticas Discretas,2526-3,anon_md_2526_3_1_003,1,6,4.0,3-5,2.039058783213951,5.2069773496485286e-05,0.8998177557927622,5.2069773496485286e-05,0.10002603488674823,5.2069773496485286e-05,5,56,31,2,grande,0,0
Matemáticas Discretas,2526-3,anon_md_2526_3_1_003,1,8,4.0,3-5,8.875973225356445,0.0003466204506065858,0.0003466204506065858,0.0003466204506065858,0.9986135181975737,0.0003466204506065858,5,56,31,2,grande,1,1
Matemáticas Discretas,2526-3,anon_md_2526_3_1_004,1,4,2.0,1-2,3.1619650511919035,0.3437032216075496,0.21874389847054995,0.21874389847054995,0.18750406768630004,0.03130491376505044,5,56,31,3,grande,0,0
Matemáticas Discretas,2526-3,anon_md_2526_3_1_004,1,6,2.0,1-2,7.167534499058036,0.0002081165452653486,0.2,0.10010405827263269,0.5995837669094694,0.10010405827263269,5,56,31,3,grande,0,1
Matemáticas Discretas,2526-3,anon_md_2526_3_1_004,1,8,2.0,1-2,7.323279598815246,0.0001892147587511826,0.18183538315988648,0.09101229895931884,0.6359508041627248,0.09101229895931884,5,56,31,3,grande,1,0
Matemáticas Discretas,2526-3,anon_md_2526_3_1_005,1,4,3.0,3-5,2.039058783213951,5.2069773496485286e-05,0.8998177557927622,5.2069773496485286e-05,0.10002603488674823,5.2069773496485286e-05,5,56,31,2,grande,0,0
Matemáticas Discretas,2526-3,anon_md_2526_3_1_005,1,6,3.0,3-5,2.039058783213951,5.2069773496485286e-05,0.8998177557927622,5.2069773496485286e-05,0.10002603488674823,5.2069773496485286e-05,5,56,31,2,grande,0,0
Matemáticas Discretas,2526-3,anon_md_2526_3_1_005,1,8,3.0,3-5,6.346169423156843,0.00023121387283236996,0.3331791907514451,0.00023121387283236996,0.6661271676300579,0.00023121387283236996,5,56,31,2,grande,1,0
Matemáticas Discretas,2526-3,anon_md_2526_3_1_006,1,4,2.0,1-2,5.201256913021619,0.2,0.2,0.2,0.2,0.2,5,56,31,1,grande,0,0
Matemáticas Discretas,2526-3,anon_md_2526_3_1_006,1,6,2.0,1-2,5.201256913021619,0.2,0.2,0.2,0.2,0.2,5,56,31,1,grande,0,0
Matemáticas Discretas,2526-3,anon_md_2526_3_1_006,1,8,2.0,1-2,5.201256913021619,0.2,0.2,0.2,0.2,0.2,5,56,31,1,grande,1,1
Matemáticas Discretas,2526-3,anon_md_2526_3_1_007,1,4,0.0,0,1.4479956402079357,0.24175346228682618,0.5933615657548358,0.15385143641982374,0.011010644385944835,2.289115256953188e-05,5,56,31,5 o más,grande,0,0
Matemáticas Discretas,2526-3,anon_md_2526_3_1_007,1,6,0.0,0,1.4479956402079357,0.24175346228682618,0.5933615657548358,0.15385143641982374,0.011010644385944835,2.289115256953188e-05,5,56,31,5 o más,grande,0,0
Matemáticas Discretas,2526-3,anon_md_2526_3_1_007,1,8,0.0,0,1.4479956402079357,0.24175346228682618,0.5933615657548358,0.15385143641982374,0.011010644385944835,2.289115256953188e-05,5,56,31,5 o más,grande,0,0
Matemáticas Discretas,2526-3,anon_md_2526_3_1_008,1,4,12.0,12 o más,6.346169423156843,0.00023121387283236996,0.3331791907514451,0.00023121387283236996,0.6661271676300579,0.00023121387283236996,5,56,31,2,grande,1,0
Matemáticas Discretas,2526-3,anon_md_2526_3_1_008,1,6,12.0,12 o más,8.863279904761162,0.0010362694300518136,0.0010362694300518136,0.0010362694300518136,0.9958549222797928,0.0010362694300518136,5,56,31,2,grande,1,2
Matemáticas Discretas,2526-3,anon_md_2526_3_1_008,1,8,12.0,12 o más,8.875973225356445,0.0003466204506065858,0.0003466204506065858,0.0003466204506065858,0.9986135181975737,0.0003466204506065858,5,56,31,2,grande,1,1
Matemáticas Discretas,2526-3,anon_md_2526_3_1_009,1,4,1.0,1-2,1.4479956402079357,0.24175346228682618,0.5933615657548358,0.15385143641982374,0.011010644385944835,2.289115256953188e-05,5,56,31,5 o más,grande,0,0
Matemáticas Discretas,2526-3,anon_md_2526_3_1_009,1,6,1.0,1-2,1.4479956402079357,0.24175346228682618,0.5933615657548358,0.15385143641982374,0.011010644385944835,2.289115256953188e-05,5,56,31,5 o más,grande,0,0
Matemáticas Discretas,2526-3,anon_md_2526_3_1_009,1,8,1.0,1-2,4.544552398788131,0.00014869888475836432,0.4284014869888476,0.21427509293680297,0.3570260223048327,0.00014869888475836432,5,56,31,5 o más,grande,1,0
Matemáticas Discretas,2526-3,anon_md_2526_3_1_010,1,4,8.0,6-11,7.618822234619172,0.0001095890410958904,0.0001095890410958904,0.31572602739726024,0.5787397260273972,0.10531506849315067,5,56,31,4,grande,1,1
Matemáticas Discretas,2526-3,anon_md_2526_3_1_010,1,6,8.0,6-11,7.618822234619172,0.0001095890410958904,0.0001095890410958904,0.31572602739726024,0.5787397260273972,0.10531506849315067,5,56,31,4,grande,1,1
Matemáticas Discretas,2526-3,anon_md_2526_3_1_010,1,8,8.0,6-11,11.20495360848302,0.0005194805194805196,0.0005194805194805196,0.0005194805194805196,0.2498701298701299,0.7485714285714286,5,56,31,4,grande,1,2
Matemáticas Discretas,2526-3,anon_md_2526_3_1_011,1,4,4.0,3-5,1.4479956402079357,0.24175346228682618,0.5933615657548358,0.15385143641982374,0.011010644385944835,2.289115256953188e-05,5,56,31,5 o más,grande,0,0
Matemáticas Discretas,2526-3,anon_md_2526_3_1_011,1,6,4.0,3-5,4.211142589285103,0.0001601281024819856,0.46132906325060047,0.23074459567654124,0.3076060848678943,0.0001601281024819856,5,56,31,5 o más,grande,0,1
Matemáticas Discretas,2526-3,anon_md_2526_3_1_011,1,8,4.0,3-5,4.544552398788131,0.00014869888475836432,0.4284014869888476,0.21427509293680297,0.3570260223048327,0.00014869888475836432,5,56,31,5 o más,grande,1,0
Matemáticas Discretas,2526-3,anon_md_2526_3_1_012,1,4,10.0,6-11,9.224102099117399,0.0002312138728323699,0.0002312138728323699,0.0002312138728323699,0.8880924855491328,0.11121387283236993,5,56,31,3,grande,1,1
Matemáticas Discretas,2526-3,anon_md_2526_3_1_012,1,6,10.0,6-11,8.491787262375498,0.0004158004158004157,0.0004158004158004157,0.19999999999999998,0.5991683991683991,0.19999999999999998,5,56,31,3,grande,0,2
Matemáticas Discretas,2526-3,anon_md_2526_3_1_012,1,8,10.0,6-11,10.41402662832105,0.0010362694300518132,0.0010362694300518132,0.0010362694300518132,0.49844559585492226,0.49844559585492226,5,56,31,3,grande,2,2
Matemáticas Discretas,2526-3,anon_md_2526_3_1_013,1,4,0.0,0,2.039058783213951,5.2069773496485286e-05,0.8998177557927622,5.2069773496485286e-05,0.10002603488674823,5.2069773496485286e-05,5,56,31,2,grande,0,0
Matemáticas Discretas,2526-3,anon_md_2526_3_1_013,1,6,0.0,0,2.039058783213951,5.2069773496485286e-05,0.8998177557927622,5.2069773496485286e-05,0.10002603488674823,5.2069773496485286e-05,5,56,31,2,grande,0,0
Matemáticas Discretas,2526-3,anon_md_2526_3_1_013,1,8,0.0,0,2.039058783213951,5.2069773496485286e-05,0.8998177557927622,5.2069773496485286e-05,0.10002603488674823,5.2069773496485286e-05,5,56,31,2,grande,0,0
Matemáticas Discretas,2526-3,anon_md_2526_3_1_014,1,4,0.0,0,3.1741933313161135,6.125574272588055e-05,0.4705053598774886,0.44110260336906587,0.05886676875957121,0.02946401225114855,5,56,31,4,grande,0,0
Matemáticas Discretas,2526-3,anon_md_2526_3_1_014,1,6,0.0,0,3.1741933313161135,6.125574272588055e-05,0.4705053598774886,0.44110260336906587,0.05886676875957121,0.02946401225114855,5,56,31,4,grande,0,0
Matemáticas Discretas,2526-3,anon_md_2526_3_1_014,1,8,0.0,0,3.1741933313161135,6.125574272588055e-05,0.4705053598774886,0.44110260336906587,0.05886676875957121,0.02946401225114855,5,56,31,4,grande,0,0
Matemáticas Discretas,2526-3,anon_md_2526_3_1_015,1,4,0.0,0,3.1619650511919035,0.3437032216075496,0.21874389847054995,0.21874389847054995,0.18750406768630004,0.03130491376505044,5,56,31,3,grande,0,0
Matemáticas Discretas,2526-3,anon_md_2526_3_1_015,1,6,0.0,0,3.1619650511919035,0.3437032216075496,0.21874389847054995,0.21874389847054995,0.18750406768630004,0.03130491376505044,5,56,31,3,grande,0,0
Matemáticas Discretas,2526-3,anon_md_2526_3_1_015,1,8,0.0,0,3.1619650511919035,0.3437032216075496,0.21874389847054995,0.21874389847054995,0.18750406768630004,0.03130491376505044,5,56,31,3,grande,0,0
Matemáticas Discretas,2526-3,anon_md_2526_3_1_016,1,4,0.0,0,2.039058783213951,5.2069773496485286e-05,0.8998177557927622,5.2069773496485286e-05,0.10002603488674823,5.2069773496485286e-05,5,56,31,2,grande,0,0
Matemáticas Discretas,2526-3,anon_md_2526_3_1_016,1,6,0.0,0,2.039058783213951,5.2069773496485286e-05,0.8998177557927622,5.2069773496485286e-05,0.10002603488674823,5.2069773496485286e-05,5,56,31,2,grande,0,0
Matemáticas Discretas,2526-3,anon_md_2526_3_1_016,1,8,0.0,0,2.039058783213951,5.2069773496485286e-05,0.8998177557927622,5.2069773496485286e-05,0.10002603488674823,5.2069773496485286e-05,5,56,31,2,grande,0,0
Matemáticas Discretas,2526-3,anon_md_2526_3_1_017,1,4,0.0,0,1.4479956402079357,0.24175346228682618,0.5933615657548358,0.15385143641982374,0.011010644385944835,2.289115256953188e-05,5,56,31,5 o más,grande,0,0
Matemáticas Discretas,2526-3,anon_md_2526_3_1_017,1,6,0.0,0,1.4479956402079357,0.24175346228682618,0.5933615657548358,0.15385143641982374,0.011010644385944835,2.289115256953188e-05,5,56,31,5 o más,grande,0,0
Matemáticas Discretas,2526-3,anon_md_2526_3_1_017,1,8,0.0,0,1.4479956402079357,0.24175346228682618,0.5933615657548358,0.15385143641982374,0.011010644385944835,2.289115256953188e-05,5,56,31,5 o más,grande,0,0
Matemáticas Discretas,2526-3,anon_md_2526_3_1_018,1,4,9.0,6-11,5.201256913021619,0.2,0.2,0.2,0.2,0.2,5,56,31,1,grande,0,0
Matemáticas Discretas,2526-3,anon_md_2526_3_1_018,1,6,9.0,6-11,5.201256913021619,0.2,0.2,0.2,0.2,0.2,5,56,31,1,grande,0,2
Matemáticas Discretas,2526-3,anon_md_2526_3_1_018,1,8,9.0,6-11,5.201256913021619,0.2,0.2,0.2,0.2,0.2,5,56,31,1,grande,2,1
Matemáticas Discretas,2526-3,anon_md_2526_3_1_019,1,4,0.0,0,3.1741933313161135,6.125574272588055e-05,0.4705053598774886,0.44110260336906587,0.05886676875957121,0.02946401225114855,5,56,31,4,grande,0,0
Matemáticas Discretas,2526-3,anon_md_2526_3_1_019,1,6,0.0,0,3.1741933313161135,6.125574272588055e-05,0.4705053598774886,0.44110260336906587,0.05886676875957121,0.02946401225114855,5,56,31,4,grande,0,0
Matemáticas Discretas,2526-3,anon_md_2526_3_1_019,1,8,0.0,0,3.1741933313161135,6.125574272588055e-05,0.4705053598774886,0.44110260336906587,0.05886676875957121,0.02946401225114855,5,56,31,4,grande,0,0
Matemáticas Discretas,2526-3,anon_md_2526_3_1_020,1,4,0.0,0,3.1741933313161135,6.125574272588055e-05,0.4705053598774886,0.44110260336906587,0.05886676875957121,0.02946401225114855,5,56,31,4,grande,0,0
Matemáticas Discretas,2526-3,anon_md_2526_3_1_020,1,6,0.0,0,3.1741933313161135,6.125574272588055e-05,0.4705053598774886,0.44110260336906587,0.05886676875957121,0.02946401225114855,5,56,31,4,grande,0,0
Matemáticas Discretas,2526-3,anon_md_2526_3_1_020,1,8,0.0,0,3.1741933313161135,6.125574272588055e-05,0.4705053598774886,0.44110260336906587,0.05886676875957121,0.02946401225114855,5,56,31,4,grande,0,0
Matemáticas Discretas,2526-3,anon_md_2526_3_1_021,1,4,13.0,12 o más,5.201256913021619,0.2,0.2,0.2,0.2,0.2,5,56,31,5 o más,grande,1,2
Matemáticas Discretas,2526-3,anon_md_2526_3_1_021,1,6,13.0,12 o más,5.201256913021619,0.2,0.2,0.2,0.2,0.2,5,56,31,5 o más,grande,1,2
Matemáticas Discretas,2526-3,anon_md_2526_3_1_021,1,8,13.0,12 o más,5.201256913021619,0.2,0.2,0.2,0.2,0.2,5,56,31,5 o más,grande,1,2
Matemáticas Discretas,2526-3,anon_md_2526_3_1_022,1,4,11.0,6-11,5.201256913021619,0.2,0.2,0.2,0.2,0.2,5,56,31,5 o más,grande,1,2
Matemáticas Discretas,2526-3,anon_md_2526_3_1_022,1,6,11.0,6-11,8.8775660802816,0.00026007802340702205,0.00026007802340702205,0.00026007802340702205,0.9989596879063718,0.00026007802340702205,5,56,31,5 o más,grande,1,1
Matemáticas Discretas,2526-3,anon_md_2526_3_1_022,1,8,11.0,6-11,8.8775660802816,0.00026007802340702205,0.00026007802340702205,0.00026007802340702205,0.9989596879063718,0.00026007802340702205,5,56,31,5 o más,grande,1,1
Matemáticas Discretas,2526-3,anon_md_2526_3_1_023,1,4,0.0,0,5.201256913021619,0.2,0.2,0.2,0.2,0.2,5,56,31,1,grande,0,0
Matemáticas Discretas,2526-3,anon_md_2526_3_1_023,1,6,0.0,0,5.201256913021619,0.2,0.2,0.2,0.2,0.2,5,56,31,1,grande,0,0
Matemáticas Discretas,2526-3,anon_md_2526_3_1_023,1,8,0.0,0,5.201256913021619,0.2,0.2,0.2,0.2,0.2,5,56,31,1,grande,0,0
Matemáticas Discretas,2526-3,anon_md_2526_3_1_024,1,4,0.0,0,3.1619650511919035,0.3437032216075496,0.21874389847054995,0.21874389847054995,0.18750406768630004,0.03130491376505044,5,56,31,3,grande,0,0
Matemáticas Discretas,2526-3,anon_md_2526_3_1_024,1,6,0.0,0,3.1619650511919035,0.3437032216075496,0.21874389847054995,0.21874389847054995,0.18750406768630004,0.03130491376505044,5,56,31,3,grande,0,0
Matemáticas Discretas,2526-3,anon_md_2526_3_1_024,1,8,0.0,0,3.1619650511919035,0.3437032216075496,0.21874389847054995,0.21874389847054995,0.18750406768630004,0.03130491376505044,5,56,31,3,grande,0,0
Matemáticas Discretas,2526-3,anon_md_2526_3_1_025,1,4,6.0,6-11,8.863279904761162,0.0010362694300518136,0.0010362694300518136,0.0010362694300518136,0.9958549222797928,0.0010362694300518136,5,56,31,5 o más,grande,0,2
Matemáticas Discretas,2526-3,anon_md_2526_3_1_025,1,6,6.0,6-11,1.4479956402079357,0.24175346228682618,0.5933615657548358,0.15385143641982374,0.011010644385944835,2.289115256953188e-05,5,56,31,5 o más,grande,0,0
Matemáticas Discretas,2526-3,anon_md_2526_3_1_025,1,8,6.0,6-11,4.544552398788131,0.00014869888475836432,0.4284014869888476,0.21427509293680297,0.3570260223048327,0.00014869888475836432,5,56,31,5 o más,grande,1,0
Matemáticas Discretas,2526-3,anon_md_2526_3_1_026,1,4,1.0,1-2,1.4479956402079357,0.24175346228682618,0.5933615657548358,0.15385143641982374,0.011010644385944835,2.289115256953188e-05,5,56,31,5 o más,grande,0,0
Matemáticas Discretas,2526-3,anon_md_2526_3_1_026,1,6,1.0,1-2,4.211142589285103,0.0001601281024819856,0.46132906325060047,0.23074459567654124,0.3076060848678943,0.0001601281024819856,5,56,31,5 o más,grande,0,1
Matemáticas Discretas,2526-3,anon_md_2526_3_1_026,1,8,1.0,1-2,1.4479956402079357,0.24175346228682618,0.5933615657548358,0.15385143641982374,0.011010644385944835,2.289115256953188e-05,5,56,31,5 o más,grande,0,0
Matemáticas Discretas,2526-3,anon_md_2526_3_1_027,1,4,4.0,3-5,2.039058783213951,5.2069773496485286e-05,0.8998177557927622,5.2069773496485286e-05,0.10002603488674823,5.2069773496485286e-05,5,56,31,2,grande,0,0
Matemáticas Discretas,2526-3,anon_md_2526_3_1_027,1,6,4.0,3-5,6.9765858977623685,0.0005194805194805196,0.2498701298701299,0.0005194805194805196,0.7485714285714286,0.0005194805194805196,5,56,31,2,grande,0,2
Matemáticas Discretas,2526-3,anon_md_2526_3_1_027,1,8,4.0,3-5,8.875973225356445,0.0003466204506065858,0.0003466204506065858,0.0003466204506065858,0.9986135181975737,0.0003466204506065858,5,56,31,2,grande,1,1
Matemáticas Discretas,2526-3,anon_md_2526_3_1_028,1,4,2.0,1-2,5.201256913021619,0.2,0.2,0.2,0.2,0.2,5,56,31,1,grande,0,0
Matemáticas Discretas,2526-3,anon_md_2526_3_1_028,1,6,2.0,1-2,5.201256913021619,0.2,0.2,0.2,0.2,0.2,5,56,31,1,grande,0,1
Matemáticas Discretas,2526-3,anon_md_2526_3_1_028,1,8,2.0,1-2,5.201256913021619,0.2,0.2,0.2,0.2,0.2,5,56,31,1,grande,1,0
Matemáticas Discretas,2526-3,anon_md_2526_3_1_029,1,4,0.0,0,2.039058783213951,5.2069773496485286e-05,0.8998177557927622,5.2069773496485286e-05,0.10002603488674823,5.2069773496485286e-05,5,56,31,2,grande,0,0
Matemáticas Discretas,2526-3,anon_md_2526_3_1_029,1,6,0.0,0,2.039058783213951,5.2069773496485286e-05,0.8998177557927622,5.2069773496485286e-05,0.10002603488674823,5.2069773496485286e-05,5,56,31,2,grande,0,0
Matemáticas Discretas,2526-3,anon_md_2526_3_1_029,1,8,0.0,0,2.039058783213951,5.2069773496485286e-05,0.8998177557927622,5.2069773496485286e-05,0.10002603488674823,5.2069773496485286e-05,5,56,31,2,grande,0,0
Matemáticas Discretas,2526-3,anon_md_2526_3_1_030,1,4,5.0,3-5,5.201256913021619,0.2,0.2,0.2,0.2,0.2,5,56,31,1,grande,0,0
Matemáticas Discretas,2526-3,anon_md_2526_3_1_030,1,6,5.0,3-5,5.201256913021619,0.2,0.2,0.2,0.2,0.2,5,56,31,1,grande,0,1
Matemáticas Discretas,2526-3,anon_md_2526_3_1_030,1,8,5.0,3-5,5.201256913021619,0.2,0.2,0.2,0.2,0.2,5,56,31,1,grande,2,0
Matemáticas Discretas,2526-3,anon_md_2526_3_1_031,1,4,4.0,3-5,3.1619650511919035,0.3437032216075496,0.21874389847054995,0.21874389847054995,0.18750406768630004,0.03130491376505044,5,56,31,3,grande,0,0
Matemáticas Discretas,2526-3,anon_md_2526_3_1_031,1,6,4.0,3-5,8.491787262375498,0.0004158004158004157,0.0004158004158004157,0.19999999999999998,0.5991683991683991,0.19999999999999998,5,56,31,3,grande,0,2
Matemáticas Discretas,2526-3,anon_md_2526_3_1_031,1,8,4.0,3-5,7.323279598815246,0.0001892147587511826,0.18183538315988648,0.09101229895931884,0.6359508041627248,0.09101229895931884,5,56,31,3,grande,1,0
