materia,trimestre,seccion,estudiante_id,hito,semilla,total_trimestre_real,prediccion_lstm
Algoritmos y Programación,2425-2,1,anon_001,4,42,2.0,3.6251254
Algoritmos y Programación,2425-2,1,anon_002,4,42,2.0,1.4907298
Algoritmos y Programación,2425-2,1,anon_003,4,42,17.0,7.7929273
Algoritmos y Programación,2425-2,1,anon_004,4,42,2.0,3.6297455
Algoritmos y Programación,2425-2,1,anon_005,4,42,10.0,8.815488
Algoritmos y Programación,2425-2,1,anon_006,4,42,0.0,1.4842309
Algoritmos y Programación,2425-2,1,anon_007,4,42,0.0,1.4830023
Algoritmos y Programación,2425-2,1,anon_008,4,42,16.0,6.674368
Algoritmos y Programación,2425-2,1,anon_009,4,42,9.0,5.7726855
Algoritmos y Programación,2425-2,1,anon_010,4,42,22.0,9.979415
Algoritmos y Programación,2425-2,1,anon_011,4,42,6.0,5.743093
Algoritmos y Programación,2425-2,1,anon_012,4,42,0.0,1.4801692
Algoritmos y Programación,2425-2,1,anon_013,4,42,0.0,1.4803839
Algoritmos y Programación,2425-2,1,anon_014,4,42,23.0,17.190775
Algoritmos y Programación,2425-2,1,anon_015,4,42,24.0,10.876711
Algoritmos y Programación,2425-2,1,anon_016,4,42,1.0,1.9563302
Algoritmos y Programación,2425-2,1,anon_017,4,42,1.0,1.4842528
Algoritmos y Programación,2425-2,1,anon_018,4,42,17.0,7.7518396
Algoritmos y Programación,2425-2,1,anon_019,4,42,0.0,1.4880561
Algoritmos y Programación,2425-2,1,anon_020,4,42,24.0,13.039015
Algoritmos y Programación,2425-2,1,anon_021,4,42,4.0,5.7945623
Algoritmos y Programación,2425-2,1,anon_022,4,42,2.0,1.4960237
Algoritmos y Programación,2425-2,1,anon_023,4,42,19.0,12.883434
Algoritmos y Programación,2425-2,1,anon_024,4,42,7.0,5.8066106
Algoritmos y Programación,2425-2,1,anon_025,4,42,5.0,6.731132
Algoritmos y Programación,2425-2,1,anon_026,4,42,0.0,1.5103396
Algoritmos y Programación,2425-2,1,anon_027,4,42,10.0,4.724168
Algoritmos y Programación,2425-2,1,anon_028,4,42,18.0,14.082435
Algoritmos y Programación,2425-2,1,anon_029,4,42,0.0,1.5231873
Algoritmos y Programación,2425-2,1,anon_030,4,42,15.0,10.854623
Algoritmos y Programación,2425-2,2,anon_031,4,42,1.0,2.700526
Algoritmos y Programación,2425-2,2,anon_032,4,42,3.0,4.768057
Algoritmos y Programación,2425-2,2,anon_033,4,42,20.0,14.147841
Algoritmos y Programación,2425-2,2,anon_034,4,42,4.0,5.8727565
Algoritmos y Programación,2425-2,2,anon_035,4,42,2.0,3.670145
Algoritmos y Programación,2425-2,2,anon_036,4,42,8.0,6.953112
Algoritmos y Programación,2425-2,2,anon_037,4,42,0.0,1.5621145
Algoritmos y Programación,2425-2,2,anon_038,4,42,1.0,2.741889
Algoritmos y Programación,2425-2,2,anon_039,4,42,7.0,4.7538605
Algoritmos y Programación,2425-2,2,anon_040,4,42,2.0,1.9710857
Algoritmos y Programación,2425-2,2,anon_041,4,42,0.0,1.6262006
Algoritmos y Programación,2425-2,2,anon_042,4,42,8.0,2.6538584
Algoritmos y Programación,2425-2,2,anon_043,4,42,9.0,7.910879
Algoritmos y Programación,2425-2,2,anon_044,4,42,13.0,10.002889
Algoritmos y Programación,2425-2,2,anon_045,4,42,10.0,7.0874867
Algoritmos y Programación,2425-2,2,anon_046,4,42,0.0,1.63492
Algoritmos y Programación,2425-2,2,anon_047,4,42,5.0,6.8898354
Algoritmos y Programación,2425-2,2,anon_048,4,42,3.0,2.6831555
Algoritmos y Programación,2425-2,2,anon_049,4,42,1.0,1.6426239
Algoritmos y Programación,2425-2,2,anon_050,4,42,3.0,4.7949514
Algoritmos y Programación,2425-2,2,anon_051,4,42,2.0,1.6484748
Algoritmos y Programación,2425-2,2,anon_052,4,42,17.0,10.983269
Algoritmos y Programación,2425-2,2,anon_053,4,42,3.0,1.5899196
Algoritmos y Programación,2425-2,2,anon_054,4,42,3.0,3.7061453
Algoritmos y Programación,2425-2,2,anon_055,4,42,10.0,6.872341
Algoritmos y Programación,2425-2,2,anon_056,4,42,0.0,1.6640468
Algoritmos y Programación,2425-2,2,anon_057,4,42,11.0,6.9894757
Algoritmos y Programación,2425-2,2,anon_058,4,42,0.0,1.6701283
Algoritmos y Programación,2425-2,2,anon_059,4,42,5.0,5.0155888
Algoritmos y Programación,2425-2,2,anon_060,4,42,2.0,2.7111464
Algoritmos y Programación,2526-1,1,anon_061,4,42,9.0,7.2778053
Algoritmos y Programación,2526-1,1,anon_062,4,42,13.0,10.039121
Algoritmos y Programación,2526-1,1,anon_063,4,42,15.0,8.768577
Algoritmos y Programación,2526-1,1,anon_064,4,42,2.0,4.1683855
Algoritmos y Programación,2526-1,1,anon_065,4,42,9.0,6.594124
Algoritmos y Programación,2526-1,1,anon_066,4,42,2.0,5.409233
Algoritmos y Programación,2526-1,1,anon_067,4,42,11.0,7.803462
Algoritmos y Programación,2526-1,1,anon_068,4,42,1.0,3.4780812
Algoritmos y Programación,2526-1,1,anon_069,4,42,12.0,11.26096
Algoritmos y Programación,2526-1,1,anon_070,4,42,5.0,8.667009
Algoritmos y Programación,2526-1,1,anon_071,4,42,1.0,3.9594345
Algoritmos y Programación,2526-1,1,anon_072,4,42,1.0,3.5466864
Algoritmos y Programación,2526-1,1,anon_073,4,42,1.0,3.897786
Algoritmos y Programación,2526-1,1,anon_074,4,42,8.0,3.8667428
Algoritmos y Programación,2526-1,1,anon_075,4,42,2.0,3.3185446
Algoritmos y Programación,2526-1,1,anon_076,4,42,4.0,5.7308245
Algoritmos y Programación,2526-1,1,anon_077,4,42,1.0,3.7729392
Algoritmos y Programación,2526-1,1,anon_078,4,42,2.0,5.094675
Algoritmos y Programación,2526-1,1,anon_079,4,42,0.0,2.0697796
Algoritmos y Programación,2526-1,1,anon_080,4,42,10.0,8.876623
Algoritmos y Programación,2526-1,1,anon_081,4,42,1.0,3.646824
Algoritmos y Programación,2526-1,1,anon_082,4,42,0.0,2.0235107
Algoritmos y Programación,2526-1,1,anon_083,4,42,7.0,8.331739
Algoritmos y Programación,2526-1,1,anon_084,4,42,1.0,3.5520344
Algoritmos y Programación,2526-1,1,anon_085,4,42,0.0,1.9348686
Algoritmos y Programación,2526-1,1,anon_086,4,42,1.0,3.489174
Algoritmos y Programación,2526-1,1,anon_087,4,42,1.0,3.4579794
Algoritmos y Programación,2526-2,1,anon_088,4,42,0.0,2.569572
Algoritmos y Programación,2526-2,1,anon_089,4,42,4.0,6.1461716
Algoritmos y Programación,2526-2,1,anon_090,4,42,0.0,2.5206664
Algoritmos y Programación,2526-2,1,anon_091,4,42,10.0,9.436324
Algoritmos y Programación,2526-2,1,anon_092,4,42,0.0,2.4726434
Algoritmos y Programación,2526-2,1,anon_093,4,42,1.0,3.602346
Algoritmos y Programación,2526-2,1,anon_094,4,42,5.0,7.204733
Algoritmos y Programación,2526-2,1,anon_095,4,42,0.0,2.4031568
Algoritmos y Programación,2526-2,1,anon_096,4,42,1.0,3.6402345
Algoritmos y Programación,2526-2,1,anon_097,4,42,0.0,2.359076
Algoritmos y Programación,2526-2,1,anon_098,4,42,3.0,3.5838656
Algoritmos y Programación,2526-2,1,anon_099,4,42,0.0,2.315296
Algoritmos y Programación,2526-2,1,anon_100,4,42,0.0,2.2971263
Algoritmos y Programación,2526-2,1,anon_101,4,42,1.0,3.5031204
Algoritmos y Programación,2526-2,1,anon_102,4,42,2.0,3.3340075
Algoritmos y Programación,2526-2,1,anon_103,4,42,0.0,2.210034
Algoritmos y Programación,2526-2,1,anon_104,4,42,0.0,2.1959221
Algoritmos y Programación,2526-2,1,anon_105,4,42,5.0,6.9389734
Algoritmos y Programación,2526-2,1,anon_106,4,42,1.0,3.4180403
Algoritmos y Programación,2526-2,1,anon_107,4,42,5.0,7.6037006
Algoritmos y Programación,2526-2,1,anon_108,4,42,1.0,2.1617427
Algoritmos y Programación,2526-2,1,anon_109,4,42,5.0,6.4849443
Algoritmos y Programación,2526-2,1,anon_110,4,42,2.0,3.3501127
Algoritmos y Programación,2526-2,1,anon_111,4,42,2.0,3.1834843
Algoritmos y Programación,2526-2,1,anon_112,4,42,2.0,4.571503
Algoritmos y Programación,2526-2,1,anon_113,4,42,0.0,2.0479898
Algoritmos y Programación,2526-2,1,anon_114,4,42,4.0,6.7416086
Algoritmos y Programación,2526-2,1,anon_115,4,42,1.0,3.281014
Algoritmos y Programación,2526-2,1,anon_116,4,42,2.0,3.2692893
Algoritmos y Programación,2526-2,1,anon_117,4,42,1.0,2.066084
Algoritmos y Programación,2526-3,1,anon_118,4,42,8.0,4.3698215
Algoritmos y Programación,2526-3,1,anon_119,4,42,0.0,-0.14039016
Algoritmos y Programación,2526-3,1,anon_120,4,42,0.0,0.14296412
Algoritmos y Programación,2526-3,1,anon_121,4,42,2.0,-0.12383866
Algoritmos y Programación,2526-3,1,anon_122,4,42,5.0,2.1201549
Algoritmos y Programación,2526-3,1,anon_123,4,42,4.0,1.0653107
Algoritmos y Programación,2526-3,1,anon_124,4,42,3.0,0.9780083
Algoritmos y Programación,2526-3,1,anon_125,4,42,1.0,0.99718356
Algoritmos y Programación,2526-3,1,anon_126,4,42,5.0,1.0171354
Algoritmos y Programación,2526-3,1,anon_127,4,42,8.0,5.6125555
Algoritmos y Programación,2526-3,1,anon_128,4,42,2.0,2.3022547
Algoritmos y Programación,2526-3,1,anon_129,4,42,5.0,3.7154908
Algoritmos y Programación,2526-3,1,anon_130,4,42,1.0,1.0905728
Algoritmos y Programación,2526-3,1,anon_131,4,42,5.0,4.2728806
Algoritmos y Programación,2526-3,1,anon_132,4,42,8.0,9.976559
Algoritmos y Programación,2526-3,1,anon_133,4,42,13.0,9.373627
Algoritmos y Programación,2526-3,1,anon_134,4,42,10.0,5.253665
Algoritmos y Programación,2526-3,1,anon_135,4,42,7.0,2.9224255
Algoritmos y Programación,2526-3,1,anon_136,4,42,0.0,-0.011769772
Algoritmos y Programación,2526-3,1,anon_137,4,42,4.0,5.2473745
Algoritmos y Programación,2526-3,1,anon_138,4,42,4.0,1.1364751
Algoritmos y Programación,2526-3,1,anon_139,4,42,3.0,3.8735645
Algoritmos y Programación,2526-3,1,anon_140,4,42,10.0,4.8774605
Algoritmos y Programación,2526-3,1,anon_141,4,42,11.0,9.201273
Algoritmos y Programación,2526-3,1,anon_142,4,42,0.0,-0.059554815
Algoritmos y Programación,2526-3,1,anon_143,4,42,15.0,13.707446
Algoritmos y Programación,2526-3,1,anon_144,4,42,3.0,-0.067022085
Algoritmos y Programación,2526-3,1,anon_145,4,42,20.0,22.376572
Algoritmos y Programación,2526-3,1,anon_146,4,42,7.0,0.98469996
Algoritmos y Programación,2526-3,1,anon_147,4,42,6.0,-0.080174685
Algoritmos y Programación,2425-2,1,anon_001,6,42,2.0,3.39099
Algoritmos y Programación,2425-2,1,anon_002,6,42,2.0,1.2296295
Algoritmos y Programación,2425-2,1,anon_003,6,42,17.0,10.772118
Algoritmos y Programación,2425-2,1,anon_004,6,42,2.0,3.376535
Algoritmos y Programación,2425-2,1,anon_005,6,42,10.0,10.754456
Algoritmos y Programación,2425-2,1,anon_006,6,42,0.0,1.2122827
Algoritmos y Programación,2425-2,1,anon_007,6,42,0.0,1.2082539
Algoritmos y Programación,2425-2,1,anon_008,6,42,16.0,8.606867
Algoritmos y Programación,2425-2,1,anon_009,6,42,9.0,5.622361
Algoritmos y Programación,2425-2,1,anon_010,6,42,22.0,13.9613085
Algoritmos y Programación,2425-2,1,anon_011,6,42,6.0,6.643888
Algoritmos y Programación,2425-2,1,anon_012,6,42,0.0,1.1914396
Algoritmos y Programación,2425-2,1,anon_013,6,42,0.0,1.1889834
Algoritmos y Programación,2425-2,1,anon_014,6,42,23.0,19.017448
Algoritmos y Programación,2425-2,1,anon_015,6,42,24.0,13.850195
Algoritmos y Programación,2425-2,1,anon_016,6,42,1.0,1.8581188
Algoritmos y Programación,2425-2,1,anon_017,6,42,1.0,1.1832802
Algoritmos y Programación,2425-2,1,anon_018,6,42,17.0,11.63996
Algoritmos y Programación,2425-2,1,anon_019,6,42,0.0,1.1832464
Algoritmos y Programación,2425-2,1,anon_020,6,42,24.0,15.966515
Algoritmos y Programación,2425-2,1,anon_021,6,42,4.0,5.614144
Algoritmos y Programación,2425-2,1,anon_022,6,42,2.0,3.216179
Algoritmos y Programación,2425-2,1,anon_023,6,42,19.0,16.893055
Algoritmos y Programación,2425-2,1,anon_024,6,42,7.0,7.668876
Algoritmos y Programación,2425-2,1,anon_025,6,42,5.0,6.504658
Algoritmos y Programación,2425-2,1,anon_026,6,42,0.0,1.1987386
Algoritmos y Programación,2425-2,1,anon_027,6,42,10.0,6.566862
Algoritmos y Programación,2425-2,1,anon_028,6,42,18.0,14.937108
Algoritmos y Programación,2425-2,1,anon_029,6,42,0.0,1.2117484
Algoritmos y Programación,2425-2,1,anon_030,6,42,15.0,11.717243
Algoritmos y Programación,2425-2,2,anon_031,6,42,1.0,2.504644
Algoritmos y Programación,2425-2,2,anon_032,6,42,3.0,4.555123
Algoritmos y Programación,2425-2,2,anon_033,6,42,20.0,17.144516
Algoritmos y Programación,2425-2,2,anon_034,6,42,4.0,5.704003
Algoritmos y Programación,2425-2,2,anon_035,6,42,2.0,3.4675853
Algoritmos y Programación,2425-2,2,anon_036,6,42,8.0,6.8333488
Algoritmos y Programación,2425-2,2,anon_037,6,42,0.0,1.3154894
Algoritmos y Programación,2425-2,2,anon_038,6,42,1.0,2.5932252
Algoritmos y Programación,2425-2,2,anon_039,6,42,7.0,6.6681848
Algoritmos y Programación,2425-2,2,anon_040,6,42,2.0,1.8773801
Algoritmos y Programación,2425-2,2,anon_041,6,42,0.0,1.3982403
Algoritmos y Programación,2425-2,2,anon_042,6,42,8.0,3.505046
Algoritmos y Programación,2425-2,2,anon_043,6,42,9.0,8.830896
Algoritmos y Programación,2425-2,2,anon_044,6,42,13.0,9.898203
Algoritmos y Programación,2425-2,2,anon_045,6,42,10.0,10.053891
Algoritmos y Programación,2425-2,2,anon_046,6,42,0.0,1.3963791
Algoritmos y Programación,2425-2,2,anon_047,6,42,5.0,6.6754794
Algoritmos y Programación,2425-2,2,anon_048,6,42,3.0,3.4928484
Algoritmos y Programación,2425-2,2,anon_049,6,42,1.0,2.4357328
Algoritmos y Programación,2425-2,2,anon_050,6,42,3.0,4.6293426
Algoritmos y Programación,2425-2,2,anon_051,6,42,2.0,1.4030433
Algoritmos y Programación,2425-2,2,anon_052,6,42,17.0,13.939306
Algoritmos y Programación,2425-2,2,anon_053,6,42,3.0,1.3085241
Algoritmos y Programación,2425-2,2,anon_054,6,42,3.0,3.4562237
Algoritmos y Programación,2425-2,2,anon_055,6,42,10.0,8.733222
Algoritmos y Programación,2425-2,2,anon_056,6,42,0.0,1.4131572
Algoritmos y Programación,2425-2,2,anon_057,6,42,11.0,8.99914
Algoritmos y Programación,2425-2,2,anon_058,6,42,0.0,1.4168034
Algoritmos y Programación,2425-2,2,anon_059,6,42,5.0,4.9731503
Algoritmos y Programación,2425-2,2,anon_060,6,42,2.0,2.486857
Algoritmos y Programación,2526-1,1,anon_061,6,42,9.0,6.5947776
Algoritmos y Programación,2526-1,1,anon_062,6,42,13.0,9.765017
Algoritmos y Programación,2526-1,1,anon_063,6,42,15.0,8.729346
Algoritmos y Programación,2526-1,1,anon_064,6,42,2.0,3.568756
Algoritmos y Programación,2526-1,1,anon_065,6,42,9.0,5.631021
Algoritmos y Programación,2526-1,1,anon_066,6,42,2.0,4.581541
Algoritmos y Programación,2526-1,1,anon_067,6,42,11.0,7.672102
Algoritmos y Programación,2526-1,1,anon_068,6,42,1.0,3.4040415
Algoritmos y Programación,2526-1,1,anon_069,6,42,12.0,9.7236805
Algoritmos y Programación,2526-1,1,anon_070,6,42,5.0,7.647586
Algoritmos y Programación,2526-1,1,anon_071,6,42,1.0,3.487359
Algoritmos y Programación,2526-1,1,anon_072,6,42,1.0,3.4153695
Algoritmos y Programación,2526-1,1,anon_073,6,42,1.0,3.4598045
Algoritmos y Programación,2526-1,1,anon_074,6,42,8.0,3.4453754
Algoritmos y Programación,2526-1,1,anon_075,6,42,2.0,3.3284025
Algoritmos y Programación,2526-1,1,anon_076,6,42,4.0,5.4025693
Algoritmos y Programación,2526-1,1,anon_077,6,42,1.0,3.399623
Algoritmos y Programación,2526-1,1,anon_078,6,42,2.0,4.4317994
Algoritmos y Programación,2526-1,1,anon_079,6,42,0.0,2.2642078
Algoritmos y Programación,2526-1,1,anon_080,6,42,10.0,7.550624
Algoritmos y Programación,2526-1,1,anon_081,6,42,1.0,3.3329573
Algoritmos y Programación,2526-1,1,anon_082,6,42,0.0,2.2383146
Algoritmos y Programación,2526-1,1,anon_083,6,42,7.0,7.439009
Algoritmos y Programación,2526-1,1,anon_084,6,42,1.0,3.2784548
Algoritmos y Programación,2526-1,1,anon_085,6,42,0.0,2.1858654
Algoritmos y Programación,2526-1,1,anon_086,6,42,1.0,3.240021
Algoritmos y Programación,2526-1,1,anon_087,6,42,1.0,3.2202988
Algoritmos y Programación,2526-2,1,anon_088,6,42,0.0,2.0098715
Algoritmos y Programación,2526-2,1,anon_089,6,42,4.0,5.2219944
Algoritmos y Programación,2526-2,1,anon_090,6,42,0.0,1.9931924
Algoritmos y Programación,2526-2,1,anon_091,6,42,10.0,12.565489
Algoritmos y Programación,2526-2,1,anon_092,6,42,0.0,1.977334
Algoritmos y Programación,2526-2,1,anon_093,6,42,1.0,3.033434
Algoritmos y Programación,2526-2,1,anon_094,6,42,5.0,6.252207
Algoritmos y Programación,2526-2,1,anon_095,6,42,0.0,1.9556524
Algoritmos y Programación,2526-2,1,anon_096,6,42,1.0,3.135983
Algoritmos y Programación,2526-2,1,anon_097,6,42,0.0,1.9429903
Algoritmos y Programación,2526-2,1,anon_098,6,42,3.0,3.0098848
Algoritmos y Programación,2526-2,1,anon_099,6,42,0.0,2.208787
Algoritmos y Programación,2526-2,1,anon_100,6,42,0.0,1.9273367
Algoritmos y Programación,2526-2,1,anon_101,6,42,1.0,3.090596
Algoritmos y Programación,2526-2,1,anon_102,6,42,2.0,2.963955
Algoritmos y Programación,2526-2,1,anon_103,6,42,0.0,1.9968283
Algoritmos y Programación,2526-2,1,anon_104,6,42,0.0,2.16768
Algoritmos y Programación,2526-2,1,anon_105,6,42,5.0,6.171564
Algoritmos y Programación,2526-2,1,anon_106,6,42,1.0,2.9763155
Algoritmos y Programación,2526-2,1,anon_107,6,42,5.0,7.2779245
Algoritmos y Programación,2526-2,1,anon_108,6,42,1.0,1.9100997
Algoritmos y Programación,2526-2,1,anon_109,6,42,5.0,7.1215982
Algoritmos y Programación,2526-2,1,anon_110,6,42,2.0,3.9893248
Algoritmos y Programación,2526-2,1,anon_111,6,42,2.0,2.946239
Algoritmos y Programación,2526-2,1,anon_112,6,42,2.0,4.046118
Algoritmos y Programación,2526-2,1,anon_113,6,42,0.0,1.9819205
Algoritmos y Programación,2526-2,1,anon_114,6,42,4.0,6.142207
Algoritmos y Programación,2526-2,1,anon_115,6,42,1.0,2.9813075
Algoritmos y Programación,2526-2,1,anon_116,6,42,2.0,2.9843957
Algoritmos y Programación,2526-2,1,anon_117,6,42,1.0,1.9352508
Algoritmos y Programación,2526-3,1,anon_118,6,42,8.0,4.034135
Algoritmos y Programación,2526-3,1,anon_119,6,42,0.0,-0.018187046
Algoritmos y Programación,2526-3,1,anon_120,6,42,0.0,0.11665511
Algoritmos y Programación,2526-3,1,anon_121,6,42,2.0,-0.014834404
Algoritmos y Programación,2526-3,1,anon_122,6,42,5.0,2.0230582
Algoritmos y Programación,2526-3,1,anon_123,6,42,4.0,1.0135826
Algoritmos y Programación,2526-3,1,anon_124,6,42,3.0,1.0035843
Algoritmos y Programación,2526-3,1,anon_125,6,42,1.0,1.0075264
Algoritmos y Programación,2526-3,1,anon_126,6,42,5.0,1.0114499
Algoritmos y Programación,2526-3,1,anon_127,6,42,8.0,6.4252176
Algoritmos y Programación,2526-3,1,anon_128,6,42,2.0,2.063768
Algoritmos y Programación,2526-3,1,anon_129,6,42,5.0,3.1340983
Algoritmos y Programación,2526-3,1,anon_130,6,42,1.0,1.0229522
Algoritmos y Programación,2526-3,1,anon_131,6,42,5.0,3.2589326
Algoritmos y Programación,2526-3,1,anon_132,6,42,8.0,6.9107084
Algoritmos y Programación,2526-3,1,anon_133,6,42,13.0,8.83043
Algoritmos y Programación,2526-3,1,anon_134,6,42,10.0,4.3361254
Algoritmos y Programación,2526-3,1,anon_135,6,42,7.0,4.7462606
Algoritmos y Programación,2526-3,1,anon_136,6,42,0.0,-0.039083123
Algoritmos y Programación,2526-3,1,anon_137,6,42,4.0,4.2811356
Algoritmos y Programación,2526-3,1,anon_138,6,42,4.0,0.9997488
Algoritmos y Programación,2526-3,1,anon_139,6,42,3.0,3.8046012
Algoritmos y Programación,2526-3,1,anon_140,6,42,10.0,4.2369976
Algoritmos y Programación,2526-3,1,anon_141,6,42,11.0,8.066034
Algoritmos y Programación,2526-3,1,anon_142,6,42,0.0,-0.07173443
Algoritmos y Programación,2526-3,1,anon_143,6,42,15.0,11.398083
Algoritmos y Programación,2526-3,1,anon_144,6,42,3.0,-0.08525133
Algoritmos y Programación,2526-3,1,anon_145,6,42,20.0,23.01151
Algoritmos y Programación,2526-3,1,anon_146,6,42,7.0,0.9617623
Algoritmos y Programación,2526-3,1,anon_147,6,42,6.0,-0.1044544
Algoritmos y Programación,2425-2,1,anon_001,8,42,2.0,3.0046492
Algoritmos y Programación,2425-2,1,anon_002,8,42,2.0,0.902009
Algoritmos y Programación,2425-2,1,anon_003,8,42,17.0,16.439438
Algoritmos y Programación,2425-2,1,anon_004,8,42,2.0,2.9854894
Algoritmos y Programación,2425-2,1,anon_005,8,42,10.0,11.30912
Algoritmos y Programación,2425-2,1,anon_006,8,42,0.0,0.88378954
Algoritmos y Programación,2425-2,1,anon_007,8,42,0.0,0.87917423
Algoritmos y Programación,2425-2,1,anon_008,8,42,16.0,16.339153
Algoritmos y Programación,2425-2,1,anon_009,8,42,9.0,7.2020135
Algoritmos y Programación,2425-2,1,anon_010,8,42,22.0,21.539494
Algoritmos y Programación,2425-2,1,anon_011,8,42,6.0,7.2154694
Algoritmos y Programación,2425-2,1,anon_012,8,42,0.0,0.8573233
Algoritmos y Programación,2425-2,1,anon_013,8,42,0.0,0.8535104
Algoritmos y Programación,2425-2,1,anon_014,8,42,23.0,23.486847
Algoritmos y Programación,2425-2,1,anon_015,8,42,24.0,23.489586
Algoritmos y Programación,2425-2,1,anon_016,8,42,1.0,2.2738986
Algoritmos y Programación,2425-2,1,anon_017,8,42,1.0,1.8624187
Algoritmos y Programación,2425-2,1,anon_018,8,42,17.0,16.339226
Algoritmos y Programación,2425-2,1,anon_019,8,42,0.0,0.8383462
Algoritmos y Programación,2425-2,1,anon_020,8,42,24.0,23.532566
Algoritmos y Programación,2425-2,1,anon_021,8,42,4.0,5.11349
Algoritmos y Programación,2425-2,1,anon_022,8,42,2.0,2.8748903
Algoritmos y Programación,2425-2,1,anon_023,8,42,19.0,19.42479
Algoritmos y Programación,2425-2,1,anon_024,8,42,7.0,7.1875687
Algoritmos y Programación,2425-2,1,anon_025,8,42,5.0,6.03627
Algoritmos y Programación,2425-2,1,anon_026,8,42,0.0,0.84255415
Algoritmos y Programación,2425-2,1,anon_027,8,42,10.0,10.175827
Algoritmos y Programación,2425-2,1,anon_028,8,42,18.0,18.44593
Algoritmos y Programación,2425-2,1,anon_029,8,42,0.0,0.85124034
Algoritmos y Programación,2425-2,1,anon_030,8,42,15.0,14.26135
Algoritmos y Programación,2425-2,2,anon_031,8,42,1.0,2.089667
Algoritmos y Programación,2425-2,2,anon_032,8,42,3.0,4.1173944
Algoritmos y Programación,2425-2,2,anon_033,8,42,20.0,21.591824
Algoritmos y Programación,2425-2,2,anon_034,8,42,4.0,5.2185473
Algoritmos y Programación,2425-2,2,anon_035,8,42,2.0,3.0699363
Algoritmos y Programación,2425-2,2,anon_036,8,42,8.0,9.324718
Algoritmos y Programación,2425-2,2,anon_037,8,42,0.0,0.9642471
Algoritmos y Programación,2425-2,2,anon_038,8,42,1.0,2.1330612
Algoritmos y Programación,2425-2,2,anon_039,8,42,7.0,8.306154
Algoritmos y Programación,2425-2,2,anon_040,8,42,2.0,1.2810856
Algoritmos y Programación,2425-2,2,anon_041,8,42,0.0,1.002726
Algoritmos y Programación,2425-2,2,anon_042,8,42,8.0,8.227854
Algoritmos y Programación,2425-2,2,anon_043,8,42,9.0,10.391027
Algoritmos y Programación,2425-2,2,anon_044,8,42,13.0,13.440392
Algoritmos y Programación,2425-2,2,anon_045,8,42,10.0,11.473342
Algoritmos y Programación,2425-2,2,anon_046,8,42,0.0,0.99164706
Algoritmos y Programación,2425-2,2,anon_047,8,42,5.0,6.164987
Algoritmos y Programación,2425-2,2,anon_048,8,42,3.0,4.1025124
Algoritmos y Programación,2425-2,2,anon_049,8,42,1.0,2.0311167
Algoritmos y Programación,2425-2,2,anon_050,8,42,3.0,4.154351
Algoritmos y Programación,2425-2,2,anon_051,8,42,2.0,0.99089396
Algoritmos y Programación,2425-2,2,anon_052,8,42,17.0,16.470757
Algoritmos y Programación,2425-2,2,anon_053,8,42,3.0,2.9886224
Algoritmos y Programación,2425-2,2,anon_054,8,42,3.0,4.036498
Algoritmos y Programación,2425-2,2,anon_055,8,42,10.0,10.316278
Algoritmos y Programación,2425-2,2,anon_056,8,42,0.0,0.99637115
Algoritmos y Programación,2425-2,2,anon_057,8,42,11.0,12.473566
Algoritmos y Programación,2425-2,2,anon_058,8,42,0.0,0.99865335
Algoritmos y Programación,2425-2,2,anon_059,8,42,5.0,5.41947
Algoritmos y Programación,2425-2,2,anon_060,8,42,2.0,3.0782382
Algoritmos y Programación,2526-1,1,anon_061,8,42,9.0,8.102495
Algoritmos y Programación,2526-1,1,anon_062,8,42,13.0,8.235935
Algoritmos y Programación,2526-1,1,anon_063,8,42,15.0,11.263489
Algoritmos y Programación,2526-1,1,anon_064,8,42,2.0,2.1699555
Algoritmos y Programación,2526-1,1,anon_065,8,42,9.0,7.2140555
Algoritmos y Programación,2526-1,1,anon_066,8,42,2.0,3.1673005
Algoritmos y Programación,2526-1,1,anon_067,8,42,11.0,9.224267
Algoritmos y Programación,2526-1,1,anon_068,8,42,1.0,1.9891536
Algoritmos y Programación,2526-1,1,anon_069,8,42,12.0,10.223231
Algoritmos y Programación,2526-1,1,anon_070,8,42,5.0,6.179292
Algoritmos y Programación,2526-1,1,anon_071,8,42,1.0,2.1244712
Algoritmos y Programación,2526-1,1,anon_072,8,42,1.0,2.0364704
Algoritmos y Programación,2526-1,1,anon_073,8,42,1.0,2.1088212
Algoritmos y Programación,2526-1,1,anon_074,8,42,8.0,4.1164656
Algoritmos y Programación,2526-1,1,anon_075,8,42,2.0,1.9500554
Algoritmos y Programación,2526-1,1,anon_076,8,42,4.0,4.016667
Algoritmos y Programación,2526-1,1,anon_077,8,42,1.0,2.0751667
Algoritmos y Programación,2526-1,1,anon_078,8,42,2.0,3.0790293
Algoritmos y Programación,2526-1,1,anon_079,8,42,0.0,0.9251909
Algoritmos y Programación,2526-1,1,anon_080,8,42,10.0,6.105961
Algoritmos y Programación,2526-1,1,anon_081,8,42,1.0,2.0397325
Algoritmos y Programación,2526-1,1,anon_082,8,42,0.0,0.9143444
Algoritmos y Programación,2526-1,1,anon_083,8,42,7.0,7.0378165
Algoritmos y Programación,2526-1,1,anon_084,8,42,1.0,2.0118659
Algoritmos y Programación,2526-1,1,anon_085,8,42,0.0,0.92434424
Algoritmos y Programación,2526-1,1,anon_086,8,42,1.0,1.9921405
Algoritmos y Programación,2526-1,1,anon_087,8,42,1.0,1.9818785
Algoritmos y Programación,2526-2,1,anon_088,8,42,0.0,0.9100375
Algoritmos y Programación,2526-2,1,anon_089,8,42,4.0,3.9958942
Algoritmos y Programación,2526-2,1,anon_090,8,42,0.0,0.8962873
Algoritmos y Programación,2526-2,1,anon_091,8,42,10.0,11.182453
Algoritmos y Programación,2526-2,1,anon_092,8,42,0.0,0.88279176
Algoritmos y Programación,2526-2,1,anon_093,8,42,1.0,1.9042083
Algoritmos y Programación,2526-2,1,anon_094,8,42,5.0,4.987937
Algoritmos y Programación,2526-2,1,anon_095,8,42,0.0,0.8635154
Algoritmos y Programación,2526-2,1,anon_096,8,42,1.0,1.9236206
Algoritmos y Programación,2526-2,1,anon_097,8,42,0.0,0.8516924
Algoritmos y Programación,2526-2,1,anon_098,8,42,3.0,1.8731725
Algoritmos y Programación,2526-2,1,anon_099,8,42,0.0,0.95881927
Algoritmos y Programación,2526-2,1,anon_100,8,42,0.0,0.8362037
Algoritmos y Programación,2526-2,1,anon_101,8,42,1.0,1.8860836
Algoritmos y Programación,2526-2,1,anon_102,8,42,2.0,1.8483448
Algoritmos y Programación,2526-2,1,anon_103,8,42,0.0,0.84465706
Algoritmos y Programación,2526-2,1,anon_104,8,42,0.0,0.9316707
Algoritmos y Programación,2526-2,1,anon_105,8,42,5.0,4.9182987
Algoritmos y Programación,2526-2,1,anon_106,8,42,1.0,1.8399843
Algoritmos y Programación,2526-2,1,anon_107,8,42,5.0,5.9756804
Algoritmos y Programación,2526-2,1,anon_108,8,42,1.0,0.8137368
Algoritmos y Programación,2526-2,1,anon_109,8,42,5.0,5.9098644
Algoritmos y Programación,2526-2,1,anon_110,8,42,2.0,2.8430645
Algoritmos y Programación,2526-2,1,anon_111,8,42,2.0,1.8280053
Algoritmos y Programación,2526-2,1,anon_112,8,42,2.0,2.8599482
Algoritmos y Programación,2526-2,1,anon_113,8,42,0.0,0.83601063
Algoritmos y Programación,2526-2,1,anon_114,8,42,4.0,4.899974
Algoritmos y Programación,2526-2,1,anon_115,8,42,1.0,1.8392596
Algoritmos y Programación,2526-2,1,anon_116,8,42,2.0,1.8413779
Algoritmos y Programación,2526-2,1,anon_117,8,42,1.0,0.8253843
Algoritmos y Programación,2526-3,1,anon_118,8,42,8.0,6.9079194
Algoritmos y Programación,2526-3,1,anon_119,8,42,0.0,0.54879034
Algoritmos y Programación,2526-3,1,anon_120,8,42,0.0,0.621243
Algoritmos y Programación,2526-3,1,anon_121,8,42,2.0,0.51336795
Algoritmos y Programación,2526-3,1,anon_122,8,42,5.0,2.6332586
Algoritmos y Programación,2526-3,1,anon_123,8,42,4.0,2.5636454
Algoritmos y Programación,2526-3,1,anon_124,8,42,3.0,1.5284021
Algoritmos y Programación,2526-3,1,anon_125,8,42,1.0,1.5112476
Algoritmos y Programación,2526-3,1,anon_126,8,42,5.0,2.5235965
Algoritmos y Programación,2526-3,1,anon_127,8,42,8.0,6.772061
Algoritmos y Programación,2526-3,1,anon_128,8,42,2.0,2.524576
Algoritmos y Programación,2526-3,1,anon_129,8,42,5.0,3.557607
Algoritmos y Programación,2526-3,1,anon_130,8,42,1.0,1.4343258
Algoritmos y Programación,2526-3,1,anon_131,8,42,5.0,3.5337205
Algoritmos y Programación,2526-3,1,anon_132,8,42,8.0,6.691669
Algoritmos y Programación,2526-3,1,anon_133,8,42,13.0,10.798164
Algoritmos y Programación,2526-3,1,anon_134,8,42,10.0,5.5565157
Algoritmos y Programación,2526-3,1,anon_135,8,42,7.0,4.5958085
Algoritmos y Programación,2526-3,1,anon_136,8,42,0.0,0.29541233
Algoritmos y Programación,2526-3,1,anon_137,8,42,4.0,4.519612
Algoritmos y Programación,2526-3,1,anon_138,8,42,4.0,1.3470623
Algoritmos y Programación,2526-3,1,anon_139,8,42,3.0,3.5076637
Algoritmos y Programación,2526-3,1,anon_140,8,42,10.0,7.52015
Algoritmos y Programación,2526-3,1,anon_141,8,42,11.0,9.638513
Algoritmos y Programación,2526-3,1,anon_142,8,42,0.0,0.27544427
Algoritmos y Programación,2526-3,1,anon_143,8,42,15.0,11.801299
Algoritmos y Programación,2526-3,1,anon_144,8,42,3.0,1.2820704
Algoritmos y Programación,2526-3,1,anon_145,8,42,20.0,19.104486
Algoritmos y Programación,2526-3,1,anon_146,8,42,7.0,3.3252237
Algoritmos y Programación,2526-3,1,anon_147,8,42,6.0,3.282496
Computación Emergente,2425-3,1,anon_148,4,42,1.0,2.4109888
Computación Emergente,2425-3,1,anon_149,4,42,5.0,2.3691628
Computación Emergente,2425-3,1,anon_150,4,42,4.0,2.327278
Computación Emergente,2425-3,1,anon_151,4,42,1.0,1.9356505
Computación Emergente,2425-3,1,anon_152,4,42,4.0,1.8945673
Computación Emergente,2425-3,1,anon_153,4,42,0.0,1.8540208
Computación Emergente,2425-3,1,anon_154,4,42,0.0,1.8140632
Computación Emergente,2425-3,1,anon_155,4,42,5.0,3.5792212
Computación Emergente,2425-3,1,anon_156,4,42,0.0,2.0781949
Computación Emergente,2425-3,1,anon_157,4,42,2.0,2.0376654
Computación Emergente,2425-3,1,anon_158,4,42,0.0,1.9975983
Computación Emergente,2425-3,1,anon_159,4,42,1.0,1.9580612
Computación Emergente,2425-3,1,anon_160,4,42,1.0,1.5892563
Computación Emergente,2425-3,1,anon_161,4,42,0.0,1.5546432
Computación Emergente,2425-3,1,anon_162,4,42,0.0,2.1081414
Computación Emergente,2425-3,1,anon_163,4,42,0.0,2.077915
Computación Emergente,2425-3,1,anon_164,4,42,5.0,4.459217
Computación Emergente,2425-3,1,anon_165,4,42,6.0,2.9677787
Computación Emergente,2425-3,1,anon_166,4,42,2.0,1.7013465
Computación Emergente,2425-3,1,anon_167,4,42,0.0,1.9615352
Computación Emergente,2425-3,1,anon_168,4,42,5.0,3.2930083
Computación Emergente,2425-3,1,anon_169,4,42,0.0,1.604826
Computación Emergente,2425-3,1,anon_170,4,42,0.0,1.8795578
Computación Emergente,2425-3,1,anon_171,4,42,3.0,2.7545204
Computación Emergente,2425-3,1,anon_172,4,42,0.0,1.5176864
Computación Emergente,2425-3,1,anon_173,4,42,6.0,4.098482
Computación Emergente,2425-3,1,anon_174,4,42,6.0,2.9630547
Computación Emergente,2425-3,1,anon_175,4,42,0.0,1.1704719
Computación Emergente,2425-3,1,anon_176,4,42,6.0,3.9928956
Computación Emergente,2425-3,1,anon_177,4,42,3.0,1.1309103
Computación Emergente,2425-3,1,anon_178,4,42,3.0,1.6876599
Computación Emergente,2425-3,1,anon_179,4,42,0.0,1.3520315
Computación Emergente,2425-3,1,anon_180,4,42,0.0,1.3325758
Computación Emergente,2425-3,1,anon_181,4,42,3.0,1.3141243
Computación Emergente,2425-3,1,anon_182,4,42,4.0,1.296655
Computación Emergente,2425-3,1,anon_183,4,42,7.0,3.782005
Computación Emergente,2425-3,1,anon_184,4,42,1.0,1.0187734
Computación Emergente,2425-3,1,anon_185,4,42,0.0,1.0057744
Computación Emergente,2425-3,2,anon_185,4,42,0.0,1.1535511
Computación Emergente,2425-3,2,anon_186,4,42,0.0,2.0774345
Computación Emergente,2425-3,2,anon_187,4,42,7.0,5.322215
Computación Emergente,2425-3,2,anon_188,4,42,0.0,1.9952085
Computación Emergente,2425-3,2,anon_189,4,42,2.0,2.3885474
Computación Emergente,2425-3,2,anon_190,4,42,0.0,1.9153568
Computación Emergente,2425-3,2,anon_191,4,42,0.0,1.8764904
Computación Emergente,2425-3,2,anon_192,4,42,5.0,4.5404058
Computación Emergente,2425-3,2,anon_193,4,42,0.0,2.24335
Computación Emergente,2425-3,2,anon_194,4,42,1.0,1.7648066
Computación Emergente,2425-3,2,anon_195,4,42,0.0,1.7293686
Computación Emergente,2425-3,2,anon_196,4,42,1.0,1.6948841
Computación Emergente,2425-3,2,anon_197,4,42,0.0,1.6613785
Computación Emergente,2425-3,2,anon_198,4,42,2.0,1.62887
Computación Emergente,2425-3,2,anon_199,4,42,1.0,3.3744164
Computación Emergente,2425-3,2,anon_200,4,42,4.0,4.5858755
Computación Emergente,2425-3,2,anon_201,4,42,0.0,1.9661269
Computación Emergente,2425-3,2,anon_202,4,42,1.0,1.9338529
Computación Emergente,2425-3,2,anon_203,4,42,0.0,1.48151
Computación Emergente,2425-3,2,anon_204,4,42,3.0,4.519704
Computación Emergente,2425-3,2,anon_205,4,42,0.0,1.8415439
Computación Emergente,2425-3,2,anon_206,4,42,1.0,2.6691635
Computación Emergente,2425-3,2,anon_207,4,42,0.0,1.3814807
Computación Emergente,2425-3,2,anon_208,4,42,1.0,2.6164079
Computación Emergente,2425-3,2,anon_209,4,42,1.0,1.7305367
Computación Emergente,2425-3,2,anon_210,4,42,0.0,1.7051301
Computación Emergente,2425-3,2,anon_211,4,42,0.0,1.6806911
Computación Emergente,2425-3,2,anon_212,4,42,0.0,1.277221
Computación Emergente,2425-3,2,anon_213,4,42,1.0,2.591444
Computación Emergente,2425-3,2,anon_214,4,42,0.0,1.2415524
Computación Emergente,2425-3,2,anon_215,4,42,0.0,1.2249475
Computación Emergente,2425-3,2,anon_216,4,42,1.0,2.8406231
Computación Emergente,2425-3,2,anon_217,4,42,0.0,1.1941154
Computación Emergente,2425-3,2,anon_218,4,42,1.0,2.4031842
Computación Emergente,2425-3,2,anon_219,4,42,2.0,1.1663392
Computación Emergente,2526-1,1,anon_174,4,42,0.0,2.4513154
Computación Emergente,2526-1,1,anon_205,4,42,0.0,1.2606758
Computación Emergente,2526-1,1,anon_212,4,42,1.0,1.3428841
Computación Emergente,2526-1,1,anon_220,4,42,1.0,3.0676398
Computación Emergente,2526-1,1,anon_221,4,42,13.0,10.06653
Computación Emergente,2526-1,1,anon_222,4,42,1.0,2.6840305
Computación Emergente,2526-1,1,anon_223,4,42,3.0,2.7102098
Computación Emergente,2526-1,1,anon_224,4,42,8.0,10.111728
Computación Emergente,2526-1,1,anon_225,4,42,1.0,3.6863556
Computación Emergente,2526-1,1,anon_226,4,42,5.0,3.5160768
Computación Emergente,2526-1,1,anon_227,4,42,4.0,4.7226143
Computación Emergente,2526-1,1,anon_228,4,42,15.0,11.28389
Computación Emergente,2526-1,1,anon_229,4,42,1.0,0.97715735
Computación Emergente,2526-1,1,anon_230,4,42,1.0,2.307825
Computación Emergente,2526-1,1,anon_231,4,42,4.0,6.85108
Computación Emergente,2526-1,1,anon_232,4,42,8.0,8.401122
Computación Emergente,2526-1,1,anon_233,4,42,0.0,1.4734973
Computación Emergente,2526-1,1,anon_234,4,42,5.0,7.192537
Computación Emergente,2526-1,1,anon_235,4,42,13.0,6.291054
Computación Emergente,2526-1,1,anon_236,4,42,2.0,1.1291465
Computación Emergente,2526-1,1,anon_237,4,42,13.0,9.031457
Computación Emergente,2526-1,1,anon_238,4,42,0.0,0.41940117
Computación Emergente,2526-1,1,anon_239,4,42,1.0,2.186892
Computación Emergente,2526-1,1,anon_240,4,42,0.0,0.3441527
Computación Emergente,2526-1,1,anon_241,4,42,0.0,0.8414629
Computación Emergente,2526-1,1,anon_242,4,42,1.0,2.0074785
Computación Emergente,2526-1,1,anon_243,4,42,0.0,0.6987663
Computación Emergente,2526-1,1,anon_244,4,42,0.0,0.18669403
Computación Emergente,2526-2,1,anon_174,4,42,0.0,1.1125869
Computación Emergente,2526-2,1,anon_222,4,42,0.0,0.7846459
Computación Emergente,2526-2,1,anon_244,4,42,0.0,0.473992
Computación Emergente,2526-2,1,anon_245,4,42,1.0,3.4873164
Computación Emergente,2526-2,1,anon_246,4,42,0.0,0.81322515
Computación Emergente,2526-2,1,anon_247,4,42,6.0,4.4115105
Computación Emergente,2526-2,1,anon_248,4,42,0.0,0.7319752
Computación Emergente,2526-2,1,anon_249,4,42,0.0,0.70784545
Computación Emergente,2526-2,1,anon_250,4,42,10.0,9.059029
Computación Emergente,2526-2,1,anon_251,4,42,2.0,4.6968966
Computación Emergente,2526-2,1,anon_252,4,42,9.0,10.823579
Computación Emergente,2526-2,1,anon_253,4,42,0.0,0.6253823
Computación Emergente,2526-2,1,anon_254,4,42,0.0,1.3878251
Computación Emergente,2526-2,1,anon_255,4,42,0.0,1.3600082
Computación Emergente,2526-2,1,anon_256,4,42,0.0,0.57727885
Computación Emergente,2526-2,1,anon_257,4,42,4.0,4.3851614
Computación Emergente,2526-2,1,anon_258,4,42,1.0,1.2832608
Computación Emergente,2526-2,1,anon_259,4,42,0.0,1.2599137
Computación Emergente,2526-2,1,anon_260,4,42,5.0,5.903454
Computación Emergente,2526-2,1,anon_261,4,42,0.0,0.519876
Computación Emergente,2526-2,1,anon_262,4,42,1.0,1.8564953
Computación Emergente,2526-2,1,anon_263,4,42,0.0,0.5038625
Computación Emergente,2526-2,1,anon_264,4,42,0.0,0.49718177
Computación Emergente,2526-2,1,anon_265,4,42,1.0,1.6717745
Computación Emergente,2526-2,1,anon_266,4,42,1.0,2.7970314
Computación Emergente,2526-2,1,anon_267,4,42,0.0,1.0989478
Computación Emergente,2526-2,1,anon_268,4,42,1.0,1.7759004
Computación Emergente,2526-2,1,anon_269,4,42,0.0,1.0747
Computación Emergente,2526-2,1,anon_270,4,42,0.0,1.0640569
Computación Emergente,2526-2,1,anon_271,4,42,0.0,0.4712491
Computación Emergente,2526-2,1,anon_272,4,42,0.0,1.0456402
Computación Emergente,2526-2,1,anon_273,4,42,0.0,0.47145045
Computación Emergente,2526-2,1,anon_274,4,42,0.0,0.47243762
Computación Emergente,2526-2,1,anon_275,4,42,2.0,3.8473742
Computación Emergente,2526-2,1,anon_276,4,42,3.0,4.4385996
Computación Emergente,2526-2,1,anon_277,4,42,1.0,1.7345024
Computación Emergente,2526-2,1,anon_278,4,42,0.0,1.0092247
Computación Emergente,2526-2,1,anon_279,4,42,12.0,7.242857
Computación Emergente,2526-2,1,anon_280,4,42,1.0,2.2198772
Computación Emergente,2526-2,1,anon_281,4,42,3.0,1.8902597
Computación Emergente,2526-2,1,anon_282,4,42,0.0,1.0059993
Computación Emergente,2526-3,1,anon_174,4,42,0.0,0.32053936
Computación Emergente,2526-3,1,anon_283,4,42,3.0,2.4429169
Computación Emergente,2526-3,1,anon_284,4,42,21.0,15.822858
Computación Emergente,2526-3,1,anon_285,4,42,30.0,16.619036
Computación Emergente,2526-3,1,anon_286,4,42,18.0,14.72103
Computación Emergente,2526-3,1,anon_287,4,42,23.0,20.00464
Computación Emergente,2526-3,1,anon_288,4,42,24.0,13.9863405
Computación Emergente,2526-3,1,anon_289,4,42,0.0,0.14391434
Computación Emergente,2526-3,1,anon_290,4,42,5.0,8.091581
Computación Emergente,2526-3,1,anon_291,4,42,0.0,0.85301876
Computación Emergente,2526-3,1,anon_292,4,42,6.0,7.5532093
Computación Emergente,2526-3,1,anon_293,4,42,0.0,0.28467655
Computación Emergente,2526-3,1,anon_294,4,42,0.0,0.28651845
Computación Emergente,2526-3,1,anon_295,4,42,3.0,0.8790294
Computación Emergente,2526-3,1,anon_296,4,42,0.0,0.29102778
Computación Emergente,2526-3,1,anon_297,4,42,16.0,13.908496
Computación Emergente,2526-3,1,anon_298,4,42,6.0,9.79025
Computación Emergente,2526-3,1,anon_299,4,42,0.0,0.29989624
Computación Emergente,2526-3,1,anon_300,4,42,27.0,18.968319
Computación Emergente,2526-3,1,anon_301,4,42,12.0,8.632176
Computación Emergente,2526-3,1,anon_302,4,42,0.0,0.15842414
Computación Emergente,2526-3,1,anon_303,4,42,9.0,10.349999
Computación Emergente,2526-3,1,anon_304,4,42,0.0,0.9636184
Computación Emergente,2526-3,1,anon_305,4,42,12.0,15.307835
Computación Emergente,2526-3,1,anon_306,4,42,11.0,6.2284756
Computación Emergente,2526-3,1,anon_307,4,42,0.0,0.3426534
Computación Emergente,2526-3,1,anon_308,4,42,9.0,11.649308
Computación Emergente,2526-3,1,anon_309,4,42,2.0,0.35567963
Computación Emergente,2526-3,1,anon_310,4,42,8.0,13.498773
Computación Emergente,2526-3,1,anon_311,4,42,0.0,0.37006485
Computación Emergente,2526-3,1,anon_312,4,42,7.0,7.2152367
Computación Emergente,2526-3,1,anon_313,4,42,1.0,1.8857334
Computación Emergente,2526-3,1,anon_314,4,42,1.0,1.2247393
Computación Emergente,2526-3,1,anon_315,4,42,1.0,1.519739
Computación Emergente,2526-3,1,anon_316,4,42,11.0,12.537343
Computación Emergente,2526-3,1,anon_317,4,42,0.0,1.110612
Computación Emergente,2526-3,1,anon_318,4,42,0.0,0.21592355
Computación Emergente,2526-3,1,anon_319,4,42,22.0,8.280644
Computación Emergente,2526-3,1,anon_320,4,42,3.0,1.3426951
Computación Emergente,2526-3,1,anon_321,4,42,3.0,6.1708965
Computación Emergente,2425-3,1,anon_148,6,42,1.0,2.9959507
Computación Emergente,2425-3,1,anon_149,6,42,5.0,2.9519463
Computación Emergente,2425-3,1,anon_150,6,42,4.0,2.9075341
Computación Emergente,2425-3,1,anon_151,6,42,1.0,1.4041622
Computación Emergente,2425-3,1,anon_152,6,42,4.0,2.4356248
Computación Emergente,2425-3,1,anon_153,6,42,0.0,1.3014815
Computación Emergente,2425-3,1,anon_154,6,42,0.0,1.2517067
Computación Emergente,2425-3,1,anon_155,6,42,5.0,4.1330113
Computación Emergente,2425-3,1,anon_156,6,42,0.0,1.5158051
Computación Emergente,2425-3,1,anon_157,6,42,2.0,1.4727753
Computación Emergente,2425-3,1,anon_158,6,42,0.0,1.4302634
Computación Emergente,2425-3,1,anon_159,6,42,1.0,2.5050151
Computación Emergente,2425-3,1,anon_160,6,42,1.0,2.047571
Computación Emergente,2425-3,1,anon_161,6,42,0.0,0.9403876
Computación Emergente,2425-3,1,anon_162,6,42,0.0,1.6439204
Computación Emergente,2425-3,1,anon_163,6,42,0.0,1.619663
Computación Emergente,2425-3,1,anon_164,6,42,5.0,5.112791
Computación Emergente,2425-3,1,anon_165,6,42,6.0,3.6072743
Computación Emergente,2425-3,1,anon_166,6,42,2.0,1.1202135
Computación Emergente,2425-3,1,anon_167,6,42,0.0,1.523428
Computación Emergente,2425-3,1,anon_168,6,42,5.0,3.934455
Computación Emergente,2425-3,1,anon_169,6,42,0.0,1.0227456
Computación Emergente,2425-3,1,anon_170,6,42,0.0,1.4525753
Computación Emergente,2425-3,1,anon_171,6,42,3.0,3.368225
Computación Emergente,2425-3,1,anon_172,6,42,0.0,0.93746763
Computación Emergente,2425-3,1,anon_173,6,42,6.0,4.7187557
Computación Emergente,2425-3,1,anon_174,6,42,6.0,3.6992495
Computación Emergente,2425-3,1,anon_175,6,42,0.0,0.5414412
Computación Emergente,2425-3,1,anon_176,6,42,6.0,4.603653
Computación Emergente,2425-3,1,anon_177,6,42,3.0,0.5068605
Computación Emergente,2425-3,1,anon_178,6,42,3.0,2.3588746
Computación Emergente,2425-3,1,anon_179,6,42,0.0,0.78630084
Computación Emergente,2425-3,1,anon_180,6,42,0.0,0.76988184
Computación Emergente,2425-3,1,anon_181,6,42,3.0,0.75465775
Computación Emergente,2425-3,1,anon_182,6,42,4.0,0.7405879
Computación Emergente,2425-3,1,anon_183,6,42,7.0,4.3788233
Computación Emergente,2425-3,1,anon_184,6,42,1.0,1.4531221
Computación Emergente,2425-3,1,anon_185,6,42,0.0,0.41113806
Computación Emergente,2425-3,2,anon_185,6,42,0.0,0.56131244
Computación Emergente,2425-3,2,anon_186,6,42,0.0,1.5962532
Computación Emergente,2425-3,2,anon_187,6,42,7.0,7.1235886
Computación Emergente,2425-3,2,anon_188,6,42,0.0,1.4891431
Computación Emergente,2425-3,2,anon_189,6,42,2.0,2.9115129
Computación Emergente,2425-3,2,anon_190,6,42,0.0,1.3844345
Computación Emergente,2425-3,2,anon_191,6,42,0.0,1.3334932
Computación Emergente,2425-3,2,anon_192,6,42,5.0,5.1051188
Computación Emergente,2425-3,2,anon_193,6,42,0.0,1.6537297
Computación Emergente,2425-3,2,anon_194,6,42,1.0,1.1883891
Computación Emergente,2425-3,2,anon_195,6,42,0.0,1.1430464
Computación Emergente,2425-3,2,anon_196,6,42,1.0,2.1796885
Computación Emergente,2425-3,2,anon_197,6,42,0.0,1.057481
Computación Emergente,2425-3,2,anon_198,6,42,2.0,1.0173786
Computación Emergente,2425-3,2,anon_199,6,42,1.0,2.8304167
Computación Emergente,2425-3,2,anon_200,6,42,4.0,5.354066
Computación Emergente,2425-3,2,anon_201,6,42,0.0,1.4068877
Computación Emergente,2425-3,2,anon_202,6,42,1.0,2.5739162
Computación Emergente,2425-3,2,anon_203,6,42,0.0,0.84459484
Computación Emergente,2425-3,2,anon_204,6,42,3.0,4.0401115
Computación Emergente,2425-3,2,anon_205,6,42,0.0,1.2994837
Computación Emergente,2425-3,2,anon_206,6,42,1.0,2.0529041
Computación Emergente,2425-3,2,anon_207,6,42,0.0,0.73895496
Computación Emergente,2425-3,2,anon_208,6,42,1.0,2.0003474
Computación Emergente,2425-3,2,anon_209,6,42,1.0,1.206082
Computación Emergente,2425-3,2,anon_210,6,42,0.0,1.1850898
Computación Emergente,2425-3,2,anon_211,6,42,0.0,1.1650586
Computación Emergente,2425-3,2,anon_212,6,42,0.0,0.64381635
Computación Emergente,2425-3,2,anon_213,6,42,1.0,1.9433935
Computación Emergente,2425-3,2,anon_214,6,42,0.0,0.615934
Computación Emergente,2425-3,2,anon_215,6,42,0.0,0.6039485
Computación Emergente,2425-3,2,anon_216,6,42,1.0,2.3764365
Computación Emergente,2425-3,2,anon_217,6,42,0.0,0.5836041
Computación Emergente,2425-3,2,anon_218,6,42,1.0,1.8281305
Computación Emergente,2425-3,2,anon_219,6,42,2.0,0.56771994
Computación Emergente,2526-1,1,anon_174,6,42,0.0,2.158115
Computación Emergente,2526-1,1,anon_205,6,42,0.0,1.0172884
Computación Emergente,2526-1,1,anon_212,6,42,1.0,1.326595
Computación Emergente,2526-1,1,anon_220,6,42,1.0,2.6692834
Computación Emergente,2526-1,1,anon_221,6,42,13.0,11.796504
Computación Emergente,2526-1,1,anon_222,6,42,1.0,2.4497952
Computación Emergente,2526-1,1,anon_223,6,42,3.0,4.744711
Computación Emergente,2526-1,1,anon_224,6,42,8.0,10.610205
Computación Emergente,2526-1,1,anon_225,6,42,1.0,3.1607232
Computación Emergente,2526-1,1,anon_226,6,42,5.0,4.4717584
Computación Emergente,2526-1,1,anon_227,6,42,4.0,4.5856776
Computación Emergente,2526-1,1,anon_228,6,42,15.0,14.137117
Computación Emergente,2526-1,1,anon_229,6,42,1.0,1.900516
Computación Emergente,2526-1,1,anon_230,6,42,1.0,2.0524526
Computación Emergente,2526-1,1,anon_231,6,42,4.0,6.5266967
Computación Emergente,2526-1,1,anon_232,6,42,8.0,11.535254
Computación Emergente,2526-1,1,anon_233,6,42,0.0,1.1991571
Computación Emergente,2526-1,1,anon_234,6,42,5.0,6.856235
Computación Emergente,2526-1,1,anon_235,6,42,13.0,8.623282
Computación Emergente,2526-1,1,anon_236,6,42,2.0,0.9065219
Computación Emergente,2526-1,1,anon_237,6,42,13.0,11.300865
Computación Emergente,2526-1,1,anon_238,6,42,0.0,0.35908186
Computación Emergente,2526-1,1,anon_239,6,42,1.0,2.0067697
Computación Emergente,2526-1,1,anon_240,6,42,0.0,0.29224312
Computación Emergente,2526-1,1,anon_241,6,42,0.0,0.6695847
Computación Emergente,2526-1,1,anon_242,6,42,1.0,1.8637218
Computación Emergente,2526-1,1,anon_243,6,42,0.0,0.5562069
Computación Emergente,2526-1,1,anon_244,6,42,0.0,0.15276766
Computación Emergente,2526-2,1,anon_174,6,42,0.0,0.71782106
Computación Emergente,2526-2,1,anon_222,6,42,0.0,0.23554754
Computación Emergente,2526-2,1,anon_244,6,42,0.0,0.30865335
Computación Emergente,2526-2,1,anon_245,6,42,1.0,2.5908427
Computación Emergente,2526-2,1,anon_246,6,42,0.0,0.24849248
Computación Emergente,2526-2,1,anon_247,6,42,6.0,5.3317432
Computación Emergente,2526-2,1,anon_248,6,42,0.0,0.21402216
Computación Emergente,2526-2,1,anon_249,6,42,0.0,0.20536733
Computación Emergente,2526-2,1,anon_250,6,42,10.0,10.038582
Computación Emergente,2526-2,1,anon_251,6,42,2.0,3.964291
Computación Emergente,2526-2,1,anon_252,6,42,9.0,11.743082
Computación Emergente,2526-2,1,anon_253,6,42,0.0,0.18372023
Computación Emergente,2526-2,1,anon_254,6,42,0.0,0.8163637
Computación Emergente,2526-2,1,anon_255,6,42,0.0,0.80478364
Computación Emergente,2526-2,1,anon_256,6,42,0.0,0.17953968
Computación Emergente,2526-2,1,anon_257,6,42,4.0,4.9685893
Computación Emergente,2526-2,1,anon_258,6,42,1.0,1.8475103
Computación Emergente,2526-2,1,anon_259,6,42,0.0,0.7650546
Computación Emergente,2526-2,1,anon_260,6,42,5.0,5.673451
Computación Emergente,2526-2,1,anon_261,6,42,0.0,0.19066441
Computación Emergente,2526-2,1,anon_262,6,42,1.0,1.4889338
Computación Emergente,2526-2,1,anon_263,6,42,0.0,0.20014012
Computación Emergente,2526-2,1,anon_264,6,42,0.0,0.20577157
Computación Emergente,2526-2,1,anon_265,6,42,1.0,1.4238874
Computación Emergente,2526-2,1,anon_266,6,42,1.0,2.195527
Computación Emergente,2526-2,1,anon_267,6,42,0.0,0.71495706
Computación Emergente,2526-2,1,anon_268,6,42,1.0,1.5024599
Computación Emergente,2526-2,1,anon_269,6,42,0.0,0.7112336
Computación Emergente,2526-2,1,anon_270,6,42,0.0,0.71036434
Computación Emergente,2526-2,1,anon_271,6,42,0.0,0.26820862
Computación Emergente,2526-2,1,anon_272,6,42,0.0,0.7105789
Computación Emergente,2526-2,1,anon_273,6,42,0.0,0.2877946
Computación Emergente,2526-2,1,anon_274,6,42,0.0,0.29807425
Computación Emergente,2526-2,1,anon_275,6,42,2.0,3.3907542
Computación Emergente,2526-2,1,anon_276,6,42,3.0,4.1862593
Computación Emergente,2526-2,1,anon_277,6,42,1.0,1.5645249
Computación Emergente,2526-2,1,anon_278,6,42,0.0,0.7309014
Computación Emergente,2526-2,1,anon_279,6,42,12.0,8.206789
Computación Emergente,2526-2,1,anon_280,6,42,1.0,1.9633
Computación Emergente,2526-2,1,anon_281,6,42,3.0,1.4299368
Computación Emergente,2526-2,1,anon_282,6,42,0.0,0.75508696
Computación Emergente,2526-3,1,anon_174,6,42,0.0,0.12106526
Computación Emergente,2526-3,1,anon_283,6,42,3.0,2.3959913
Computación Emergente,2526-3,1,anon_284,6,42,21.0,15.260851
Computación Emergente,2526-3,1,anon_285,6,42,30.0,17.945229
Computación Emergente,2526-3,1,anon_286,6,42,18.0,13.074699
Computación Emergente,2526-3,1,anon_287,6,42,23.0,20.431198
Computación Emergente,2526-3,1,anon_288,6,42,24.0,13.191865
Computación Emergente,2526-3,1,anon_289,6,42,0.0,-0.016350567
Computación Emergente,2526-3,1,anon_290,6,42,5.0,7.1905193
Computación Emergente,2526-3,1,anon_291,6,42,0.0,0.25885725
Computación Emergente,2526-3,1,anon_292,6,42,6.0,7.8907766
Computación Emergente,2526-3,1,anon_293,6,42,0.0,0.0283854
Computación Emergente,2526-3,1,anon_294,6,42,0.0,0.035297573
Computación Emergente,2526-3,1,anon_295,6,42,3.0,0.30327058
Computación Emergente,2526-3,1,anon_296,6,42,0.0,0.049977243
Computación Emergente,2526-3,1,anon_297,6,42,16.0,13.11445
Computación Emergente,2526-3,1,anon_298,6,42,6.0,8.100302
Computación Emergente,2526-3,1,anon_299,6,42,0.0,0.07422435
Computación Emergente,2526-3,1,anon_300,6,42,27.0,19.44979
Computación Emergente,2526-3,1,anon_301,6,42,12.0,8.409645
Computación Emergente,2526-3,1,anon_302,6,42,0.0,0.04594487
Computación Emergente,2526-3,1,anon_303,6,42,9.0,9.185622
Computación Emergente,2526-3,1,anon_304,6,42,0.0,0.4357271
Computación Emergente,2526-3,1,anon_305,6,42,12.0,14.34608
Computación Emergente,2526-3,1,anon_306,6,42,11.0,6.308655
Computación Emergente,2526-3,1,anon_307,6,42,0.0,0.16489166
Computación Emergente,2526-3,1,anon_308,6,42,9.0,10.512628
Computación Emergente,2526-3,1,anon_309,6,42,2.0,0.1890797
Computación Emergente,2526-3,1,anon_310,6,42,8.0,11.936898
Computación Emergente,2526-3,1,anon_311,6,42,0.0,0.21484178
Computación Emergente,2526-3,1,anon_312,6,42,7.0,6.33842
Computación Emergente,2526-3,1,anon_313,6,42,1.0,1.6027143
Computación Emergente,2526-3,1,anon_314,6,42,1.0,1.2634902
Computación Emergente,2526-3,1,anon_315,6,42,1.0,1.4716808
Computación Emergente,2526-3,1,anon_316,6,42,11.0,10.651919
Computación Emergente,2526-3,1,anon_317,6,42,0.0,0.6489212
Computación Emergente,2526-3,1,anon_318,6,42,0.0,0.18936282
Computación Emergente,2526-3,1,anon_319,6,42,22.0,9.01468
Computación Emergente,2526-3,1,anon_320,6,42,3.0,1.3764908
Computación Emergente,2526-3,1,anon_321,6,42,3.0,5.102207
Computación Emergente,2425-3,1,anon_148,8,42,1.0,1.6940398
Computación Emergente,2425-3,1,anon_149,8,42,5.0,2.7991738
Computación Emergente,2425-3,1,anon_150,8,42,4.0,1.6306491
Computación Emergente,2425-3,1,anon_151,8,42,1.0,1.4023633
Computación Emergente,2425-3,1,anon_152,8,42,4.0,1.4096351
Computación Emergente,2425-3,1,anon_153,8,42,0.0,0.26141232
Computación Emergente,2425-3,1,anon_154,8,42,0.0,0.23472339
Computación Emergente,2425-3,1,anon_155,8,42,5.0,2.8026254
Computación Emergente,2425-3,1,anon_156,8,42,0.0,0.3014286
Computación Emergente,2425-3,1,anon_157,8,42,2.0,0.2774316
Computación Emergente,2425-3,1,anon_158,8,42,0.0,0.25445378
Computación Emergente,2425-3,1,anon_159,8,42,1.0,1.3772188
Computación Emergente,2425-3,1,anon_160,8,42,1.0,1.2018633
Computación Emergente,2425-3,1,anon_161,8,42,0.0,0.086741924
Computación Emergente,2425-3,1,anon_162,8,42,0.0,0.36632526
Computación Emergente,2425-3,1,anon_163,8,42,0.0,0.35113236
Computación Emergente,2425-3,1,anon_164,8,42,5.0,5.003784
Computación Emergente,2425-3,1,anon_165,8,42,6.0,3.6208227
Computación Emergente,2425-3,1,anon_166,8,42,2.0,1.192708
Computación Emergente,2425-3,1,anon_167,8,42,0.0,0.29261675
Computación Emergente,2425-3,1,anon_168,8,42,5.0,3.711357
Computación Emergente,2425-3,1,anon_169,8,42,0.0,0.068596005
Computación Emergente,2425-3,1,anon_170,8,42,0.0,0.25143403
Computación Emergente,2425-3,1,anon_171,8,42,3.0,2.363102
Computación Emergente,2425-3,1,anon_172,8,42,0.0,0.037122726
Computación Emergente,2425-3,1,anon_173,8,42,6.0,4.736831
Computación Emergente,2425-3,1,anon_174,8,42,6.0,3.5531576
Computación Emergente,2425-3,1,anon_175,8,42,0.0,-0.046351552
Computación Emergente,2425-3,1,anon_176,8,42,6.0,4.6623816
Computación Emergente,2425-3,1,anon_177,8,42,3.0,-0.05379677
Computación Emergente,2425-3,1,anon_178,8,42,3.0,2.3188188
Computación Emergente,2425-3,1,anon_179,8,42,0.0,-0.0116022825
Computación Emergente,2425-3,1,anon_180,8,42,0.0,-0.01618588
Computación Emergente,2425-3,1,anon_181,8,42,3.0,-0.020259976
Computación Emergente,2425-3,1,anon_182,8,42,4.0,1.0308299
Computación Emergente,2425-3,1,anon_183,8,42,7.0,4.519934
Computación Emergente,2425-3,1,anon_184,8,42,1.0,0.9976826
Computación Emergente,2425-3,1,anon_185,8,42,0.0,-0.06817025
Computación Emergente,2425-3,2,anon_185,8,42,0.0,-0.03409171
Computación Emergente,2425-3,2,anon_186,8,42,0.0,0.32279205
Computación Emergente,2425-3,2,anon_187,8,42,7.0,6.6553626
Computación Emergente,2425-3,2,anon_188,8,42,0.0,0.2594167
Computación Emergente,2425-3,2,anon_189,8,42,2.0,2.6341364
Computación Emergente,2425-3,2,anon_190,8,42,0.0,0.202371
Computación Emergente,2425-3,2,anon_191,8,42,0.0,0.17632878
Computación Emergente,2425-3,2,anon_192,8,42,5.0,3.7494404
Computación Emergente,2425-3,2,anon_193,8,42,0.0,0.30318707
Computación Emergente,2425-3,2,anon_194,8,42,1.0,0.108107984
Computación Emergente,2425-3,2,anon_195,8,42,0.0,0.08857679
Computación Emergente,2425-3,2,anon_196,8,42,1.0,1.1644154
Computación Emergente,2425-3,2,anon_197,8,42,0.0,0.05407071
Computación Emergente,2425-3,2,anon_198,8,42,2.0,1.0988032
Computación Emergente,2425-3,2,anon_199,8,42,1.0,1.4365523
Computación Emergente,2425-3,2,anon_200,8,42,4.0,3.8736296
Computación Emergente,2425-3,2,anon_201,8,42,0.0,0.19788444
Computación Emergente,2425-3,2,anon_202,8,42,1.0,1.3437006
Computación Emergente,2425-3,2,anon_203,8,42,0.0,-0.01660639
Computación Emergente,2425-3,2,anon_204,8,42,3.0,2.6136074
Computación Emergente,2425-3,2,anon_205,8,42,0.0,0.16469622
Computación Emergente,2425-3,2,anon_206,8,42,1.0,1.1191603
Computación Emergente,2425-3,2,anon_207,8,42,0.0,-0.040305078
Computación Emergente,2425-3,2,anon_208,8,42,1.0,1.1077302
Computación Emergente,2425-3,2,anon_209,8,42,1.0,1.2240299
Computación Emergente,2425-3,2,anon_210,8,42,0.0,0.13685787
Computación Emergente,2425-3,2,anon_211,8,42,0.0,0.13272542
Computación Emergente,2425-3,2,anon_212,8,42,0.0,-0.049466312
Computación Emergente,2425-3,2,anon_213,8,42,1.0,1.1145144
Computación Emergente,2425-3,2,anon_214,8,42,0.0,-0.048297286
Computación Emergente,2425-3,2,anon_215,8,42,0.0,-0.046917677
Computación Emergente,2425-3,2,anon_216,8,42,1.0,1.2814391
Computación Emergente,2425-3,2,anon_217,8,42,0.0,-0.042836487
Computación Emergente,2425-3,2,anon_218,8,42,1.0,1.099024
Computación Emergente,2425-3,2,anon_219,8,42,2.0,1.0084167
Computación Emergente,2526-1,1,anon_174,8,42,0.0,0.6502257
Computación Emergente,2526-1,1,anon_205,8,42,0.0,0.19588035
Computación Emergente,2526-1,1,anon_212,8,42,1.0,0.9520489
Computación Emergente,2526-1,1,anon_220,8,42,1.0,2.2607083
Computación Emergente,2526-1,1,anon_221,8,42,13.0,16.460716
Computación Emergente,2526-1,1,anon_222,8,42,1.0,2.0405195
Computación Emergente,2526-1,1,anon_223,8,42,3.0,4.5324903
Computación Emergente,2526-1,1,anon_224,8,42,8.0,12.61471
Computación Emergente,2526-1,1,anon_225,8,42,1.0,2.487829
Computación Emergente,2526-1,1,anon_226,8,42,5.0,5.3398323
Computación Emergente,2526-1,1,anon_227,8,42,4.0,5.296809
Computación Emergente,2526-1,1,anon_228,8,42,15.0,18.347599
Computación Emergente,2526-1,1,anon_229,8,42,1.0,1.3793539
Computación Emergente,2526-1,1,anon_230,8,42,1.0,1.315999
Computación Emergente,2526-1,1,anon_231,8,42,4.0,7.647892
Computación Emergente,2526-1,1,anon_232,8,42,8.0,13.24793
Computación Emergente,2526-1,1,anon_233,8,42,0.0,0.34385774
Computación Emergente,2526-1,1,anon_234,8,42,5.0,5.9964676
Computación Emergente,2526-1,1,anon_235,8,42,13.0,15.04234
Computación Emergente,2526-1,1,anon_236,8,42,2.0,1.2394724
Computación Emergente,2526-1,1,anon_237,8,42,13.0,15.022439
Computación Emergente,2526-1,1,anon_238,8,42,0.0,-0.051071882
Computación Emergente,2526-1,1,anon_239,8,42,1.0,1.1801934
Computación Emergente,2526-1,1,anon_240,8,42,0.0,-0.07265842
Computación Emergente,2526-1,1,anon_241,8,42,0.0,0.00952518
Computación Emergente,2526-1,1,anon_242,8,42,1.0,1.1065787
Computación Emergente,2526-1,1,anon_243,8,42,0.0,-0.025601089
Computación Emergente,2526-1,1,anon_244,8,42,0.0,-0.10498136
Computación Emergente,2526-2,1,anon_174,8,42,0.0,0.006904006
Computación Emergente,2526-2,1,anon_222,8,42,0.0,-0.21655506
Computación Emergente,2526-2,1,anon_244,8,42,0.0,0.20795178
Computación Emergente,2526-2,1,anon_245,8,42,1.0,0.80588394
Computación Emergente,2526-2,1,anon_246,8,42,0.0,-0.22017175
Computación Emergente,2526-2,1,anon_247,8,42,6.0,5.0171757
Computación Emergente,2526-2,1,anon_248,8,42,0.0,-0.20723814
Computación Emergente,2526-2,1,anon_249,8,42,0.0,-0.2015261
Computación Emergente,2526-2,1,anon_250,8,42,10.0,7.551643
Computación Emergente,2526-2,1,anon_251,8,42,2.0,1.9088385
Computación Emergente,2526-2,1,anon_252,8,42,9.0,9.018574
Computación Emergente,2526-2,1,anon_253,8,42,0.0,-0.17169052
Computación Emergente,2526-2,1,anon_254,8,42,0.0,-0.16822332
Computación Emergente,2526-2,1,anon_255,8,42,0.0,-0.15792757
Computación Emergente,2526-2,1,anon_256,8,42,0.0,-0.14226657
Computación Emergente,2526-2,1,anon_257,8,42,4.0,3.0223083
Computación Emergente,2526-2,1,anon_258,8,42,1.0,0.9084455
Computación Emergente,2526-2,1,anon_259,8,42,0.0,-0.11183643
Computación Emergente,2526-2,1,anon_260,8,42,5.0,4.140023
Computación Emergente,2526-2,1,anon_261,8,42,0.0,-0.08069801
Computación Emergente,2526-2,1,anon_262,8,42,1.0,0.9716825
Computación Emergente,2526-2,1,anon_263,8,42,0.0,-0.0516603
Computación Emergente,2526-2,1,anon_264,8,42,0.0,-0.036135912
Computación Emergente,2526-2,1,anon_265,8,42,1.0,1.0181923
Computación Emergente,2526-2,1,anon_266,8,42,1.0,1.0549892
Computación Emergente,2526-2,1,anon_267,8,42,0.0,0.02470988
Computación Emergente,2526-2,1,anon_268,8,42,1.0,1.0975709
Computación Emergente,2526-2,1,anon_269,8,42,0.0,0.06266624
Computación Emergente,2526-2,1,anon_270,8,42,0.0,0.08289683
Computación Emergente,2526-2,1,anon_271,8,42,0.0,0.11478305
Computación Emergente,2526-2,1,anon_272,8,42,0.0,0.1260745
Computación Emergente,2526-2,1,anon_273,8,42,0.0,0.16004705
Computación Emergente,2526-2,1,anon_274,8,42,0.0,0.18369114
Computación Emergente,2526-2,1,anon_275,8,42,2.0,2.3861575
Computación Emergente,2526-2,1,anon_276,8,42,3.0,3.470834
Computación Emergente,2526-2,1,anon_277,8,42,1.0,1.3442903
Computación Emergente,2526-2,1,anon_278,8,42,0.0,0.3102848
Computación Emergente,2526-2,1,anon_279,8,42,12.0,10.1844015
Computación Emergente,2526-2,1,anon_280,8,42,1.0,1.4491107
Computación Emergente,2526-2,1,anon_281,8,42,3.0,3.5997055
Computación Emergente,2526-2,1,anon_282,8,42,0.0,0.4418412
Computación Emergente,2526-3,1,anon_174,8,42,0.0,0.052269667
Computación Emergente,2526-3,1,anon_283,8,42,3.0,3.459362
Computación Emergente,2526-3,1,anon_284,8,42,21.0,17.77144
Computación Emergente,2526-3,1,anon_285,8,42,30.0,24.759972
Computación Emergente,2526-3,1,anon_286,8,42,18.0,17.756166
Computación Emergente,2526-3,1,anon_287,8,42,23.0,22.822586
Computación Emergente,2526-3,1,anon_288,8,42,24.0,18.817863
Computación Emergente,2526-3,1,anon_289,8,42,0.0,-0.0015707016
Computación Emergente,2526-3,1,anon_290,8,42,5.0,6.246626
Computación Emergente,2526-3,1,anon_291,8,42,0.0,-0.08899397
Computación Emergente,2526-3,1,anon_292,8,42,6.0,7.8303666
Computación Emergente,2526-3,1,anon_293,8,42,0.0,-0.05122775
Computación Emergente,2526-3,1,anon_294,8,42,0.0,-0.042978287
Computación Emergente,2526-3,1,anon_295,8,42,3.0,2.0391994
Computación Emergente,2526-3,1,anon_296,8,42,0.0,-0.025812626
Computación Emergente,2526-3,1,anon_297,8,42,16.0,16.742928
Computación Emergente,2526-3,1,anon_298,8,42,6.0,7.7876763
Computación Emergente,2526-3,1,anon_299,8,42,0.0,0.0016443729
Computación Emergente,2526-3,1,anon_300,8,42,27.0,21.769283
Computación Emergente,2526-3,1,anon_301,8,42,12.0,9.771081
Computación Emergente,2526-3,1,anon_302,8,42,0.0,0.08498269
Computación Emergente,2526-3,1,anon_303,8,42,9.0,11.20669
Computación Emergente,2526-3,1,anon_304,8,42,0.0,0.06224799
Computación Emergente,2526-3,1,anon_305,8,42,12.0,14.655565
Computación Emergente,2526-3,1,anon_306,8,42,11.0,9.821934
Computación Emergente,2526-3,1,anon_307,8,42,0.0,0.097564876
Computación Emergente,2526-3,1,anon_308,8,42,9.0,11.28574
Computación Emergente,2526-3,1,anon_309,8,42,2.0,2.2216988
Computación Emergente,2526-3,1,anon_310,8,42,8.0,10.165847
Computación Emergente,2526-3,1,anon_311,8,42,0.0,0.14750957
Computación Emergente,2526-3,1,anon_312,8,42,7.0,7.4981127
Computación Emergente,2526-3,1,anon_313,8,42,1.0,1.374253
Computación Emergente,2526-3,1,anon_314,8,42,1.0,1.3208954
Computación Emergente,2526-3,1,anon_315,8,42,1.0,1.3590202
Computación Emergente,2526-3,1,anon_316,8,42,11.0,11.212263
Computación Emergente,2526-3,1,anon_317,8,42,0.0,0.24265811
Computación Emergente,2526-3,1,anon_318,8,42,0.0,0.25239667
Computación Emergente,2526-3,1,anon_319,8,42,22.0,16.494219
Computación Emergente,2526-3,1,anon_320,8,42,3.0,2.4395745
Computación Emergente,2526-3,1,anon_321,8,42,3.0,4.1458225
Estructura de Datos,2425-3,2,anon_011,4,42,0.0,2.3425345
Estructura de Datos,2425-3,2,anon_037,4,42,3.0,5.4613886
Estructura de Datos,2425-3,2,anon_050,4,42,1.0,3.5676289
Estructura de Datos,2425-3,2,anon_052,4,42,7.0,8.897678
Estructura de Datos,2425-3,2,anon_055,4,42,1.0,3.5251918
Estructura de Datos,2425-3,2,anon_301,4,42,15.0,11.396189
Estructura de Datos,2425-3,2,anon_322,4,42,36.0,8.812016
Estructura de Datos,2425-3,2,anon_323,4,42,27.0,8.959623
Estructura de Datos,2425-3,2,anon_324,4,42,0.0,2.7275696
Estructura de Datos,2425-3,2,anon_325,4,42,3.0,5.666128
Estructura de Datos,2425-3,2,anon_326,4,42,0.0,2.3050208
Estructura de Datos,2425-3,2,anon_327,4,42,11.0,6.6751785
Estructura de Datos,2425-3,2,anon_328,4,42,18.0,9.868965
Estructura de Datos,2425-3,2,anon_329,4,42,21.0,14.358885
Estructura de Datos,2425-3,2,anon_330,4,42,13.0,15.247723
Estructura de Datos,2425-3,2,anon_331,4,42,0.0,2.5002809
Estructura de Datos,2425-3,2,anon_332,4,42,0.0,2.7787185
Estructura de Datos,2425-3,2,anon_333,4,42,2.0,4.134526
Estructura de Datos,2425-3,2,anon_334,4,42,3.0,3.4871497
Estructura de Datos,2425-3,2,anon_335,4,42,1.0,3.0908415
Estructura de Datos,2425-3,2,anon_336,4,42,3.0,5.5749454
Estructura de Datos,2425-3,2,anon_337,4,42,2.0,4.9917936
Estructura de Datos,2425-3,2,anon_338,4,42,0.0,2.5754676
Estructura de Datos,2425-3,2,anon_339,4,42,2.0,3.5289028
Estructura de Datos,2425-3,2,anon_340,4,42,0.0,2.436796
Estructura de Datos,2425-3,2,anon_341,4,42,0.0,2.6070795
Estructura de Datos,2425-3,2,anon_342,4,42,1.0,2.8540998
Estructura de Datos,2425-3,2,anon_343,4,42,4.0,5.788211
Estructura de Datos,2425-3,2,anon_344,4,42,0.0,3.0943522
Estructura de Datos,2425-3,2,anon_345,4,42,7.0,4.7300587
Estructura de Datos,2526-1,2,anon_012,4,42,0.0,0.77928066
Estructura de Datos,2526-1,2,anon_060,4,42,2.0,1.4757602
Estructura de Datos,2526-1,2,anon_324,4,42,0.0,1.8585321
Estructura de Datos,2526-1,2,anon_333,4,42,0.0,1.2430058
Estructura de Datos,2526-1,2,anon_336,4,42,21.0,2.845271
Estructura de Datos,2526-1,2,anon_342,4,42,4.0,5.4442472
Estructura de Datos,2526-1,2,anon_346,4,42,0.0,2.5950856
Estructura de Datos,2526-1,2,anon_347,4,42,1.0,2.622478
Estructura de Datos,2526-1,2,anon_348,4,42,0.0,2.3690877
Estructura de Datos,2526-1,2,anon_349,4,42,0.0,1.9127554
Estructura de Datos,2526-1,2,anon_350,4,42,3.0,4.843048
Estructura de Datos,2526-1,2,anon_351,4,42,6.0,1.5653481
Estructura de Datos,2526-1,2,anon_352,4,42,0.0,1.5429493
Estructura de Datos,2526-1,2,anon_353,4,42,2.0,4.637603
Estructura de Datos,2526-1,2,anon_354,4,42,0.0,1.1552579
Estructura de Datos,2526-1,2,anon_355,4,42,0.0,1.0478601
Estructura de Datos,2526-1,2,anon_356,4,42,0.0,0.9527576
Estructura de Datos,2526-1,2,anon_357,4,42,0.0,0.8754618
Estructura de Datos,2526-1,2,anon_358,4,42,5.0,3.8670425
Estructura de Datos,2526-1,2,anon_359,4,42,0.0,0.72907805
Estructura de Datos,2526-1,2,anon_360,4,42,0.0,0.53814936
Estructura de Datos,2526-1,2,anon_361,4,42,0.0,0.6596627
Estructura de Datos,2526-1,2,anon_362,4,42,0.0,0.83668923
Estructura de Datos,2526-1,2,anon_363,4,42,1.0,2.023667
Estructura de Datos,2526-1,2,anon_364,4,42,23.0,6.257061
Estructura de Datos,2526-1,2,anon_365,4,42,0.0,0.55690145
Estructura de Datos,2526-1,2,anon_366,4,42,6.0,5.7209997
Estructura de Datos,2526-1,2,anon_367,4,42,14.0,4.4640236
Estructura de Datos,2526-1,2,anon_368,4,42,2.0,3.4765368
Estructura de Datos,2526-1,2,anon_369,4,42,2.0,1.5968673
Estructura de Datos,2526-2,2,anon_031,4,42,3.0,7.6132793
Estructura de Datos,2526-2,2,anon_064,4,42,0.0,4.3778896
Estructura de Datos,2526-2,2,anon_067,4,42,7.0,6.500375
Estructura de Datos,2526-2,2,anon_077,4,42,0.0,3.6585393
Estructura de Datos,2526-2,2,anon_080,4,42,14.0,9.316372
Estructura de Datos,2526-2,2,anon_087,4,42,0.0,3.4111872
Estructura de Datos,2526-2,2,anon_205,4,42,0.0,3.5400991
Estructura de Datos,2526-2,2,anon_347,4,42,9.0,7.6109915
Estructura de Datos,2526-2,2,anon_355,4,42,0.0,3.8467355
Estructura de Datos,2526-2,2,anon_360,4,42,0.0,3.6548018
Estructura de Datos,2526-2,2,anon_370,4,42,44.0,30.058943
Estructura de Datos,2526-2,2,anon_371,4,42,9.0,4.180049
Estructura de Datos,2526-2,2,anon_372,4,42,4.0,3.7916238
Estructura de Datos,2526-2,2,anon_373,4,42,2.0,3.9113212
Estructura de Datos,2526-2,2,anon_374,4,42,9.0,3.9165583
Estructura de Datos,2526-2,2,anon_375,4,42,0.0,3.7222247
Estructura de Datos,2526-2,2,anon_376,4,42,3.0,6.869128
Estructura de Datos,2526-2,2,anon_377,4,42,8.0,3.344731
Estructura de Datos,2526-3,2,anon_004,4,42,7.0,3.0020142
Estructura de Datos,2526-3,2,anon_007,4,42,0.0,2.160864
Estructura de Datos,2526-3,2,anon_081,4,42,2.0,5.52553
Estructura de Datos,2526-3,2,anon_087,4,42,2.0,3.837589
Estructura de Datos,2526-3,2,anon_324,4,42,0.0,1.7614017
Estructura de Datos,2526-3,2,anon_326,4,42,12.0,6.0553927
Estructura de Datos,2526-3,2,anon_339,4,42,0.0,0.9755206
Estructura de Datos,2526-3,2,anon_341,4,42,0.0,0.878515
Estructura de Datos,2526-3,2,anon_349,4,42,6.0,11.154494
Estructura de Datos,2526-3,2,anon_356,4,42,0.0,1.465752
Estructura de Datos,2526-3,2,anon_362,4,42,15.0,12.068133
Estructura de Datos,2526-3,2,anon_363,4,42,11.0,2.0666296
Estructura de Datos,2526-3,2,anon_365,4,42,24.0,17.29094
Estructura de Datos,2526-3,2,anon_372,4,42,10.0,9.356453
Estructura de Datos,2526-3,2,anon_375,4,42,4.0,9.248074
Estructura de Datos,2526-3,2,anon_378,4,42,2.0,4.4234147
Estructura de Datos,2526-3,2,anon_379,4,42,19.0,22.60548
Estructura de Datos,2526-3,2,anon_380,4,42,3.0,1.9783884
Estructura de Datos,2526-3,2,anon_381,4,42,4.0,8.398685
Estructura de Datos,2526-3,2,anon_382,4,42,2.0,5.0403748
Estructura de Datos,2526-3,2,anon_383,4,42,3.0,4.8785114
Estructura de Datos,2526-3,2,anon_384,4,42,2.0,2.6390724
Estructura de Datos,2526-3,2,anon_385,4,42,0.0,1.0307992
Estructura de Datos,2526-3,2,anon_386,4,42,2.0,5.3184986
Estructura de Datos,2526-3,2,anon_387,4,42,4.0,10.144784
Estructura de Datos,2526-3,2,anon_388,4,42,10.0,12.322869
Estructura de Datos,2526-3,2,anon_389,4,42,0.0,1.0605967
Estructura de Datos,2526-3,2,anon_390,4,42,0.0,0.8927667
Estructura de Datos,2526-3,2,anon_391,4,42,1.0,3.0290189
Estructura de Datos,2526-3,2,anon_392,4,42,0.0,0.8873317
Estructura de Datos,2425-3,2,anon_011,6,42,0.0,1.2488668
Estructura de Datos,2425-3,2,anon_037,6,42,3.0,5.897487
Estructura de Datos,2425-3,2,anon_050,6,42,1.0,1.5042965
Estructura de Datos,2425-3,2,anon_052,6,42,7.0,9.775063
Estructura de Datos,2425-3,2,anon_055,6,42,1.0,1.779179
Estructura de Datos,2425-3,2,anon_301,6,42,15.0,18.617748
Estructura de Datos,2425-3,2,anon_322,6,42,36.0,15.899518
Estructura de Datos,2425-3,2,anon_323,6,42,27.0,16.124142
Estructura de Datos,2425-3,2,anon_324,6,42,0.0,-0.105228186
Estructura de Datos,2425-3,2,anon_325,6,42,3.0,5.297824
Estructura de Datos,2425-3,2,anon_326,6,42,0.0,1.2598766
Estructura de Datos,2425-3,2,anon_327,6,42,11.0,8.262764
Estructura de Datos,2425-3,2,anon_328,6,42,18.0,12.893797
Estructura de Datos,2425-3,2,anon_329,6,42,21.0,22.786053
Estructura de Datos,2425-3,2,anon_330,6,42,13.0,19.896233
Estructura de Datos,2425-3,2,anon_331,6,42,0.0,0.36734915
Estructura de Datos,2425-3,2,anon_332,6,42,0.0,-0.12493205
Estructura de Datos,2425-3,2,anon_333,6,42,2.0,1.4613237
Estructura de Datos,2425-3,2,anon_334,6,42,3.0,2.3201044
Estructura de Datos,2425-3,2,anon_335,6,42,1.0,1.555116
Estructura de Datos,2425-3,2,anon_336,6,42,3.0,5.8848867
Estructura de Datos,2425-3,2,anon_337,6,42,2.0,3.2961721
Estructura de Datos,2425-3,2,anon_338,6,42,0.0,0.09667528
Estructura de Datos,2425-3,2,anon_339,6,42,2.0,1.8449688
Estructura de Datos,2425-3,2,anon_340,6,42,0.0,0.52321005
Estructura de Datos,2425-3,2,anon_341,6,42,0.0,0.039349437
Estructura de Datos,2425-3,2,anon_342,6,42,1.0,0.2195046
Estructura de Datos,2425-3,2,anon_343,6,42,4.0,3.9894137
Estructura de Datos,2425-3,2,anon_344,6,42,0.0,1.3617564
Estructura de Datos,2425-3,2,anon_345,6,42,7.0,6.216906
Estructura de Datos,2526-1,2,anon_012,6,42,0.0,0.50077534
Estructura de Datos,2526-1,2,anon_060,6,42,2.0,2.145
Estructura de Datos,2526-1,2,anon_324,6,42,0.0,0.43658864
Estructura de Datos,2526-1,2,anon_333,6,42,0.0,0.22242999
Estructura de Datos,2526-1,2,anon_336,6,42,21.0,3.9056017
Estructura de Datos,2526-1,2,anon_342,6,42,4.0,5.27679
Estructura de Datos,2526-1,2,anon_346,6,42,0.0,1.7649393
Estructura de Datos,2526-1,2,anon_347,6,42,1.0,1.5207884
Estructura de Datos,2526-1,2,anon_348,6,42,0.0,1.3591523
Estructura de Datos,2526-1,2,anon_349,6,42,0.0,1.3241613
Estructura de Datos,2526-1,2,anon_350,6,42,3.0,2.7991953
Estructura de Datos,2526-1,2,anon_351,6,42,6.0,0.83401775
Estructura de Datos,2526-1,2,anon_352,6,42,0.0,0.28600812
Estructura de Datos,2526-1,2,anon_353,6,42,2.0,3.946031
Estructura de Datos,2526-1,2,anon_354,6,42,0.0,0.5551586
Estructura de Datos,2526-1,2,anon_355,6,42,0.0,0.48024213
Estructura de Datos,2526-1,2,anon_356,6,42,0.0,0.41308284
Estructura de Datos,2526-1,2,anon_357,6,42,0.0,0.17697978
Estructura de Datos,2526-1,2,anon_358,6,42,5.0,7.2012744
Estructura de Datos,2526-1,2,anon_359,6,42,0.0,0.11052704
Estructura de Datos,2526-1,2,anon_360,6,42,0.0,0.10962248
Estructura de Datos,2526-1,2,anon_361,6,42,0.0,0.082472324
Estructura de Datos,2526-1,2,anon_362,6,42,0.0,0.14325333
Estructura de Datos,2526-1,2,anon_363,6,42,1.0,1.4282564
Estructura de Datos,2526-1,2,anon_364,6,42,23.0,14.696402
Estructura de Datos,2526-1,2,anon_365,6,42,0.0,0.05365491
Estructura de Datos,2526-1,2,anon_366,6,42,6.0,8.271988
Estructura de Datos,2526-1,2,anon_367,6,42,14.0,11.137367
Estructura de Datos,2526-1,2,anon_368,6,42,2.0,2.7088509
Estructura de Datos,2526-1,2,anon_369,6,42,2.0,1.2288947
Estructura de Datos,2526-2,2,anon_031,6,42,3.0,6.229712
Estructura de Datos,2526-2,2,anon_064,6,42,0.0,3.1446223
Estructura de Datos,2526-2,2,anon_067,6,42,7.0,6.204182
Estructura de Datos,2526-2,2,anon_077,6,42,0.0,2.5904052
Estructura de Datos,2526-2,2,anon_080,6,42,14.0,12.037802
Estructura de Datos,2526-2,2,anon_087,6,42,0.0,2.3944383
Estructura de Datos,2526-2,2,anon_205,6,42,0.0,2.5522082
Estructura de Datos,2526-2,2,anon_347,6,42,9.0,10.342859
Estructura de Datos,2526-2,2,anon_355,6,42,0.0,2.750955
Estructura de Datos,2526-2,2,anon_360,6,42,0.0,2.6036057
Estructura de Datos,2526-2,2,anon_370,6,42,44.0,34.919823
Estructura de Datos,2526-2,2,anon_371,6,42,9.0,7.2018657
Estructura de Datos,2526-2,2,anon_372,6,42,4.0,6.875051
Estructura de Datos,2526-2,2,anon_373,6,42,2.0,2.8000722
Estructura de Datos,2526-2,2,anon_374,6,42,9.0,2.7920237
Estructura de Datos,2526-2,2,anon_375,6,42,0.0,2.6404462
Estructura de Datos,2526-2,2,anon_376,6,42,3.0,5.639968
Estructura de Datos,2526-2,2,anon_377,6,42,8.0,4.432152
Estructura de Datos,2526-3,2,anon_004,6,42,7.0,5.6039906
Estructura de Datos,2526-3,2,anon_007,6,42,0.0,1.272795
Estructura de Datos,2526-3,2,anon_081,6,42,2.0,3.0132499
Estructura de Datos,2526-3,2,anon_087,6,42,2.0,2.4328752
Estructura de Datos,2526-3,2,anon_324,6,42,0.0,1.0244219
Estructura de Datos,2526-3,2,anon_326,6,42,12.0,8.526291
Estructura de Datos,2526-3,2,anon_339,6,42,0.0,-0.020166159
Estructura de Datos,2526-3,2,anon_341,6,42,0.0,-0.030311584
Estructura de Datos,2526-3,2,anon_349,6,42,6.0,12.208474
Estructura de Datos,2526-3,2,anon_356,6,42,0.0,0.6778766
Estructura de Datos,2526-3,2,anon_362,6,42,15.0,11.934662
Estructura de Datos,2526-3,2,anon_363,6,42,11.0,4.5427446
Estructura de Datos,2526-3,2,anon_365,6,42,24.0,18.972685
Estructura de Datos,2526-3,2,anon_372,6,42,10.0,12.497797
Estructura de Datos,2526-3,2,anon_375,6,42,4.0,7.3502817
Estructura de Datos,2526-3,2,anon_378,6,42,2.0,4.227872
Estructura de Datos,2526-3,2,anon_379,6,42,19.0,21.661896
Estructura de Datos,2526-3,2,anon_380,6,42,3.0,1.0228491
Estructura de Datos,2526-3,2,anon_381,6,42,4.0,7.739061
Estructura de Datos,2526-3,2,anon_382,6,42,2.0,3.8784113
Estructura de Datos,2526-3,2,anon_383,6,42,3.0,4.390219
Estructura de Datos,2526-3,2,anon_384,6,42,2.0,1.3141205
Estructura de Datos,2526-3,2,anon_385,6,42,0.0,0.15994024
Estructura de Datos,2526-3,2,anon_386,6,42,2.0,3.658764
Estructura de Datos,2526-3,2,anon_387,6,42,4.0,7.1100283
Estructura de Datos,2526-3,2,anon_388,6,42,10.0,10.570379
Estructura de Datos,2526-3,2,anon_389,6,42,0.0,0.16605115
Estructura de Datos,2526-3,2,anon_390,6,42,0.0,-0.15014195
Estructura de Datos,2526-3,2,anon_391,6,42,1.0,1.2623845
Estructura de Datos,2526-3,2,anon_392,6,42,0.0,-0.20472312
Estructura de Datos,2425-3,2,anon_011,8,42,0.0,0.74556184
Estructura de Datos,2425-3,2,anon_037,8,42,3.0,4.537776
Estructura de Datos,2425-3,2,anon_050,8,42,1.0,1.995214
Estructura de Datos,2425-3,2,anon_052,8,42,7.0,9.337314
Estructura de Datos,2425-3,2,anon_055,8,42,1.0,2.237208
Estructura de Datos,2425-3,2,anon_301,8,42,15.0,15.882946
Estructura de Datos,2425-3,2,anon_322,8,42,36.0,18.175001
Estructura de Datos,2425-3,2,anon_323,8,42,27.0,17.25388
Estructura de Datos,2425-3,2,anon_324,8,42,0.0,0.39451826
Estructura de Datos,2425-3,2,anon_325,8,42,3.0,4.4565067
Estructura de Datos,2425-3,2,anon_326,8,42,0.0,0.7305641
Estructura de Datos,2425-3,2,anon_327,8,42,11.0,9.157893
Estructura de Datos,2425-3,2,anon_328,8,42,18.0,10.491254
Estructura de Datos,2425-3,2,anon_329,8,42,21.0,18.730764
Estructura de Datos,2425-3,2,anon_330,8,42,13.0,16.174692
Estructura de Datos,2425-3,2,anon_331,8,42,0.0,0.45325434
Estructura de Datos,2425-3,2,anon_332,8,42,0.0,0.39422917
Estructura de Datos,2425-3,2,anon_333,8,42,2.0,3.0643466
Estructura de Datos,2425-3,2,anon_334,8,42,3.0,3.0900934
Estructura de Datos,2425-3,2,anon_335,8,42,1.0,1.897011
Estructura de Datos,2425-3,2,anon_336,8,42,3.0,4.657958
Estructura de Datos,2425-3,2,anon_337,8,42,2.0,3.2194104
Estructura de Datos,2425-3,2,anon_338,8,42,0.0,0.52777636
Estructura de Datos,2425-3,2,anon_339,8,42,2.0,3.0848804
Estructura de Datos,2425-3,2,anon_340,8,42,0.0,0.75244385
Estructura de Datos,2425-3,2,anon_341,8,42,0.0,0.5721527
Estructura de Datos,2425-3,2,anon_342,8,42,1.0,0.62442213
Estructura de Datos,2425-3,2,anon_343,8,42,4.0,4.537593
Estructura de Datos,2425-3,2,anon_344,8,42,0.0,0.8792819
Estructura de Datos,2425-3,2,anon_345,8,42,7.0,6.743809
Estructura de Datos,2526-1,2,anon_012,8,42,0.0,0.21044242
Estructura de Datos,2526-1,2,anon_060,8,42,2.0,2.4707944
Estructura de Datos,2526-1,2,anon_324,8,42,0.0,-0.13591659
Estructura de Datos,2526-1,2,anon_333,8,42,0.0,0.27972007
Estructura de Datos,2526-1,2,anon_336,8,42,21.0,5.515332
Estructura de Datos,2526-1,2,anon_342,8,42,4.0,5.5580883
Estructura de Datos,2526-1,2,anon_346,8,42,0.0,0.4126166
Estructura de Datos,2526-1,2,anon_347,8,42,1.0,1.342799
Estructura de Datos,2526-1,2,anon_348,8,42,0.0,0.26801682
Estructura de Datos,2526-1,2,anon_349,8,42,0.0,0.3479073
Estructura de Datos,2526-1,2,anon_350,8,42,3.0,1.2405746
Estructura de Datos,2526-1,2,anon_351,8,42,6.0,0.21677864
Estructura de Datos,2526-1,2,anon_352,8,42,0.0,0.08801675
Estructura de Datos,2526-1,2,anon_353,8,42,2.0,2.526664
Estructura de Datos,2526-1,2,anon_354,8,42,0.0,0.19807756
Estructura de Datos,2526-1,2,anon_355,8,42,0.0,0.19440043
Estructura de Datos,2526-1,2,anon_356,8,42,0.0,0.19190073
Estructura de Datos,2526-1,2,anon_357,8,42,0.0,0.2705201
Estructura de Datos,2526-1,2,anon_358,8,42,5.0,5.952821
Estructura de Datos,2526-1,2,anon_359,8,42,0.0,0.3640113
Estructura de Datos,2526-1,2,anon_360,8,42,0.0,0.20806527
Estructura de Datos,2526-1,2,anon_361,8,42,0.0,0.42604613
Estructura de Datos,2526-1,2,anon_362,8,42,0.0,0.64595747
Estructura de Datos,2526-1,2,anon_363,8,42,1.0,1.3391312
Estructura de Datos,2526-1,2,anon_364,8,42,23.0,17.016886
Estructura de Datos,2526-1,2,anon_365,8,42,0.0,0.5769819
Estructura de Datos,2526-1,2,anon_366,8,42,6.0,7.062958
Estructura de Datos,2526-1,2,anon_367,8,42,14.0,10.974876
Estructura de Datos,2526-1,2,anon_368,8,42,2.0,2.5308022
Estructura de Datos,2526-1,2,anon_369,8,42,2.0,1.207106
Estructura de Datos,2526-2,2,anon_031,8,42,3.0,5.478705
Estructura de Datos,2526-2,2,anon_064,8,42,0.0,2.438756
Estructura de Datos,2526-2,2,anon_067,8,42,7.0,5.446125
Estructura de Datos,2526-2,2,anon_077,8,42,0.0,2.1168218
Estructura de Datos,2526-2,2,anon_080,8,42,14.0,11.270321
Estructura de Datos,2526-2,2,anon_087,8,42,0.0,1.9933045
Estructura de Datos,2526-2,2,anon_205,8,42,0.0,2.1580193
Estructura de Datos,2526-2,2,anon_347,8,42,9.0,9.499655
Estructura de Datos,2526-2,2,anon_355,8,42,0.0,2.2388148
Estructura de Datos,2526-2,2,anon_360,8,42,0.0,2.151714
Estructura de Datos,2526-2,2,anon_370,8,42,44.0,37.83575
Estructura de Datos,2526-2,2,anon_371,8,42,9.0,6.432951
Estructura de Datos,2526-2,2,anon_372,8,42,4.0,6.310695
Estructura de Datos,2526-2,2,anon_373,8,42,2.0,3.275086
Estructura de Datos,2526-2,2,anon_374,8,42,9.0,2.2381833
Estructura de Datos,2526-2,2,anon_375,8,42,0.0,2.147439
Estructura de Datos,2526-2,2,anon_376,8,42,3.0,5.1030087
Estructura de Datos,2526-2,2,anon_377,8,42,8.0,4.029909
Estructura de Datos,2526-3,2,anon_004,8,42,7.0,5.8945484
Estructura de Datos,2526-3,2,anon_007,8,42,0.0,1.9156797
Estructura de Datos,2526-3,2,anon_081,8,42,2.0,2.9299607
Estructura de Datos,2526-3,2,anon_087,8,42,2.0,2.6044893
Estructura de Datos,2526-3,2,anon_324,8,42,0.0,1.1469665
Estructura de Datos,2526-3,2,anon_326,8,42,12.0,12.709861
Estructura de Datos,2526-3,2,anon_339,8,42,0.0,0.2483052
Estructura de Datos,2526-3,2,anon_341,8,42,0.0,0.075485826
Estructura de Datos,2526-3,2,anon_349,8,42,6.0,11.611004
Estructura de Datos,2526-3,2,anon_356,8,42,0.0,1.1733897
Estructura de Datos,2526-3,2,anon_362,8,42,15.0,12.67076
Estructura de Datos,2526-3,2,anon_363,8,42,11.0,7.048231
Estructura de Datos,2526-3,2,anon_365,8,42,24.0,20.193502
Estructura de Datos,2526-3,2,anon_372,8,42,10.0,11.32784
Estructura de Datos,2526-3,2,anon_375,8,42,4.0,6.847026
Estructura de Datos,2526-3,2,anon_378,8,42,2.0,3.9768746
Estructura de Datos,2526-3,2,anon_379,8,42,19.0,19.977362
Estructura de Datos,2526-3,2,anon_380,8,42,3.0,1.6393902
Estructura de Datos,2526-3,2,anon_381,8,42,4.0,7.0637913
Estructura de Datos,2526-3,2,anon_382,8,42,2.0,3.8335936
Estructura de Datos,2526-3,2,anon_383,8,42,3.0,4.1869025
Estructura de Datos,2526-3,2,anon_384,8,42,2.0,4.096301
Estructura de Datos,2526-3,2,anon_385,8,42,0.0,0.32926726
Estructura de Datos,2526-3,2,anon_386,8,42,2.0,3.7457964
Estructura de Datos,2526-3,2,anon_387,8,42,4.0,6.1842127
Estructura de Datos,2526-3,2,anon_388,8,42,10.0,13.103081
Estructura de Datos,2526-3,2,anon_389,8,42,0.0,0.12454629
Estructura de Datos,2526-3,2,anon_390,8,42,0.0,0.041959286
Estructura de Datos,2526-3,2,anon_391,8,42,1.0,1.2335258
Estructura de Datos,2526-3,2,anon_392,8,42,0.0,-0.07494831
Matemáticas Discretas,2526-2,1,anon_md_2526_2_1_001,4,42,9.0,6.42865
Matemáticas Discretas,2526-2,1,anon_md_2526_2_1_002,4,42,12.0,4.197698
Matemáticas Discretas,2526-2,1,anon_md_2526_2_1_003,4,42,3.0,4.1958094
Matemáticas Discretas,2526-2,1,anon_md_2526_2_1_004,4,42,3.0,5.4115524
Matemáticas Discretas,2526-2,1,anon_md_2526_2_1_005,4,42,9.0,4.237561
Matemáticas Discretas,2526-2,1,anon_md_2526_2_1_006,4,42,2.0,3.1898074
Matemáticas Discretas,2526-2,1,anon_md_2526_2_1_007,4,42,11.0,6.3744636
Matemáticas Discretas,2526-2,1,anon_md_2526_2_1_008,4,42,2.0,4.2938976
Matemáticas Discretas,2526-2,1,anon_md_2526_2_1_009,4,42,1.0,3.2007518
Matemáticas Discretas,2526-2,1,anon_md_2526_2_1_010,4,42,1.0,3.224074
Matemáticas Discretas,2526-2,1,anon_md_2526_2_1_011,4,42,3.0,3.2034628
Matemáticas Discretas,2526-2,1,anon_md_2526_2_1_012,4,42,8.0,5.2585564
Matemáticas Discretas,2526-2,1,anon_md_2526_2_1_013,4,42,5.0,5.257528
Matemáticas Discretas,2526-2,1,anon_md_2526_2_1_014,4,42,9.0,5.2770495
Matemáticas Discretas,2526-2,1,anon_md_2526_2_1_015,4,42,12.0,7.453713
Matemáticas Discretas,2526-2,1,anon_md_2526_2_1_016,4,42,2.0,4.221424
Matemáticas Discretas,2526-2,1,anon_md_2526_2_1_017,4,42,11.0,5.2563357
Matemáticas Discretas,2526-2,1,anon_md_2526_2_1_018,4,42,8.0,3.2365282
Matemáticas Discretas,2526-2,1,anon_md_2526_2_1_019,4,42,1.0,3.227694
Matemáticas Discretas,2526-2,1,anon_md_2526_2_1_020,4,42,0.0,2.1826518
Matemáticas Discretas,2526-2,1,anon_md_2526_2_1_021,4,42,0.0,2.189288
Matemáticas Discretas,2526-2,1,anon_md_2526_2_1_022,4,42,11.0,6.4187865
Matemáticas Discretas,2526-2,1,anon_md_2526_2_1_023,4,42,3.0,3.2293096
Matemáticas Discretas,2526-2,1,anon_md_2526_2_1_024,4,42,5.0,5.2663584
Matemáticas Discretas,2526-2,1,anon_md_2526_2_1_025,4,42,1.0,3.2597623
Matemáticas Discretas,2526-2,1,anon_md_2526_2_1_026,4,42,1.0,3.2662206
Matemáticas Discretas,2526-2,1,anon_md_2526_2_1_027,4,42,8.0,5.3042135
Matemáticas Discretas,2526-2,1,anon_md_2526_2_1_028,4,42,8.0,3.2507288
Matemáticas Discretas,2526-2,1,anon_md_2526_2_1_029,4,42,1.0,3.2874188
Matemáticas Discretas,2526-2,1,anon_md_2526_2_1_030,4,42,1.0,3.2649043
Matemáticas Discretas,2526-2,1,anon_md_2526_2_1_031,4,42,1.0,3.303017
Matemáticas Discretas,2526-2,1,anon_md_2526_2_1_032,4,42,1.0,3.2836905
Matemáticas Discretas,2526-2,1,anon_md_2526_2_1_033,4,42,1.0,3.2888193
Matemáticas Discretas,2526-2,1,anon_md_2526_2_1_034,4,42,0.0,2.265137
Matemáticas Discretas,2526-2,1,anon_md_2526_2_1_035,4,42,8.0,3.2920988
Matemáticas Discretas,2526-2,2,anon_md_2526_2_2_001,4,42,5.0,5.5845823
Matemáticas Discretas,2526-2,2,anon_md_2526_2_2_002,4,42,8.0,5.5894437
Matemáticas Discretas,2526-2,2,anon_md_2526_2_2_003,4,42,0.0,3.5450785
Matemáticas Discretas,2526-2,2,anon_md_2526_2_2_004,4,42,6.0,5.545756
Matemáticas Discretas,2526-2,2,anon_md_2526_2_2_005,4,42,4.0,6.5732584
Matemáticas Discretas,2526-2,2,anon_md_2526_2_2_006,4,42,9.0,6.5309
Matemáticas Discretas,2526-2,2,anon_md_2526_2_2_007,4,42,3.0,4.5615425
Matemáticas Discretas,2526-2,2,anon_md_2526_2_2_008,4,42,5.0,7.5649037
Matemáticas Discretas,2526-2,2,anon_md_2526_2_2_009,4,42,1.0,4.51697
Matemáticas Discretas,2526-2,2,anon_md_2526_2_2_010,4,42,0.0,3.4941425
Matemáticas Discretas,2526-2,2,anon_md_2526_2_2_011,4,42,5.0,4.511358
Matemáticas Discretas,2526-2,2,anon_md_2526_2_2_012,4,42,10.0,4.496205
Matemáticas Discretas,2526-2,2,anon_md_2526_2_2_013,4,42,1.0,4.4744573
Matemáticas Discretas,2526-2,2,anon_md_2526_2_2_014,4,42,2.0,4.466825
Matemáticas Discretas,2526-2,2,anon_md_2526_2_2_015,4,42,0.0,3.4532292
Matemáticas Discretas,2526-2,2,anon_md_2526_2_2_016,4,42,10.0,5.530829
Matemáticas Discretas,2526-2,2,anon_md_2526_2_2_017,4,42,2.0,4.478743
Matemáticas Discretas,2526-2,2,anon_md_2526_2_2_018,4,42,1.0,4.497284
Matemáticas Discretas,2526-2,2,anon_md_2526_2_2_019,4,42,3.0,6.5397882
Matemáticas Discretas,2526-2,2,anon_md_2526_2_2_020,4,42,3.0,6.535762
Matemáticas Discretas,2526-2,2,anon_md_2526_2_2_021,4,42,8.0,7.479672
Matemáticas Discretas,2526-3,1,anon_md_2526_3_1_001,4,42,13.0,5.2649746
Matemáticas Discretas,2526-3,1,anon_md_2526_3_1_002,4,42,0.0,3.352602
Matemáticas Discretas,2526-3,1,anon_md_2526_3_1_003,4,42,4.0,3.6450086
Matemáticas Discretas,2526-3,1,anon_md_2526_3_1_004,4,42,2.0,3.2368276
Matemáticas Discretas,2526-3,1,anon_md_2526_3_1_005,4,42,3.0,3.5650806
Matemáticas Discretas,2526-3,1,anon_md_2526_3_1_006,4,42,2.0,3.7009583
Matemáticas Discretas,2526-3,1,anon_md_2526_3_1_007,4,42,0.0,1.4759717
Matemáticas Discretas,2526-3,1,anon_md_2526_3_1_008,4,42,12.0,8.786457
Matemáticas Discretas,2526-3,1,anon_md_2526_3_1_009,4,42,1.0,1.3010818
Matemáticas Discretas,2526-3,1,anon_md_2526_3_1_010,4,42,8.0,5.0140915
Matemáticas Discretas,2526-3,1,anon_md_2526_3_1_011,4,42,4.0,1.135845
Matemáticas Discretas,2526-3,1,anon_md_2526_3_1_012,4,42,10.0,8.503656
Matemáticas Discretas,2526-3,1,anon_md_2526_3_1_013,4,42,0.0,3.2064164
Matemáticas Discretas,2526-3,1,anon_md_2526_3_1_014,4,42,0.0,1.7512803
Matemáticas Discretas,2526-3,1,anon_md_2526_3_1_015,4,42,0.0,2.51776
Matemáticas Discretas,2526-3,1,anon_md_2526_3_1_016,4,42,0.0,3.0586643
Matemáticas Discretas,2526-3,1,anon_md_2526_3_1_017,4,42,0.0,0.7130933
Matemáticas Discretas,2526-3,1,anon_md_2526_3_1_018,4,42,9.0,3.3124866
Matemáticas Discretas,2526-3,1,anon_md_2526_3_1_019,4,42,0.0,1.3891174
Matemáticas Discretas,2526-3,1,anon_md_2526_3_1_020,4,42,0.0,1.3251107
Matemáticas Discretas,2526-3,1,anon_md_2526_3_1_021,4,42,13.0,8.590046
Matemáticas Discretas,2526-3,1,anon_md_2526_3_1_022,4,42,11.0,6.721345
Matemáticas Discretas,2526-3,1,anon_md_2526_3_1_023,4,42,0.0,3.1294312
Matemáticas Discretas,2526-3,1,anon_md_2526_3_1_024,4,42,0.0,1.9473965
Matemáticas Discretas,2526-3,1,anon_md_2526_3_1_025,4,42,6.0,5.21986
Matemáticas Discretas,2526-3,1,anon_md_2526_3_1_026,4,42,1.0,0.2991252
Matemáticas Discretas,2526-3,1,anon_md_2526_3_1_027,4,42,4.0,2.5058877
Matemáticas Discretas,2526-3,1,anon_md_2526_3_1_028,4,42,2.0,2.9384274
Matemáticas Discretas,2526-3,1,anon_md_2526_3_1_029,4,42,0.0,2.4139822
Matemáticas Discretas,2526-3,1,anon_md_2526_3_1_030,4,42,5.0,2.8621557
Matemáticas Discretas,2526-3,1,anon_md_2526_3_1_031,4,42,4.0,1.6184802
Matemáticas Discretas,2526-2,1,anon_md_2526_2_1_001,6,42,9.0,6.2300186
Matemáticas Discretas,2526-2,1,anon_md_2526_2_1_002,6,42,12.0,6.501521
Matemáticas Discretas,2526-2,1,anon_md_2526_2_1_003,6,42,3.0,3.2348113
Matemáticas Discretas,2526-2,1,anon_md_2526_2_1_004,6,42,3.0,4.5352917
Matemáticas Discretas,2526-2,1,anon_md_2526_2_1_005,6,42,9.0,6.907036
Matemáticas Discretas,2526-2,1,anon_md_2526_2_1_006,6,42,2.0,2.1394074
Matemáticas Discretas,2526-2,1,anon_md_2526_2_1_007,6,42,11.0,6.9089003
Matemáticas Discretas,2526-2,1,anon_md_2526_2_1_008,6,42,2.0,3.771964
Matemáticas Discretas,2526-2,1,anon_md_2526_2_1_009,6,42,1.0,1.9347641
Matemáticas Discretas,2526-2,1,anon_md_2526_2_1_010,6,42,1.0,2.5536845
Matemáticas Discretas,2526-2,1,anon_md_2526_2_1_011,6,42,3.0,1.9235392
Matemáticas Discretas,2526-2,1,anon_md_2526_2_1_012,6,42,8.0,6.453001
Matemáticas Discretas,2526-2,1,anon_md_2526_2_1_013,6,42,5.0,4.2931566
Matemáticas Discretas,2526-2,1,anon_md_2526_2_1_014,6,42,9.0,5.2118454
Matemáticas Discretas,2526-2,1,anon_md_2526_2_1_015,6,42,12.0,10.258664
Matemáticas Discretas,2526-2,1,anon_md_2526_2_1_016,6,42,2.0,3.339365
Matemáticas Discretas,2526-2,1,anon_md_2526_2_1_017,6,42,11.0,6.3894286
Matemáticas Discretas,2526-2,1,anon_md_2526_2_1_018,6,42,8.0,5.7121134
Matemáticas Discretas,2526-2,1,anon_md_2526_2_1_019,6,42,1.0,1.9046067
Matemáticas Discretas,2526-2,1,anon_md_2526_2_1_020,6,42,0.0,0.77981925
Matemáticas Discretas,2526-2,1,anon_md_2526_2_1_021,6,42,0.0,0.78238225
Matemáticas Discretas,2526-2,1,anon_md_2526_2_1_022,6,42,11.0,7.882145
Matemáticas Discretas,2526-2,1,anon_md_2526_2_1_023,6,42,3.0,2.2348988
Matemáticas Discretas,2526-2,1,anon_md_2526_2_1_024,6,42,5.0,4.22237
Matemáticas Discretas,2526-2,1,anon_md_2526_2_1_025,6,42,1.0,1.9152087
Matemáticas Discretas,2526-2,1,anon_md_2526_2_1_026,6,42,1.0,1.9188521
Matemáticas Discretas,2526-2,1,anon_md_2526_2_1_027,6,42,8.0,5.1074705
Matemáticas Discretas,2526-2,1,anon_md_2526_2_1_028,6,42,8.0,3.2667933
Matemáticas Discretas,2526-2,1,anon_md_2526_2_1_029,6,42,1.0,1.9328159
Matemáticas Discretas,2526-2,1,anon_md_2526_2_1_030,6,42,1.0,2.073378
Matemáticas Discretas,2526-2,1,anon_md_2526_2_1_031,6,42,1.0,1.9445838
Matemáticas Discretas,2526-2,1,anon_md_2526_2_1_032,6,42,1.0,2.422082
Matemáticas Discretas,2526-2,1,anon_md_2526_2_1_033,6,42,1.0,2.4229486
Matemáticas Discretas,2526-2,1,anon_md_2526_2_1_034,6,42,0.0,1.1375582
Matemáticas Discretas,2526-2,1,anon_md_2526_2_1_035,6,42,8.0,3.2859733
Matemáticas Discretas,2526-2,2,anon_md_2526_2_2_001,6,42,5.0,7.863075
Matemáticas Discretas,2526-2,2,anon_md_2526_2_2_002,6,42,8.0,4.7793493
Matemáticas Discretas,2526-2,2,anon_md_2526_2_2_003,6,42,0.0,2.3940983
Matemáticas Discretas,2526-2,2,anon_md_2526_2_2_004,6,42,6.0,4.5250673
Matemáticas Discretas,2526-2,2,anon_md_2526_2_2_005,6,42,4.0,5.667017
Matemáticas Discretas,2526-2,2,anon_md_2526_2_2_006,6,42,9.0,7.5210238
Matemáticas Discretas,2526-2,2,anon_md_2526_2_2_007,6,42,3.0,3.4528182
Matemáticas Discretas,2526-2,2,anon_md_2526_2_2_008,6,42,5.0,6.6389666
Matemáticas Discretas,2526-2,2,anon_md_2526_2_2_009,6,42,1.0,3.2493234
Matemáticas Discretas,2526-2,2,anon_md_2526_2_2_010,6,42,0.0,2.1457107
Matemáticas Discretas,2526-2,2,anon_md_2526_2_2_011,6,42,5.0,4.232706
Matemáticas Discretas,2526-2,2,anon_md_2526_2_2_012,6,42,10.0,5.239291
Matemáticas Discretas,2526-2,2,anon_md_2526_2_2_013,6,42,1.0,3.0872025
Matemáticas Discretas,2526-2,2,anon_md_2526_2_2_014,6,42,2.0,3.0520034
Matemáticas Discretas,2526-2,2,anon_md_2526_2_2_015,6,42,0.0,1.9670584
Matemáticas Discretas,2526-2,2,anon_md_2526_2_2_016,6,42,10.0,5.3503704
Matemáticas Discretas,2526-2,2,anon_md_2526_2_2_017,6,42,2.0,3.0079894
Matemáticas Discretas,2526-2,2,anon_md_2526_2_2_018,6,42,1.0,3.0617816
Matemáticas Discretas,2526-2,2,anon_md_2526_2_2_019,6,42,3.0,5.298401
Matemáticas Discretas,2526-2,2,anon_md_2526_2_2_020,6,42,3.0,5.266282
Matemáticas Discretas,2526-2,2,anon_md_2526_2_2_021,6,42,8.0,8.283281
Matemáticas Discretas,2526-3,1,anon_md_2526_3_1_001,6,42,13.0,8.003957
Matemáticas Discretas,2526-3,1,anon_md_2526_3_1_002,6,42,0.0,2.2548501
Matemáticas Discretas,2526-3,1,anon_md_2526_3_1_003,6,42,4.0,2.5005176
Matemáticas Discretas,2526-3,1,anon_md_2526_3_1_004,6,42,2.0,3.431795
Matemáticas Discretas,2526-3,1,anon_md_2526_3_1_005,6,42,3.0,2.4428415
Matemáticas Discretas,2526-3,1,anon_md_2526_3_1_006,6,42,2.0,2.5791087
Matemáticas Discretas,2526-3,1,anon_md_2526_3_1_007,6,42,0.0,1.0531182
Matemáticas Discretas,2526-3,1,anon_md_2526_3_1_008,6,42,12.0,10.916686
Matemáticas Discretas,2526-3,1,anon_md_2526_3_1_009,6,42,1.0,0.9452442
Matemáticas Discretas,2526-3,1,anon_md_2526_3_1_010,6,42,8.0,6.7534704
Matemáticas Discretas,2526-3,1,anon_md_2526_3_1_011,6,42,4.0,2.0825047
Matemáticas Discretas,2526-3,1,anon_md_2526_3_1_012,6,42,10.0,9.737175
Matemáticas Discretas,2526-3,1,anon_md_2526_3_1_013,6,42,0.0,2.2094615
Matemáticas Discretas,2526-3,1,anon_md_2526_3_1_014,6,42,0.0,1.1847385
Matemáticas Discretas,2526-3,1,anon_md_2526_3_1_015,6,42,0.0,1.7030615
Matemáticas Discretas,2526-3,1,anon_md_2526_3_1_016,6,42,0.0,2.1246667
Matemáticas Discretas,2526-3,1,anon_md_2526_3_1_017,6,42,0.0,0.6097456
Matemáticas Discretas,2526-3,1,anon_md_2526_3_1_018,6,42,9.0,4.6745157
Matemáticas Discretas,2526-3,1,anon_md_2526_3_1_019,6,42,0.0,1.0012013
Matemáticas Discretas,2526-3,1,anon_md_2526_3_1_020,6,42,0.0,0.97194433
Matemáticas Discretas,2526-3,1,anon_md_2526_3_1_021,6,42,13.0,11.441399
Matemáticas Discretas,2526-3,1,anon_md_2526_3_1_022,6,42,11.0,8.736553
Matemáticas Discretas,2526-3,1,anon_md_2526_3_1_023,6,42,0.0,2.2684171
Matemáticas Discretas,2526-3,1,anon_md_2526_3_1_024,6,42,0.0,1.4280727
Matemáticas Discretas,2526-3,1,anon_md_2526_3_1_025,6,42,6.0,4.8018312
Matemáticas Discretas,2526-3,1,anon_md_2526_3_1_026,6,42,1.0,1.5836556
Matemáticas Discretas,2526-3,1,anon_md_2526_3_1_027,6,42,4.0,4.251446
Matemáticas Discretas,2526-3,1,anon_md_2526_3_1_028,6,42,2.0,3.3194983
Matemáticas Discretas,2526-3,1,anon_md_2526_3_1_029,6,42,0.0,1.8181055
Matemáticas Discretas,2526-3,1,anon_md_2526_3_1_030,6,42,5.0,3.2833853
Matemáticas Discretas,2526-3,1,anon_md_2526_3_1_031,6,42,4.0,3.7573304
Matemáticas Discretas,2526-2,1,anon_md_2526_2_1_001,8,42,9.0,5.8097243
Matemáticas Discretas,2526-2,1,anon_md_2526_2_1_002,8,42,12.0,8.552277
Matemáticas Discretas,2526-2,1,anon_md_2526_2_1_003,8,42,3.0,3.2705555
Matemáticas Discretas,2526-2,1,anon_md_2526_2_1_004,8,42,3.0,3.3354044
Matemáticas Discretas,2526-2,1,anon_md_2526_2_1_005,8,42,9.0,7.783783
Matemáticas Discretas,2526-2,1,anon_md_2526_2_1_006,8,42,2.0,1.207495
Matemáticas Discretas,2526-2,1,anon_md_2526_2_1_007,8,42,11.0,8.720279
Matemáticas Discretas,2526-2,1,anon_md_2526_2_1_008,8,42,2.0,2.5913215
Matemáticas Discretas,2526-2,1,anon_md_2526_2_1_009,8,42,1.0,1.1232114
Matemáticas Discretas,2526-2,1,anon_md_2526_2_1_010,8,42,1.0,1.4986396
Matemáticas Discretas,2526-2,1,anon_md_2526_2_1_011,8,42,3.0,2.1448116
Matemáticas Discretas,2526-2,1,anon_md_2526_2_1_012,8,42,8.0,6.463908
Matemáticas Discretas,2526-2,1,anon_md_2526_2_1_013,8,42,5.0,3.3250265
Matemáticas Discretas,2526-2,1,anon_md_2526_2_1_014,8,42,9.0,7.375308
Matemáticas Discretas,2526-2,1,anon_md_2526_2_1_015,8,42,12.0,11.981604
Matemáticas Discretas,2526-2,1,anon_md_2526_2_1_016,8,42,2.0,2.3937368
Matemáticas Discretas,2526-2,1,anon_md_2526_2_1_017,8,42,11.0,8.524958
Matemáticas Discretas,2526-2,1,anon_md_2526_2_1_018,8,42,8.0,6.7416463
Matemáticas Discretas,2526-2,1,anon_md_2526_2_1_019,8,42,1.0,1.1839135
Matemáticas Discretas,2526-2,1,anon_md_2526_2_1_020,8,42,0.0,0.13364333
Matemáticas Discretas,2526-2,1,anon_md_2526_2_1_021,8,42,0.0,0.14200449
Matemáticas Discretas,2526-2,1,anon_md_2526_2_1_022,8,42,11.0,9.802832
Matemáticas Discretas,2526-2,1,anon_md_2526_2_1_023,8,42,3.0,1.3871915
Matemáticas Discretas,2526-2,1,anon_md_2526_2_1_024,8,42,5.0,5.4180675
Matemáticas Discretas,2526-2,1,anon_md_2526_2_1_025,8,42,1.0,1.2337275
Matemáticas Discretas,2526-2,1,anon_md_2526_2_1_026,8,42,1.0,1.242933
Matemáticas Discretas,2526-2,1,anon_md_2526_2_1_027,8,42,8.0,5.369409
Matemáticas Discretas,2526-2,1,anon_md_2526_2_1_028,8,42,8.0,5.5362234
Matemáticas Discretas,2526-2,1,anon_md_2526_2_1_029,8,42,1.0,1.2721267
Matemáticas Discretas,2526-2,1,anon_md_2526_2_1_030,8,42,1.0,1.344364
Matemáticas Discretas,2526-2,1,anon_md_2526_2_1_031,8,42,1.0,1.2929606
Matemáticas Discretas,2526-2,1,anon_md_2526_2_1_032,8,42,1.0,1.5549695
Matemáticas Discretas,2526-2,1,anon_md_2526_2_1_033,8,42,1.0,1.5609628
Matemáticas Discretas,2526-2,1,anon_md_2526_2_1_034,8,42,0.0,0.40285075
Matemáticas Discretas,2526-2,1,anon_md_2526_2_1_035,8,42,8.0,5.583477
Matemáticas Discretas,2526-2,2,anon_md_2526_2_2_001,8,42,5.0,6.4019647
Matemáticas Discretas,2526-2,2,anon_md_2526_2_2_002,8,42,8.0,5.380946
Matemáticas Discretas,2526-2,2,anon_md_2526_2_2_003,8,42,0.0,1.2325487
Matemáticas Discretas,2526-2,2,anon_md_2526_2_2_004,8,42,6.0,5.284605
Matemáticas Discretas,2526-2,2,anon_md_2526_2_2_005,8,42,4.0,5.3080335
Matemáticas Discretas,2526-2,2,anon_md_2526_2_2_006,8,42,9.0,7.279335
Matemáticas Discretas,2526-2,2,anon_md_2526_2_2_007,8,42,3.0,2.1896076
Matemáticas Discretas,2526-2,2,anon_md_2526_2_2_008,8,42,5.0,6.2770543
Matemáticas Discretas,2526-2,2,anon_md_2526_2_2_009,8,42,1.0,2.1174507
Matemáticas Discretas,2526-2,2,anon_md_2526_2_2_010,8,42,0.0,1.0845785
Matemáticas Discretas,2526-2,2,anon_md_2526_2_2_011,8,42,5.0,3.1026754
Matemáticas Discretas,2526-2,2,anon_md_2526_2_2_012,8,42,10.0,7.162728
Matemáticas Discretas,2526-2,2,anon_md_2526_2_2_013,8,42,1.0,2.0367167
Matemáticas Discretas,2526-2,2,anon_md_2526_2_2_014,8,42,2.0,2.0145023
Matemáticas Discretas,2526-2,2,anon_md_2526_2_2_015,8,42,0.0,0.97130674
Matemáticas Discretas,2526-2,2,anon_md_2526_2_2_016,8,42,10.0,7.180442
Matemáticas Discretas,2526-2,2,anon_md_2526_2_2_017,8,42,2.0,1.9425403
Matemáticas Discretas,2526-2,2,anon_md_2526_2_2_018,8,42,1.0,1.9516705
Matemáticas Discretas,2526-2,2,anon_md_2526_2_2_019,8,42,3.0,4.0405116
Matemáticas Discretas,2526-2,2,anon_md_2526_2_2_020,8,42,3.0,4.0215797
Matemáticas Discretas,2526-2,2,anon_md_2526_2_2_021,8,42,8.0,9.100649
Matemáticas Discretas,2526-3,1,anon_md_2526_3_1_001,8,42,13.0,10.947547
Matemáticas Discretas,2526-3,1,anon_md_2526_3_1_002,8,42,0.0,1.2480897
Matemáticas Discretas,2526-3,1,anon_md_2526_3_1_003,8,42,4.0,3.5651197
Matemáticas Discretas,2526-3,1,anon_md_2526_3_1_004,8,42,2.0,3.4377584
Matemáticas Discretas,2526-3,1,anon_md_2526_3_1_005,8,42,3.0,2.4359465
Matemáticas Discretas,2526-3,1,anon_md_2526_3_1_006,8,42,2.0,3.6008701
Matemáticas Discretas,2526-3,1,anon_md_2526_3_1_007,8,42,0.0,0.6010153
Matemáticas Discretas,2526-3,1,anon_md_2526_3_1_008,8,42,12.0,11.187738
Matemáticas Discretas,2526-3,1,anon_md_2526_3_1_009,8,42,1.0,1.5788529
Matemáticas Discretas,2526-3,1,anon_md_2526_3_1_010,8,42,8.0,8.808882
Matemáticas Discretas,2526-3,1,anon_md_2526_3_1_011,8,42,4.0,2.6954951
Matemáticas Discretas,2526-3,1,anon_md_2526_3_1_012,8,42,10.0,12.19922
Matemáticas Discretas,2526-3,1,anon_md_2526_3_1_013,8,42,0.0,1.2253801
Matemáticas Discretas,2526-3,1,anon_md_2526_3_1_014,8,42,0.0,0.6215669
Matemáticas Discretas,2526-3,1,anon_md_2526_3_1_015,8,42,0.0,0.90396684
Matemáticas Discretas,2526-3,1,anon_md_2526_3_1_016,8,42,0.0,1.1709076
Matemáticas Discretas,2526-3,1,anon_md_2526_3_1_017,8,42,0.0,0.35312802
Matemáticas Discretas,2526-3,1,anon_md_2526_3_1_018,8,42,9.0,6.6941853
Matemáticas Discretas,2526-3,1,anon_md_2526_3_1_019,8,42,0.0,0.5204272
Matemáticas Discretas,2526-3,1,anon_md_2526_3_1_020,8,42,0.0,0.50509334
Matemáticas Discretas,2526-3,1,anon_md_2526_3_1_021,8,42,13.0,13.0188465
Matemáticas Discretas,2526-3,1,anon_md_2526_3_1_022,8,42,11.0,9.621554
Matemáticas Discretas,2526-3,1,anon_md_2526_3_1_023,8,42,0.0,1.2792742
Matemáticas Discretas,2526-3,1,anon_md_2526_3_1_024,8,42,0.0,0.7362148
Matemáticas Discretas,2526-3,1,anon_md_2526_3_1_025,8,42,6.0,4.897193
Matemáticas Discretas,2526-3,1,anon_md_2526_3_1_026,8,42,1.0,1.3874111
Matemáticas Discretas,2526-3,1,anon_md_2526_3_1_027,8,42,4.0,5.37485
Matemáticas Discretas,2526-3,1,anon_md_2526_3_1_028,8,42,2.0,3.3432007
Matemáticas Discretas,2526-3,1,anon_md_2526_3_1_029,8,42,0.0,0.96508986
Matemáticas Discretas,2526-3,1,anon_md_2526_3_1_030,8,42,5.0,4.3668323
Matemáticas Discretas,2526-3,1,anon_md_2526_3_1_031,8,42,4.0,3.9965515
Algoritmos y Programación,2425-2,1,anon_001,4,7,2.0,4.106785
Algoritmos y Programación,2425-2,1,anon_002,4,7,2.0,2.1457517
Algoritmos y Programación,2425-2,1,anon_003,4,7,17.0,7.994106
Algoritmos y Programación,2425-2,1,anon_004,4,7,2.0,4.0614886
Algoritmos y Programación,2425-2,1,anon_005,4,7,10.0,8.948667
Algoritmos y Programación,2425-2,1,anon_006,4,7,0.0,2.0748618
Algoritmos y Programación,2425-2,1,anon_007,4,7,0.0,2.0546494
Algoritmos y Programación,2425-2,1,anon_008,4,7,16.0,6.9552484
Algoritmos y Programación,2425-2,1,anon_009,4,7,9.0,5.831128
Algoritmos y Programación,2425-2,1,anon_010,4,7,22.0,9.779795
Algoritmos y Programación,2425-2,1,anon_011,4,7,6.0,5.7870793
Algoritmos y Programación,2425-2,1,anon_012,4,7,0.0,1.9388182
Algoritmos y Programación,2425-2,1,anon_013,4,7,0.0,1.9128938
Algoritmos y Programación,2425-2,1,anon_014,4,7,23.0,16.743187
Algoritmos y Programación,2425-2,1,anon_015,4,7,24.0,10.805661
Algoritmos y Programación,2425-2,1,anon_016,4,7,1.0,1.2711161
Algoritmos y Programación,2425-2,1,anon_017,4,7,1.0,1.8017275
Algoritmos y Programación,2425-2,1,anon_018,4,7,17.0,7.7391715
Algoritmos y Programación,2425-2,1,anon_019,4,7,0.0,1.7426667
Algoritmos y Programación,2425-2,1,anon_020,4,7,24.0,12.740556
Algoritmos y Programación,2425-2,1,anon_021,4,7,4.0,5.5714436
Algoritmos y Programación,2425-2,1,anon_022,4,7,2.0,1.6515231
Algoritmos y Programación,2425-2,1,anon_023,4,7,19.0,12.6167755
Algoritmos y Programación,2425-2,1,anon_024,4,7,7.0,5.491161
Algoritmos y Programación,2425-2,1,anon_025,4,7,5.0,6.608082
Algoritmos y Programación,2425-2,1,anon_026,4,7,0.0,1.5286157
Algoritmos y Programación,2425-2,1,anon_027,4,7,10.0,4.379211
Algoritmos y Programación,2425-2,1,anon_028,4,7,18.0,13.634319
Algoritmos y Programación,2425-2,1,anon_029,4,7,0.0,1.4379904
Algoritmos y Programación,2425-2,1,anon_030,4,7,15.0,10.516597
Algoritmos y Programación,2425-2,2,anon_031,4,7,1.0,2.951786
Algoritmos y Programación,2425-2,2,anon_032,4,7,3.0,5.0042367
Algoritmos y Programación,2425-2,2,anon_033,4,7,20.0,13.6586
Algoritmos y Programación,2425-2,2,anon_034,4,7,4.0,5.866948
Algoritmos y Programación,2425-2,2,anon_035,4,7,2.0,3.9883142
Algoritmos y Programación,2425-2,2,anon_036,4,7,8.0,6.7205567
Algoritmos y Programación,2425-2,2,anon_037,4,7,0.0,1.9964367
Algoritmos y Programación,2425-2,2,anon_038,4,7,1.0,2.6847665
Algoritmos y Programación,2425-2,2,anon_039,4,7,7.0,4.78175
Algoritmos y Programación,2425-2,2,anon_040,4,7,2.0,1.400752
Algoritmos y Programación,2425-2,2,anon_041,4,7,0.0,1.7524256
Algoritmos y Programación,2425-2,2,anon_042,4,7,8.0,2.7265935
Algoritmos y Programación,2425-2,2,anon_043,4,7,9.0,7.701003
Algoritmos y Programación,2425-2,2,anon_044,4,7,13.0,9.677069
Algoritmos y Programación,2425-2,2,anon_045,4,7,10.0,6.505077
Algoritmos y Programación,2425-2,2,anon_046,4,7,0.0,1.6157318
Algoritmos y Programación,2425-2,2,anon_047,4,7,5.0,6.759476
Algoritmos y Programación,2425-2,2,anon_048,4,7,3.0,2.5680287
Algoritmos y Programación,2425-2,2,anon_049,4,7,1.0,1.529149
Algoritmos y Programación,2425-2,2,anon_050,4,7,3.0,4.541916
Algoritmos y Programación,2425-2,2,anon_051,4,7,2.0,1.4709766
Algoritmos y Programación,2425-2,2,anon_052,4,7,17.0,10.620564
Algoritmos y Programación,2425-2,2,anon_053,4,7,3.0,1.5869985
Algoritmos y Programación,2425-2,2,anon_054,4,7,3.0,3.5846875
Algoritmos y Programación,2425-2,2,anon_055,4,7,10.0,6.6021137
Algoritmos y Programación,2425-2,2,anon_056,4,7,0.0,1.3286611
Algoritmos y Programación,2425-2,2,anon_057,4,7,11.0,6.0175624
Algoritmos y Programación,2425-2,2,anon_058,4,7,0.0,1.2743406
Algoritmos y Programación,2425-2,2,anon_059,4,7,5.0,3.9567084
Algoritmos y Programación,2425-2,2,anon_060,4,7,2.0,2.2372575
Algoritmos y Programación,2526-1,1,anon_061,4,7,9.0,7.3431463
Algoritmos y Programación,2526-1,1,anon_062,4,7,13.0,8.82715
Algoritmos y Programación,2526-1,1,anon_063,4,7,15.0,7.550724
Algoritmos y Programación,2526-1,1,anon_064,4,7,2.0,3.0708418
Algoritmos y Programación,2526-1,1,anon_065,4,7,9.0,5.4474525
Algoritmos y Programación,2526-1,1,anon_066,4,7,2.0,4.3181114
Algoritmos y Programación,2526-1,1,anon_067,4,7,11.0,6.7170773
Algoritmos y Programación,2526-1,1,anon_068,4,7,1.0,3.389989
Algoritmos y Programación,2526-1,1,anon_069,4,7,12.0,10.087281
Algoritmos y Programación,2526-1,1,anon_070,4,7,5.0,7.398218
Algoritmos y Programación,2526-1,1,anon_071,4,7,1.0,2.8017995
Algoritmos y Programación,2526-1,1,anon_072,4,7,1.0,3.0937853
Algoritmos y Programación,2526-1,1,anon_073,4,7,1.0,2.7302277
Algoritmos y Programación,2526-1,1,anon_074,4,7,8.0,2.6958127
Algoritmos y Programación,2526-1,1,anon_075,4,7,2.0,3.135607
Algoritmos y Programación,2526-1,1,anon_076,4,7,4.0,5.409276
Algoritmos y Programación,2526-1,1,anon_077,4,7,1.0,2.5983992
Algoritmos y Programación,2526-1,1,anon_078,4,7,2.0,3.9495091
Algoritmos y Programación,2526-1,1,anon_079,4,7,0.0,1.5769038
Algoritmos y Programación,2526-1,1,anon_080,4,7,10.0,7.7616796
Algoritmos y Programación,2526-1,1,anon_081,4,7,1.0,2.4816175
Algoritmos y Programación,2526-1,1,anon_082,4,7,0.0,1.4383254
Algoritmos y Programación,2526-1,1,anon_083,4,7,7.0,7.696493
Algoritmos y Programación,2526-1,1,anon_084,4,7,1.0,2.4021025
Algoritmos y Programación,2526-1,1,anon_085,4,7,0.0,1.2626401
Algoritmos y Programación,2526-1,1,anon_086,4,7,1.0,2.3516989
Algoritmos y Programación,2526-1,1,anon_087,4,7,1.0,2.326961
Algoritmos y Programación,2526-2,1,anon_088,4,7,0.0,3.1439624
Algoritmos y Programación,2526-2,1,anon_089,4,7,4.0,6.7503014
Algoritmos y Programación,2526-2,1,anon_090,4,7,0.0,3.108117
Algoritmos y Programación,2526-2,1,anon_091,4,7,10.0,10.079033
Algoritmos y Programación,2526-2,1,anon_092,4,7,0.0,3.0667934
Algoritmos y Programación,2526-2,1,anon_093,4,7,1.0,4.2482233
Algoritmos y Programación,2526-2,1,anon_094,4,7,5.0,7.9421844
Algoritmos y Programación,2526-2,1,anon_095,4,7,0.0,2.9937727
Algoritmos y Programación,2526-2,1,anon_096,4,7,1.0,4.242474
Algoritmos y Programación,2526-2,1,anon_097,4,7,0.0,2.9371305
Algoritmos y Programación,2526-2,1,anon_098,4,7,3.0,4.263794
Algoritmos y Programación,2526-2,1,anon_099,4,7,0.0,2.61142
Algoritmos y Programación,2526-2,1,anon_100,4,7,0.0,2.8388457
Algoritmos y Programación,2526-2,1,anon_101,4,7,1.0,4.049139
Algoritmos y Programación,2526-2,1,anon_102,4,7,2.0,3.9108338
Algoritmos y Programación,2526-2,1,anon_103,4,7,0.0,2.5572743
Algoritmos y Programación,2526-2,1,anon_104,4,7,0.0,2.302382
Algoritmos y Programación,2526-2,1,anon_105,4,7,5.0,7.785651
Algoritmos y Programación,2526-2,1,anon_106,4,7,1.0,3.9743893
Algoritmos y Programación,2526-2,1,anon_107,4,7,5.0,8.131311
Algoritmos y Programación,2526-2,1,anon_108,4,7,1.0,2.4799223
Algoritmos y Programación,2526-2,1,anon_109,4,7,5.0,6.968583
Algoritmos y Programación,2526-2,1,anon_110,4,7,2.0,3.7444541
Algoritmos y Programación,2526-2,1,anon_111,4,7,2.0,3.4450622
Algoritmos y Programación,2526-2,1,anon_112,4,7,2.0,4.986306
Algoritmos y Programación,2526-2,1,anon_113,4,7,0.0,1.8840526
Algoritmos y Programación,2526-2,1,anon_114,4,7,4.0,7.2280483
Algoritmos y Programación,2526-2,1,anon_115,4,7,1.0,3.3813603
Algoritmos y Programación,2526-2,1,anon_116,4,7,2.0,3.3009129
Algoritmos y Programación,2526-2,1,anon_117,4,7,1.0,1.8856927
Algoritmos y Programación,2526-3,1,anon_118,4,7,8.0,6.8482084
Algoritmos y Programación,2526-3,1,anon_119,4,7,0.0,2.8995552
Algoritmos y Programación,2526-3,1,anon_120,4,7,0.0,2.5679598
Algoritmos y Programación,2526-3,1,anon_121,4,7,2.0,2.8607163
Algoritmos y Programación,2526-3,1,anon_122,4,7,5.0,4.8141747
Algoritmos y Programación,2526-3,1,anon_123,4,7,4.0,3.8072076
Algoritmos y Programación,2526-3,1,anon_124,4,7,3.0,3.7844152
Algoritmos y Programación,2526-3,1,anon_125,4,7,1.0,3.7617962
Algoritmos y Programación,2526-3,1,anon_126,4,7,5.0,3.737986
Algoritmos y Programación,2526-3,1,anon_127,4,7,8.0,6.7124176
Algoritmos y Programación,2526-3,1,anon_128,4,7,2.0,4.688507
Algoritmos y Programación,2526-3,1,anon_129,4,7,5.0,5.6737123
Algoritmos y Programación,2526-3,1,anon_130,4,7,1.0,3.6308322
Algoritmos y Programación,2526-3,1,anon_131,4,7,5.0,5.5982
Algoritmos y Programación,2526-3,1,anon_132,4,7,8.0,8.600782
Algoritmos y Programación,2526-3,1,anon_133,4,7,13.0,8.156819
Algoritmos y Programación,2526-3,1,anon_134,4,7,10.0,6.5397844
Algoritmos y Programación,2526-3,1,anon_135,4,7,7.0,3.9952734
Algoritmos y Programación,2526-3,1,anon_136,4,7,0.0,2.2352762
Algoritmos y Programación,2526-3,1,anon_137,4,7,4.0,6.4427166
Algoritmos y Programación,2526-3,1,anon_138,4,7,4.0,3.3650508
Algoritmos y Programación,2526-3,1,anon_139,4,7,3.0,4.8459797
Algoritmos y Programación,2526-3,1,anon_140,4,7,10.0,6.342433
Algoritmos y Programación,2526-3,1,anon_141,4,7,11.0,9.301457
Algoritmos y Programación,2526-3,1,anon_142,4,7,0.0,2.1976464
Algoritmos y Programación,2526-3,1,anon_143,4,7,15.0,11.326448
Algoritmos y Programación,2526-3,1,anon_144,4,7,3.0,2.1202364
Algoritmos y Programación,2526-3,1,anon_145,4,7,20.0,17.348543
Algoritmos y Programación,2526-3,1,anon_146,4,7,7.0,3.058002
Algoritmos y Programación,2526-3,1,anon_147,4,7,6.0,2.0048351
Algoritmos y Programación,2425-2,1,anon_001,6,7,2.0,4.014863
Algoritmos y Programación,2425-2,1,anon_002,6,7,2.0,2.0549152
Algoritmos y Programación,2425-2,1,anon_003,6,7,17.0,10.774086
Algoritmos y Programación,2425-2,1,anon_004,6,7,2.0,3.9632864
Algoritmos y Programación,2425-2,1,anon_005,6,7,10.0,10.755874
Algoritmos y Programación,2425-2,1,anon_006,6,7,0.0,1.9647558
Algoritmos y Programación,2425-2,1,anon_007,6,7,0.0,1.9382612
Algoritmos y Programación,2425-2,1,anon_008,6,7,16.0,8.764818
Algoritmos y Programación,2425-2,1,anon_009,6,7,9.0,5.677801
Algoritmos y Programación,2425-2,1,anon_010,6,7,22.0,13.550613
Algoritmos y Programación,2425-2,1,anon_011,6,7,6.0,6.615208
Algoritmos y Programación,2425-2,1,anon_012,6,7,0.0,1.7815243
Algoritmos y Programación,2425-2,1,anon_013,6,7,0.0,1.745631
Algoritmos y Programación,2425-2,1,anon_014,6,7,23.0,18.604004
Algoritmos y Programación,2425-2,1,anon_015,6,7,24.0,13.612146
Algoritmos y Programación,2425-2,1,anon_016,6,7,1.0,1.0084465
Algoritmos y Programación,2425-2,1,anon_017,6,7,1.0,1.5902692
Algoritmos y Programación,2425-2,1,anon_018,6,7,17.0,11.473602
Algoritmos y Programación,2425-2,1,anon_019,6,7,0.0,1.5075803
Algoritmos y Programación,2425-2,1,anon_020,6,7,24.0,15.558657
Algoritmos y Programación,2425-2,1,anon_021,6,7,4.0,5.3098035
Algoritmos y Programación,2425-2,1,anon_022,6,7,2.0,3.3795443
Algoritmos y Programación,2425-2,1,anon_023,6,7,19.0,16.448399
Algoritmos y Programación,2425-2,1,anon_024,6,7,7.0,7.2098074
Algoritmos y Programación,2425-2,1,anon_025,6,7,5.0,6.357711
Algoritmos y Programación,2425-2,1,anon_026,6,7,0.0,1.2129991
Algoritmos y Programación,2425-2,1,anon_027,6,7,10.0,6.0709066
Algoritmos y Programación,2425-2,1,anon_028,6,7,18.0,14.430098
Algoritmos y Programación,2425-2,1,anon_029,6,7,0.0,1.091944
Algoritmos y Programación,2425-2,1,anon_030,6,7,15.0,11.298195
Algoritmos y Programación,2425-2,2,anon_031,6,7,1.0,2.7692761
Algoritmos y Programación,2425-2,2,anon_032,6,7,3.0,4.863157
Algoritmos y Programación,2425-2,2,anon_033,6,7,20.0,16.497131
Algoritmos y Programación,2425-2,2,anon_034,6,7,4.0,5.6848984
Algoritmos y Programación,2425-2,2,anon_035,6,7,2.0,3.820253
Algoritmos y Programación,2425-2,2,anon_036,6,7,8.0,6.533966
Algoritmos y Programación,2425-2,2,anon_037,6,7,0.0,1.810586
Algoritmos y Programación,2425-2,2,anon_038,6,7,1.0,2.4390025
Algoritmos y Programación,2425-2,2,anon_039,6,7,7.0,6.522328
Algoritmos y Programación,2425-2,2,anon_040,6,7,2.0,1.1252267
Algoritmos y Programación,2425-2,2,anon_041,6,7,0.0,1.4896021
Algoritmos y Programación,2425-2,2,anon_042,6,7,8.0,3.4483666
Algoritmos y Programación,2425-2,2,anon_043,6,7,9.0,8.486285
Algoritmos y Programación,2425-2,2,anon_044,6,7,13.0,9.499495
Algoritmos y Programación,2425-2,2,anon_045,6,7,10.0,9.216236
Algoritmos y Programación,2425-2,2,anon_046,6,7,0.0,1.2968382
Algoritmos y Programación,2425-2,2,anon_047,6,7,5.0,6.529684
Algoritmos y Programación,2425-2,2,anon_048,6,7,3.0,3.2370062
Algoritmos y Programación,2425-2,2,anon_049,6,7,1.0,2.1747928
Algoritmos y Programación,2425-2,2,anon_050,6,7,3.0,4.2261295
Algoritmos y Programación,2425-2,2,anon_051,6,7,2.0,1.0932887
Algoritmos y Programación,2425-2,2,anon_052,6,7,17.0,13.407527
Algoritmos y Programación,2425-2,2,anon_053,6,7,3.0,1.2266257
Algoritmos y Programación,2425-2,2,anon_054,6,7,3.0,3.2451112
Algoritmos y Programación,2425-2,2,anon_055,6,7,10.0,8.290353
Algoritmos y Programación,2425-2,2,anon_056,6,7,0.0,0.900858
Algoritmos y Programación,2425-2,2,anon_057,6,7,11.0,7.700568
Algoritmos y Programación,2425-2,2,anon_058,6,7,0.0,0.83061713
Algoritmos y Programación,2425-2,2,anon_059,6,7,5.0,3.5486636
Algoritmos y Programación,2425-2,2,anon_060,6,7,2.0,1.7932262
Algoritmos y Programación,2526-1,1,anon_061,6,7,9.0,5.883166
Algoritmos y Programación,2526-1,1,anon_062,6,7,13.0,9.067905
Algoritmos y Programación,2526-1,1,anon_063,6,7,15.0,8.042819
Algoritmos y Programación,2526-1,1,anon_064,6,7,2.0,2.9552732
Algoritmos y Programación,2526-1,1,anon_065,6,7,9.0,4.94641
Algoritmos y Programación,2526-1,1,anon_066,6,7,2.0,3.8960764
Algoritmos y Programación,2526-1,1,anon_067,6,7,11.0,6.9023356
Algoritmos y Programación,2526-1,1,anon_068,6,7,1.0,2.5645213
Algoritmos y Programación,2526-1,1,anon_069,6,7,12.0,8.882778
Algoritmos y Programación,2526-1,1,anon_070,6,7,5.0,6.8422904
Algoritmos y Programación,2526-1,1,anon_071,6,7,1.0,2.7421665
Algoritmos y Programación,2526-1,1,anon_072,6,7,1.0,2.5546489
Algoritmos y Programación,2526-1,1,anon_073,6,7,1.0,2.6883063
Algoritmos y Programación,2526-1,1,anon_074,6,7,8.0,2.662976
Algoritmos y Programación,2526-1,1,anon_075,6,7,2.0,2.3695102
Algoritmos y Programación,2526-1,1,anon_076,6,7,4.0,4.4876175
Algoritmos y Programación,2526-1,1,anon_077,6,7,1.0,2.5931478
Algoritmos y Programación,2526-1,1,anon_078,6,7,2.0,3.5844216
Algoritmos y Programación,2526-1,1,anon_079,6,7,0.0,1.2394302
Algoritmos y Programación,2526-1,1,anon_080,6,7,10.0,6.598229
Algoritmos y Programación,2526-1,1,anon_081,6,7,1.0,2.5120058
Algoritmos y Programación,2526-1,1,anon_082,6,7,0.0,1.1727399
Algoritmos y Programación,2526-1,1,anon_083,6,7,7.0,6.481938
Algoritmos y Programación,2526-1,1,anon_084,6,7,1.0,2.457408
Algoritmos y Programación,2526-1,1,anon_085,6,7,0.0,1.2531314
Algoritmos y Programación,2526-1,1,anon_086,6,7,1.0,2.4230773
Algoritmos y Programación,2526-1,1,anon_087,6,7,1.0,2.4064384
Algoritmos y Programación,2526-2,1,anon_088,6,7,0.0,2.248624
Algoritmos y Programación,2526-2,1,anon_089,6,7,4.0,6.0639906
Algoritmos y Programación,2526-2,1,anon_090,6,7,0.0,2.1750379
Algoritmos y Programación,2526-2,1,anon_091,6,7,10.0,14.109148
Algoritmos y Programación,2526-2,1,anon_092,6,7,0.0,2.0943677
Algoritmos y Programación,2526-2,1,anon_093,6,7,1.0,3.3547263
Algoritmos y Programación,2526-2,1,anon_094,6,7,5.0,7.30114
Algoritmos y Programación,2526-2,1,anon_095,6,7,0.0,1.9621832
Algoritmos y Programación,2526-2,1,anon_096,6,7,1.0,3.2269034
Algoritmos y Programación,2526-2,1,anon_097,6,7,0.0,1.8685553
Algoritmos y Programación,2526-2,1,anon_098,6,7,3.0,3.1944098
Algoritmos y Programación,2526-2,1,anon_099,6,7,0.0,1.6294519
Algoritmos y Programación,2526-2,1,anon_100,6,7,0.0,1.7237124
Algoritmos y Programación,2526-2,1,anon_101,6,7,1.0,2.9776793
Algoritmos y Programación,2526-2,1,anon_102,6,7,2.0,2.9421666
Algoritmos y Programación,2526-2,1,anon_103,6,7,0.0,1.4922165
Algoritmos y Programación,2526-2,1,anon_104,6,7,0.0,1.3309249
Algoritmos y Programación,2526-2,1,anon_105,6,7,5.0,7.017465
Algoritmos y Programación,2526-2,1,anon_106,6,7,1.0,2.8087363
Algoritmos y Programación,2526-2,1,anon_107,6,7,5.0,7.8885612
Algoritmos y Programación,2526-2,1,anon_108,6,7,1.0,1.3327218
Algoritmos y Programación,2526-2,1,anon_109,6,7,5.0,7.642918
Algoritmos y Programación,2526-2,1,anon_110,6,7,2.0,3.7857804
Algoritmos y Programación,2526-2,1,anon_111,6,7,2.0,2.4540014
Algoritmos y Programación,2526-2,1,anon_112,6,7,2.0,3.8098383
Algoritmos y Programación,2526-2,1,anon_113,6,7,0.0,0.89903295
Algoritmos y Programación,2526-2,1,anon_114,6,7,4.0,6.307728
Algoritmos y Programación,2526-2,1,anon_115,6,7,1.0,2.2502162
Algoritmos y Programación,2526-2,1,anon_116,6,7,2.0,2.180585
Algoritmos y Programación,2526-2,1,anon_117,6,7,1.0,0.84525037
Algoritmos y Programación,2526-3,1,anon_118,6,7,8.0,4.4871655
Algoritmos y Programación,2526-3,1,anon_119,6,7,0.0,0.102721095
Algoritmos y Programación,2526-3,1,anon_120,6,7,0.0,0.40440726
Algoritmos y Programación,2526-3,1,anon_121,6,7,2.0,0.0932703
Algoritmos y Programación,2526-3,1,anon_122,6,7,5.0,2.2729774
Algoritmos y Programación,2526-3,1,anon_123,6,7,4.0,1.17557
Algoritmos y Programación,2526-3,1,anon_124,6,7,3.0,1.1547531
Algoritmos y Programación,2526-3,1,anon_125,6,7,1.0,1.1517407
Algoritmos y Programación,2526-3,1,anon_126,6,7,5.0,1.1480205
Algoritmos y Programación,2526-3,1,anon_127,6,7,8.0,7.725745
Algoritmos y Programación,2526-3,1,anon_128,6,7,2.0,2.2849894
Algoritmos y Programación,2526-3,1,anon_129,6,7,5.0,3.5756733
Algoritmos y Programación,2526-3,1,anon_130,6,7,1.0,1.1239051
Algoritmos y Programación,2526-3,1,anon_131,6,7,5.0,3.7967932
Algoritmos y Programación,2526-3,1,anon_132,6,7,8.0,8.656818
Algoritmos y Programación,2526-3,1,anon_133,6,7,13.0,9.665006
Algoritmos y Programación,2526-3,1,anon_134,6,7,10.0,4.945724
Algoritmos y Programación,2526-3,1,anon_135,6,7,7.0,5.4619055
Algoritmos y Programación,2526-3,1,anon_136,6,7,0.0,0.11048007
Algoritmos y Programación,2526-3,1,anon_137,6,7,4.0,4.841364
Algoritmos y Programación,2526-3,1,anon_138,6,7,4.0,1.0601285
Algoritmos y Programación,2526-3,1,anon_139,6,7,3.0,4.339145
Algoritmos y Programación,2526-3,1,anon_140,6,7,10.0,4.709837
Algoritmos y Programación,2526-3,1,anon_141,6,7,11.0,9.422333
Algoritmos y Programación,2526-3,1,anon_142,6,7,0.0,-0.04769683
Algoritmos y Programación,2526-3,1,anon_143,6,7,15.0,12.286313
Algoritmos y Programación,2526-3,1,anon_144,6,7,3.0,-0.05362618
Algoritmos y Programación,2526-3,1,anon_145,6,7,20.0,22.023127
Algoritmos y Programación,2526-3,1,anon_146,6,7,7.0,1.1094292
Algoritmos y Programación,2526-3,1,anon_147,6,7,6.0,-0.053352833
Algoritmos y Programación,2425-2,1,anon_001,8,7,2.0,3.5095673
Algoritmos y Programación,2425-2,1,anon_002,8,7,2.0,1.538912
Algoritmos y Programación,2425-2,1,anon_003,8,7,17.0,16.202488
Algoritmos y Programación,2425-2,1,anon_004,8,7,2.0,3.4669714
Algoritmos y Programación,2425-2,1,anon_005,8,7,10.0,11.275178
Algoritmos y Programación,2425-2,1,anon_006,8,7,0.0,1.4664829
Algoritmos y Programación,2425-2,1,anon_007,8,7,0.0,1.4449707
Algoritmos y Programación,2425-2,1,anon_008,8,7,16.0,16.170849
Algoritmos y Programación,2425-2,1,anon_009,8,7,9.0,7.1933517
Algoritmos y Programación,2425-2,1,anon_010,8,7,22.0,21.01564
Algoritmos y Programación,2425-2,1,anon_011,8,7,6.0,7.1425242
Algoritmos y Programación,2425-2,1,anon_012,8,7,0.0,1.3152392
Algoritmos y Programación,2425-2,1,anon_013,8,7,0.0,1.2849714
Algoritmos y Programación,2425-2,1,anon_014,8,7,23.0,23.11687
Algoritmos y Programación,2425-2,1,anon_015,8,7,24.0,23.03175
Algoritmos y Programación,2425-2,1,anon_016,8,7,1.0,1.645404
Algoritmos y Programación,2425-2,1,anon_017,8,7,1.0,2.1533017
Algoritmos y Programación,2425-2,1,anon_018,8,7,17.0,16.025234
Algoritmos y Programación,2425-2,1,anon_019,8,7,0.0,1.0802732
Algoritmos y Programación,2425-2,1,anon_020,8,7,24.0,23.028454
Algoritmos y Programación,2425-2,1,anon_021,8,7,4.0,4.885102
Algoritmos y Programación,2425-2,1,anon_022,8,7,2.0,2.955482
Algoritmos y Programación,2425-2,1,anon_023,8,7,19.0,19.00764
Algoritmos y Programación,2425-2,1,anon_024,8,7,7.0,6.788356
Algoritmos y Programación,2425-2,1,anon_025,8,7,5.0,5.922558
Algoritmos y Programación,2425-2,1,anon_026,8,7,0.0,0.82081854
Algoritmos y Programación,2425-2,1,anon_027,8,7,10.0,9.687459
Algoritmos y Programación,2425-2,1,anon_028,8,7,18.0,17.954948
Algoritmos y Programación,2425-2,1,anon_029,8,7,0.0,0.7134671
Algoritmos y Programación,2425-2,1,anon_030,8,7,15.0,13.857567
Algoritmos y Programación,2425-2,2,anon_031,8,7,1.0,2.2579114
Algoritmos y Programación,2425-2,2,anon_032,8,7,3.0,4.362461
Algoritmos y Programación,2425-2,2,anon_033,8,7,20.0,21.004974
Algoritmos y Programación,2425-2,2,anon_034,8,7,4.0,5.1888795
Algoritmos y Programación,2425-2,2,anon_035,8,7,2.0,3.3223941
Algoritmos y Programación,2425-2,2,anon_036,8,7,8.0,9.033309
Algoritmos y Programación,2425-2,2,anon_037,8,7,0.0,1.3101878
Algoritmos y Programación,2425-2,2,anon_038,8,7,1.0,1.9879584
Algoritmos y Programación,2425-2,2,anon_039,8,7,7.0,8.031099
Algoritmos y Programación,2425-2,2,anon_040,8,7,2.0,0.73881483
Algoritmos y Programación,2425-2,2,anon_041,8,7,0.0,1.0372632
Algoritmos y Programación,2425-2,2,anon_042,8,7,8.0,7.965272
Algoritmos y Programación,2425-2,2,anon_043,8,7,9.0,10.007748
Algoritmos y Programación,2425-2,2,anon_044,8,7,13.0,13.019938
Algoritmos y Programación,2425-2,2,anon_045,8,7,10.0,10.792897
Algoritmos y Programación,2425-2,2,anon_046,8,7,0.0,0.8805318
Algoritmos y Programación,2425-2,2,anon_047,8,7,5.0,6.058209
Algoritmos y Programación,2425-2,2,anon_048,8,7,3.0,3.826216
Algoritmos y Programación,2425-2,2,anon_049,8,7,1.0,1.7779636
Algoritmos y Programación,2425-2,2,anon_050,8,7,3.0,3.8089874
Algoritmos y Programación,2425-2,2,anon_051,8,7,2.0,0.7106937
Algoritmos y Programación,2425-2,2,anon_052,8,7,17.0,15.959043
Algoritmos y Programación,2425-2,2,anon_053,8,7,3.0,2.826036
Algoritmos y Programación,2425-2,2,anon_054,8,7,3.0,3.825898
Algoritmos y Programación,2425-2,2,anon_055,8,7,10.0,9.856441
Algoritmos y Programación,2425-2,2,anon_056,8,7,0.0,0.5491191
Algoritmos y Programación,2425-2,2,anon_057,8,7,11.0,11.413266
Algoritmos y Programación,2425-2,2,anon_058,8,7,0.0,0.49054134
Algoritmos y Programación,2425-2,2,anon_059,8,7,5.0,4.253462
Algoritmos y Programación,2425-2,2,anon_060,8,7,2.0,2.462321
Algoritmos y Programación,2526-1,1,anon_061,8,7,9.0,8.0826025
Algoritmos y Programación,2526-1,1,anon_062,8,7,13.0,8.397141
Algoritmos y Programación,2526-1,1,anon_063,8,7,15.0,11.419941
Algoritmos y Programación,2526-1,1,anon_064,8,7,2.0,2.1343641
Algoritmos y Programación,2526-1,1,anon_065,8,7,9.0,7.2672834
Algoritmos y Programación,2526-1,1,anon_066,8,7,2.0,3.0832138
Algoritmos y Programación,2526-1,1,anon_067,8,7,11.0,9.258396
Algoritmos y Programación,2526-1,1,anon_068,8,7,1.0,1.5196718
Algoritmos y Programación,2526-1,1,anon_069,8,7,12.0,10.2596445
Algoritmos y Programación,2526-1,1,anon_070,8,7,5.0,6.059853
Algoritmos y Programación,2526-1,1,anon_071,8,7,1.0,1.8544319
Algoritmos y Programación,2526-1,1,anon_072,8,7,1.0,1.7576482
Algoritmos y Programación,2526-1,1,anon_073,8,7,1.0,1.8155926
Algoritmos y Programación,2526-1,1,anon_074,8,7,8.0,3.828023
Algoritmos y Programación,2526-1,1,anon_075,8,7,2.0,1.575876
Algoritmos y Programación,2526-1,1,anon_076,8,7,4.0,3.8219543
Algoritmos y Programación,2526-1,1,anon_077,8,7,1.0,1.7719442
Algoritmos y Programación,2526-1,1,anon_078,8,7,2.0,2.8008184
Algoritmos y Programación,2526-1,1,anon_079,8,7,0.0,0.524089
Algoritmos y Programación,2526-1,1,anon_080,8,7,10.0,5.8825574
Algoritmos y Programación,2526-1,1,anon_081,8,7,1.0,1.7493992
Algoritmos y Programación,2526-1,1,anon_082,8,7,0.0,0.5028473
Algoritmos y Programación,2526-1,1,anon_083,8,7,7.0,6.894294
Algoritmos y Programación,2526-1,1,anon_084,8,7,1.0,1.7321823
Algoritmos y Programación,2526-1,1,anon_085,8,7,0.0,0.613428
Algoritmos y Programación,2526-1,1,anon_086,8,7,1.0,1.7163076
Algoritmos y Programación,2526-1,1,anon_087,8,7,1.0,1.7064495
Algoritmos y Programación,2526-2,1,anon_088,8,7,0.0,1.471359
Algoritmos y Programación,2526-2,1,anon_089,8,7,4.0,4.408017
Algoritmos y Programación,2526-2,1,anon_090,8,7,0.0,1.450167
Algoritmos y Programación,2526-2,1,anon_091,8,7,10.0,11.252668
Algoritmos y Programación,2526-2,1,anon_092,8,7,0.0,1.4251971
Algoritmos y Programación,2526-2,1,anon_093,8,7,1.0,2.3973918
Algoritmos y Programación,2526-2,1,anon_094,8,7,5.0,5.336876
Algoritmos y Programación,2526-2,1,anon_095,8,7,0.0,1.3794037
Algoritmos y Programación,2526-2,1,anon_096,8,7,1.0,2.2079394
Algoritmos y Programación,2526-2,1,anon_097,8,7,0.0,1.3426726
Algoritmos y Programación,2526-2,1,anon_098,8,7,3.0,2.3133633
Algoritmos y Programación,2526-2,1,anon_099,8,7,0.0,1.0048211
Algoritmos y Programación,2526-2,1,anon_100,8,7,0.0,1.2778627
Algoritmos y Programación,2526-2,1,anon_101,8,7,1.0,2.1056814
Algoritmos y Programación,2526-2,1,anon_102,8,7,2.0,2.2300372
Algoritmos y Programación,2526-2,1,anon_103,8,7,0.0,1.0557659
Algoritmos y Programación,2526-2,1,anon_104,8,7,0.0,0.8823796
Algoritmos y Programación,2526-2,1,anon_105,8,7,5.0,5.1427727
Algoritmos y Programación,2526-2,1,anon_106,8,7,1.0,2.1161368
Algoritmos y Programación,2526-2,1,anon_107,8,7,5.0,5.9711876
Algoritmos y Programación,2526-2,1,anon_108,8,7,1.0,1.0559695
Algoritmos y Programación,2526-2,1,anon_109,8,7,5.0,6.041065
Algoritmos y Programación,2526-2,1,anon_110,8,7,2.0,2.9941175
Algoritmos y Programación,2526-2,1,anon_111,8,7,2.0,1.9697661
Algoritmos y Programación,2526-2,1,anon_112,8,7,2.0,2.931823
Algoritmos y Programación,2526-2,1,anon_113,8,7,0.0,0.7520617
Algoritmos y Programación,2526-2,1,anon_114,8,7,4.0,4.88357
Algoritmos y Programación,2526-2,1,anon_115,8,7,1.0,1.8324456
Algoritmos y Programación,2526-2,1,anon_116,8,7,2.0,1.8001295
Algoritmos y Programación,2526-2,1,anon_117,8,7,1.0,0.7657861
Algoritmos y Programación,2526-3,1,anon_118,8,7,8.0,6.9212556
Algoritmos y Programación,2526-3,1,anon_119,8,7,0.0,0.66187274
Algoritmos y Programación,2526-3,1,anon_120,8,7,0.0,0.46981493
Algoritmos y Programación,2526-3,1,anon_121,8,7,2.0,0.64719003
Algoritmos y Programación,2526-3,1,anon_122,8,7,5.0,2.7680433
Algoritmos y Programación,2526-3,1,anon_123,8,7,4.0,2.714863
Algoritmos y Programación,2526-3,1,anon_124,8,7,3.0,1.686465
Algoritmos y Programación,2526-3,1,anon_125,8,7,1.0,1.6777983
Algoritmos y Programación,2526-3,1,anon_126,8,7,5.0,2.709513
Algoritmos y Programación,2526-3,1,anon_127,8,7,8.0,6.9942255
Algoritmos y Programación,2526-3,1,anon_128,8,7,2.0,2.7266738
Algoritmos y Programación,2526-3,1,anon_129,8,7,5.0,3.802809
Algoritmos y Programación,2526-3,1,anon_130,8,7,1.0,1.620017
Algoritmos y Programación,2526-3,1,anon_131,8,7,5.0,3.7652066
Algoritmos y Programación,2526-3,1,anon_132,8,7,8.0,7.0211425
Algoritmos y Programación,2526-3,1,anon_133,8,7,13.0,10.711054
Algoritmos y Programación,2526-3,1,anon_134,8,7,10.0,5.854138
Algoritmos y Programación,2526-3,1,anon_135,8,7,7.0,4.403348
Algoritmos y Programación,2526-3,1,anon_136,8,7,0.0,0.33034912
Algoritmos y Programación,2526-3,1,anon_137,8,7,4.0,4.748655
Algoritmos y Programación,2526-3,1,anon_138,8,7,4.0,1.4694518
Algoritmos y Programación,2526-3,1,anon_139,8,7,3.0,3.2881763
Algoritmos y Programación,2526-3,1,anon_140,8,7,10.0,7.7601843
Algoritmos y Programación,2526-3,1,anon_141,8,7,11.0,9.914035
Algoritmos y Programación,2526-3,1,anon_142,8,7,0.0,0.30054867
Algoritmos y Programación,2526-3,1,anon_143,8,7,15.0,12.092751
Algoritmos y Programación,2526-3,1,anon_144,8,7,3.0,1.2862194
Algoritmos y Programación,2526-3,1,anon_145,8,7,20.0,19.442165
Algoritmos y Programación,2526-3,1,anon_146,8,7,7.0,3.3361788
Algoritmos y Programación,2526-3,1,anon_147,8,7,6.0,3.2334378
Computación Emergente,2425-3,1,anon_148,4,7,1.0,2.2797785
Computación Emergente,2425-3,1,anon_149,4,7,5.0,2.2441044
Computación Emergente,2425-3,1,anon_150,4,7,4.0,2.207244
Computación Emergente,2425-3,1,anon_151,4,7,1.0,1.6772993
Computación Emergente,2425-3,1,anon_152,4,7,4.0,1.6337036
Computación Emergente,2425-3,1,anon_153,4,7,0.0,1.5895422
Computación Emergente,2425-3,1,anon_154,4,7,0.0,1.5448763
Computación Emergente,2425-3,1,anon_155,4,7,5.0,3.171968
Computación Emergente,2425-3,1,anon_156,4,7,0.0,1.9642947
Computación Emergente,2425-3,1,anon_157,4,7,2.0,1.9207916
Computación Emergente,2425-3,1,anon_158,4,7,0.0,1.876626
Computación Emergente,2425-3,1,anon_159,4,7,1.0,1.8318768
Computación Emergente,2425-3,1,anon_160,4,7,1.0,1.2697978
Computación Emergente,2425-3,1,anon_161,4,7,0.0,1.2233529
Computación Emergente,2425-3,1,anon_162,4,7,0.0,2.2966905
Computación Emergente,2425-3,1,anon_163,4,7,0.0,2.2556994
Computación Emergente,2425-3,1,anon_164,4,7,5.0,3.9424338
Computación Emergente,2425-3,1,anon_165,4,7,6.0,2.6999717
Computación Emergente,2425-3,1,anon_166,4,7,2.0,1.5088427
Computación Emergente,2425-3,1,anon_167,4,7,0.0,2.085259
Computación Emergente,2425-3,1,anon_168,4,7,5.0,3.2027662
Computación Emergente,2425-3,1,anon_169,4,7,0.0,1.3691092
Computación Emergente,2425-3,1,anon_170,4,7,0.0,1.9527036
Computación Emergente,2425-3,1,anon_171,4,7,3.0,2.4257693
Computación Emergente,2425-3,1,anon_172,4,7,0.0,1.2309276
Computación Emergente,2425-3,1,anon_173,4,7,6.0,3.542305
Computación Emergente,2425-3,1,anon_174,4,7,6.0,2.9014814
Computación Emergente,2425-3,1,anon_175,4,7,0.0,0.59711266
Computación Emergente,2425-3,1,anon_176,4,7,6.0,3.4034748
Computación Emergente,2425-3,1,anon_177,4,7,3.0,0.51541424
Computación Emergente,2425-3,1,anon_178,4,7,3.0,1.5937971
Computación Emergente,2425-3,1,anon_179,4,7,0.0,0.9203198
Computación Emergente,2425-3,1,anon_180,4,7,0.0,0.87765634
Computación Emergente,2425-3,1,anon_181,4,7,3.0,0.8354676
Computación Emergente,2425-3,1,anon_182,4,7,4.0,0.7937639
Computación Emergente,2425-3,1,anon_183,4,7,7.0,3.0789533
Computación Emergente,2425-3,1,anon_184,4,7,1.0,0.25129747
Computación Emergente,2425-3,1,anon_185,4,7,0.0,0.21645617
Computación Emergente,2425-3,2,anon_185,4,7,0.0,0.17662442
Computación Emergente,2425-3,2,anon_186,4,7,0.0,1.7508695
Computación Emergente,2425-3,2,anon_187,4,7,7.0,4.849018
Computación Emergente,2425-3,2,anon_188,4,7,0.0,1.6524686
Computación Emergente,2425-3,2,anon_189,4,7,2.0,2.1365402
Computación Emergente,2425-3,2,anon_190,4,7,0.0,1.5516728
Computación Emergente,2425-3,2,anon_191,4,7,0.0,1.5006204
Computación Emergente,2425-3,2,anon_192,4,7,5.0,3.8069475
Computación Emergente,2425-3,2,anon_193,4,7,0.0,1.9465272
Computación Emergente,2425-3,2,anon_194,4,7,1.0,1.3459699
Computación Emergente,2425-3,2,anon_195,4,7,0.0,1.2942207
Computación Emergente,2425-3,2,anon_196,4,7,1.0,1.2425143
Computación Emergente,2425-3,2,anon_197,4,7,0.0,1.1909314
Computación Emergente,2425-3,2,anon_198,4,7,2.0,1.1395507
Computación Emergente,2425-3,2,anon_199,4,7,1.0,2.800328
Computación Emergente,2425-3,2,anon_200,4,7,4.0,3.879522
Computación Emergente,2425-3,2,anon_201,4,7,0.0,1.5350164
Computación Emergente,2425-3,2,anon_202,4,7,1.0,1.4827527
Computación Emergente,2425-3,2,anon_203,4,7,0.0,0.8882065
Computación Emergente,2425-3,2,anon_204,4,7,3.0,3.7131634
Computación Emergente,2425-3,2,anon_205,4,7,0.0,1.3272738
Computación Emergente,2425-3,2,anon_206,4,7,1.0,1.9287692
Computación Emergente,2425-3,2,anon_207,4,7,0.0,0.69762766
Computación Emergente,2425-3,2,anon_208,4,7,1.0,1.8362362
Computación Emergente,2425-3,2,anon_209,4,7,1.0,1.1260917
Computación Emergente,2425-3,2,anon_210,4,7,0.0,1.0773497
Computación Emergente,2425-3,2,anon_211,4,7,0.0,1.0293392
Computación Emergente,2425-3,2,anon_212,4,7,0.0,0.47783542
Computación Emergente,2425-3,2,anon_213,4,7,1.0,1.6433336
Computación Emergente,2425-3,2,anon_214,4,7,0.0,0.39652264
Computación Emergente,2425-3,2,anon_215,4,7,0.0,0.35736
Computación Emergente,2425-3,2,anon_216,4,7,1.0,1.978417
Computación Emergente,2425-3,2,anon_217,4,7,0.0,0.2820573
Computación Emergente,2425-3,2,anon_218,4,7,1.0,1.4162763
Computación Emergente,2425-3,2,anon_219,4,7,2.0,0.21077609
Computación Emergente,2526-1,1,anon_174,4,7,0.0,1.3734851
Computación Emergente,2526-1,1,anon_205,4,7,0.0,1.0230625
Computación Emergente,2526-1,1,anon_212,4,7,1.0,1.6563683
Computación Emergente,2526-1,1,anon_220,4,7,1.0,3.6427438
Computación Emergente,2526-1,1,anon_221,4,7,13.0,8.689387
Computación Emergente,2526-1,1,anon_222,4,7,1.0,3.2206707
Computación Emergente,2526-1,1,anon_223,4,7,3.0,3.2348685
Computación Emergente,2526-1,1,anon_224,4,7,8.0,8.710229
Computación Emergente,2526-1,1,anon_225,4,7,1.0,3.385396
Computación Emergente,2526-1,1,anon_226,4,7,5.0,3.9770083
Computación Emergente,2526-1,1,anon_227,4,7,4.0,5.259574
Computación Emergente,2526-1,1,anon_228,4,7,15.0,9.673093
Computación Emergente,2526-1,1,anon_229,4,7,1.0,1.2672821
Computación Emergente,2526-1,1,anon_230,4,7,1.0,2.700623
Computación Emergente,2526-1,1,anon_231,4,7,4.0,5.3705482
Computación Emergente,2526-1,1,anon_232,4,7,8.0,6.7544203
Computación Emergente,2526-1,1,anon_233,4,7,0.0,1.2273734
Computación Emergente,2526-1,1,anon_234,4,7,5.0,7.8590956
Computación Emergente,2526-1,1,anon_235,4,7,13.0,4.8447323
Computación Emergente,2526-1,1,anon_236,4,7,2.0,0.9014453
Computación Emergente,2526-1,1,anon_237,4,7,13.0,7.3531613
Computación Emergente,2526-1,1,anon_238,4,7,0.0,0.6256285
Computación Emergente,2526-1,1,anon_239,4,7,1.0,1.9837394
Computación Emergente,2526-1,1,anon_240,4,7,0.0,0.5486804
Computación Emergente,2526-1,1,anon_241,4,7,0.0,0.6511712
Computación Emergente,2526-1,1,anon_242,4,7,1.0,1.8393252
Computación Emergente,2526-1,1,anon_243,4,7,0.0,0.5384917
Computación Emergente,2526-1,1,anon_244,4,7,0.0,0.40375435
Computación Emergente,2526-2,1,anon_174,4,7,0.0,1.3294486
Computación Emergente,2526-2,1,anon_222,4,7,0.0,1.0975947
Computación Emergente,2526-2,1,anon_244,4,7,0.0,0.27369916
Computación Emergente,2526-2,1,anon_245,4,7,1.0,3.7938175
Computación Emergente,2526-2,1,anon_246,4,7,0.0,1.1359277
Computación Emergente,2526-2,1,anon_247,4,7,6.0,4.8603525
Computación Emergente,2526-2,1,anon_248,4,7,0.0,1.023594
Computación Emergente,2526-2,1,anon_249,4,7,0.0,0.9879441
Computación Emergente,2526-2,1,anon_250,4,7,10.0,9.288908
Computación Emergente,2526-2,1,anon_251,4,7,2.0,4.9820814
Computación Emergente,2526-2,1,anon_252,4,7,9.0,10.960535
Computación Emergente,2526-2,1,anon_253,4,7,0.0,0.85439146
Computación Emergente,2526-2,1,anon_254,4,7,0.0,1.7443379
Computación Emergente,2526-2,1,anon_255,4,7,0.0,1.7070658
Computación Emergente,2526-2,1,anon_256,4,7,0.0,0.7634808
Computación Emergente,2526-2,1,anon_257,4,7,4.0,4.701374
Computación Emergente,2526-2,1,anon_258,4,7,1.0,1.6011837
Computación Emergente,2526-2,1,anon_259,4,7,0.0,1.567837
Computación Emergente,2526-2,1,anon_260,4,7,5.0,6.0825033
Computación Emergente,2526-2,1,anon_261,4,7,0.0,0.62749743
Computación Emergente,2526-2,1,anon_262,4,7,1.0,1.9883702
Computación Emergente,2526-2,1,anon_263,4,7,0.0,0.57746637
Computación Emergente,2526-2,1,anon_264,4,7,0.0,0.55314755
Computación Emergente,2526-2,1,anon_265,4,7,1.0,1.7945893
Computación Emergente,2526-2,1,anon_266,4,7,1.0,2.9323764
Computación Emergente,2526-2,1,anon_267,4,7,0.0,1.3019192
Computación Emergente,2526-2,1,anon_268,4,7,1.0,1.7692248
Computación Emergente,2526-2,1,anon_269,4,7,0.0,1.2471509
Computación Emergente,2526-2,1,anon_270,4,7,0.0,1.2196772
Computación Emergente,2526-2,1,anon_271,4,7,0.0,0.36679006
Computación Emergente,2526-2,1,anon_272,4,7,0.0,1.1640207
Computación Emergente,2526-2,1,anon_273,4,7,0.0,0.32047105
Computación Emergente,2526-2,1,anon_274,4,7,0.0,0.29714942
Computación Emergente,2526-2,1,anon_275,4,7,2.0,3.807681
Computación Emergente,2526-2,1,anon_276,4,7,3.0,4.111433
Computación Emergente,2526-2,1,anon_277,4,7,1.0,1.4559649
Computación Emergente,2526-2,1,anon_278,4,7,0.0,0.9550364
Computación Emergente,2526-2,1,anon_279,4,7,12.0,6.6542883
Computación Emergente,2526-2,1,anon_280,4,7,1.0,2.136485
Computación Emergente,2526-2,1,anon_281,4,7,3.0,1.8703476
Computación Emergente,2526-2,1,anon_282,4,7,0.0,0.82488155
Computación Emergente,2526-3,1,anon_174,4,7,0.0,0.45070332
Computación Emergente,2526-3,1,anon_283,4,7,3.0,2.6916625
Computación Emergente,2526-3,1,anon_284,4,7,21.0,15.761388
Computación Emergente,2526-3,1,anon_285,4,7,30.0,14.93551
Computación Emergente,2526-3,1,anon_286,4,7,18.0,14.686606
Computación Emergente,2526-3,1,anon_287,4,7,23.0,18.469168
Computación Emergente,2526-3,1,anon_288,4,7,24.0,14.890832
Computación Emergente,2526-3,1,anon_289,4,7,0.0,0.17170048
Computación Emergente,2526-3,1,anon_290,4,7,5.0,7.503395
Computación Emergente,2526-3,1,anon_291,4,7,0.0,1.1185137
Computación Emergente,2526-3,1,anon_292,4,7,6.0,7.5218334
Computación Emergente,2526-3,1,anon_293,4,7,0.0,0.53116095
Computación Emergente,2526-3,1,anon_294,4,7,0.0,0.5202558
Computación Emergente,2526-3,1,anon_295,4,7,3.0,1.0779475
Computación Emergente,2526-3,1,anon_296,4,7,0.0,0.5003491
Computación Emergente,2526-3,1,anon_297,4,7,16.0,14.98949
Computación Emergente,2526-3,1,anon_298,4,7,6.0,9.836539
Computación Emergente,2526-3,1,anon_299,4,7,0.0,0.47573924
Computación Emergente,2526-3,1,anon_300,4,7,27.0,17.637785
Computación Emergente,2526-3,1,anon_301,4,7,12.0,8.242452
Computación Emergente,2526-3,1,anon_302,4,7,0.0,0.043249726
Computación Emergente,2526-3,1,anon_303,4,7,9.0,11.14738
Computación Emergente,2526-3,1,anon_304,4,7,0.0,1.0131967
Computación Emergente,2526-3,1,anon_305,4,7,12.0,16.697788
Computación Emergente,2526-3,1,anon_306,4,7,11.0,6.6629767
Computación Emergente,2526-3,1,anon_307,4,7,0.0,0.4460705
Computación Emergente,2526-3,1,anon_308,4,7,9.0,11.819134
Computación Emergente,2526-3,1,anon_309,4,7,2.0,0.44846636
Computación Emergente,2526-3,1,anon_310,4,7,8.0,13.846283
Computación Emergente,2526-3,1,anon_311,4,7,0.0,0.4532944
Computación Emergente,2526-3,1,anon_312,4,7,7.0,7.98464
Computación Emergente,2526-3,1,anon_313,4,7,1.0,2.116312
Computación Emergente,2526-3,1,anon_314,4,7,1.0,1.0828075
Computación Emergente,2526-3,1,anon_315,4,7,1.0,1.7312152
Computación Emergente,2526-3,1,anon_316,4,7,11.0,13.603654
Computación Emergente,2526-3,1,anon_317,4,7,0.0,1.0772619
Computación Emergente,2526-3,1,anon_318,4,7,0.0,-0.0368011
Computación Emergente,2526-3,1,anon_319,4,7,22.0,8.255735
Computación Emergente,2526-3,1,anon_320,4,7,3.0,1.1545726
Computación Emergente,2526-3,1,anon_321,4,7,3.0,5.9011927
Computación Emergente,2425-3,1,anon_148,6,7,1.0,2.3646636
Computación Emergente,2425-3,1,anon_149,6,7,5.0,2.304432
Computación Emergente,2425-3,1,anon_150,6,7,4.0,2.243747
Computación Emergente,2425-3,1,anon_151,6,7,1.0,0.2575916
Computación Emergente,2425-3,1,anon_152,6,7,4.0,1.306589
Computación Emergente,2425-3,1,anon_153,6,7,0.0,0.1492095
Computación Emergente,2425-3,1,anon_154,6,7,0.0,0.09588587
Computación Emergente,2425-3,1,anon_155,6,7,5.0,3.3902333
Computación Emergente,2425-3,1,anon_156,6,7,0.0,0.7580565
Computación Emergente,2425-3,1,anon_157,6,7,2.0,0.69818205
Computación Emergente,2425-3,1,anon_158,6,7,0.0,0.638837
Computación Emergente,2425-3,1,anon_159,6,7,1.0,1.6946846
Computación Emergente,2425-3,1,anon_160,6,7,1.0,0.8940458
Computación Emergente,2425-3,1,anon_161,6,7,0.0,-0.25308406
Computación Emergente,2425-3,1,anon_162,6,7,0.0,1.3742647
Computación Emergente,2425-3,1,anon_163,6,7,0.0,1.3086145
Computación Emergente,2425-3,1,anon_164,6,7,5.0,4.2796583
Computación Emergente,2425-3,1,anon_165,6,7,6.0,2.732908
Computación Emergente,2425-3,1,anon_166,6,7,2.0,0.19415164
Computación Emergente,2425-3,1,anon_167,6,7,0.0,1.0527153
Computación Emergente,2425-3,1,anon_168,6,7,5.0,3.5485177
Computación Emergente,2425-3,1,anon_169,6,7,0.0,0.04602492
Computación Emergente,2425-3,1,anon_170,6,7,0.0,0.87132263
Computación Emergente,2425-3,1,anon_171,6,7,3.0,2.3993044
Computación Emergente,2425-3,1,anon_172,6,7,0.0,-0.09015238
Computación Emergente,2425-3,1,anon_173,6,7,6.0,3.7353814
Computación Emergente,2425-3,1,anon_174,6,7,6.0,3.1372857
Computación Emergente,2425-3,1,anon_175,6,7,0.0,-0.7643442
Computación Emergente,2425-3,1,anon_176,6,7,6.0,3.560523
Computación Emergente,2425-3,1,anon_177,6,7,3.0,-0.81624293
Computación Emergente,2425-3,1,anon_178,6,7,3.0,1.5513734
Computación Emergente,2425-3,1,anon_179,6,7,0.0,-0.36288667
Computación Emergente,2425-3,1,anon_180,6,7,0.0,-0.39728713
Computación Emergente,2425-3,1,anon_181,6,7,3.0,-0.43071318
Computación Emergente,2425-3,1,anon_182,6,7,4.0,-0.46322513
Computación Emergente,2425-3,1,anon_183,6,7,7.0,3.171939
Computación Emergente,2425-3,1,anon_184,6,7,1.0,0.07752538
Computación Emergente,2425-3,1,anon_185,6,7,0.0,-0.98650146
Computación Emergente,2425-3,2,anon_185,6,7,0.0,-1.2175789
Computación Emergente,2425-3,2,anon_186,6,7,0.0,0.24904859
Computación Emergente,2425-3,2,anon_187,6,7,7.0,6.966487
Computación Emergente,2425-3,2,anon_188,6,7,0.0,0.12582326
Computación Emergente,2425-3,2,anon_189,6,7,2.0,1.9911841
Computación Emergente,2425-3,2,anon_190,6,7,0.0,0.0044915676
Computación Emergente,2425-3,2,anon_191,6,7,0.0,-0.05529678
Computación Emergente,2425-3,2,anon_192,6,7,5.0,3.70726
Computación Emergente,2425-3,2,anon_193,6,7,0.0,0.6084987
Computación Emergente,2425-3,2,anon_194,6,7,1.0,-0.23026061
Computación Emergente,2425-3,2,anon_195,6,7,0.0,-0.2868514
Computación Emergente,2425-3,2,anon_196,6,7,1.0,0.74504125
Computación Emergente,2425-3,2,anon_197,6,7,0.0,-0.39694357
Computación Emergente,2425-3,2,anon_198,6,7,2.0,-0.45027947
Computación Emergente,2425-3,2,anon_199,6,7,1.0,1.5515512
Computación Emergente,2425-3,2,anon_200,6,7,4.0,4.0592937
Computación Emergente,2425-3,2,anon_201,6,7,0.0,0.05649197
Computación Emergente,2425-3,2,anon_202,6,7,1.0,1.1601486
Computación Emergente,2425-3,2,anon_203,6,7,0.0,-0.6966846
Computación Emergente,2425-3,2,anon_204,6,7,3.0,2.5925915
Computación Emergente,2425-3,2,anon_205,6,7,0.0,-0.1900512
Computación Emergente,2425-3,2,anon_206,6,7,1.0,0.44280982
Computación Emergente,2425-3,2,anon_207,6,7,0.0,-0.8654175
Computación Emergente,2425-3,2,anon_208,6,7,1.0,0.3563614
Computación Emergente,2425-3,2,anon_209,6,7,1.0,-0.40950942
Computación Emergente,2425-3,2,anon_210,6,7,0.0,-0.45964813
Computación Emergente,2425-3,2,anon_211,6,7,0.0,-0.5077946
Computación Emergente,2425-3,2,anon_212,6,7,0.0,-1.0362229
Computación Emergente,2425-3,2,anon_213,6,7,1.0,0.1979878
Computación Emergente,2425-3,2,anon_214,6,7,0.0,-1.091773
Computación Emergente,2425-3,2,anon_215,6,7,0.0,-1.1168768
Computación Emergente,2425-3,2,anon_216,6,7,1.0,0.5707855
Computación Emergente,2425-3,2,anon_217,6,7,0.0,-1.1619456
Computación Emergente,2425-3,2,anon_218,6,7,1.0,0.029183626
Computación Emergente,2425-3,2,anon_219,6,7,2.0,-1.2005382
Computación Emergente,2526-1,1,anon_174,6,7,0.0,0.7730895
Computación Emergente,2526-1,1,anon_205,6,7,0.0,0.6637819
Computación Emergente,2526-1,1,anon_212,6,7,1.0,1.6901497
Computación Emergente,2526-1,1,anon_220,6,7,1.0,3.1724927
Computación Emergente,2526-1,1,anon_221,6,7,13.0,10.074817
Computación Emergente,2526-1,1,anon_222,6,7,1.0,2.919475
Computación Emergente,2526-1,1,anon_223,6,7,3.0,5.255802
Computación Emergente,2526-1,1,anon_224,6,7,8.0,8.833513
Computación Emergente,2526-1,1,anon_225,6,7,1.0,2.6698866
Computación Emergente,2526-1,1,anon_226,6,7,5.0,4.9252014
Computación Emergente,2526-1,1,anon_227,6,7,4.0,5.079549
Computación Emergente,2526-1,1,anon_228,6,7,15.0,12.113556
Computación Emergente,2526-1,1,anon_229,6,7,1.0,2.1171463
Computación Emergente,2526-1,1,anon_230,6,7,1.0,2.26437
Computación Emergente,2526-1,1,anon_231,6,7,4.0,4.6339283
Computación Emergente,2526-1,1,anon_232,6,7,8.0,9.237808
Computación Emergente,2526-1,1,anon_233,6,7,0.0,0.80902565
Computación Emergente,2526-1,1,anon_234,6,7,5.0,7.340669
Computación Emergente,2526-1,1,anon_235,6,7,13.0,6.486419
Computación Emergente,2526-1,1,anon_236,6,7,2.0,0.58519477
Computación Emergente,2526-1,1,anon_237,6,7,13.0,9.037739
Computación Emergente,2526-1,1,anon_238,6,7,0.0,0.5813402
Computación Emergente,2526-1,1,anon_239,6,7,1.0,1.6904185
Computación Emergente,2526-1,1,anon_240,6,7,0.0,0.54905486
Computación Emergente,2526-1,1,anon_241,6,7,0.0,0.45089906
Computación Emergente,2526-1,1,anon_242,6,7,1.0,1.6219153
Computación Emergente,2526-1,1,anon_243,6,7,0.0,0.41167748
Computación Emergente,2526-1,1,anon_244,6,7,0.0,0.5197575
Computación Emergente,2526-2,1,anon_174,6,7,0.0,1.2528846
Computación Emergente,2526-2,1,anon_222,6,7,0.0,0.8891859
Computación Emergente,2526-2,1,anon_244,6,7,0.0,0.42956996
Computación Emergente,2526-2,1,anon_245,6,7,1.0,3.020695
Computación Emergente,2526-2,1,anon_246,6,7,0.0,0.90702146
Computación Emergente,2526-2,1,anon_247,6,7,6.0,6.058236
Computación Emergente,2526-2,1,anon_248,6,7,0.0,0.85524535
Computación Emergente,2526-2,1,anon_249,6,7,0.0,0.839118
Computación Emergente,2526-2,1,anon_250,6,7,10.0,10.238937
Computación Emergente,2526-2,1,anon_251,6,7,2.0,4.415279
Computación Emergente,2526-2,1,anon_252,6,7,9.0,11.801096
Computación Emergente,2526-2,1,anon_253,6,7,0.0,0.7796437
Computación Emergente,2526-2,1,anon_254,6,7,0.0,1.3784598
Computación Emergente,2526-2,1,anon_255,6,7,0.0,1.3660797
Computación Emergente,2526-2,1,anon_256,6,7,0.0,0.7390936
Computación Emergente,2526-2,1,anon_257,6,7,4.0,5.5168147
Computación Emergente,2526-2,1,anon_258,6,7,1.0,2.4430237
Computación Emergente,2526-2,1,anon_259,6,7,0.0,1.324845
Computación Emergente,2526-2,1,anon_260,6,7,5.0,6.143487
Computación Emergente,2526-2,1,anon_261,6,7,0.0,0.67412955
Computación Emergente,2526-2,1,anon_262,6,7,1.0,1.9818597
Computación Emergente,2526-2,1,anon_263,6,7,0.0,0.6473301
Computación Emergente,2526-2,1,anon_264,6,7,0.0,0.6334748
Computación Emergente,2526-2,1,anon_265,6,7,1.0,1.899761
Computación Emergente,2526-2,1,anon_266,6,7,1.0,2.676868
Computación Emergente,2526-2,1,anon_267,6,7,0.0,1.2414279
Computación Emergente,2526-2,1,anon_268,6,7,1.0,1.8291298
Computación Emergente,2526-2,1,anon_269,6,7,0.0,1.2151837
Computación Emergente,2526-2,1,anon_270,6,7,0.0,1.200218
Computación Emergente,2526-2,1,anon_271,6,7,0.0,0.50582707
Computación Emergente,2526-2,1,anon_272,6,7,0.0,1.1663567
Computación Emergente,2526-2,1,anon_273,6,7,0.0,0.46866083
Computación Emergente,2526-2,1,anon_274,6,7,0.0,0.44934106
Computación Emergente,2526-2,1,anon_275,6,7,2.0,3.681254
Computación Emergente,2526-2,1,anon_276,6,7,3.0,4.0961485
Computación Emergente,2526-2,1,anon_277,6,7,1.0,1.5675727
Computación Emergente,2526-2,1,anon_278,6,7,0.0,1.0089061
Computación Emergente,2526-2,1,anon_279,6,7,12.0,7.6665606
Computación Emergente,2526-2,1,anon_280,6,7,1.0,2.187001
Computación Emergente,2526-2,1,anon_281,6,7,3.0,1.6410334
Computación Emergente,2526-2,1,anon_282,6,7,0.0,0.8988243
Computación Emergente,2526-3,1,anon_174,6,7,0.0,0.16111857
Computación Emergente,2526-3,1,anon_283,6,7,3.0,2.4935243
Computación Emergente,2526-3,1,anon_284,6,7,21.0,15.15211
Computación Emergente,2526-3,1,anon_285,6,7,30.0,16.548182
Computación Emergente,2526-3,1,anon_286,6,7,18.0,12.985251
Computación Emergente,2526-3,1,anon_287,6,7,23.0,19.277468
Computación Emergente,2526-3,1,anon_288,6,7,24.0,13.866605
Computación Emergente,2526-3,1,anon_289,6,7,0.0,-0.046724558
Computación Emergente,2526-3,1,anon_290,6,7,5.0,6.4852695
Computación Emergente,2526-3,1,anon_291,6,7,0.0,0.38533324
Computación Emergente,2526-3,1,anon_292,6,7,6.0,7.6588364
Computación Emergente,2526-3,1,anon_293,6,7,0.0,0.13262671
Computación Emergente,2526-3,1,anon_294,6,7,0.0,0.13000959
Computación Emergente,2526-3,1,anon_295,6,7,3.0,0.36833864
Computación Emergente,2526-3,1,anon_296,6,7,0.0,0.12741876
Computación Emergente,2526-3,1,anon_297,6,7,16.0,13.918754
Computación Emergente,2526-3,1,anon_298,6,7,6.0,7.9201555
Computación Emergente,2526-3,1,anon_299,6,7,0.0,0.1310888
Computación Emergente,2526-3,1,anon_300,6,7,27.0,18.420565
Computación Emergente,2526-3,1,anon_301,6,7,12.0,7.7387753
Computación Emergente,2526-3,1,anon_302,6,7,0.0,-0.085487306
Computación Emergente,2526-3,1,anon_303,6,7,9.0,10.000428
Computación Emergente,2526-3,1,anon_304,6,7,0.0,0.382876
Computación Emergente,2526-3,1,anon_305,6,7,12.0,15.316276
Computación Emergente,2526-3,1,anon_306,6,7,11.0,6.950473
Computación Emergente,2526-3,1,anon_307,6,7,0.0,0.20759648
Computación Emergente,2526-3,1,anon_308,6,7,9.0,10.567413
Computación Emergente,2526-3,1,anon_309,6,7,2.0,0.23664683
Computación Emergente,2526-3,1,anon_310,6,7,8.0,12.0608015
Computación Emergente,2526-3,1,anon_311,6,7,0.0,0.2676552
Computación Emergente,2526-3,1,anon_312,6,7,7.0,7.0955257
Computación Emergente,2526-3,1,anon_313,6,7,1.0,1.71328
Computación Emergente,2526-3,1,anon_314,6,7,1.0,1.1004272
Computación Emergente,2526-3,1,anon_315,6,7,1.0,1.6430979
Computación Emergente,2526-3,1,anon_316,6,7,11.0,11.322997
Computación Emergente,2526-3,1,anon_317,6,7,0.0,0.67917365
Computación Emergente,2526-3,1,anon_318,6,7,0.0,-0.054202378
Computación Emergente,2526-3,1,anon_319,6,7,22.0,8.881399
Computación Emergente,2526-3,1,anon_320,6,7,3.0,1.1067041
Computación Emergente,2526-3,1,anon_321,6,7,3.0,4.617693
Computación Emergente,2425-3,1,anon_148,8,7,1.0,0.85441613
Computación Emergente,2425-3,1,anon_149,8,7,5.0,1.9196026
Computación Emergente,2425-3,1,anon_150,8,7,4.0,0.82491934
Computación Emergente,2425-3,1,anon_151,8,7,1.0,0.7640632
Computación Emergente,2425-3,1,anon_152,8,7,4.0,0.76013845
Computación Emergente,2425-3,1,anon_153,8,7,0.0,-0.29632622
Computación Emergente,2425-3,1,anon_154,8,7,0.0,-0.2991498
Computación Emergente,2425-3,1,anon_155,8,7,5.0,1.7716234
Computación Emergente,2425-3,1,anon_156,8,7,0.0,-0.29603678
Computación Emergente,2425-3,1,anon_157,8,7,2.0,-0.3049057
Computación Emergente,2425-3,1,anon_158,8,7,0.0,-0.31303185
Computación Emergente,2425-3,1,anon_159,8,7,1.0,0.72576565
Computación Emergente,2425-3,1,anon_160,8,7,1.0,0.77508366
Computación Emergente,2425-3,1,anon_161,8,7,0.0,-0.29003876
Computación Emergente,2425-3,1,anon_162,8,7,0.0,-0.17812443
Computación Emergente,2425-3,1,anon_163,8,7,0.0,-0.18886995
Computación Emergente,2425-3,1,anon_164,8,7,5.0,3.8199792
Computación Emergente,2425-3,1,anon_165,8,7,6.0,2.804327
Computación Emergente,2425-3,1,anon_166,8,7,2.0,0.70621926
Computación Emergente,2425-3,1,anon_167,8,7,0.0,-0.22639704
Computación Emergente,2425-3,1,anon_168,8,7,5.0,2.8623009
Computación Emergente,2425-3,1,anon_169,8,7,0.0,-0.34030038
Computación Emergente,2425-3,1,anon_170,8,7,0.0,-0.24847835
Computación Emergente,2425-3,1,anon_171,8,7,3.0,1.7664182
Computación Emergente,2425-3,1,anon_172,8,7,0.0,-0.32299095
Computación Emergente,2425-3,1,anon_173,8,7,6.0,3.927731
Computación Emergente,2425-3,1,anon_174,8,7,6.0,2.823324
Computación Emergente,2425-3,1,anon_175,8,7,0.0,-0.19121069
Computación Emergente,2425-3,1,anon_176,8,7,6.0,4.012129
Computación Emergente,2425-3,1,anon_177,8,7,3.0,-0.17916524
Computación Emergente,2425-3,1,anon_178,8,7,3.0,1.7931406
Computación Emergente,2425-3,1,anon_179,8,7,0.0,-0.25180477
Computación Emergente,2425-3,1,anon_180,8,7,0.0,-0.24102753
Computación Emergente,2425-3,1,anon_181,8,7,3.0,-0.23074079
Computación Emergente,2425-3,1,anon_182,8,7,4.0,0.8607206
Computación Emergente,2425-3,1,anon_183,8,7,7.0,4.174302
Computación Emergente,2425-3,1,anon_184,8,7,1.0,0.9746136
Computación Emergente,2425-3,1,anon_185,8,7,0.0,-0.14930195
Computación Emergente,2425-3,2,anon_185,8,7,0.0,-0.34479636
Computación Emergente,2425-3,2,anon_186,8,7,0.0,-0.3897274
Computación Emergente,2425-3,2,anon_187,8,7,7.0,5.1429453
Computación Emergente,2425-3,2,anon_188,8,7,0.0,-0.40078527
Computación Emergente,2425-3,2,anon_189,8,7,2.0,1.7199316
Computación Emergente,2425-3,2,anon_190,8,7,0.0,-0.40936226
Computación Emergente,2425-3,2,anon_191,8,7,0.0,-0.41269904
Computación Emergente,2425-3,2,anon_192,8,7,5.0,2.677345
Computación Emergente,2425-3,2,anon_193,8,7,0.0,-0.4000656
Computación Emergente,2425-3,2,anon_194,8,7,1.0,-0.41893488
Computación Emergente,2425-3,2,anon_195,8,7,0.0,-0.419805
Computación Emergente,2425-3,2,anon_196,8,7,1.0,0.62780136
Computación Emergente,2425-3,2,anon_197,8,7,0.0,-0.41990083
Computación Emergente,2425-3,2,anon_198,8,7,2.0,0.62841994
Computación Emergente,2425-3,2,anon_199,8,7,1.0,0.59462184
Computación Emergente,2425-3,2,anon_200,8,7,4.0,2.672731
Computación Emergente,2425-3,2,anon_201,8,7,0.0,-0.42491728
Computación Emergente,2425-3,2,anon_202,8,7,1.0,0.6131967
Computación Emergente,2425-3,2,anon_203,8,7,0.0,-0.4100935
Computación Emergente,2425-3,2,anon_204,8,7,3.0,1.6332126
Computación Emergente,2425-3,2,anon_205,8,7,0.0,-0.4173544
Computación Emergente,2425-3,2,anon_206,8,7,1.0,0.6391577
Computación Emergente,2425-3,2,anon_207,8,7,0.0,-0.39840811
Computación Emergente,2425-3,2,anon_208,8,7,1.0,0.6485819
Computación Emergente,2425-3,2,anon_209,8,7,1.0,0.6585794
Computación Emergente,2425-3,2,anon_210,8,7,0.0,-0.38906354
Computación Emergente,2425-3,2,anon_211,8,7,0.0,-0.38160723
Computación Emergente,2425-3,2,anon_212,8,7,0.0,-0.38051862
Computación Emergente,2425-3,2,anon_213,8,7,1.0,0.66376156
Computación Emergente,2425-3,2,anon_214,8,7,0.0,-0.37243384
Computación Emergente,2425-3,2,anon_215,8,7,0.0,-0.3681826
Computación Emergente,2425-3,2,anon_216,8,7,1.0,0.70628446
Computación Emergente,2425-3,2,anon_217,8,7,0.0,-0.35925084
Computación Emergente,2425-3,2,anon_218,8,7,1.0,0.70188314
Computación Emergente,2425-3,2,anon_219,8,7,2.0,0.7333289
Computación Emergente,2526-1,1,anon_174,8,7,0.0,0.025432885
Computación Emergente,2526-1,1,anon_205,8,7,0.0,0.019690752
Computación Emergente,2526-1,1,anon_212,8,7,1.0,1.0658648
Computación Emergente,2526-1,1,anon_220,8,7,1.0,2.5271995
Computación Emergente,2526-1,1,anon_221,8,7,13.0,12.221237
Computación Emergente,2526-1,1,anon_222,8,7,1.0,2.315117
Computación Emergente,2526-1,1,anon_223,8,7,3.0,4.559122
Computación Emergente,2526-1,1,anon_224,8,7,8.0,8.486553
Computación Emergente,2526-1,1,anon_225,8,7,1.0,1.6116735
Computación Emergente,2526-1,1,anon_226,8,7,5.0,5.418125
Computación Emergente,2526-1,1,anon_227,8,7,4.0,5.3557415
Computación Emergente,2526-1,1,anon_228,8,7,15.0,14.326383
Computación Emergente,2526-1,1,anon_229,8,7,1.0,1.6244175
Computación Emergente,2526-1,1,anon_230,8,7,1.0,1.5363715
Computación Emergente,2526-1,1,anon_231,8,7,4.0,4.5898542
Computación Emergente,2526-1,1,anon_232,8,7,8.0,9.140951
Computación Emergente,2526-1,1,anon_233,8,7,0.0,0.10860783
Computación Emergente,2526-1,1,anon_234,8,7,5.0,6.0439405
Computación Emergente,2526-1,1,anon_235,8,7,13.0,11.069572
Computación Emergente,2526-1,1,anon_236,8,7,2.0,1.0489769
Computación Emergente,2526-1,1,anon_237,8,7,13.0,11.343702
Computación Emergente,2526-1,1,anon_238,8,7,0.0,0.0424034
Computación Emergente,2526-1,1,anon_239,8,7,1.0,1.0222535
Computación Emergente,2526-1,1,anon_240,8,7,0.0,0.0051816106
Computación Emergente,2526-1,1,anon_241,8,7,0.0,-0.10395396
Computación Emergente,2526-1,1,anon_242,8,7,1.0,0.9850493
Computación Emergente,2526-1,1,anon_243,8,7,0.0,-0.12596267
Computación Emergente,2526-1,1,anon_244,8,7,0.0,-0.044995785
Computación Emergente,2526-2,1,anon_174,8,7,0.0,-0.123392284
Computación Emergente,2526-2,1,anon_222,8,7,0.0,-0.30454487
Computación Emergente,2526-2,1,anon_244,8,7,0.0,-0.17927307
Computación Emergente,2526-2,1,anon_245,8,7,1.0,0.942208
Computación Emergente,2526-2,1,anon_246,8,7,0.0,-0.30030328
Computación Emergente,2526-2,1,anon_247,8,7,6.0,5.221349
Computación Emergente,2526-2,1,anon_248,8,7,0.0,-0.3109979
Computación Emergente,2526-2,1,anon_249,8,7,0.0,-0.3132053
Computación Emergente,2526-2,1,anon_250,8,7,10.0,8.177596
Computación Emergente,2526-2,1,anon_251,8,7,2.0,2.0566308
Computación Emergente,2526-2,1,anon_252,8,7,9.0,9.638281
Computación Emergente,2526-2,1,anon_253,8,7,0.0,-0.31521815
Computación Emergente,2526-2,1,anon_254,8,7,0.0,-0.22729665
Computación Emergente,2526-2,1,anon_255,8,7,0.0,-0.22603554
Computación Emergente,2526-2,1,anon_256,8,7,0.0,-0.3096463
Computación Emergente,2526-2,1,anon_257,8,7,4.0,3.1487358
Computación Emergente,2526-2,1,anon_258,8,7,1.0,0.85212106
Computación Emergente,2526-2,1,anon_259,8,7,0.0,-0.21018285
Computación Emergente,2526-2,1,anon_260,8,7,5.0,4.167386
Computación Emergente,2526-2,1,anon_261,8,7,0.0,-0.28793997
Computación Emergente,2526-2,1,anon_262,8,7,1.0,0.80563587
Computación Emergente,2526-2,1,anon_263,8,7,0.0,-0.27560955
Computación Emergente,2526-2,1,anon_264,8,7,0.0,-0.26884216
Computación Emergente,2526-2,1,anon_265,8,7,1.0,0.8230006
Computación Emergente,2526-2,1,anon_266,8,7,1.0,0.97736806
Computación Emergente,2526-2,1,anon_267,8,7,0.0,-0.10815054
Computación Emergente,2526-2,1,anon_268,8,7,1.0,0.8445013
Computación Emergente,2526-2,1,anon_269,8,7,0.0,-0.076070786
Computación Emergente,2526-2,1,anon_270,8,7,0.0,-0.059582055
Computación Emergente,2526-2,1,anon_271,8,7,0.0,-0.20808834
Computación Emergente,2526-2,1,anon_272,8,7,0.0,-0.02659738
Computación Emergente,2526-2,1,anon_273,8,7,0.0,-0.19323057
Computación Emergente,2526-2,1,anon_274,8,7,0.0,-0.18612272
Computación Emergente,2526-2,1,anon_275,8,7,2.0,2.227865
Computación Emergente,2526-2,1,anon_276,8,7,3.0,3.0309682
Computación Emergente,2526-2,1,anon_277,8,7,1.0,0.8943727
Computación Emergente,2526-2,1,anon_278,8,7,0.0,0.074419916
Computación Emergente,2526-2,1,anon_279,8,7,12.0,9.362301
Computación Emergente,2526-2,1,anon_280,8,7,1.0,1.1727685
Computación Emergente,2526-2,1,anon_281,8,7,3.0,3.3047147
Computación Emergente,2526-2,1,anon_282,8,7,0.0,0.11576003
Computación Emergente,2526-3,1,anon_174,8,7,0.0,0.035092235
Computación Emergente,2526-3,1,anon_283,8,7,3.0,3.4904335
Computación Emergente,2526-3,1,anon_284,8,7,21.0,17.646576
Computación Emergente,2526-3,1,anon_285,8,7,30.0,23.838707
Computación Emergente,2526-3,1,anon_286,8,7,18.0,17.619953
Computación Emergente,2526-3,1,anon_287,8,7,23.0,22.241558
Computación Emergente,2526-3,1,anon_288,8,7,24.0,18.887861
Computación Emergente,2526-3,1,anon_289,8,7,0.0,-0.013507843
Computación Emergente,2526-3,1,anon_290,8,7,5.0,6.0066648
Computación Emergente,2526-3,1,anon_291,8,7,0.0,0.05071038
Computación Emergente,2526-3,1,anon_292,8,7,6.0,7.732745
Computación Emergente,2526-3,1,anon_293,8,7,0.0,0.013069749
Computación Emergente,2526-3,1,anon_294,8,7,0.0,0.010842502
Computación Emergente,2526-3,1,anon_295,8,7,3.0,2.1261175
Computación Emergente,2526-3,1,anon_296,8,7,0.0,0.0084738135
Computación Emergente,2526-3,1,anon_297,8,7,16.0,16.922228
Computación Emergente,2526-3,1,anon_298,8,7,6.0,7.806394
Computación Emergente,2526-3,1,anon_299,8,7,0.0,0.010967076
Computación Emergente,2526-3,1,anon_300,8,7,27.0,21.267822
Computación Emergente,2526-3,1,anon_301,8,7,12.0,9.421058
Computación Emergente,2526-3,1,anon_302,8,7,0.0,-0.013696492
Computación Emergente,2526-3,1,anon_303,8,7,9.0,11.483551
Computación Emergente,2526-3,1,anon_304,8,7,0.0,-0.013467252
Computación Emergente,2526-3,1,anon_305,8,7,12.0,15.051943
Computación Emergente,2526-3,1,anon_306,8,7,11.0,10.041167
Computación Emergente,2526-3,1,anon_307,8,7,0.0,0.07486731
Computación Emergente,2526-3,1,anon_308,8,7,9.0,11.29326
Computación Emergente,2526-3,1,anon_309,8,7,2.0,2.2196505
Computación Emergente,2526-3,1,anon_310,8,7,8.0,10.25376
Computación Emergente,2526-3,1,anon_311,8,7,0.0,0.12935597
Computación Emergente,2526-3,1,anon_312,8,7,7.0,7.88588
Computación Emergente,2526-3,1,anon_313,8,7,1.0,1.4171386
Computación Emergente,2526-3,1,anon_314,8,7,1.0,1.152389
Computación Emergente,2526-3,1,anon_315,8,7,1.0,1.4204051
Computación Emergente,2526-3,1,anon_316,8,7,11.0,11.465704
Computación Emergente,2526-3,1,anon_317,8,7,0.0,0.12581971
Computación Emergente,2526-3,1,anon_318,8,7,0.0,0.028458595
Computación Emergente,2526-3,1,anon_319,8,7,22.0,16.16499
Computación Emergente,2526-3,1,anon_320,8,7,3.0,2.1740968
Computación Emergente,2526-3,1,anon_321,8,7,3.0,3.8981357
Estructura de Datos,2425-3,2,anon_011,4,7,0.0,2.8520997
Estructura de Datos,2425-3,2,anon_037,4,7,3.0,6.3050737
Estructura de Datos,2425-3,2,anon_050,4,7,1.0,3.652389
Estructura de Datos,2425-3,2,anon_052,4,7,7.0,9.193344
Estructura de Datos,2425-3,2,anon_055,4,7,1.0,3.7174425
Estructura de Datos,2425-3,2,anon_301,4,7,15.0,11.206997
Estructura de Datos,2425-3,2,anon_322,4,7,36.0,9.212848
Estructura de Datos,2425-3,2,anon_323,4,7,27.0,9.296467
Estructura de Datos,2425-3,2,anon_324,4,7,0.0,2.6832354
Estructura de Datos,2425-3,2,anon_325,4,7,3.0,6.1763296
Estructura de Datos,2425-3,2,anon_326,4,7,0.0,2.9668744
Estructura de Datos,2425-3,2,anon_327,4,7,11.0,7.16716
Estructura de Datos,2425-3,2,anon_328,4,7,18.0,10.447182
Estructura de Datos,2425-3,2,anon_329,4,7,21.0,14.537685
Estructura de Datos,2425-3,2,anon_330,4,7,13.0,15.546997
Estructura de Datos,2425-3,2,anon_331,4,7,0.0,2.6812367
Estructura de Datos,2425-3,2,anon_332,4,7,0.0,2.4626682
Estructura de Datos,2425-3,2,anon_333,4,7,2.0,3.3845143
Estructura de Datos,2425-3,2,anon_334,4,7,3.0,3.8773794
Estructura de Datos,2425-3,2,anon_335,4,7,1.0,2.2033722
Estructura de Datos,2425-3,2,anon_336,4,7,3.0,6.171124
Estructura de Datos,2425-3,2,anon_337,4,7,2.0,4.548957
Estructura de Datos,2425-3,2,anon_338,4,7,0.0,2.465683
Estructura de Datos,2425-3,2,anon_339,4,7,2.0,3.7622232
Estructura de Datos,2425-3,2,anon_340,4,7,0.0,2.6111941
Estructura de Datos,2425-3,2,anon_341,4,7,0.0,2.3851404
Estructura de Datos,2425-3,2,anon_342,4,7,1.0,2.1708431
Estructura de Datos,2425-3,2,anon_343,4,7,4.0,5.8335
Estructura de Datos,2425-3,2,anon_344,4,7,0.0,1.9001422
Estructura de Datos,2425-3,2,anon_345,4,7,7.0,4.6162276
Estructura de Datos,2526-1,2,anon_012,4,7,0.0,2.2340548
Estructura de Datos,2526-1,2,anon_060,4,7,2.0,1.6857677
Estructura de Datos,2526-1,2,anon_324,4,7,0.0,1.6111677
Estructura de Datos,2526-1,2,anon_333,4,7,0.0,0.30440235
Estructura de Datos,2526-1,2,anon_336,4,7,21.0,4.3218713
Estructura de Datos,2526-1,2,anon_342,4,7,4.0,5.3294454
Estructura de Datos,2526-1,2,anon_346,4,7,0.0,3.9734776
Estructura de Datos,2526-1,2,anon_347,4,7,1.0,3.3581994
Estructura de Datos,2526-1,2,anon_348,4,7,0.0,3.2027183
Estructura de Datos,2526-1,2,anon_349,4,7,0.0,3.5338383
Estructura de Datos,2526-1,2,anon_350,4,7,3.0,4.3462434
Estructura de Datos,2526-1,2,anon_351,4,7,6.0,2.591482
Estructura de Datos,2526-1,2,anon_352,4,7,0.0,0.73422885
Estructura de Datos,2526-1,2,anon_353,4,7,2.0,5.9864893
Estructura de Datos,2526-1,2,anon_354,4,7,0.0,2.158771
Estructura de Datos,2526-1,2,anon_355,4,7,0.0,2.0218186
Estructura de Datos,2526-1,2,anon_356,4,7,0.0,1.8891102
Estructura de Datos,2526-1,2,anon_357,4,7,0.0,1.0500085
Estructura de Datos,2526-1,2,anon_358,4,7,5.0,4.7978277
Estructura de Datos,2526-1,2,anon_359,4,7,0.0,0.7921169
Estructura de Datos,2526-1,2,anon_360,4,7,0.0,1.0987732
Estructura de Datos,2526-1,2,anon_361,4,7,0.0,0.6488478
Estructura de Datos,2526-1,2,anon_362,4,7,0.0,0.27518296
Estructura de Datos,2526-1,2,anon_363,4,7,1.0,2.6490347
Estructura de Datos,2526-1,2,anon_364,4,7,23.0,5.214792
Estructura de Datos,2526-1,2,anon_365,4,7,0.0,0.382648
Estructura de Datos,2526-1,2,anon_366,4,7,6.0,6.17541
Estructura de Datos,2526-1,2,anon_367,4,7,14.0,5.5484304
Estructura de Datos,2526-1,2,anon_368,4,7,2.0,3.9849157
Estructura de Datos,2526-1,2,anon_369,4,7,2.0,2.1911726
Estructura de Datos,2526-2,2,anon_031,4,7,3.0,3.2917635
Estructura de Datos,2526-2,2,anon_064,4,7,0.0,0.10913825
Estructura de Datos,2526-2,2,anon_067,4,7,7.0,2.1662898
Estructura de Datos,2526-2,2,anon_077,4,7,0.0,0.21566701
Estructura de Datos,2526-2,2,anon_080,4,7,14.0,5.4618435
Estructura de Datos,2526-2,2,anon_087,4,7,0.0,0.33680892
Estructura de Datos,2526-2,2,anon_205,4,7,0.0,0.36586142
Estructura de Datos,2526-2,2,anon_347,4,7,9.0,3.3479311
Estructura de Datos,2526-2,2,anon_355,4,7,0.0,0.1651144
Estructura de Datos,2526-2,2,anon_360,4,7,0.0,0.23865747
Estructura de Datos,2526-2,2,anon_370,4,7,44.0,26.710175
Estructura de Datos,2526-2,2,anon_371,4,7,9.0,0.09124446
Estructura de Datos,2526-2,2,anon_372,4,7,4.0,0.23794389
Estructura de Datos,2526-2,2,anon_373,4,7,2.0,0.1467669
Estructura de Datos,2526-2,2,anon_374,4,7,9.0,0.12660551
Estructura de Datos,2526-2,2,anon_375,4,7,0.0,0.18946338
Estructura de Datos,2526-2,2,anon_376,4,7,3.0,3.3476143
Estructura de Datos,2526-2,2,anon_377,4,7,8.0,0.40288877
Estructura de Datos,2526-3,2,anon_004,4,7,7.0,1.9894179
Estructura de Datos,2526-3,2,anon_007,4,7,0.0,1.3509611
Estructura de Datos,2526-3,2,anon_081,4,7,2.0,4.400176
Estructura de Datos,2526-3,2,anon_087,4,7,2.0,2.9570665
Estructura de Datos,2526-3,2,anon_324,4,7,0.0,1.0671976
Estructura de Datos,2526-3,2,anon_326,4,7,12.0,5.146526
Estructura de Datos,2526-3,2,anon_339,4,7,0.0,0.38656306
Estructura de Datos,2526-3,2,anon_341,4,7,0.0,0.25918674
Estructura de Datos,2526-3,2,anon_349,4,7,6.0,8.8730545
Estructura de Datos,2526-3,2,anon_356,4,7,0.0,0.89154625
Estructura de Datos,2526-3,2,anon_362,4,7,15.0,11.226628
Estructura de Datos,2526-3,2,anon_363,4,7,11.0,1.545744
Estructura de Datos,2526-3,2,anon_365,4,7,24.0,16.275177
Estructura de Datos,2526-3,2,anon_372,4,7,10.0,9.1838255
Estructura de Datos,2526-3,2,anon_375,4,7,4.0,7.823147
Estructura de Datos,2526-3,2,anon_378,4,7,2.0,3.6986678
Estructura de Datos,2526-3,2,anon_379,4,7,19.0,19.169174
Estructura de Datos,2526-3,2,anon_380,4,7,3.0,1.1950624
Estructura de Datos,2526-3,2,anon_381,4,7,4.0,7.7387567
Estructura de Datos,2526-3,2,anon_382,4,7,2.0,4.555504
Estructura de Datos,2526-3,2,anon_383,4,7,3.0,4.6275444
Estructura de Datos,2526-3,2,anon_384,4,7,2.0,1.3371513
Estructura de Datos,2526-3,2,anon_385,4,7,0.0,0.42993236
Estructura de Datos,2526-3,2,anon_386,4,7,2.0,4.487978
Estructura de Datos,2526-3,2,anon_387,4,7,4.0,8.699827
Estructura de Datos,2526-3,2,anon_388,4,7,10.0,10.028189
Estructura de Datos,2526-3,2,anon_389,4,7,0.0,0.36587572
Estructura de Datos,2526-3,2,anon_390,4,7,0.0,0.24485707
Estructura de Datos,2526-3,2,anon_391,4,7,1.0,2.3722377
Estructura de Datos,2526-3,2,anon_392,4,7,0.0,0.1182704
Estructura de Datos,2425-3,2,anon_011,6,7,0.0,1.3389698
Estructura de Datos,2425-3,2,anon_037,6,7,3.0,5.4479904
Estructura de Datos,2425-3,2,anon_050,6,7,1.0,2.2468545
Estructura de Datos,2425-3,2,anon_052,6,7,7.0,9.771186
Estructura de Datos,2425-3,2,anon_055,6,7,1.0,2.2521367
Estructura de Datos,2425-3,2,anon_301,6,7,15.0,15.207765
Estructura de Datos,2425-3,2,anon_322,6,7,36.0,14.025233
Estructura de Datos,2425-3,2,anon_323,6,7,27.0,14.149174
Estructura de Datos,2425-3,2,anon_324,6,7,0.0,1.0032883
Estructura de Datos,2425-3,2,anon_325,6,7,3.0,5.24983
Estructura de Datos,2425-3,2,anon_326,6,7,0.0,1.5171154
Estructura de Datos,2425-3,2,anon_327,6,7,11.0,7.616449
Estructura de Datos,2425-3,2,anon_328,6,7,18.0,11.268955
Estructura de Datos,2425-3,2,anon_329,6,7,21.0,19.20969
Estructura de Datos,2425-3,2,anon_330,6,7,13.0,17.038227
Estructura de Datos,2425-3,2,anon_331,6,7,0.0,1.0727789
Estructura de Datos,2425-3,2,anon_332,6,7,0.0,0.83932567
Estructura de Datos,2425-3,2,anon_333,6,7,2.0,2.030793
Estructura de Datos,2425-3,2,anon_334,6,7,3.0,2.5056052
Estructura de Datos,2425-3,2,anon_335,6,7,1.0,1.9242792
Estructura de Datos,2425-3,2,anon_336,6,7,3.0,5.150692
Estructura de Datos,2425-3,2,anon_337,6,7,2.0,3.5031757
Estructura de Datos,2425-3,2,anon_338,6,7,0.0,0.8986676
Estructura de Datos,2425-3,2,anon_339,6,7,2.0,2.3648913
Estructura de Datos,2425-3,2,anon_340,6,7,0.0,1.0350635
Estructura de Datos,2425-3,2,anon_341,6,7,0.0,0.8478546
Estructura de Datos,2425-3,2,anon_342,6,7,1.0,0.7177068
Estructura de Datos,2425-3,2,anon_343,6,7,4.0,4.808444
Estructura de Datos,2425-3,2,anon_344,6,7,0.0,0.57057583
Estructura de Datos,2425-3,2,anon_345,6,7,7.0,6.620134
Estructura de Datos,2526-1,2,anon_012,6,7,0.0,1.1408871
Estructura de Datos,2526-1,2,anon_060,6,7,2.0,2.4889464
Estructura de Datos,2526-1,2,anon_324,6,7,0.0,0.40330017
Estructura de Datos,2526-1,2,anon_333,6,7,0.0,-0.23256564
Estructura de Datos,2526-1,2,anon_336,6,7,21.0,4.644099
Estructura de Datos,2526-1,2,anon_342,6,7,4.0,5.722031
Estructura de Datos,2526-1,2,anon_346,6,7,0.0,2.9765837
Estructura de Datos,2526-1,2,anon_347,6,7,1.0,2.2648144
Estructura de Datos,2526-1,2,anon_348,6,7,0.0,2.102046
Estructura de Datos,2526-1,2,anon_349,6,7,0.0,2.487465
Estructura de Datos,2526-1,2,anon_350,6,7,3.0,2.705461
Estructura de Datos,2526-1,2,anon_351,6,7,6.0,1.4855578
Estructura de Datos,2526-1,2,anon_352,6,7,0.0,-0.17551446
Estructura de Datos,2526-1,2,anon_353,6,7,2.0,4.694585
Estructura de Datos,2526-1,2,anon_354,6,7,0.0,1.0761801
Estructura de Datos,2526-1,2,anon_355,6,7,0.0,0.9523846
Estructura de Datos,2526-1,2,anon_356,6,7,0.0,0.835547
Estructura de Datos,2526-1,2,anon_357,6,7,0.0,0.2257204
Estructura de Datos,2526-1,2,anon_358,6,7,5.0,7.6766825
Estructura de Datos,2526-1,2,anon_359,6,7,0.0,0.12587237
Estructura de Datos,2526-1,2,anon_360,6,7,0.0,0.2345674
Estructura de Datos,2526-1,2,anon_361,6,7,0.0,0.09981918
Estructura de Datos,2526-1,2,anon_362,6,7,0.0,0.025328398
Estructura de Datos,2526-1,2,anon_363,6,7,1.0,1.5694882
Estructura de Datos,2526-1,2,anon_364,6,7,23.0,14.701683
Estructura de Datos,2526-1,2,anon_365,6,7,0.0,0.15360975
Estructura de Datos,2526-1,2,anon_366,6,7,6.0,8.545804
Estructura de Datos,2526-1,2,anon_367,6,7,14.0,11.71212
Estructura de Datos,2526-1,2,anon_368,6,7,2.0,2.899501
Estructura de Datos,2526-1,2,anon_369,6,7,2.0,1.2387278
Estructura de Datos,2526-2,2,anon_031,6,7,3.0,2.921717
Estructura de Datos,2526-2,2,anon_064,6,7,0.0,-0.20561743
Estructura de Datos,2526-2,2,anon_067,6,7,7.0,2.8280358
Estructura de Datos,2526-2,2,anon_077,6,7,0.0,-0.19898772
Estructura de Datos,2526-2,2,anon_080,6,7,14.0,8.862377
Estructura de Datos,2526-2,2,anon_087,6,7,0.0,-0.14487123
Estructura de Datos,2526-2,2,anon_205,6,7,0.0,-0.058716536
Estructura de Datos,2526-2,2,anon_347,6,7,9.0,6.9545126
Estructura de Datos,2526-2,2,anon_355,6,7,0.0,-0.19525385
Estructura de Datos,2526-2,2,anon_360,6,7,0.0,-0.16138649
Estructura de Datos,2526-2,2,anon_370,6,7,44.0,32.44963
Estructura de Datos,2526-2,2,anon_371,6,7,9.0,3.8300264
Estructura de Datos,2526-2,2,anon_372,6,7,4.0,3.8369083
Estructura de Datos,2526-2,2,anon_373,6,7,2.0,-0.20197058
Estructura de Datos,2526-2,2,anon_374,6,7,9.0,-0.23696518
Estructura de Datos,2526-2,2,anon_375,6,7,0.0,-0.21093535
Estructura de Datos,2526-2,2,anon_376,6,7,3.0,2.8717413
Estructura de Datos,2526-2,2,anon_377,6,7,8.0,1.8820901
Estructura de Datos,2526-3,2,anon_004,6,7,7.0,5.1686435
Estructura de Datos,2526-3,2,anon_007,6,7,0.0,0.51654756
Estructura de Datos,2526-3,2,anon_081,6,7,2.0,2.9202695
Estructura de Datos,2526-3,2,anon_087,6,7,2.0,2.82061
Estructura de Datos,2526-3,2,anon_324,6,7,0.0,0.28512514
Estructura de Datos,2526-3,2,anon_326,6,7,12.0,8.639304
Estructura de Datos,2526-3,2,anon_339,6,7,0.0,-0.05486703
Estructura de Datos,2526-3,2,anon_341,6,7,0.0,-0.02105689
Estructura de Datos,2526-3,2,anon_349,6,7,6.0,11.919487
Estructura de Datos,2526-3,2,anon_356,6,7,0.0,0.12296653
Estructura de Datos,2526-3,2,anon_362,6,7,15.0,12.612864
Estructura de Datos,2526-3,2,anon_363,6,7,11.0,5.6661773
Estructura de Datos,2526-3,2,anon_365,6,7,24.0,19.749828
Estructura de Datos,2526-3,2,anon_372,6,7,10.0,14.6173725
Estructura de Datos,2526-3,2,anon_375,6,7,4.0,6.9767838
Estructura de Datos,2526-3,2,anon_378,6,7,2.0,3.8702393
Estructura de Datos,2526-3,2,anon_379,6,7,19.0,21.737354
Estructura de Datos,2526-3,2,anon_380,6,7,3.0,0.37651742
Estructura de Datos,2526-3,2,anon_381,6,7,4.0,7.931153
Estructura de Datos,2526-3,2,anon_382,6,7,2.0,3.7558177
Estructura de Datos,2526-3,2,anon_383,6,7,3.0,5.1109943
Estructura de Datos,2526-3,2,anon_384,6,7,2.0,0.470325
Estructura de Datos,2526-3,2,anon_385,6,7,0.0,-0.10009408
Estructura de Datos,2526-3,2,anon_386,6,7,2.0,3.495998
Estructura de Datos,2526-3,2,anon_387,6,7,4.0,6.7222624
Estructura de Datos,2526-3,2,anon_388,6,7,10.0,9.853238
Estructura de Datos,2526-3,2,anon_389,6,7,0.0,0.18485034
Estructura de Datos,2526-3,2,anon_390,6,7,0.0,-0.0014386177
Estructura de Datos,2526-3,2,anon_391,6,7,1.0,1.4241828
Estructura de Datos,2526-3,2,anon_392,6,7,0.0,0.069405556
Estructura de Datos,2425-3,2,anon_011,8,7,0.0,1.2904891
Estructura de Datos,2425-3,2,anon_037,8,7,3.0,5.168262
Estructura de Datos,2425-3,2,anon_050,8,7,1.0,1.8107487
Estructura de Datos,2425-3,2,anon_052,8,7,7.0,8.809417
Estructura de Datos,2425-3,2,anon_055,8,7,1.0,1.8691938
Estructura de Datos,2425-3,2,anon_301,8,7,15.0,14.580073
Estructura de Datos,2425-3,2,anon_322,8,7,36.0,17.309566
Estructura de Datos,2425-3,2,anon_323,8,7,27.0,16.311813
Estructura de Datos,2425-3,2,anon_324,8,7,0.0,0.98511046
Estructura de Datos,2425-3,2,anon_325,8,7,3.0,4.8119173
Estructura de Datos,2425-3,2,anon_326,8,7,0.0,1.508283
Estructura de Datos,2425-3,2,anon_327,8,7,11.0,9.082233
Estructura de Datos,2425-3,2,anon_328,8,7,18.0,10.455866
Estructura de Datos,2425-3,2,anon_329,8,7,21.0,17.656183
Estructura de Datos,2425-3,2,anon_330,8,7,13.0,15.733507
Estructura de Datos,2425-3,2,anon_331,8,7,0.0,0.99317676
Estructura de Datos,2425-3,2,anon_332,8,7,0.0,0.7076126
Estructura de Datos,2425-3,2,anon_333,8,7,2.0,2.8011723
Estructura de Datos,2425-3,2,anon_334,8,7,3.0,3.304675
Estructura de Datos,2425-3,2,anon_335,8,7,1.0,1.6413611
Estructura de Datos,2425-3,2,anon_336,8,7,3.0,4.735616
Estructura de Datos,2425-3,2,anon_337,8,7,2.0,2.901554
Estructura de Datos,2425-3,2,anon_338,8,7,0.0,0.6541505
Estructura de Datos,2425-3,2,anon_339,8,7,2.0,3.0820267
Estructura de Datos,2425-3,2,anon_340,8,7,0.0,0.8128639
Estructura de Datos,2425-3,2,anon_341,8,7,0.0,0.53946257
Estructura de Datos,2425-3,2,anon_342,8,7,1.0,0.3705325
Estructura de Datos,2425-3,2,anon_343,8,7,4.0,4.023276
Estructura de Datos,2425-3,2,anon_344,8,7,0.0,0.17057753
Estructura de Datos,2425-3,2,anon_345,8,7,7.0,6.0074186
Estructura de Datos,2526-1,2,anon_012,8,7,0.0,0.5889262
Estructura de Datos,2526-1,2,anon_060,8,7,2.0,2.9953127
Estructura de Datos,2526-1,2,anon_324,8,7,0.0,-0.2561996
Estructura de Datos,2526-1,2,anon_333,8,7,0.0,0.10762739
Estructura de Datos,2526-1,2,anon_336,8,7,21.0,6.501603
Estructura de Datos,2526-1,2,anon_342,8,7,4.0,5.6123805
Estructura de Datos,2526-1,2,anon_346,8,7,0.0,1.4764467
Estructura de Datos,2526-1,2,anon_347,8,7,1.0,1.8194346
Estructura de Datos,2526-1,2,anon_348,8,7,0.0,0.60304344
Estructura de Datos,2526-1,2,anon_349,8,7,0.0,1.2413013
Estructura de Datos,2526-1,2,anon_350,8,7,3.0,1.0424643
Estructura de Datos,2526-1,2,anon_351,8,7,6.0,0.38608086
Estructura de Datos,2526-1,2,anon_352,8,7,0.0,-0.14980662
Estructura de Datos,2526-1,2,anon_353,8,7,2.0,3.2783644
Estructura de Datos,2526-1,2,anon_354,8,7,0.0,0.2510712
Estructura de Datos,2526-1,2,anon_355,8,7,0.0,0.21157944
Estructura de Datos,2526-1,2,anon_356,8,7,0.0,0.17512631
Estructura de Datos,2526-1,2,anon_357,8,7,0.0,-0.10394883
Estructura de Datos,2526-1,2,anon_358,8,7,5.0,6.2038565
Estructura de Datos,2526-1,2,anon_359,8,7,0.0,-0.0035402775
Estructura de Datos,2526-1,2,anon_360,8,7,0.0,0.032957673
Estructura de Datos,2526-1,2,anon_361,8,7,0.0,0.10530865
Estructura de Datos,2526-1,2,anon_362,8,7,0.0,0.3949027
Estructura de Datos,2526-1,2,anon_363,8,7,1.0,1.0936533
Estructura de Datos,2526-1,2,anon_364,8,7,23.0,18.50603
Estructura de Datos,2526-1,2,anon_365,8,7,0.0,0.52889967
Estructura de Datos,2526-1,2,anon_366,8,7,6.0,7.063076
Estructura de Datos,2526-1,2,anon_367,8,7,14.0,11.504122
Estructura de Datos,2526-1,2,anon_368,8,7,2.0,2.3920507
Estructura de Datos,2526-1,2,anon_369,8,7,2.0,0.99683
Estructura de Datos,2526-2,2,anon_031,8,7,3.0,2.9262438
Estructura de Datos,2526-2,2,anon_064,8,7,0.0,-0.16537547
Estructura de Datos,2526-2,2,anon_067,8,7,7.0,2.857726
Estructura de Datos,2526-2,2,anon_077,8,7,0.0,-0.1502943
Estructura de Datos,2526-2,2,anon_080,8,7,14.0,8.910413
Estructura de Datos,2526-2,2,anon_087,8,7,0.0,-0.104724884
Estructura de Datos,2526-2,2,anon_205,8,7,0.0,-0.012462616
Estructura de Datos,2526-2,2,anon_347,8,7,9.0,6.962255
Estructura de Datos,2526-2,2,anon_355,8,7,0.0,-0.14887667
Estructura de Datos,2526-2,2,anon_360,8,7,0.0,-0.1120559
Estructura de Datos,2526-2,2,anon_370,8,7,44.0,36.18828
Estructura de Datos,2526-2,2,anon_371,8,7,9.0,3.862093
Estructura de Datos,2526-2,2,anon_372,8,7,4.0,3.9162514
Estructura de Datos,2526-2,2,anon_373,8,7,2.0,0.8256439
Estructura de Datos,2526-2,2,anon_374,8,7,9.0,-0.19129825
Estructura de Datos,2526-2,2,anon_375,8,7,0.0,-0.16243672
Estructura de Datos,2526-2,2,anon_376,8,7,3.0,2.9045897
Estructura de Datos,2526-2,2,anon_377,8,7,8.0,1.9598303
Estructura de Datos,2526-3,2,anon_004,8,7,7.0,4.418904
Estructura de Datos,2526-3,2,anon_007,8,7,0.0,0.32474113
Estructura de Datos,2526-3,2,anon_081,8,7,2.0,2.0502949
Estructura de Datos,2526-3,2,anon_087,8,7,2.0,2.437814
Estructura de Datos,2526-3,2,anon_324,8,7,0.0,0.030551553
Estructura de Datos,2526-3,2,anon_326,8,7,12.0,14.9199915
Estructura de Datos,2526-3,2,anon_339,8,7,0.0,-0.20238686
Estructura de Datos,2526-3,2,anon_341,8,7,0.0,-0.15961444
Estructura de Datos,2526-3,2,anon_349,8,7,6.0,14.883097
Estructura de Datos,2526-3,2,anon_356,8,7,0.0,-0.091949105
Estructura de Datos,2526-3,2,anon_362,8,7,15.0,13.537446
Estructura de Datos,2526-3,2,anon_363,8,7,11.0,8.660516
Estructura de Datos,2526-3,2,anon_365,8,7,24.0,21.353506
Estructura de Datos,2526-3,2,anon_372,8,7,10.0,12.188855
Estructura de Datos,2526-3,2,anon_375,8,7,4.0,5.621116
Estructura de Datos,2526-3,2,anon_378,8,7,2.0,2.451179
Estructura de Datos,2526-3,2,anon_379,8,7,19.0,18.53141
Estructura de Datos,2526-3,2,anon_380,8,7,3.0,0.42822564
Estructura de Datos,2526-3,2,anon_381,8,7,4.0,5.2349906
Estructura de Datos,2526-3,2,anon_382,8,7,2.0,2.3372083
Estructura de Datos,2526-3,2,anon_383,8,7,3.0,4.3814054
Estructura de Datos,2526-3,2,anon_384,8,7,2.0,5.072316
Estructura de Datos,2526-3,2,anon_385,8,7,0.0,-0.22925806
Estructura de Datos,2526-3,2,anon_386,8,7,2.0,2.8314617
Estructura de Datos,2526-3,2,anon_387,8,7,4.0,4.388341
Estructura de Datos,2526-3,2,anon_388,8,7,10.0,14.335445
Estructura de Datos,2526-3,2,anon_389,8,7,0.0,0.12212324
Estructura de Datos,2526-3,2,anon_390,8,7,0.0,-0.19697118
Estructura de Datos,2526-3,2,anon_391,8,7,1.0,0.8562995
Estructura de Datos,2526-3,2,anon_392,8,7,0.0,-0.17249763
Matemáticas Discretas,2526-2,1,anon_md_2526_2_1_001,4,7,9.0,6.963271
Matemáticas Discretas,2526-2,1,anon_md_2526_2_1_002,4,7,12.0,4.925722
Matemáticas Discretas,2526-2,1,anon_md_2526_2_1_003,4,7,3.0,4.9195056
Matemáticas Discretas,2526-2,1,anon_md_2526_2_1_004,4,7,3.0,5.794036
Matemáticas Discretas,2526-2,1,anon_md_2526_2_1_005,4,7,9.0,5.056223
Matemáticas Discretas,2526-2,1,anon_md_2526_2_1_006,4,7,2.0,3.9640875
Matemáticas Discretas,2526-2,1,anon_md_2526_2_1_007,4,7,11.0,6.862014
Matemáticas Discretas,2526-2,1,anon_md_2526_2_1_008,4,7,2.0,5.044372
Matemáticas Discretas,2526-2,1,anon_md_2526_2_1_009,4,7,1.0,3.863829
Matemáticas Discretas,2526-2,1,anon_md_2526_2_1_010,4,7,1.0,4.085394
Matemáticas Discretas,2526-2,1,anon_md_2526_2_1_011,4,7,3.0,3.8431458
Matemáticas Discretas,2526-2,1,anon_md_2526_2_1_012,4,7,8.0,5.804408
Matemáticas Discretas,2526-2,1,anon_md_2526_2_1_013,4,7,5.0,5.7953987
Matemáticas Discretas,2526-2,1,anon_md_2526_2_1_014,4,7,9.0,5.704897
Matemáticas Discretas,2526-2,1,anon_md_2526_2_1_015,4,7,12.0,7.751433
Matemáticas Discretas,2526-2,1,anon_md_2526_2_1_016,4,7,2.0,4.8959026
Matemáticas Discretas,2526-2,1,anon_md_2526_2_1_017,4,7,11.0,5.755864
Matemáticas Discretas,2526-2,1,anon_md_2526_2_1_018,4,7,8.0,4.0146356
Matemáticas Discretas,2526-2,1,anon_md_2526_2_1_019,4,7,1.0,3.744227
Matemáticas Discretas,2526-2,1,anon_md_2526_2_1_020,4,7,0.0,2.7511146
Matemáticas Discretas,2526-2,1,anon_md_2526_2_1_021,4,7,0.0,2.735452
Matemáticas Discretas,2526-2,1,anon_md_2526_2_1_022,4,7,11.0,6.7579637
Matemáticas Discretas,2526-2,1,anon_md_2526_2_1_023,4,7,3.0,3.8678365
Matemáticas Discretas,2526-2,1,anon_md_2526_2_1_024,4,7,5.0,5.6741714
Matemáticas Discretas,2526-2,1,anon_md_2526_2_1_025,4,7,1.0,3.6560137
Matemáticas Discretas,2526-2,1,anon_md_2526_2_1_026,4,7,1.0,3.640415
Matemáticas Discretas,2526-2,1,anon_md_2526_2_1_027,4,7,8.0,5.542506
Matemáticas Discretas,2526-2,1,anon_md_2526_2_1_028,4,7,8.0,3.7964137
Matemáticas Discretas,2526-2,1,anon_md_2526_2_1_029,4,7,1.0,3.5923882
Matemáticas Discretas,2526-2,1,anon_md_2526_2_1_030,4,7,1.0,3.6700752
Matemáticas Discretas,2526-2,1,anon_md_2526_2_1_031,4,7,1.0,3.5594802
Matemáticas Discretas,2526-2,1,anon_md_2526_2_1_032,4,7,1.0,3.82857
Matemáticas Discretas,2526-2,1,anon_md_2526_2_1_033,4,7,1.0,3.8126812
Matemáticas Discretas,2526-2,1,anon_md_2526_2_1_034,4,7,0.0,2.70109
Matemáticas Discretas,2526-2,1,anon_md_2526_2_1_035,4,7,8.0,3.6835172
Matemáticas Discretas,2526-2,2,anon_md_2526_2_2_001,4,7,5.0,4.450501
Matemáticas Discretas,2526-2,2,anon_md_2526_2_2_002,4,7,8.0,4.534732
Matemáticas Discretas,2526-2,2,anon_md_2526_2_2_003,4,7,0.0,2.2232645
Matemáticas Discretas,2526-2,2,anon_md_2526_2_2_004,4,7,6.0,4.336543
Matemáticas Discretas,2526-2,2,anon_md_2526_2_2_005,4,7,4.0,5.4227457
Matemáticas Discretas,2526-2,2,anon_md_2526_2_2_006,4,7,9.0,5.262582
Matemáticas Discretas,2526-2,2,anon_md_2526_2_2_007,4,7,3.0,3.328267
Matemáticas Discretas,2526-2,2,anon_md_2526_2_2_008,4,7,5.0,6.4184303
Matemáticas Discretas,2526-2,2,anon_md_2526_2_2_009,4,7,1.0,3.2394326
Matemáticas Discretas,2526-2,2,anon_md_2526_2_2_010,4,7,0.0,2.2026243
Matemáticas Discretas,2526-2,2,anon_md_2526_2_2_011,4,7,5.0,3.2109432
Matemáticas Discretas,2526-2,2,anon_md_2526_2_2_012,4,7,10.0,3.230884
Matemáticas Discretas,2526-2,2,anon_md_2526_2_2_013,4,7,1.0,3.2205431
Matemáticas Discretas,2526-2,2,anon_md_2526_2_2_014,4,7,2.0,3.222419
Matemáticas Discretas,2526-2,2,anon_md_2526_2_2_015,4,7,0.0,2.212348
Matemáticas Discretas,2526-2,2,anon_md_2526_2_2_016,4,7,10.0,4.2889633
Matemáticas Discretas,2526-2,2,anon_md_2526_2_2_017,4,7,2.0,3.237864
Matemáticas Discretas,2526-2,2,anon_md_2526_2_2_018,4,7,1.0,3.2437537
Matemáticas Discretas,2526-2,2,anon_md_2526_2_2_019,4,7,3.0,5.3013215
Matemáticas Discretas,2526-2,2,anon_md_2526_2_2_020,4,7,3.0,5.297122
Matemáticas Discretas,2526-2,2,anon_md_2526_2_2_021,4,7,8.0,6.2877436
Matemáticas Discretas,2526-3,1,anon_md_2526_3_1_001,4,7,13.0,5.062334
Matemáticas Discretas,2526-3,1,anon_md_2526_3_1_002,4,7,0.0,3.4289746
Matemáticas Discretas,2526-3,1,anon_md_2526_3_1_003,4,7,4.0,3.6948931
Matemáticas Discretas,2526-3,1,anon_md_2526_3_1_004,4,7,2.0,3.331827
Matemáticas Discretas,2526-3,1,anon_md_2526_3_1_005,4,7,3.0,3.621684
Matemáticas Discretas,2526-3,1,anon_md_2526_3_1_006,4,7,2.0,3.7542415
Matemáticas Discretas,2526-3,1,anon_md_2526_3_1_007,4,7,0.0,1.6657251
Matemáticas Discretas,2526-3,1,anon_md_2526_3_1_008,4,7,12.0,8.514479
Matemáticas Discretas,2526-3,1,anon_md_2526_3_1_009,4,7,1.0,1.4965825
Matemáticas Discretas,2526-3,1,anon_md_2526_3_1_010,4,7,8.0,5.126479
Matemáticas Discretas,2526-3,1,anon_md_2526_3_1_011,4,7,4.0,1.3288462
Matemáticas Discretas,2526-3,1,anon_md_2526_3_1_012,4,7,10.0,8.326878
Matemáticas Discretas,2526-3,1,anon_md_2526_3_1_013,4,7,0.0,3.2619815
Matemáticas Discretas,2526-3,1,anon_md_2526_3_1_014,4,7,0.0,1.984885
Matemáticas Discretas,2526-3,1,anon_md_2526_3_1_015,4,7,0.0,2.664666
Matemáticas Discretas,2526-3,1,anon_md_2526_3_1_016,4,7,0.0,3.1036015
Matemáticas Discretas,2526-3,1,anon_md_2526_3_1_017,4,7,0.0,0.8490596
Matemáticas Discretas,2526-3,1,anon_md_2526_3_1_018,4,7,9.0,3.3090475
Matemáticas Discretas,2526-3,1,anon_md_2526_3_1_019,4,7,0.0,1.5896367
Matemáticas Discretas,2526-3,1,anon_md_2526_3_1_020,4,7,0.0,1.512385
Matemáticas Discretas,2526-3,1,anon_md_2526_3_1_021,4,7,13.0,8.571684
Matemáticas Discretas,2526-3,1,anon_md_2526_3_1_022,4,7,11.0,6.889604
Matemáticas Discretas,2526-3,1,anon_md_2526_3_1_023,4,7,0.0,3.0788026
Matemáticas Discretas,2526-3,1,anon_md_2526_3_1_024,4,7,0.0,2.0296357
Matemáticas Discretas,2526-3,1,anon_md_2526_3_1_025,4,7,6.0,5.292407
Matemáticas Discretas,2526-3,1,anon_md_2526_3_1_026,4,7,1.0,0.24662304
Matemáticas Discretas,2526-3,1,anon_md_2526_3_1_027,4,7,4.0,2.4556627
Matemáticas Discretas,2526-3,1,anon_md_2526_3_1_028,4,7,2.0,2.8305464
Matemáticas Discretas,2526-3,1,anon_md_2526_3_1_029,4,7,0.0,2.3305268
Matemáticas Discretas,2526-3,1,anon_md_2526_3_1_030,4,7,5.0,2.7267213
Matemáticas Discretas,2526-3,1,anon_md_2526_3_1_031,4,7,4.0,1.5406157
Matemáticas Discretas,2526-2,1,anon_md_2526_2_1_001,6,7,9.0,6.2061844
Matemáticas Discretas,2526-2,1,anon_md_2526_2_1_002,6,7,12.0,7.0325627
Matemáticas Discretas,2526-2,1,anon_md_2526_2_1_003,6,7,3.0,4.1039705
Matemáticas Discretas,2526-2,1,anon_md_2526_2_1_004,6,7,3.0,5.0660486
Matemáticas Discretas,2526-2,1,anon_md_2526_2_1_005,6,7,9.0,7.151281
Matemáticas Discretas,2526-2,1,anon_md_2526_2_1_006,6,7,2.0,3.143424
Matemáticas Discretas,2526-2,1,anon_md_2526_2_1_007,6,7,11.0,7.0705557
Matemáticas Discretas,2526-2,1,anon_md_2526_2_1_008,6,7,2.0,4.2377234
Matemáticas Discretas,2526-2,1,anon_md_2526_2_1_009,6,7,1.0,3.058694
Matemáticas Discretas,2526-2,1,anon_md_2526_2_1_010,6,7,1.0,3.2430756
Matemáticas Discretas,2526-2,1,anon_md_2526_2_1_011,6,7,3.0,3.0365505
Matemáticas Discretas,2526-2,1,anon_md_2526_2_1_012,6,7,8.0,6.961746
Matemáticas Discretas,2526-2,1,anon_md_2526_2_1_013,6,7,5.0,5.0022254
Matemáticas Discretas,2526-2,1,anon_md_2526_2_1_014,6,7,9.0,5.905976
Matemáticas Discretas,2526-2,1,anon_md_2526_2_1_015,6,7,12.0,9.926351
Matemáticas Discretas,2526-2,1,anon_md_2526_2_1_016,6,7,2.0,4.05276
Matemáticas Discretas,2526-2,1,anon_md_2526_2_1_017,6,7,11.0,6.9097033
Matemáticas Discretas,2526-2,1,anon_md_2526_2_1_018,6,7,8.0,6.0909886
Matemáticas Discretas,2526-2,1,anon_md_2526_2_1_019,6,7,1.0,2.9280572
Matemáticas Discretas,2526-2,1,anon_md_2526_2_1_020,6,7,0.0,1.9111042
Matemáticas Discretas,2526-2,1,anon_md_2526_2_1_021,6,7,0.0,1.893983
Matemáticas Discretas,2526-2,1,anon_md_2526_2_1_022,6,7,11.0,7.9461393
Matemáticas Discretas,2526-2,1,anon_md_2526_2_1_023,6,7,3.0,3.0083537
Matemáticas Discretas,2526-2,1,anon_md_2526_2_1_024,6,7,5.0,4.864446
Matemáticas Discretas,2526-2,1,anon_md_2526_2_1_025,6,7,1.0,2.8285842
Matemáticas Discretas,2526-2,1,anon_md_2526_2_1_026,6,7,1.0,2.810769
Matemáticas Discretas,2526-2,1,anon_md_2526_2_1_027,6,7,8.0,5.7332726
Matemáticas Discretas,2526-2,1,anon_md_2526_2_1_028,6,7,8.0,3.917815
Matemáticas Discretas,2526-2,1,anon_md_2526_2_1_029,6,7,1.0,2.7555132
Matemáticas Discretas,2526-2,1,anon_md_2526_2_1_030,6,7,1.0,2.8115988
Matemáticas Discretas,2526-2,1,anon_md_2526_2_1_031,6,7,1.0,2.717299
Matemáticas Discretas,2526-2,1,anon_md_2526_2_1_032,6,7,1.0,2.9311929
Matemáticas Discretas,2526-2,1,anon_md_2526_2_1_033,6,7,1.0,2.9122028
Matemáticas Discretas,2526-2,1,anon_md_2526_2_1_034,6,7,0.0,1.7994792
Matemáticas Discretas,2526-2,1,anon_md_2526_2_1_035,6,7,8.0,3.78858
Matemáticas Discretas,2526-2,2,anon_md_2526_2_2_001,6,7,5.0,6.60047
Matemáticas Discretas,2526-2,2,anon_md_2526_2_2_002,6,7,8.0,3.5476322
Matemáticas Discretas,2526-2,2,anon_md_2526_2_2_003,6,7,0.0,1.3573653
Matemáticas Discretas,2526-2,2,anon_md_2526_2_2_004,6,7,6.0,3.4145598
Matemáticas Discretas,2526-2,2,anon_md_2526_2_2_005,6,7,4.0,4.472413
Matemáticas Discretas,2526-2,2,anon_md_2526_2_2_006,6,7,9.0,6.381904
Matemáticas Discretas,2526-2,2,anon_md_2526_2_2_007,6,7,3.0,2.4065094
Matemáticas Discretas,2526-2,2,anon_md_2526_2_2_008,6,7,5.0,5.4746723
Matemáticas Discretas,2526-2,2,anon_md_2526_2_2_009,6,7,1.0,2.366455
Matemáticas Discretas,2526-2,2,anon_md_2526_2_2_010,6,7,0.0,1.3542236
Matemáticas Discretas,2526-2,2,anon_md_2526_2_2_011,6,7,5.0,3.3544288
Matemáticas Discretas,2526-2,2,anon_md_2526_2_2_012,6,7,10.0,4.3419285
Matemáticas Discretas,2526-2,2,anon_md_2526_2_2_013,6,7,1.0,2.3725524
Matemáticas Discretas,2526-2,2,anon_md_2526_2_2_014,6,7,2.0,2.3760836
Matemáticas Discretas,2526-2,2,anon_md_2526_2_2_015,6,7,0.0,1.3707058
Matemáticas Discretas,2526-2,2,anon_md_2526_2_2_016,6,7,10.0,4.367601
Matemáticas Discretas,2526-2,2,anon_md_2526_2_2_017,6,7,2.0,2.3662448
Matemáticas Discretas,2526-2,2,anon_md_2526_2_2_018,6,7,1.0,2.3558435
Matemáticas Discretas,2526-2,2,anon_md_2526_2_2_019,6,7,3.0,4.3934865
Matemáticas Discretas,2526-2,2,anon_md_2526_2_2_020,6,7,3.0,4.391798
Matemáticas Discretas,2526-2,2,anon_md_2526_2_2_021,6,7,8.0,7.3969407
Matemáticas Discretas,2526-3,1,anon_md_2526_3_1_001,6,7,13.0,7.7116385
Matemáticas Discretas,2526-3,1,anon_md_2526_3_1_002,6,7,0.0,2.7072992
Matemáticas Discretas,2526-3,1,anon_md_2526_3_1_003,6,7,4.0,2.8922858
Matemáticas Discretas,2526-3,1,anon_md_2526_3_1_004,6,7,2.0,3.7535105
Matemáticas Discretas,2526-3,1,anon_md_2526_3_1_005,6,7,3.0,2.8363547
Matemáticas Discretas,2526-3,1,anon_md_2526_3_1_006,6,7,2.0,2.949238
Matemáticas Discretas,2526-3,1,anon_md_2526_3_1_007,6,7,0.0,1.6385111
Matemáticas Discretas,2526-3,1,anon_md_2526_3_1_008,6,7,12.0,10.378929
Matemáticas Discretas,2526-3,1,anon_md_2526_3_1_009,6,7,1.0,1.5092194
Matemáticas Discretas,2526-3,1,anon_md_2526_3_1_010,6,7,8.0,6.6905136
Matemáticas Discretas,2526-3,1,anon_md_2526_3_1_011,6,7,4.0,2.5912452
Matemáticas Discretas,2526-3,1,anon_md_2526_3_1_012,6,7,10.0,9.219751
Matemáticas Discretas,2526-3,1,anon_md_2526_3_1_013,6,7,0.0,2.5440595
Matemáticas Discretas,2526-3,1,anon_md_2526_3_1_014,6,7,0.0,1.701364
Matemáticas Discretas,2526-3,1,anon_md_2526_3_1_015,6,7,0.0,2.1144345
Matemáticas Discretas,2526-3,1,anon_md_2526_3_1_016,6,7,0.0,2.4110084
Matemáticas Discretas,2526-3,1,anon_md_2526_3_1_017,6,7,0.0,0.98991215
Matemáticas Discretas,2526-3,1,anon_md_2526_3_1_018,6,7,9.0,4.748764
Matemáticas Discretas,2526-3,1,anon_md_2526_3_1_019,6,7,0.0,1.3832879
Matemáticas Discretas,2526-3,1,anon_md_2526_3_1_020,6,7,0.0,1.3206508
Matemáticas Discretas,2526-3,1,anon_md_2526_3_1_021,6,7,13.0,10.782657
Matemáticas Discretas,2526-3,1,anon_md_2526_3_1_022,6,7,11.0,8.272607
Matemáticas Discretas,2526-3,1,anon_md_2526_3_1_023,6,7,0.0,2.368874
Matemáticas Discretas,2526-3,1,anon_md_2526_3_1_024,6,7,0.0,1.595355
Matemáticas Discretas,2526-3,1,anon_md_2526_3_1_025,6,7,6.0,4.41467
Matemáticas Discretas,2526-3,1,anon_md_2526_3_1_026,6,7,1.0,1.6487968
Matemáticas Discretas,2526-3,1,anon_md_2526_3_1_027,6,7,4.0,4.154057
Matemáticas Discretas,2526-3,1,anon_md_2526_3_1_028,6,7,2.0,3.2913914
Matemáticas Discretas,2526-3,1,anon_md_2526_3_1_029,6,7,0.0,1.763411
Matemáticas Discretas,2526-3,1,anon_md_2526_3_1_030,6,7,5.0,3.2036276
Matemáticas Discretas,2526-3,1,anon_md_2526_3_1_031,6,7,4.0,3.5156794
Matemáticas Discretas,2526-2,1,anon_md_2526_2_1_001,8,7,9.0,6.0141926
Matemáticas Discretas,2526-2,1,anon_md_2526_2_1_002,8,7,12.0,8.88846
Matemáticas Discretas,2526-2,1,anon_md_2526_2_1_003,8,7,3.0,3.9455824
Matemáticas Discretas,2526-2,1,anon_md_2526_2_1_004,8,7,3.0,3.95087
Matemáticas Discretas,2526-2,1,anon_md_2526_2_1_005,8,7,9.0,7.954968
Matemáticas Discretas,2526-2,1,anon_md_2526_2_1_006,8,7,2.0,1.9660012
Matemáticas Discretas,2526-2,1,anon_md_2526_2_1_007,8,7,11.0,8.91219
Matemáticas Discretas,2526-2,1,anon_md_2526_2_1_008,8,7,2.0,3.0151262
Matemáticas Discretas,2526-2,1,anon_md_2526_2_1_009,8,7,1.0,1.9247065
Matemáticas Discretas,2526-2,1,anon_md_2526_2_1_010,8,7,1.0,2.0061188
Matemáticas Discretas,2526-2,1,anon_md_2526_2_1_011,8,7,3.0,2.903771
Matemáticas Discretas,2526-2,1,anon_md_2526_2_1_012,8,7,8.0,6.871991
Matemáticas Discretas,2526-2,1,anon_md_2526_2_1_013,8,7,5.0,3.8967662
Matemáticas Discretas,2526-2,1,anon_md_2526_2_1_014,8,7,9.0,7.8276925
Matemáticas Discretas,2526-2,1,anon_md_2526_2_1_015,8,7,12.0,11.838427
Matemáticas Discretas,2526-2,1,anon_md_2526_2_1_016,8,7,2.0,2.90149
Matemáticas Discretas,2526-2,1,anon_md_2526_2_1_017,8,7,11.0,8.817398
Matemáticas Discretas,2526-2,1,anon_md_2526_2_1_018,8,7,8.0,6.9040785
Matemáticas Discretas,2526-2,1,anon_md_2526_2_1_019,8,7,1.0,1.8388506
Matemáticas Discretas,2526-2,1,anon_md_2526_2_1_020,8,7,0.0,0.82169473
Matemáticas Discretas,2526-2,1,anon_md_2526_2_1_021,8,7,0.0,0.8104358
Matemáticas Discretas,2526-2,1,anon_md_2526_2_1_022,8,7,11.0,9.828726
Matemáticas Discretas,2526-2,1,anon_md_2526_2_1_023,8,7,3.0,1.8532369
Matemáticas Discretas,2526-2,1,anon_md_2526_2_1_024,8,7,5.0,5.788309
Matemáticas Discretas,2526-2,1,anon_md_2526_2_1_025,8,7,1.0,1.7724193
Matemáticas Discretas,2526-2,1,anon_md_2526_2_1_026,8,7,1.0,1.7604153
Matemáticas Discretas,2526-2,1,anon_md_2526_2_1_027,8,7,8.0,5.732457
Matemáticas Discretas,2526-2,1,anon_md_2526_2_1_028,8,7,8.0,5.7757583
Matemáticas Discretas,2526-2,1,anon_md_2526_2_1_029,8,7,1.0,1.722944
Matemáticas Discretas,2526-2,1,anon_md_2526_2_1_030,8,7,1.0,1.7391224
Matemáticas Discretas,2526-2,1,anon_md_2526_2_1_031,8,7,1.0,1.6967957
Matemáticas Discretas,2526-2,1,anon_md_2526_2_1_032,8,7,1.0,1.7732806
Matemáticas Discretas,2526-2,1,anon_md_2526_2_1_033,8,7,1.0,1.7593377
Matemáticas Discretas,2526-2,1,anon_md_2526_2_1_034,8,7,0.0,0.7011774
Matemáticas Discretas,2526-2,1,anon_md_2526_2_1_035,8,7,8.0,5.6899233
Matemáticas Discretas,2526-2,2,anon_md_2526_2_2_001,8,7,5.0,5.505858
Matemáticas Discretas,2526-2,2,anon_md_2526_2_2_002,8,7,8.0,4.4795246
Matemáticas Discretas,2526-2,2,anon_md_2526_2_2_003,8,7,0.0,0.40251255
Matemáticas Discretas,2526-2,2,anon_md_2526_2_2_004,8,7,6.0,4.418849
Matemáticas Discretas,2526-2,2,anon_md_2526_2_2_005,8,7,4.0,4.433798
Matemáticas Discretas,2526-2,2,anon_md_2526_2_2_006,8,7,9.0,6.420972
Matemáticas Discretas,2526-2,2,anon_md_2526_2_2_007,8,7,3.0,1.4028838
Matemáticas Discretas,2526-2,2,anon_md_2526_2_2_008,8,7,5.0,5.4338346
Matemáticas Discretas,2526-2,2,anon_md_2526_2_2_009,8,7,1.0,1.4066784
Matemáticas Discretas,2526-2,2,anon_md_2526_2_2_010,8,7,0.0,0.411368
Matemáticas Discretas,2526-2,2,anon_md_2526_2_2_011,8,7,5.0,2.41221
Matemáticas Discretas,2526-2,2,anon_md_2526_2_2_012,8,7,10.0,6.399398
Matemáticas Discretas,2526-2,2,anon_md_2526_2_2_013,8,7,1.0,1.4240562
Matemáticas Discretas,2526-2,2,anon_md_2526_2_2_014,8,7,2.0,1.426999
Matemáticas Discretas,2526-2,2,anon_md_2526_2_2_015,8,7,0.0,0.42560363
Matemáticas Discretas,2526-2,2,anon_md_2526_2_2_016,8,7,10.0,6.3851767
Matemáticas Discretas,2526-2,2,anon_md_2526_2_2_017,8,7,2.0,1.4037738
Matemáticas Discretas,2526-2,2,anon_md_2526_2_2_018,8,7,1.0,1.3864149
Matemáticas Discretas,2526-2,2,anon_md_2526_2_2_019,8,7,3.0,3.4030247
Matemáticas Discretas,2526-2,2,anon_md_2526_2_2_020,8,7,3.0,3.4020252
Matemáticas Discretas,2526-2,2,anon_md_2526_2_2_021,8,7,8.0,8.421926
Matemáticas Discretas,2526-3,1,anon_md_2526_3_1_001,8,7,13.0,10.210755
Matemáticas Discretas,2526-3,1,anon_md_2526_3_1_002,8,7,0.0,1.6925647
Matemáticas Discretas,2526-3,1,anon_md_2526_3_1_003,8,7,4.0,3.804181
Matemáticas Discretas,2526-3,1,anon_md_2526_3_1_004,8,7,2.0,3.6319256
Matemáticas Discretas,2526-3,1,anon_md_2526_3_1_005,8,7,3.0,2.7870312
Matemáticas Discretas,2526-3,1,anon_md_2526_3_1_006,8,7,2.0,3.875225
Matemáticas Discretas,2526-3,1,anon_md_2526_3_1_007,8,7,0.0,1.1907252
Matemáticas Discretas,2526-3,1,anon_md_2526_3_1_008,8,7,12.0,10.525937
Matemáticas Discretas,2526-3,1,anon_md_2526_3_1_009,8,7,1.0,2.1418478
Matemáticas Discretas,2526-3,1,anon_md_2526_3_1_010,8,7,8.0,8.282773
Matemáticas Discretas,2526-3,1,anon_md_2526_3_1_011,8,7,4.0,3.0962296
Matemáticas Discretas,2526-3,1,anon_md_2526_3_1_012,8,7,10.0,11.341723
Matemáticas Discretas,2526-3,1,anon_md_2526_3_1_013,8,7,0.0,1.6107811
Matemáticas Discretas,2526-3,1,anon_md_2526_3_1_014,8,7,0.0,1.2035116
Matemáticas Discretas,2526-3,1,anon_md_2526_3_1_015,8,7,0.0,1.3744143
Matemáticas Discretas,2526-3,1,anon_md_2526_3_1_016,8,7,0.0,1.525235
Matemáticas Discretas,2526-3,1,anon_md_2526_3_1_017,8,7,0.0,0.9075307
Matemáticas Discretas,2526-3,1,anon_md_2526_3_1_018,8,7,9.0,6.6391535
Matemáticas Discretas,2526-3,1,anon_md_2526_3_1_019,8,7,0.0,1.0364054
Matemáticas Discretas,2526-3,1,anon_md_2526_3_1_020,8,7,0.0,1.0022614
Matemáticas Discretas,2526-3,1,anon_md_2526_3_1_021,8,7,13.0,12.022049
Matemáticas Discretas,2526-3,1,anon_md_2526_3_1_022,8,7,11.0,8.917756
Matemáticas Discretas,2526-3,1,anon_md_2526_3_1_023,8,7,0.0,1.4886323
Matemáticas Discretas,2526-3,1,anon_md_2526_3_1_024,8,7,0.0,1.0598124
Matemáticas Discretas,2526-3,1,anon_md_2526_3_1_025,8,7,6.0,4.740924
Matemáticas Discretas,2526-3,1,anon_md_2526_3_1_026,8,7,1.0,1.655948
Matemáticas Discretas,2526-3,1,anon_md_2526_3_1_027,8,7,4.0,5.208448
Matemáticas Discretas,2526-3,1,anon_md_2526_3_1_028,8,7,2.0,3.3671017
Matemáticas Discretas,2526-3,1,anon_md_2526_3_1_029,8,7,0.0,1.0884616
Matemáticas Discretas,2526-3,1,anon_md_2526_3_1_030,8,7,5.0,4.3144464
Matemáticas Discretas,2526-3,1,anon_md_2526_3_1_031,8,7,4.0,3.8641963
Algoritmos y Programación,2425-2,1,anon_001,4,123,2.0,3.5471096
Algoritmos y Programación,2425-2,1,anon_002,4,123,2.0,1.4778441
Algoritmos y Programación,2425-2,1,anon_003,4,123,17.0,7.7277026
Algoritmos y Programación,2425-2,1,anon_004,4,123,2.0,3.6172185
Algoritmos y Programación,2425-2,1,anon_005,4,123,10.0,8.783939
Algoritmos y Programación,2425-2,1,anon_006,4,123,0.0,1.553902
Algoritmos y Programación,2425-2,1,anon_007,4,123,0.0,1.5741174
Algoritmos y Programación,2425-2,1,anon_008,4,123,16.0,6.760517
Algoritmos y Programación,2425-2,1,anon_009,4,123,9.0,5.716075
Algoritmos y Programación,2425-2,1,anon_010,4,123,22.0,9.9056015
Algoritmos y Programación,2425-2,1,anon_011,4,123,6.0,5.755186
Algoritmos y Programación,2425-2,1,anon_012,4,123,0.0,1.6793798
Algoritmos y Programación,2425-2,1,anon_013,4,123,0.0,1.7008456
Algoritmos y Programación,2425-2,1,anon_014,4,123,23.0,17.240696
Algoritmos y Programación,2425-2,1,anon_015,4,123,24.0,11.044136
Algoritmos y Programación,2425-2,1,anon_016,4,123,1.0,1.5766939
Algoritmos y Programación,2425-2,1,anon_017,4,123,1.0,1.786191
Algoritmos y Programación,2425-2,1,anon_018,4,123,17.0,8.009709
Algoritmos y Programación,2425-2,1,anon_019,4,123,0.0,1.827829
Algoritmos y Programación,2425-2,1,anon_020,4,123,24.0,13.227518
Algoritmos y Programación,2425-2,1,anon_021,4,123,4.0,6.0319495
Algoritmos y Programación,2425-2,1,anon_022,4,123,2.0,1.8879311
Algoritmos y Programación,2425-2,1,anon_023,4,123,19.0,13.133309
Algoritmos y Programación,2425-2,1,anon_024,4,123,7.0,6.0966535
Algoritmos y Programación,2425-2,1,anon_025,4,123,5.0,7.1182594
Algoritmos y Programación,2425-2,1,anon_026,4,123,0.0,1.9619625
Algoritmos y Programación,2425-2,1,anon_027,4,123,10.0,5.090416
Algoritmos y Programación,2425-2,1,anon_028,4,123,18.0,14.330098
Algoritmos y Programación,2425-2,1,anon_029,4,123,0.0,2.0117555
Algoritmos y Programación,2425-2,1,anon_030,4,123,15.0,11.211708
Algoritmos y Programación,2425-2,2,anon_031,4,123,1.0,2.574829
Algoritmos y Programación,2425-2,2,anon_032,4,123,3.0,4.7382665
Algoritmos y Programación,2425-2,2,anon_033,4,123,20.0,13.761135
Algoritmos y Programación,2425-2,2,anon_034,4,123,4.0,5.7551737
Algoritmos y Programación,2425-2,2,anon_035,4,123,2.0,3.737595
Algoritmos y Programación,2425-2,2,anon_036,4,123,8.0,6.76644
Algoritmos y Programación,2425-2,2,anon_037,4,123,0.0,1.698801
Algoritmos y Programación,2425-2,2,anon_038,4,123,1.0,2.6492183
Algoritmos y Programación,2425-2,2,anon_039,4,123,7.0,4.8033924
Algoritmos y Programación,2425-2,2,anon_040,4,123,2.0,1.5798634
Algoritmos y Programación,2425-2,2,anon_041,4,123,0.0,1.7409557
Algoritmos y Programación,2425-2,2,anon_042,4,123,8.0,2.7921114
Algoritmos y Programación,2425-2,2,anon_043,4,123,9.0,7.9970307
Algoritmos y Programación,2425-2,2,anon_044,4,123,13.0,10.069568
Algoritmos y Programación,2425-2,2,anon_045,4,123,10.0,6.9014544
Algoritmos y Programación,2425-2,2,anon_046,4,123,0.0,1.8539873
Algoritmos y Programación,2425-2,2,anon_047,4,123,5.0,7.0821667
Algoritmos y Programación,2425-2,2,anon_048,4,123,3.0,2.9378247
Algoritmos y Programación,2425-2,2,anon_049,4,123,1.0,1.9193308
Algoritmos y Programación,2425-2,2,anon_050,4,123,3.0,5.0490174
Algoritmos y Programación,2425-2,2,anon_051,4,123,2.0,1.9607267
Algoritmos y Programación,2425-2,2,anon_052,4,123,17.0,11.170062
Algoritmos y Programación,2425-2,2,anon_053,4,123,3.0,1.9756453
Algoritmos y Programación,2425-2,2,anon_054,4,123,3.0,4.065681
Algoritmos y Programación,2425-2,2,anon_055,4,123,10.0,7.173027
Algoritmos y Programación,2425-2,2,anon_056,4,123,0.0,2.05378
Algoritmos y Programación,2425-2,2,anon_057,4,123,11.0,6.98202
Algoritmos y Programación,2425-2,2,anon_058,4,123,0.0,2.086191
Algoritmos y Programación,2425-2,2,anon_059,4,123,5.0,5.0082192
Algoritmos y Programación,2425-2,2,anon_060,4,123,2.0,3.1397467
Algoritmos y Programación,2526-1,1,anon_061,4,123,9.0,6.1684227
Algoritmos y Programación,2526-1,1,anon_062,4,123,13.0,8.2194805
Algoritmos y Programación,2526-1,1,anon_063,4,123,15.0,7.1587725
Algoritmos y Programación,2526-1,1,anon_064,4,123,2.0,2.9972084
Algoritmos y Programación,2526-1,1,anon_065,4,123,9.0,5.1722
Algoritmos y Programación,2526-1,1,anon_066,4,123,2.0,4.1562824
Algoritmos y Programación,2526-1,1,anon_067,4,123,11.0,6.345406
Algoritmos y Programación,2526-1,1,anon_068,4,123,1.0,3.1499164
Algoritmos y Programación,2526-1,1,anon_069,4,123,12.0,9.564524
Algoritmos y Programación,2526-1,1,anon_070,4,123,5.0,7.369602
Algoritmos y Programación,2526-1,1,anon_071,4,123,1.0,3.1470773
Algoritmos y Programación,2526-1,1,anon_072,4,123,1.0,3.2328582
Algoritmos y Programación,2526-1,1,anon_073,4,123,1.0,3.1888993
Algoritmos y Programación,2526-1,1,anon_074,4,123,8.0,3.2092288
Algoritmos y Programación,2526-1,1,anon_075,4,123,2.0,3.280891
Algoritmos y Programación,2526-1,1,anon_076,4,123,4.0,5.471231
Algoritmos y Programación,2526-1,1,anon_077,4,123,1.0,3.2667897
Algoritmos y Programación,2526-1,1,anon_078,4,123,2.0,4.4480515
Algoritmos y Programación,2526-1,1,anon_079,4,123,0.0,2.2485301
Algoritmos y Programación,2526-1,1,anon_080,4,123,10.0,7.864852
Algoritmos y Programación,2526-1,1,anon_081,4,123,1.0,3.332519
Algoritmos y Programación,2526-1,1,anon_082,4,123,0.0,2.321016
Algoritmos y Programación,2526-1,1,anon_083,4,123,7.0,7.8880043
Algoritmos y Programación,2526-1,1,anon_084,4,123,1.0,3.3719864
Algoritmos y Programación,2526-1,1,anon_085,4,123,0.0,2.3718135
Algoritmos y Programación,2526-1,1,anon_086,4,123,1.0,3.3938959
Algoritmos y Programación,2526-1,1,anon_087,4,123,1.0,3.4037685
Algoritmos y Programación,2526-2,1,anon_088,4,123,0.0,1.8321645
Algoritmos y Programación,2526-2,1,anon_089,4,123,4.0,5.642344
Algoritmos y Programación,2526-2,1,anon_090,4,123,0.0,1.8671072
Algoritmos y Programación,2526-2,1,anon_091,4,123,10.0,9.217989
Algoritmos y Programación,2526-2,1,anon_092,4,123,0.0,1.9070007
Algoritmos y Programación,2526-2,1,anon_093,4,123,1.0,3.1588883
Algoritmos y Programación,2526-2,1,anon_094,4,123,5.0,7.0883446
Algoritmos y Programación,2526-2,1,anon_095,4,123,0.0,1.9761372
Algoritmos y Programación,2526-2,1,anon_096,4,123,1.0,3.214825
Algoritmos y Programación,2526-2,1,anon_097,4,123,0.0,2.0282607
Algoritmos y Programación,2526-2,1,anon_098,4,123,3.0,3.4125514
Algoritmos y Programación,2526-2,1,anon_099,4,123,0.0,1.894621
Algoritmos y Programación,2526-2,1,anon_100,4,123,0.0,2.1149116
Algoritmos y Programación,2526-2,1,anon_101,4,123,1.0,3.3729286
Algoritmos y Programación,2526-2,1,anon_102,4,123,2.0,3.3234916
Algoritmos y Programación,2526-2,1,anon_103,4,123,0.0,2.0884902
Algoritmos y Programación,2526-2,1,anon_104,4,123,0.0,2.0292344
Algoritmos y Programación,2526-2,1,anon_105,4,123,5.0,7.45111
Algoritmos y Programación,2526-2,1,anon_106,4,123,1.0,3.68533
Algoritmos y Programación,2526-2,1,anon_107,4,123,5.0,7.951069
Algoritmos y Programación,2526-2,1,anon_108,4,123,1.0,2.3858457
Algoritmos y Programación,2526-2,1,anon_109,4,123,5.0,6.933193
Algoritmos y Programación,2526-2,1,anon_110,4,123,2.0,3.8242724
Algoritmos y Programación,2526-2,1,anon_111,4,123,2.0,3.6301804
Algoritmos y Programación,2526-2,1,anon_112,4,123,2.0,5.256054
Algoritmos y Programación,2526-2,1,anon_113,4,123,0.0,2.4897585
Algoritmos y Programación,2526-2,1,anon_114,4,123,4.0,7.6301556
Algoritmos y Programación,2526-2,1,anon_115,4,123,1.0,3.9889584
Algoritmos y Programación,2526-2,1,anon_116,4,123,2.0,4.0197997
Algoritmos y Programación,2526-2,1,anon_117,4,123,1.0,2.7173142
Algoritmos y Programación,2526-3,1,anon_118,4,123,8.0,4.4855146
Algoritmos y Programación,2526-3,1,anon_119,4,123,0.0,-0.39567685
Algoritmos y Programación,2526-3,1,anon_120,4,123,0.0,-0.2849059
Algoritmos y Programación,2526-3,1,anon_121,4,123,2.0,-0.34778786
Algoritmos y Programación,2526-3,1,anon_122,4,123,5.0,2.1301877
Algoritmos y Programación,2526-3,1,anon_123,4,123,4.0,0.95854807
Algoritmos y Programación,2526-3,1,anon_124,4,123,3.0,0.884001
Algoritmos y Programación,2526-3,1,anon_125,4,123,1.0,0.9168787
Algoritmos y Programación,2526-3,1,anon_126,4,123,5.0,0.94994164
Algoritmos y Programación,2526-3,1,anon_127,4,123,8.0,5.750493
Algoritmos y Programación,2526-3,1,anon_128,4,123,2.0,2.3769212
Algoritmos y Programación,2526-3,1,anon_129,4,123,5.0,3.849251
Algoritmos y Programación,2526-3,1,anon_130,4,123,1.0,1.0763233
Algoritmos y Programación,2526-3,1,anon_131,4,123,5.0,4.4852457
Algoritmos y Programación,2526-3,1,anon_132,4,123,8.0,9.99064
Algoritmos y Programación,2526-3,1,anon_133,4,123,13.0,8.85938
Algoritmos y Programación,2526-3,1,anon_134,4,123,10.0,5.559591
Algoritmos y Programación,2526-3,1,anon_135,4,123,7.0,2.908305
Algoritmos y Programación,2526-3,1,anon_136,4,123,0.0,0.032447338
Algoritmos y Programación,2526-3,1,anon_137,4,123,4.0,5.321359
Algoritmos y Programación,2526-3,1,anon_138,4,123,4.0,1.2445219
Algoritmos y Programación,2526-3,1,anon_139,4,123,3.0,4.1955166
Algoritmos y Programación,2526-3,1,anon_140,4,123,10.0,5.0923634
Algoritmos y Programación,2526-3,1,anon_141,4,123,11.0,9.727495
Algoritmos y Programación,2526-3,1,anon_142,4,123,0.0,0.1142416
Algoritmos y Programación,2526-3,1,anon_143,4,123,15.0,12.526977
Algoritmos y Programación,2526-3,1,anon_144,4,123,3.0,0.13073158
Algoritmos y Programación,2526-3,1,anon_145,4,123,20.0,21.68896
Algoritmos y Programación,2526-3,1,anon_146,4,123,7.0,1.3074427
Algoritmos y Programación,2526-3,1,anon_147,4,123,6.0,0.15207672
Algoritmos y Programación,2425-2,1,anon_001,6,123,2.0,3.2222328
Algoritmos y Programación,2425-2,1,anon_002,6,123,2.0,1.1665039
Algoritmos y Programación,2425-2,1,anon_003,6,123,17.0,10.588419
Algoritmos y Programación,2425-2,1,anon_004,6,123,2.0,3.3013334
Algoritmos y Programación,2425-2,1,anon_005,6,123,10.0,10.659391
Algoritmos y Programación,2425-2,1,anon_006,6,123,0.0,1.2616736
Algoritmos y Programación,2425-2,1,anon_007,6,123,0.0,1.2874396
Algoritmos y Programación,2425-2,1,anon_008,6,123,16.0,8.655319
Algoritmos y Programación,2425-2,1,anon_009,6,123,9.0,5.4498186
Algoritmos y Programación,2425-2,1,anon_010,6,123,22.0,13.786967
Algoritmos y Programación,2425-2,1,anon_011,6,123,6.0,6.563974
Algoritmos y Programación,2425-2,1,anon_012,6,123,0.0,1.4231695
Algoritmos y Programación,2425-2,1,anon_013,6,123,0.0,1.4510012
Algoritmos y Programación,2425-2,1,anon_014,6,123,23.0,19.156208
Algoritmos y Programación,2425-2,1,anon_015,6,123,24.0,14.009006
Algoritmos y Programación,2425-2,1,anon_016,6,123,1.0,1.3153276
Algoritmos y Programación,2425-2,1,anon_017,6,123,1.0,1.5615282
Algoritmos y Programación,2425-2,1,anon_018,6,123,17.0,11.919607
Algoritmos y Programación,2425-2,1,anon_019,6,123,0.0,1.6151401
Algoritmos y Programación,2425-2,1,anon_020,6,123,24.0,16.190893
Algoritmos y Programación,2425-2,1,anon_021,6,123,4.0,5.8461804
Algoritmos y Programación,2425-2,1,anon_022,6,123,2.0,3.7519693
Algoritmos y Programación,2425-2,1,anon_023,6,123,19.0,17.169102
Algoritmos y Programación,2425-2,1,anon_024,6,123,7.0,7.9745383
Algoritmos y Programación,2425-2,1,anon_025,6,123,5.0,6.983669
Algoritmos y Programación,2425-2,1,anon_026,6,123,0.0,1.7842605
Algoritmos y Programación,2425-2,1,anon_027,6,123,10.0,6.983925
Algoritmos y Programación,2425-2,1,anon_028,6,123,18.0,15.287201
Algoritmos y Programación,2425-2,1,anon_029,6,123,0.0,1.8446515
Algoritmos y Programación,2425-2,1,anon_030,6,123,15.0,12.172011
Algoritmos y Programación,2425-2,2,anon_031,6,123,1.0,2.2722735
Algoritmos y Programación,2425-2,2,anon_032,6,123,3.0,4.4695225
Algoritmos y Programación,2425-2,2,anon_033,6,123,20.0,16.635637
Algoritmos y Programación,2425-2,2,anon_034,6,123,4.0,5.4805875
Algoritmos y Programación,2425-2,2,anon_035,6,123,2.0,3.5082684
Algoritmos y Programación,2425-2,2,anon_036,6,123,8.0,6.506062
Algoritmos y Programación,2425-2,2,anon_037,6,123,0.0,1.4617528
Algoritmos y Programación,2425-2,2,anon_038,6,123,1.0,2.3949594
Algoritmos y Programación,2425-2,2,anon_039,6,123,7.0,6.6369867
Algoritmos y Programación,2425-2,2,anon_040,6,123,2.0,1.3328319
Algoritmos y Programación,2425-2,2,anon_041,6,123,0.0,1.4989394
Algoritmos y Programación,2425-2,2,anon_042,6,123,8.0,3.6253006
Algoritmos y Programación,2425-2,2,anon_043,6,123,9.0,8.884566
Algoritmos y Programación,2425-2,2,anon_044,6,123,13.0,9.974628
Algoritmos y Programación,2425-2,2,anon_045,6,123,10.0,9.74293
Algoritmos y Programación,2425-2,2,anon_046,6,123,0.0,1.649228
Algoritmos y Programación,2425-2,2,anon_047,6,123,5.0,6.92095
Algoritmos y Programación,2425-2,2,anon_048,6,123,3.0,3.782199
Algoritmos y Programación,2425-2,2,anon_049,6,123,1.0,2.7740307
Algoritmos y Programación,2425-2,2,anon_050,6,123,3.0,4.9121866
Algoritmos y Programación,2425-2,2,anon_051,6,123,2.0,1.7892363
Algoritmos y Programación,2425-2,2,anon_052,6,123,17.0,14.159079
Algoritmos y Programación,2425-2,2,anon_053,6,123,3.0,1.8123026
Algoritmos y Programación,2425-2,2,anon_054,6,123,3.0,3.9134116
Algoritmos y Programación,2425-2,2,anon_055,6,123,10.0,9.075726
Algoritmos y Programación,2425-2,2,anon_056,6,123,0.0,1.9050806
Algoritmos y Programación,2425-2,2,anon_057,6,123,11.0,8.917933
Algoritmos y Programación,2425-2,2,anon_058,6,123,0.0,1.9432569
Algoritmos y Programación,2425-2,2,anon_059,6,123,5.0,4.8571033
Algoritmos y Programación,2425-2,2,anon_060,6,123,2.0,3.0142832
Algoritmos y Programación,2526-1,1,anon_061,6,123,9.0,5.422774
Algoritmos y Programación,2526-1,1,anon_062,6,123,13.0,8.478606
Algoritmos y Programación,2526-1,1,anon_063,6,123,15.0,7.4808154
Algoritmos y Programación,2526-1,1,anon_064,6,123,2.0,2.4411938
Algoritmos y Programación,2526-1,1,anon_065,6,123,9.0,4.491254
Algoritmos y Programación,2526-1,1,anon_066,6,123,2.0,3.5017233
Algoritmos y Programación,2526-1,1,anon_067,6,123,11.0,6.565166
Algoritmos y Programación,2526-1,1,anon_068,6,123,1.0,2.511425
Algoritmos y Programación,2526-1,1,anon_069,6,123,12.0,8.643793
Algoritmos y Programación,2526-1,1,anon_070,6,123,5.0,6.6227946
Algoritmos y Programación,2526-1,1,anon_071,6,123,1.0,2.5785322
Algoritmos y Programación,2526-1,1,anon_072,6,123,1.0,2.564438
Algoritmos y Programación,2526-1,1,anon_073,6,123,1.0,2.6226997
Algoritmos y Programación,2526-1,1,anon_074,6,123,8.0,2.6455572
Algoritmos y Programación,2526-1,1,anon_075,6,123,2.0,2.6048274
Algoritmos y Programación,2526-1,1,anon_076,6,123,4.0,4.695826
Algoritmos y Programación,2526-1,1,anon_077,6,123,1.0,2.716969
Algoritmos y Programación,2526-1,1,anon_078,6,123,2.0,3.7733588
Algoritmos y Programación,2526-1,1,anon_079,6,123,0.0,1.6561038
Algoritmos y Programación,2526-1,1,anon_080,6,123,10.0,6.905434
Algoritmos y Programación,2526-1,1,anon_081,6,123,1.0,2.8175697
Algoritmos y Programación,2526-1,1,anon_082,6,123,0.0,1.7220833
Algoritmos y Programación,2526-1,1,anon_083,6,123,7.0,6.9656577
Algoritmos y Programación,2526-1,1,anon_084,6,123,1.0,2.8953793
Algoritmos y Programación,2526-1,1,anon_085,6,123,0.0,1.8809116
Algoritmos y Programación,2526-1,1,anon_086,6,123,1.0,2.9474435
Algoritmos y Programación,2526-1,1,anon_087,6,123,1.0,2.973328
Algoritmos y Programación,2526-2,1,anon_088,6,123,0.0,1.4010577
Algoritmos y Programación,2526-2,1,anon_089,6,123,4.0,4.867043
Algoritmos y Programación,2526-2,1,anon_090,6,123,0.0,1.4249957
Algoritmos y Programación,2526-2,1,anon_091,6,123,10.0,12.869728
Algoritmos y Programación,2526-2,1,anon_092,6,123,0.0,1.4540147
Algoritmos y Programación,2526-2,1,anon_093,6,123,1.0,2.6284637
Algoritmos y Programación,2526-2,1,anon_094,6,123,5.0,6.196507
Algoritmos y Programación,2526-2,1,anon_095,6,123,0.0,1.5071957
Algoritmos y Programación,2526-2,1,anon_096,6,123,1.0,2.5617905
Algoritmos y Programación,2526-2,1,anon_097,6,123,0.0,1.5489699
Algoritmos y Programación,2526-2,1,anon_098,6,123,3.0,2.7481318
Algoritmos y Programación,2526-2,1,anon_099,6,123,0.0,1.4102204
Algoritmos y Programación,2526-2,1,anon_100,6,123,0.0,1.6206224
Algoritmos y Programación,2526-2,1,anon_101,6,123,1.0,2.6790776
Algoritmos y Programación,2526-2,1,anon_102,6,123,2.0,2.8425148
Algoritmos y Programación,2526-2,1,anon_103,6,123,0.0,1.5529454
Algoritmos y Programación,2526-2,1,anon_104,6,123,0.0,1.497679
Algoritmos y Programación,2526-2,1,anon_105,6,123,5.0,6.552839
Algoritmos y Programación,2526-2,1,anon_106,6,123,1.0,2.986755
Algoritmos y Programación,2526-2,1,anon_107,6,123,5.0,7.499286
Algoritmos y Programación,2526-2,1,anon_108,6,123,1.0,1.8559058
Algoritmos y Programación,2526-2,1,anon_109,6,123,5.0,7.597613
Algoritmos y Programación,2526-2,1,anon_110,6,123,2.0,4.2408876
Algoritmos y Programación,2526-2,1,anon_111,6,123,2.0,3.113755
Algoritmos y Programación,2526-2,1,anon_112,6,123,2.0,4.376477
Algoritmos y Programación,2526-2,1,anon_113,6,123,0.0,1.9042382
Algoritmos y Programación,2526-2,1,anon_114,6,123,4.0,6.759329
Algoritmos y Programación,2526-2,1,anon_115,6,123,1.0,3.273985
Algoritmos y Programación,2526-2,1,anon_116,6,123,2.0,3.3037615
Algoritmos y Programación,2526-2,1,anon_117,6,123,1.0,2.1538415
Algoritmos y Programación,2526-3,1,anon_118,6,123,8.0,6.3467913
Algoritmos y Programación,2526-3,1,anon_119,6,123,0.0,0.2106111
Algoritmos y Programación,2526-3,1,anon_120,6,123,0.0,0.51243734
Algoritmos y Programación,2526-3,1,anon_121,6,123,2.0,0.18548214
Algoritmos y Programación,2526-3,1,anon_122,6,123,5.0,3.0829506
Algoritmos y Programación,2526-3,1,anon_123,6,123,4.0,1.5469525
Algoritmos y Programación,2526-3,1,anon_124,6,123,3.0,1.5444003
Algoritmos y Programación,2526-3,1,anon_125,6,123,1.0,1.5333192
Algoritmos y Programación,2526-3,1,anon_126,6,123,5.0,1.523137
Algoritmos y Programación,2526-3,1,anon_127,6,123,8.0,9.287562
Algoritmos y Programación,2526-3,1,anon_128,6,123,2.0,2.9813466
Algoritmos y Programación,2526-3,1,anon_129,6,123,5.0,4.4035544
Algoritmos y Programación,2526-3,1,anon_130,6,123,1.0,1.4934186
Algoritmos y Programación,2526-3,1,anon_131,6,123,5.0,4.400684
Algoritmos y Programación,2526-3,1,anon_132,6,123,8.0,9.26656
Algoritmos y Programación,2526-3,1,anon_133,6,123,13.0,9.7438
Algoritmos y Programación,2526-3,1,anon_134,6,123,10.0,5.8176584
Algoritmos y Programación,2526-3,1,anon_135,6,123,7.0,5.393133
Algoritmos y Programación,2526-3,1,anon_136,6,123,0.0,0.19078434
Algoritmos y Programación,2526-3,1,anon_137,6,123,4.0,5.8647537
Algoritmos y Programación,2526-3,1,anon_138,6,123,4.0,1.5016608
Algoritmos y Programación,2526-3,1,anon_139,6,123,3.0,4.150439
Algoritmos y Programación,2526-3,1,anon_140,6,123,10.0,5.6365986
Algoritmos y Programación,2526-3,1,anon_141,6,123,11.0,9.680078
Algoritmos y Programación,2526-3,1,anon_142,6,123,0.0,0.26364017
Algoritmos y Programación,2526-3,1,anon_143,6,123,15.0,13.281686
Algoritmos y Programación,2526-3,1,anon_144,6,123,3.0,0.3040099
Algoritmos y Programación,2526-3,1,anon_145,6,123,20.0,23.907858
Algoritmos y Programación,2526-3,1,anon_146,6,123,7.0,1.5332185
Algoritmos y Programación,2526-3,1,anon_147,6,123,6.0,0.37022054
Algoritmos y Programación,2425-2,1,anon_001,8,123,2.0,2.8613553
Algoritmos y Programación,2425-2,1,anon_002,8,123,2.0,0.83006954
Algoritmos y Programación,2425-2,1,anon_003,8,123,17.0,16.279453
Algoritmos y Programación,2425-2,1,anon_004,8,123,2.0,2.9208317
Algoritmos y Programación,2425-2,1,anon_005,8,123,10.0,11.241314
Algoritmos y Programación,2425-2,1,anon_006,8,123,0.0,0.9066342
Algoritmos y Programación,2425-2,1,anon_007,8,123,0.0,0.92732644
Algoritmos y Programación,2425-2,1,anon_008,8,123,16.0,16.316278
Algoritmos y Programación,2425-2,1,anon_009,8,123,9.0,7.061931
Algoritmos y Programación,2425-2,1,anon_010,8,123,22.0,21.394745
Algoritmos y Programación,2425-2,1,anon_011,8,123,6.0,7.149812
Algoritmos y Programación,2425-2,1,anon_012,8,123,0.0,1.035382
Algoritmos y Programación,2425-2,1,anon_013,8,123,0.0,1.0573012
Algoritmos y Programación,2425-2,1,anon_014,8,123,23.0,23.612125
Algoritmos y Programación,2425-2,1,anon_015,8,123,24.0,23.546722
Algoritmos y Programación,2425-2,1,anon_016,8,123,1.0,1.9285352
Algoritmos y Programación,2425-2,1,anon_017,8,123,1.0,2.171438
Algoritmos y Programación,2425-2,1,anon_018,8,123,17.0,16.526129
Algoritmos y Programación,2425-2,1,anon_019,8,123,0.0,1.1849461
Algoritmos y Programación,2425-2,1,anon_020,8,123,24.0,23.674038
Algoritmos y Programación,2425-2,1,anon_021,8,123,4.0,5.335404
Algoritmos y Programación,2425-2,1,anon_022,8,123,2.0,3.3046114
Algoritmos y Programación,2425-2,1,anon_023,8,123,19.0,19.670918
Algoritmos y Programación,2425-2,1,anon_024,8,123,7.0,7.46017
Algoritmos y Programación,2425-2,1,anon_025,8,123,5.0,6.4424114
Algoritmos y Programación,2425-2,1,anon_026,8,123,0.0,1.3137323
Algoritmos y Programación,2425-2,1,anon_027,8,123,10.0,10.497872
Algoritmos y Programación,2425-2,1,anon_028,8,123,18.0,18.723068
Algoritmos y Programación,2425-2,1,anon_029,8,123,0.0,1.3587898
Algoritmos y Programación,2425-2,1,anon_030,8,123,15.0,14.639648
Algoritmos y Programación,2425-2,2,anon_031,8,123,1.0,1.904518
Algoritmos y Programación,2425-2,2,anon_032,8,123,3.0,4.0532994
Algoritmos y Programación,2425-2,2,anon_033,8,123,20.0,21.223335
Algoritmos y Programación,2425-2,2,anon_034,8,123,4.0,5.0513372
Algoritmos y Programación,2425-2,2,anon_035,8,123,2.0,3.0948193
Algoritmos y Programación,2425-2,2,anon_036,8,123,8.0,9.091225
Algoritmos y Programación,2425-2,2,anon_037,8,123,0.0,1.068201
Algoritmos y Programación,2425-2,2,anon_038,8,123,1.0,1.9941212
Algoritmos y Programación,2425-2,2,anon_039,8,123,7.0,8.26158
Algoritmos y Programación,2425-2,2,anon_040,8,123,2.0,0.9469998
Algoritmos y Programación,2425-2,2,anon_041,8,123,0.0,1.0902085
Algoritmos y Programación,2425-2,2,anon_042,8,123,8.0,8.285944
Algoritmos y Programación,2425-2,2,anon_043,8,123,9.0,10.432628
Algoritmos y Programación,2425-2,2,anon_044,8,123,13.0,13.508854
Algoritmos y Programación,2425-2,2,anon_045,8,123,10.0,11.292224
Algoritmos y Programación,2425-2,2,anon_046,8,123,0.0,1.2122048
Algoritmos y Programación,2425-2,2,anon_047,8,123,5.0,6.396168
Algoritmos y Programación,2425-2,2,anon_048,8,123,3.0,4.341155
Algoritmos y Programación,2425-2,2,anon_049,8,123,1.0,2.3164487
Algoritmos y Programación,2425-2,2,anon_050,8,123,3.0,4.406293
Algoritmos y Programación,2425-2,2,anon_051,8,123,2.0,1.323796
Algoritmos y Programación,2425-2,2,anon_052,8,123,17.0,16.652115
Algoritmos y Programación,2425-2,2,anon_053,8,123,3.0,3.375848
Algoritmos y Programación,2425-2,2,anon_054,8,123,3.0,4.4150386
Algoritmos y Programación,2425-2,2,anon_055,8,123,10.0,10.566833
Algoritmos y Programación,2425-2,2,anon_056,8,123,0.0,1.4116821
Algoritmos y Programación,2425-2,2,anon_057,8,123,11.0,12.486672
Algoritmos y Programación,2425-2,2,anon_058,8,123,0.0,1.4391706
Algoritmos y Programación,2425-2,2,anon_059,8,123,5.0,5.3777657
Algoritmos y Programación,2425-2,2,anon_060,8,123,2.0,3.500583
Algoritmos y Programación,2526-1,1,anon_061,8,123,9.0,7.6122746
Algoritmos y Programación,2526-1,1,anon_062,8,123,13.0,7.658362
Algoritmos y Programación,2526-1,1,anon_063,8,123,15.0,10.662719
Algoritmos y Programación,2526-1,1,anon_064,8,123,2.0,1.6565466
Algoritmos y Programación,2526-1,1,anon_065,8,123,9.0,6.6749063
Algoritmos y Programación,2526-1,1,anon_066,8,123,2.0,2.6783838
Algoritmos y Programación,2526-1,1,anon_067,8,123,11.0,8.695862
Algoritmos y Programación,2526-1,1,anon_068,8,123,1.0,1.6507555
Algoritmos y Programación,2526-1,1,anon_069,8,123,12.0,9.721003
Algoritmos y Programación,2526-1,1,anon_070,8,123,5.0,5.7221336
Algoritmos y Programación,2526-1,1,anon_071,8,123,1.0,1.7169356
Algoritmos y Programación,2526-1,1,anon_072,8,123,1.0,1.6882496
Algoritmos y Programación,2526-1,1,anon_073,8,123,1.0,1.7363021
Algoritmos y Programación,2526-1,1,anon_074,8,123,8.0,3.7489033
Algoritmos y Programación,2526-1,1,anon_075,8,123,2.0,1.6809456
Algoritmos y Programación,2526-1,1,anon_076,8,123,4.0,3.7411003
Algoritmos y Programación,2526-1,1,anon_077,8,123,1.0,1.7777493
Algoritmos y Programación,2526-1,1,anon_078,8,123,2.0,2.7953207
Algoritmos y Programación,2526-1,1,anon_079,8,123,0.0,0.7008812
Algoritmos y Programación,2526-1,1,anon_080,8,123,10.0,5.83406
Algoritmos y Programación,2526-1,1,anon_081,8,123,1.0,1.8218057
Algoritmos y Programación,2526-1,1,anon_082,8,123,0.0,0.727316
Algoritmos y Programación,2526-1,1,anon_083,8,123,7.0,6.855189
Algoritmos y Programación,2526-1,1,anon_084,8,123,1.0,1.8552401
Algoritmos y Programación,2526-1,1,anon_085,8,123,0.0,0.82988393
Algoritmos y Programación,2526-1,1,anon_086,8,123,1.0,1.8770983
Algoritmos y Programación,2526-1,1,anon_087,8,123,1.0,1.8877952
Algoritmos y Programación,2526-2,1,anon_088,8,123,0.0,0.6650977
Algoritmos y Programación,2526-2,1,anon_089,8,123,4.0,3.72708
Algoritmos y Programación,2526-2,1,anon_090,8,123,0.0,0.6899842
Algoritmos y Programación,2526-2,1,anon_091,8,123,10.0,10.938193
Algoritmos y Programación,2526-2,1,anon_092,8,123,0.0,0.71859384
Algoritmos y Programación,2526-2,1,anon_093,8,123,1.0,1.7536203
Algoritmos y Programación,2526-2,1,anon_094,8,123,5.0,4.837041
Algoritmos y Programación,2526-2,1,anon_095,8,123,0.0,0.76789707
Algoritmos y Programación,2526-2,1,anon_096,8,123,1.0,1.7417073
Algoritmos y Programación,2526-2,1,anon_097,8,123,0.0,0.80438495
Algoritmos y Programación,2526-2,1,anon_098,8,123,3.0,1.8420479
Algoritmos y Programación,2526-2,1,anon_099,8,123,0.0,0.7615417
Algoritmos y Programación,2526-2,1,anon_100,8,123,0.0,0.86319983
Algoritmos y Programación,2526-2,1,anon_101,8,123,1.0,1.8356872
Algoritmos y Programación,2526-2,1,anon_102,8,123,2.0,1.9303994
Algoritmos y Programación,2526-2,1,anon_103,8,123,0.0,0.85972047
Algoritmos y Programación,2526-2,1,anon_104,8,123,0.0,0.8446033
Algoritmos y Programación,2526-2,1,anon_105,8,123,5.0,5.0649385
Algoritmos y Programación,2526-2,1,anon_106,8,123,1.0,2.0094273
Algoritmos y Programación,2526-2,1,anon_107,8,123,5.0,6.0838785
Algoritmos y Programación,2526-2,1,anon_108,8,123,1.0,1.0306526
Algoritmos y Programación,2526-2,1,anon_109,8,123,5.0,6.1677427
Algoritmos y Programación,2526-2,1,anon_110,8,123,2.0,3.11533
Algoritmos y Programación,2526-2,1,anon_111,8,123,2.0,2.1157076
Algoritmos y Programación,2526-2,1,anon_112,8,123,2.0,3.152382
Algoritmos y Programación,2526-2,1,anon_113,8,123,0.0,1.1038426
Algoritmos y Programación,2526-2,1,anon_114,8,123,4.0,5.230543
Algoritmos y Programación,2526-2,1,anon_115,8,123,1.0,2.1860642
Algoritmos y Programación,2526-2,1,anon_116,8,123,2.0,2.202696
Algoritmos y Programación,2526-2,1,anon_117,8,123,1.0,1.1999136
Algoritmos y Programación,2526-3,1,anon_118,8,123,8.0,6.7521205
Algoritmos y Programación,2526-3,1,anon_119,8,123,0.0,0.37797648
Algoritmos y Programación,2526-3,1,anon_120,8,123,0.0,0.41452095
Algoritmos y Programación,2526-3,1,anon_121,8,123,2.0,0.35573494
Algoritmos y Programación,2526-3,1,anon_122,8,123,5.0,2.4782836
Algoritmos y Programación,2526-3,1,anon_123,8,123,4.0,2.4323242
Algoritmos y Programación,2526-3,1,anon_124,8,123,3.0,1.3875315
Algoritmos y Programación,2526-3,1,anon_125,8,123,1.0,1.3785176
Algoritmos y Programación,2526-3,1,anon_126,8,123,5.0,2.416177
Algoritmos y Programación,2526-3,1,anon_127,8,123,8.0,6.7785783
Algoritmos y Programación,2526-3,1,anon_128,8,123,2.0,2.4240649
Algoritmos y Programación,2526-3,1,anon_129,8,123,5.0,3.4962733
Algoritmos y Programación,2526-3,1,anon_130,8,123,1.0,1.3430448
Algoritmos y Programación,2526-3,1,anon_131,8,123,5.0,3.483342
Algoritmos y Programación,2526-3,1,anon_132,8,123,8.0,6.7124257
Algoritmos y Programación,2526-3,1,anon_133,8,123,13.0,10.5480995
Algoritmos y Programación,2526-3,1,anon_134,8,123,10.0,5.562
Algoritmos y Programación,2526-3,1,anon_135,8,123,7.0,4.3767905
Algoritmos y Programación,2526-3,1,anon_136,8,123,0.0,0.23505417
Algoritmos y Programación,2526-3,1,anon_137,8,123,4.0,4.51421
Algoritmos y Programación,2526-3,1,anon_138,8,123,4.0,1.3288798
Algoritmos y Programación,2526-3,1,anon_139,8,123,3.0,3.3055367
Algoritmos y Programación,2526-3,1,anon_140,8,123,10.0,7.5685964
Algoritmos y Programación,2526-3,1,anon_141,8,123,11.0,9.70114
Algoritmos y Programación,2526-3,1,anon_142,8,123,0.0,0.29784578
Algoritmos y Programación,2526-3,1,anon_143,8,123,15.0,11.886621
Algoritmos y Programación,2526-3,1,anon_144,8,123,3.0,1.3388587
Algoritmos y Programación,2526-3,1,anon_145,8,123,20.0,19.253128
Algoritmos y Programación,2526-3,1,anon_146,8,123,7.0,3.4192538
Algoritmos y Programación,2526-3,1,anon_147,8,123,6.0,3.381774
Computación Emergente,2425-3,1,anon_148,4,123,1.0,1.1566613
Computación Emergente,2425-3,1,anon_149,4,123,5.0,1.1788043
Computación Emergente,2425-3,1,anon_150,4,123,4.0,1.2004488
Computación Emergente,2425-3,1,anon_151,4,123,1.0,0.6825198
Computación Emergente,2425-3,1,anon_152,4,123,4.0,0.69793296
Computación Emergente,2425-3,1,anon_153,4,123,0.0,0.71407807
Computación Emergente,2425-3,1,anon_154,4,123,0.0,0.73094606
Computación Emergente,2425-3,1,anon_155,4,123,5.0,2.7103453
Computación Emergente,2425-3,1,anon_156,4,123,0.0,1.3169949
Computación Emergente,2425-3,1,anon_157,4,123,2.0,1.3339244
Computación Emergente,2425-3,1,anon_158,4,123,0.0,1.3501204
Computación Emergente,2425-3,1,anon_159,4,123,1.0,1.3655958
Computación Emergente,2425-3,1,anon_160,4,123,1.0,0.84615135
Computación Emergente,2425-3,1,anon_161,4,123,0.0,0.8673713
Computación Emergente,2425-3,1,anon_162,4,123,0.0,1.9561816
Computación Emergente,2425-3,1,anon_163,4,123,0.0,1.953547
Computación Emergente,2425-3,1,anon_164,4,123,5.0,4.1495295
Computación Emergente,2425-3,1,anon_165,4,123,6.0,2.7294574
Computación Emergente,2425-3,1,anon_166,4,123,2.0,1.4561875
Computación Emergente,2425-3,1,anon_167,4,123,0.0,1.9390382
Computación Emergente,2425-3,1,anon_168,4,123,5.0,3.2950635
Computación Emergente,2425-3,1,anon_169,4,123,0.0,1.4877813
Computación Emergente,2425-3,1,anon_170,4,123,0.0,1.9256822
Computación Emergente,2425-3,1,anon_171,4,123,3.0,2.7751808
Computación Emergente,2425-3,1,anon_172,4,123,0.0,1.5168295
Computación Emergente,2425-3,1,anon_173,4,123,6.0,4.1972303
Computación Emergente,2425-3,1,anon_174,4,123,6.0,3.1325908
Computación Emergente,2425-3,1,anon_175,4,123,0.0,1.1859729
Computación Emergente,2425-3,1,anon_176,4,123,6.0,4.2028637
Computación Emergente,2425-3,1,anon_177,4,123,3.0,1.2297947
Computación Emergente,2425-3,1,anon_178,4,123,3.0,1.8907728
Computación Emergente,2425-3,1,anon_179,4,123,0.0,1.580581
Computación Emergente,2425-3,1,anon_180,4,123,0.0,1.5896411
Computación Emergente,2425-3,1,anon_181,4,123,3.0,1.5987439
Computación Emergente,2425-3,1,anon_182,4,123,4.0,1.6078993
Computación Emergente,2425-3,1,anon_183,4,123,7.0,4.2068205
Computación Emergente,2425-3,1,anon_184,4,123,1.0,1.3710902
Computación Emergente,2425-3,1,anon_185,4,123,0.0,1.38957
Computación Emergente,2425-3,2,anon_185,4,123,0.0,1.6691709
Computación Emergente,2425-3,2,anon_186,4,123,0.0,1.1093237
Computación Emergente,2425-3,2,anon_187,4,123,7.0,4.947458
Computación Emergente,2425-3,2,anon_188,4,123,0.0,1.1505959
Computación Emergente,2425-3,2,anon_189,4,123,2.0,1.7605486
Computación Emergente,2425-3,2,anon_190,4,123,0.0,1.1932224
Computación Emergente,2425-3,2,anon_191,4,123,0.0,1.2148783
Computación Emergente,2425-3,2,anon_192,4,123,5.0,3.9476774
Computación Emergente,2425-3,2,anon_193,4,123,0.0,1.8240061
Computación Emergente,2425-3,2,anon_194,4,123,1.0,1.2803245
Computación Emergente,2425-3,2,anon_195,4,123,0.0,1.3020369
Computación Emergente,2425-3,2,anon_196,4,123,1.0,1.3235655
Computación Emergente,2425-3,2,anon_197,4,123,0.0,1.3448317
Computación Emergente,2425-3,2,anon_198,4,123,2.0,1.3657613
Computación Emergente,2425-3,2,anon_199,4,123,1.0,3.2403603
Computación Emergente,2425-3,2,anon_200,4,123,4.0,4.5423408
Computación Emergente,2425-3,2,anon_201,4,123,0.0,1.8830515
Computación Emergente,2425-3,2,anon_202,4,123,1.0,1.8851525
Computación Emergente,2425-3,2,anon_203,4,123,0.0,1.4630654
Computación Emergente,2425-3,2,anon_204,4,123,3.0,4.579668
Computación Emergente,2425-3,2,anon_205,4,123,0.0,1.8863312
Computación Emergente,2425-3,2,anon_206,4,123,1.0,2.859964
Computación Emergente,2425-3,2,anon_207,4,123,0.0,1.529272
Computación Emergente,2425-3,2,anon_208,4,123,1.0,2.887194
Computación Emergente,2425-3,2,anon_209,4,123,1.0,1.8792186
Computación Emergente,2425-3,2,anon_210,4,123,0.0,1.8764548
Computación Emergente,2425-3,2,anon_211,4,123,0.0,1.873454
Computación Emergente,2425-3,2,anon_212,4,123,0.0,1.5955939
Computación Emergente,2425-3,2,anon_213,4,123,1.0,2.9933054
Computación Emergente,2425-3,2,anon_214,4,123,0.0,1.6172986
Computación Emergente,2425-3,2,anon_215,4,123,0.0,1.627229
Computación Emergente,2425-3,2,anon_216,4,123,1.0,3.1621597
Computación Emergente,2425-3,2,anon_217,4,123,0.0,1.6454301
Computación Emergente,2425-3,2,anon_218,4,123,1.0,2.9644027
Computación Emergente,2425-3,2,anon_219,4,123,2.0,1.6616793
Computación Emergente,2526-1,1,anon_174,4,123,0.0,1.4283545
Computación Emergente,2526-1,1,anon_205,4,123,0.0,1.4053097
Computación Emergente,2526-1,1,anon_212,4,123,1.0,2.4451156
Computación Emergente,2526-1,1,anon_220,4,123,1.0,2.2850764
Computación Emergente,2526-1,1,anon_221,4,123,13.0,6.6103845
Computación Emergente,2526-1,1,anon_222,4,123,1.0,2.2688184
Computación Emergente,2526-1,1,anon_223,4,123,3.0,2.2974288
Computación Emergente,2526-1,1,anon_224,4,123,8.0,6.7049847
Computación Emergente,2526-1,1,anon_225,4,123,1.0,2.4097142
Computación Emergente,2526-1,1,anon_226,4,123,5.0,3.3450189
Computación Emergente,2526-1,1,anon_227,4,123,4.0,4.3990526
Computación Emergente,2526-1,1,anon_228,4,123,15.0,7.801029
Computación Emergente,2526-1,1,anon_229,4,123,1.0,1.2975495
Computación Emergente,2526-1,1,anon_230,4,123,1.0,2.4027476
Computación Emergente,2526-1,1,anon_231,4,123,4.0,4.5856714
Computación Emergente,2526-1,1,anon_232,4,123,8.0,5.7034082
Computación Emergente,2526-1,1,anon_233,4,123,0.0,1.3890675
Computación Emergente,2526-1,1,anon_234,4,123,5.0,6.6087537
Computación Emergente,2526-1,1,anon_235,4,123,13.0,4.622433
Computación Emergente,2526-1,1,anon_236,4,123,2.0,1.4133916
Computación Emergente,2526-1,1,anon_237,4,123,13.0,6.828702
Computación Emergente,2526-1,1,anon_238,4,123,0.0,1.3732944
Computación Emergente,2526-1,1,anon_239,4,123,1.0,2.4958372
Computación Emergente,2526-1,1,anon_240,4,123,0.0,1.3784416
Computación Emergente,2526-1,1,anon_241,4,123,0.0,1.4255207
Computación Emergente,2526-1,1,anon_242,4,123,1.0,2.5044613
Computación Emergente,2526-1,1,anon_243,4,123,0.0,1.4297227
Computación Emergente,2526-1,1,anon_244,4,123,0.0,1.3824576
Computación Emergente,2526-2,1,anon_174,4,123,0.0,2.111902
Computación Emergente,2526-2,1,anon_222,4,123,0.0,0.9448271
Computación Emergente,2526-2,1,anon_244,4,123,0.0,1.3195949
Computación Emergente,2526-2,1,anon_245,4,123,1.0,3.3863182
Computación Emergente,2526-2,1,anon_246,4,123,0.0,0.94394493
Computación Emergente,2526-2,1,anon_247,4,123,6.0,4.705799
Computación Emergente,2526-2,1,anon_248,4,123,0.0,0.9484745
Computación Emergente,2526-2,1,anon_249,4,123,0.0,0.9513241
Computación Emergente,2526-2,1,anon_250,4,123,10.0,9.523396
Computación Emergente,2526-2,1,anon_251,4,123,2.0,5.21126
Computación Emergente,2526-2,1,anon_252,4,123,9.0,11.289336
Computación Emergente,2526-2,1,anon_253,4,123,0.0,0.9703665
Computación Emergente,2526-2,1,anon_254,4,123,0.0,1.845554
Computación Emergente,2526-2,1,anon_255,4,123,0.0,1.8662647
Computación Emergente,2526-2,1,anon_256,4,123,0.0,0.99333143
Computación Emergente,2526-2,1,anon_257,4,123,4.0,5.300518
Computación Emergente,2526-2,1,anon_258,4,123,1.0,1.9287418
Computación Emergente,2526-2,1,anon_259,4,123,0.0,1.9495742
Computación Emergente,2526-2,1,anon_260,4,123,5.0,6.6763954
Computación Emergente,2526-2,1,anon_261,4,123,0.0,1.048759
Computación Emergente,2526-2,1,anon_262,4,123,1.0,2.5223153
Computación Emergente,2526-2,1,anon_263,4,123,0.0,1.0767227
Computación Emergente,2526-2,1,anon_264,4,123,0.0,1.0918627
Computación Emergente,2526-2,1,anon_265,4,123,1.0,2.4108396
Computación Emergente,2526-2,1,anon_266,4,123,1.0,3.9158702
Computación Emergente,2526-2,1,anon_267,4,123,0.0,2.131231
Computación Emergente,2526-2,1,anon_268,4,123,1.0,2.614226
Computación Emergente,2526-2,1,anon_269,4,123,0.0,2.1689792
Computación Emergente,2526-2,1,anon_270,4,123,0.0,2.1873572
Computación Emergente,2526-2,1,anon_271,4,123,0.0,1.2362666
Computación Emergente,2526-2,1,anon_272,4,123,0.0,2.2230308
Computación Emergente,2526-2,1,anon_273,4,123,0.0,1.2773108
Computación Emergente,2526-2,1,anon_274,4,123,0.0,1.298322
Computación Emergente,2526-2,1,anon_275,4,123,2.0,5.3963714
Computación Emergente,2526-2,1,anon_276,4,123,3.0,5.6873026
Computación Emergente,2526-2,1,anon_277,4,123,1.0,2.7746859
Computación Emergente,2526-2,1,anon_278,4,123,0.0,2.335062
Computación Emergente,2526-2,1,anon_279,4,123,12.0,8.633495
Computación Emergente,2526-2,1,anon_280,4,123,1.0,3.6910095
Computación Emergente,2526-2,1,anon_281,4,123,3.0,3.1849558
Computación Emergente,2526-2,1,anon_282,4,123,0.0,2.389271
Computación Emergente,2526-3,1,anon_174,4,123,0.0,0.17118454
Computación Emergente,2526-3,1,anon_283,4,123,3.0,2.6955738
Computación Emergente,2526-3,1,anon_284,4,123,21.0,17.096088
Computación Emergente,2526-3,1,anon_285,4,123,30.0,17.221155
Computación Emergente,2526-3,1,anon_286,4,123,18.0,15.884534
Computación Emergente,2526-3,1,anon_287,4,123,23.0,21.01433
Computación Emergente,2526-3,1,anon_288,4,123,24.0,15.841947
Computación Emergente,2526-3,1,anon_289,4,123,0.0,0.120378494
Computación Emergente,2526-3,1,anon_290,4,123,5.0,7.6613483
Computación Emergente,2526-3,1,anon_291,4,123,0.0,0.35097975
Computación Emergente,2526-3,1,anon_292,4,123,6.0,7.7345924
Computación Emergente,2526-3,1,anon_293,4,123,0.0,0.11066234
Computación Emergente,2526-3,1,anon_294,4,123,0.0,0.10816407
Computación Emergente,2526-3,1,anon_295,4,123,3.0,0.37651604
Computación Emergente,2526-3,1,anon_296,4,123,0.0,0.107961774
Computación Emergente,2526-3,1,anon_297,4,123,16.0,15.942935
Computación Emergente,2526-3,1,anon_298,4,123,6.0,10.501208
Computación Emergente,2526-3,1,anon_299,4,123,0.0,0.11957586
Computación Emergente,2526-3,1,anon_300,4,123,27.0,20.232986
Computación Emergente,2526-3,1,anon_301,4,123,12.0,8.748114
Computación Emergente,2526-3,1,anon_302,4,123,0.0,0.024870634
Computación Emergente,2526-3,1,anon_303,4,123,9.0,12.019914
Computación Emergente,2526-3,1,anon_304,4,123,0.0,0.5982211
Computación Emergente,2526-3,1,anon_305,4,123,12.0,17.55847
Computación Emergente,2526-3,1,anon_306,4,123,11.0,7.3958015
Computación Emergente,2526-3,1,anon_307,4,123,0.0,0.24254203
Computación Emergente,2526-3,1,anon_308,4,123,9.0,13.0069475
Computación Emergente,2526-3,1,anon_309,4,123,2.0,0.2884943
Computación Emergente,2526-3,1,anon_310,4,123,8.0,15.213025
Computación Emergente,2526-3,1,anon_311,4,123,0.0,0.3412661
Computación Emergente,2526-3,1,anon_312,4,123,7.0,8.942168
Computación Emergente,2526-3,1,anon_313,4,123,1.0,2.1762245
Computación Emergente,2526-3,1,anon_314,4,123,1.0,1.150828
Computación Emergente,2526-3,1,anon_315,4,123,1.0,1.7107037
Computación Emergente,2526-3,1,anon_316,4,123,11.0,14.885358
Computación Emergente,2526-3,1,anon_317,4,123,0.0,1.3175194
Computación Emergente,2526-3,1,anon_318,4,123,0.0,0.14038408
Computación Emergente,2526-3,1,anon_319,4,123,22.0,9.428483
Computación Emergente,2526-3,1,anon_320,4,123,3.0,1.3421323
Computación Emergente,2526-3,1,anon_321,4,123,3.0,7.4924293
Computación Emergente,2425-3,1,anon_148,6,123,1.0,1.6449155
Computación Emergente,2425-3,1,anon_149,6,123,5.0,1.6696111
Computación Emergente,2425-3,1,anon_150,6,123,4.0,1.69328
Computación Emergente,2425-3,1,anon_151,6,123,1.0,0.11556959
Computación Emergente,2425-3,1,anon_152,6,123,4.0,1.222948
Computación Emergente,2425-3,1,anon_153,6,123,0.0,0.14671385
Computación Emergente,2425-3,1,anon_154,6,123,0.0,0.16352236
Computación Emergente,2425-3,1,anon_155,6,123,5.0,3.1344466
Computación Emergente,2425-3,1,anon_156,6,123,0.0,0.67668545
Computación Emergente,2425-3,1,anon_157,6,123,2.0,0.6915901
Computación Emergente,2425-3,1,anon_158,6,123,0.0,0.7054594
Computación Emergente,2425-3,1,anon_159,6,123,1.0,1.8528856
Computación Emergente,2425-3,1,anon_160,6,123,1.0,1.389937
Computación Emergente,2425-3,1,anon_161,6,123,0.0,0.3022411
Computación Emergente,2425-3,1,anon_162,6,123,0.0,1.3646748
Computación Emergente,2425-3,1,anon_163,6,123,0.0,1.3620387
Computación Emergente,2425-3,1,anon_164,6,123,5.0,4.6204057
Computación Emergente,2425-3,1,anon_165,6,123,6.0,3.2459435
Computación Emergente,2425-3,1,anon_166,6,123,2.0,0.7888044
Computación Emergente,2425-3,1,anon_167,6,123,0.0,1.3465931
Computación Emergente,2425-3,1,anon_168,6,123,5.0,3.7879987
Computación Emergente,2425-3,1,anon_169,6,123,0.0,0.8141673
Computación Emergente,2425-3,1,anon_170,6,123,0.0,1.3323176
Computación Emergente,2425-3,1,anon_171,6,123,3.0,3.2796915
Computación Emergente,2425-3,1,anon_172,6,123,0.0,0.84061617
Computación Emergente,2425-3,1,anon_173,6,123,6.0,4.6600657
Computación Emergente,2425-3,1,anon_174,6,123,6.0,3.7148561
Computación Emergente,2425-3,1,anon_175,6,123,0.0,0.6368828
Computación Emergente,2425-3,1,anon_176,6,123,6.0,4.665286
Computación Emergente,2425-3,1,anon_177,6,123,3.0,0.6843071
Computación Emergente,2425-3,1,anon_178,6,123,3.0,2.4136617
Computación Emergente,2425-3,1,anon_179,6,123,0.0,0.91692954
Computación Emergente,2425-3,1,anon_180,6,123,0.0,0.9300396
Computación Emergente,2425-3,1,anon_181,6,123,3.0,0.94373554
Computación Emergente,2425-3,1,anon_182,6,123,4.0,0.95801026
Computación Emergente,2425-3,1,anon_183,6,123,7.0,4.678343
Computación Emergente,2425-3,1,anon_184,6,123,1.0,1.9458311
Computación Emergente,2425-3,1,anon_185,6,123,0.0,0.864459
Computación Emergente,2425-3,2,anon_185,6,123,0.0,1.1444818
Computación Emergente,2425-3,2,anon_186,6,123,0.0,0.5184927
Computación Emergente,2425-3,2,anon_187,6,123,7.0,6.7648096
Computación Emergente,2425-3,2,anon_188,6,123,0.0,0.56112933
Computación Emergente,2425-3,2,anon_189,6,123,2.0,2.2104514
Computación Emergente,2425-3,2,anon_190,6,123,0.0,0.60560894
Computación Emergente,2425-3,2,anon_191,6,123,0.0,0.62833524
Computación Emergente,2425-3,2,anon_192,6,123,5.0,4.3600607
Computación Emergente,2425-3,2,anon_193,6,123,0.0,1.1564113
Computación Emergente,2425-3,2,anon_194,6,123,1.0,0.69738907
Computación Emergente,2425-3,2,anon_195,6,123,0.0,0.72039545
Computación Emergente,2425-3,2,anon_196,6,123,1.0,1.8617604
Computación Emergente,2425-3,2,anon_197,6,123,0.0,0.76586586
Computación Emergente,2425-3,2,anon_198,6,123,2.0,0.78817
Computación Emergente,2425-3,2,anon_199,6,123,1.0,2.5805478
Computación Emergente,2425-3,2,anon_200,6,123,4.0,5.194747
Computación Emergente,2425-3,2,anon_201,6,123,0.0,1.2384748
Computación Emergente,2425-3,2,anon_202,6,123,1.0,2.4659753
Computación Emergente,2425-3,2,anon_203,6,123,0.0,0.8927957
Computación Emergente,2425-3,2,anon_204,6,123,3.0,3.974732
Computación Emergente,2425-3,2,anon_205,6,123,0.0,1.2540356
Computación Emergente,2425-3,2,anon_206,6,123,1.0,2.2638106
Computación Emergente,2425-3,2,anon_207,6,123,0.0,0.96586096
Computación Emergente,2425-3,2,anon_208,6,123,1.0,2.2986765
Computación Emergente,2425-3,2,anon_209,6,123,1.0,1.2599303
Computación Emergente,2425-3,2,anon_210,6,123,0.0,1.2606014
Computación Emergente,2425-3,2,anon_211,6,123,0.0,1.2611318
Computación Emergente,2425-3,2,anon_212,6,123,0.0,1.0432571
Computación Emergente,2425-3,2,anon_213,6,123,1.0,2.3862116
Computación Emergente,2425-3,2,anon_214,6,123,0.0,1.0705397
Computación Emergente,2425-3,2,anon_215,6,123,0.0,1.0835645
Computación Emergente,2425-3,2,anon_216,6,123,1.0,2.5789943
Computación Emergente,2425-3,2,anon_217,6,123,0.0,1.1086285
Computación Emergente,2425-3,2,anon_218,6,123,1.0,2.422728
Computación Emergente,2425-3,2,anon_219,6,123,2.0,1.1327035
Computación Emergente,2526-1,1,anon_174,6,123,0.0,1.407389
Computación Emergente,2526-1,1,anon_205,6,123,0.0,1.441816
Computación Emergente,2526-1,1,anon_212,6,123,1.0,2.6024506
Computación Emergente,2526-1,1,anon_220,6,123,1.0,2.1224432
Computación Emergente,2526-1,1,anon_221,6,123,13.0,8.444096
Computación Emergente,2526-1,1,anon_222,6,123,1.0,2.1478071
Computación Emergente,2526-1,1,anon_223,6,123,3.0,4.225377
Computación Emergente,2526-1,1,anon_224,6,123,8.0,7.5355783
Computación Emergente,2526-1,1,anon_225,6,123,1.0,2.2889547
Computación Emergente,2526-1,1,anon_226,6,123,5.0,4.2803907
Computación Emergente,2526-1,1,anon_227,6,123,4.0,4.3336887
Computación Emergente,2526-1,1,anon_228,6,123,15.0,10.721368
Computación Emergente,2526-1,1,anon_229,6,123,1.0,2.2657487
Computación Emergente,2526-1,1,anon_230,6,123,1.0,2.3507214
Computación Emergente,2526-1,1,anon_231,6,123,4.0,4.518152
Computación Emergente,2526-1,1,anon_232,6,123,8.0,8.7109785
Computación Emergente,2526-1,1,anon_233,6,123,0.0,1.388611
Computación Emergente,2526-1,1,anon_234,6,123,5.0,6.604321
Computación Emergente,2526-1,1,anon_235,6,123,13.0,6.725304
Computación Emergente,2526-1,1,anon_236,6,123,2.0,1.4731424
Computación Emergente,2526-1,1,anon_237,6,123,13.0,8.960878
Computación Emergente,2526-1,1,anon_238,6,123,0.0,1.4702628
Computación Emergente,2526-1,1,anon_239,6,123,1.0,2.5900545
Computación Emergente,2526-1,1,anon_240,6,123,0.0,1.4991478
Computación Emergente,2526-1,1,anon_241,6,123,0.0,1.5343835
Computación Emergente,2526-1,1,anon_242,6,123,1.0,2.6294987
Computación Emergente,2526-1,1,anon_243,6,123,0.0,1.5610647
Computación Emergente,2526-1,1,anon_244,6,123,0.0,1.5509701
Computación Emergente,2526-2,1,anon_174,6,123,0.0,1.935704
Computación Emergente,2526-2,1,anon_222,6,123,0.0,0.5327405
Computación Emergente,2526-2,1,anon_244,6,123,0.0,1.2465128
Computación Emergente,2526-2,1,anon_245,6,123,1.0,2.5204675
Computación Emergente,2526-2,1,anon_246,6,123,0.0,0.52111256
Computación Emergente,2526-2,1,anon_247,6,123,6.0,5.51436
Computación Emergente,2526-2,1,anon_248,6,123,0.0,0.558226
Computación Emergente,2526-2,1,anon_249,6,123,0.0,0.57214653
Computación Emergente,2526-2,1,anon_250,6,123,10.0,10.254126
Computación Emergente,2526-2,1,anon_251,6,123,2.0,4.4537005
Computación Emergente,2526-2,1,anon_252,6,123,9.0,11.854759
Computación Emergente,2526-2,1,anon_253,6,123,0.0,0.63626015
Computación Emergente,2526-2,1,anon_254,6,123,0.0,1.412795
Computación Emergente,2526-2,1,anon_255,6,123,0.0,1.4548678
Computación Emergente,2526-2,1,anon_256,6,123,0.0,0.69360864
Computación Emergente,2526-2,1,anon_257,6,123,4.0,6.039305
Computación Emergente,2526-2,1,anon_258,6,123,1.0,2.7269187
Computación Emergente,2526-2,1,anon_259,6,123,0.0,1.6228123
Computación Emergente,2526-2,1,anon_260,6,123,5.0,6.3343024
Computación Emergente,2526-2,1,anon_261,6,123,0.0,0.8068539
Computación Emergente,2526-2,1,anon_262,6,123,1.0,2.1904323
Computación Emergente,2526-2,1,anon_263,6,123,0.0,0.85797364
Computación Emergente,2526-2,1,anon_264,6,123,0.0,0.884672
Computación Emergente,2526-2,1,anon_265,6,123,1.0,2.215643
Computación Emergente,2526-2,1,anon_266,6,123,1.0,3.460656
Computación Emergente,2526-2,1,anon_267,6,123,0.0,1.9709766
Computación Emergente,2526-2,1,anon_268,6,123,1.0,2.3826108
Computación Emergente,2526-2,1,anon_269,6,123,0.0,2.0382767
Computación Emergente,2526-2,1,anon_270,6,123,0.0,2.070223
Computación Emergente,2526-2,1,anon_271,6,123,0.0,1.1199946
Computación Emergente,2526-2,1,anon_272,6,123,0.0,2.1305575
Computación Emergente,2526-2,1,anon_273,6,123,0.0,1.1829245
Computación Emergente,2526-2,1,anon_274,6,123,0.0,1.2146697
Computación Emergente,2526-2,1,anon_275,6,123,2.0,5.0999727
Computación Emergente,2526-2,1,anon_276,6,123,3.0,5.4317603
Computación Emergente,2526-2,1,anon_277,6,123,1.0,2.668952
Computación Emergente,2526-2,1,anon_278,6,123,0.0,2.303191
Computación Emergente,2526-2,1,anon_279,6,123,12.0,9.509395
Computación Emergente,2526-2,1,anon_280,6,123,1.0,3.6580405
Computación Emergente,2526-2,1,anon_281,6,123,3.0,2.9839377
Computación Emergente,2526-2,1,anon_282,6,123,0.0,2.3755572
Computación Emergente,2526-3,1,anon_174,6,123,0.0,0.038973153
Computación Emergente,2526-3,1,anon_283,6,123,3.0,2.5119958
Computación Emergente,2526-3,1,anon_284,6,123,21.0,15.809491
Computación Emergente,2526-3,1,anon_285,6,123,30.0,18.338303
Computación Emergente,2526-3,1,anon_286,6,123,18.0,13.45312
Computación Emergente,2526-3,1,anon_287,6,123,23.0,20.964647
Computación Emergente,2526-3,1,anon_288,6,123,24.0,13.906209
Computación Emergente,2526-3,1,anon_289,6,123,0.0,-0.05820781
Computación Emergente,2526-3,1,anon_290,6,123,5.0,6.8293314
Computación Emergente,2526-3,1,anon_291,6,123,0.0,0.06509477
Computación Emergente,2526-3,1,anon_292,6,123,6.0,7.8088865
Computación Emergente,2526-3,1,anon_293,6,123,0.0,-0.08708173
Computación Emergente,2526-3,1,anon_294,6,123,0.0,-0.0825752
Computación Emergente,2526-3,1,anon_295,6,123,3.0,0.12153685
Computación Emergente,2526-3,1,anon_296,6,123,0.0,-0.0694955
Computación Emergente,2526-3,1,anon_297,6,123,16.0,13.935784
Computación Emergente,2526-3,1,anon_298,6,123,6.0,8.105029
Computación Emergente,2526-3,1,anon_299,6,123,0.0,-0.039475262
Computación Emergente,2526-3,1,anon_300,6,123,27.0,20.07735
Computación Emergente,2526-3,1,anon_301,6,123,12.0,8.517092
Computación Emergente,2526-3,1,anon_302,6,123,0.0,-0.11391276
Computación Emergente,2526-3,1,anon_303,6,123,9.0,9.9512205
Computación Emergente,2526-3,1,anon_304,6,123,0.0,0.3985493
Computación Emergente,2526-3,1,anon_305,6,123,12.0,15.228198
Computación Emergente,2526-3,1,anon_306,6,123,11.0,7.163748
Computación Emergente,2526-3,1,anon_307,6,123,0.0,0.12717485
Computación Emergente,2526-3,1,anon_308,6,123,9.0,11.023211
Computación Emergente,2526-3,1,anon_309,6,123,2.0,0.17936122
Computación Emergente,2526-3,1,anon_310,6,123,8.0,12.616615
Computación Emergente,2526-3,1,anon_311,6,123,0.0,0.23656583
Computación Emergente,2526-3,1,anon_312,6,123,7.0,7.419036
Computación Emergente,2526-3,1,anon_313,6,123,1.0,1.8352287
Computación Emergente,2526-3,1,anon_314,6,123,1.0,1.1499939
Computación Emergente,2526-3,1,anon_315,6,123,1.0,1.7309475
Computación Emergente,2526-3,1,anon_316,6,123,11.0,11.702603
Computación Emergente,2526-3,1,anon_317,6,123,0.0,1.0291909
Computación Emergente,2526-3,1,anon_318,6,123,0.0,0.038532317
Computación Emergente,2526-3,1,anon_319,6,123,22.0,9.618325
Computación Emergente,2526-3,1,anon_320,6,123,3.0,1.3202573
Computación Emergente,2526-3,1,anon_321,6,123,3.0,5.754051
Computación Emergente,2425-3,1,anon_148,8,123,1.0,1.337609
Computación Emergente,2425-3,1,anon_149,8,123,5.0,2.4440248
Computación Emergente,2425-3,1,anon_150,8,123,4.0,1.358676
Computación Emergente,2425-3,1,anon_151,8,123,1.0,1.1223674
Computación Emergente,2425-3,1,anon_152,8,123,4.0,1.1446434
Computación Emergente,2425-3,1,anon_153,8,123,0.0,0.07109159
Computación Emergente,2425-3,1,anon_154,8,123,0.0,0.07892668
Computación Emergente,2425-3,1,anon_155,8,123,5.0,2.526807
Computación Emergente,2425-3,1,anon_156,8,123,0.0,0.28282738
Computación Emergente,2425-3,1,anon_157,8,123,2.0,0.2850657
Computación Emergente,2425-3,1,anon_158,8,123,0.0,0.28647044
Computación Emergente,2425-3,1,anon_159,8,123,1.0,1.399992
Computación Emergente,2425-3,1,anon_160,8,123,1.0,1.231001
Computación Emergente,2425-3,1,anon_161,8,123,0.0,0.14514053
Computación Emergente,2425-3,1,anon_162,8,123,0.0,0.46079904
Computación Emergente,2425-3,1,anon_163,8,123,0.0,0.4530961
Computación Emergente,2425-3,1,anon_164,8,123,5.0,4.7993345
Computación Emergente,2425-3,1,anon_165,8,123,6.0,3.639379
Computación Emergente,2425-3,1,anon_166,8,123,2.0,1.3650095
Computación Emergente,2425-3,1,anon_167,8,123,0.0,0.42125955
Computación Emergente,2425-3,1,anon_168,8,123,5.0,3.7112288
Computación Emergente,2425-3,1,anon_169,8,123,0.0,0.27084672
Computación Emergente,2425-3,1,anon_170,8,123,0.0,0.3980201
Computación Emergente,2425-3,1,anon_171,8,123,3.0,2.5062356
Computación Emergente,2425-3,1,anon_172,8,123,0.0,0.26603076
Computación Emergente,2425-3,1,anon_173,8,123,6.0,4.738639
Computación Emergente,2425-3,1,anon_174,8,123,6.0,3.644554
Computación Emergente,2425-3,1,anon_175,8,123,0.0,0.300247
Computación Emergente,2425-3,1,anon_176,8,123,6.0,4.7156835
Computación Emergente,2425-3,1,anon_177,8,123,3.0,0.3200901
Computación Emergente,2425-3,1,anon_178,8,123,3.0,2.4982262
Computación Emergente,2425-3,1,anon_179,8,123,0.0,0.26908278
Computación Emergente,2425-3,1,anon_180,8,123,0.0,0.27151367
Computación Emergente,2425-3,1,anon_181,8,123,3.0,0.2744685
Computación Emergente,2425-3,1,anon_182,8,123,4.0,1.34903
Computación Emergente,2425-3,1,anon_183,8,123,7.0,4.673164
Computación Emergente,2425-3,1,anon_184,8,123,1.0,1.469612
Computación Emergente,2425-3,1,anon_185,8,123,0.0,0.38979885
Computación Emergente,2425-3,2,anon_185,8,123,0.0,0.55070484
Computación Emergente,2425-3,2,anon_186,8,123,0.0,0.3159751
Computación Emergente,2425-3,2,anon_187,8,123,7.0,6.3872323
Computación Emergente,2425-3,2,anon_188,8,123,0.0,0.33915153
Computación Emergente,2425-3,2,anon_189,8,123,2.0,2.7350874
Computación Emergente,2425-3,2,anon_190,8,123,0.0,0.36284292
Computación Emergente,2425-3,2,anon_191,8,123,0.0,0.37471944
Computación Emergente,2425-3,2,anon_192,8,123,5.0,3.740081
Computación Emergente,2425-3,2,anon_193,8,123,0.0,0.55892336
Computación Emergente,2425-3,2,anon_194,8,123,1.0,0.40968153
Computación Emergente,2425-3,2,anon_195,8,123,0.0,0.4209048
Computación Emergente,2425-3,2,anon_196,8,123,1.0,1.5341315
Computación Emergente,2425-3,2,anon_197,8,123,0.0,0.44237277
Computación Emergente,2425-3,2,anon_198,8,123,2.0,1.5390699
Computación Emergente,2425-3,2,anon_199,8,123,1.0,1.7063539
Computación Emergente,2425-3,2,anon_200,8,123,4.0,4.0149994
Computación Emergente,2425-3,2,anon_201,8,123,0.0,0.5505349
Computación Emergente,2425-3,2,anon_202,8,123,1.0,1.6776831
Computación Emergente,2425-3,2,anon_203,8,123,0.0,0.49613753
Computación Emergente,2425-3,2,anon_204,8,123,3.0,2.8394334
Computación Emergente,2425-3,2,anon_205,8,123,0.0,0.5277284
Computación Emergente,2425-3,2,anon_206,8,123,1.0,1.6543773
Computación Emergente,2425-3,2,anon_207,8,123,0.0,0.521401
Computación Emergente,2425-3,2,anon_208,8,123,1.0,1.6652067
Computación Emergente,2425-3,2,anon_209,8,123,1.0,1.5875075
Computación Emergente,2425-3,2,anon_210,8,123,0.0,0.49085066
Computación Emergente,2425-3,2,anon_211,8,123,0.0,0.48317128
Computación Emergente,2425-3,2,anon_212,8,123,0.0,0.54090786
Computación Emergente,2425-3,2,anon_213,8,123,1.0,1.6823099
Computación Emergente,2425-3,2,anon_214,8,123,0.0,0.54537994
Computación Emergente,2425-3,2,anon_215,8,123,0.0,0.54701614
Computación Emergente,2425-3,2,anon_216,8,123,1.0,1.5696368
Computación Emergente,2425-3,2,anon_217,8,123,0.0,0.5492709
Computación Emergente,2425-3,2,anon_218,8,123,1.0,1.6824261
Computación Emergente,2425-3,2,anon_219,8,123,2.0,1.6260946
Computación Emergente,2526-1,1,anon_174,8,123,0.0,0.76513374
Computación Emergente,2526-1,1,anon_205,8,123,0.0,0.85746896
Computación Emergente,2526-1,1,anon_212,8,123,1.0,1.9774464
Computación Emergente,2526-1,1,anon_220,8,123,1.0,1.706439
Computación Emergente,2526-1,1,anon_221,8,123,13.0,11.255883
Computación Emergente,2526-1,1,anon_222,8,123,1.0,1.7318754
Computación Emergente,2526-1,1,anon_223,8,123,3.0,3.8419178
Computación Emergente,2526-1,1,anon_224,8,123,8.0,8.189328
Computación Emergente,2526-1,1,anon_225,8,123,1.0,1.8180652
Computación Emergente,2526-1,1,anon_226,8,123,5.0,4.9066772
Computación Emergente,2526-1,1,anon_227,8,123,4.0,4.9437838
Computación Emergente,2526-1,1,anon_228,8,123,15.0,13.5779
Computación Emergente,2526-1,1,anon_229,8,123,1.0,1.8210896
Computación Emergente,2526-1,1,anon_230,8,123,1.0,1.8737023
Computación Emergente,2526-1,1,anon_231,8,123,4.0,5.0440674
Computación Emergente,2526-1,1,anon_232,8,123,8.0,9.376891
Computación Emergente,2526-1,1,anon_233,8,123,0.0,0.82812697
Computación Emergente,2526-1,1,anon_234,8,123,5.0,6.1563215
Computación Emergente,2526-1,1,anon_235,8,123,13.0,11.499847
Computación Emergente,2526-1,1,anon_236,8,123,2.0,1.9297938
Computación Emergente,2526-1,1,anon_237,8,123,13.0,11.695282
Computación Emergente,2526-1,1,anon_238,8,123,0.0,0.88290685
Computación Emergente,2526-1,1,anon_239,8,123,1.0,1.9976678
Computación Emergente,2526-1,1,anon_240,8,123,0.0,0.88892764
Computación Emergente,2526-1,1,anon_241,8,123,0.0,0.92035645
Computación Emergente,2526-1,1,anon_242,8,123,1.0,2.024538
Computación Emergente,2526-1,1,anon_243,8,123,0.0,0.94649756
Computación Emergente,2526-1,1,anon_244,8,123,0.0,0.89489114
Computación Emergente,2526-2,1,anon_174,8,123,0.0,-0.05962038
Computación Emergente,2526-2,1,anon_222,8,123,0.0,-0.2922538
Computación Emergente,2526-2,1,anon_244,8,123,0.0,-0.10132635
Computación Emergente,2526-2,1,anon_245,8,123,1.0,0.8490613
Computación Emergente,2526-2,1,anon_246,8,123,0.0,-0.2855826
Computación Emergente,2526-2,1,anon_247,8,123,6.0,5.04132
Computación Emergente,2526-2,1,anon_248,8,123,0.0,-0.30273134
Computación Emergente,2526-2,1,anon_249,8,123,0.0,-0.3065763
Computación Emergente,2526-2,1,anon_250,8,123,10.0,7.921818
Computación Emergente,2526-2,1,anon_251,8,123,2.0,1.9414206
Computación Emergente,2526-2,1,anon_252,8,123,9.0,9.362791
Computación Emergente,2526-2,1,anon_253,8,123,0.0,-0.31313676
Computación Emergente,2526-2,1,anon_254,8,123,0.0,-0.23005182
Computación Emergente,2526-2,1,anon_255,8,123,0.0,-0.22382396
Computación Emergente,2526-2,1,anon_256,8,123,0.0,-0.3093143
Computación Emergente,2526-2,1,anon_257,8,123,4.0,3.0687568
Computación Emergente,2526-2,1,anon_258,8,123,1.0,0.8646279
Computación Emergente,2526-2,1,anon_259,8,123,0.0,-0.18762797
Computación Emergente,2526-2,1,anon_260,8,123,5.0,4.0035834
Computación Emergente,2526-2,1,anon_261,8,123,0.0,-0.28729862
Computación Emergente,2526-2,1,anon_262,8,123,1.0,0.77493113
Computación Emergente,2526-2,1,anon_263,8,123,0.0,-0.27312106
Computación Emergente,2526-2,1,anon_264,8,123,0.0,-0.2648726
Computación Emergente,2526-2,1,anon_265,8,123,1.0,0.7956994
Computación Emergente,2526-2,1,anon_266,8,123,1.0,1.0138032
Computación Emergente,2526-2,1,anon_267,8,123,0.0,-0.03837347
Computación Emergente,2526-2,1,anon_268,8,123,1.0,0.8475502
Computación Emergente,2526-2,1,anon_269,8,123,0.0,0.007519424
Computación Emergente,2526-2,1,anon_270,8,123,0.0,0.032122552
Computación Emergente,2526-2,1,anon_271,8,123,0.0,-0.16974097
Computación Emergente,2526-2,1,anon_272,8,123,0.0,0.08449775
Computación Emergente,2526-2,1,anon_273,8,123,0.0,-0.13736123
Computación Emergente,2526-2,1,anon_274,8,123,0.0,-0.119805634
Computación Emergente,2526-2,1,anon_275,8,123,2.0,2.4326487
Computación Emergente,2526-2,1,anon_276,8,123,3.0,3.1858277
Computación Emergente,2526-2,1,anon_277,8,123,1.0,1.0287528
Computación Emergente,2526-2,1,anon_278,8,123,0.0,0.2962557
Computación Emergente,2526-2,1,anon_279,8,123,12.0,9.826587
Computación Emergente,2526-2,1,anon_280,8,123,1.0,1.4718996
Computación Emergente,2526-2,1,anon_281,8,123,3.0,3.8867435
Computación Emergente,2526-2,1,anon_282,8,123,0.0,0.43085197
Computación Emergente,2526-3,1,anon_174,8,123,0.0,0.018541276
Computación Emergente,2526-3,1,anon_283,8,123,3.0,3.5265703
Computación Emergente,2526-3,1,anon_284,8,123,21.0,17.85811
Computación Emergente,2526-3,1,anon_285,8,123,30.0,24.78231
Computación Emergente,2526-3,1,anon_286,8,123,18.0,17.808706
Computación Emergente,2526-3,1,anon_287,8,123,23.0,22.935743
Computación Emergente,2526-3,1,anon_288,8,123,24.0,18.884192
Computación Emergente,2526-3,1,anon_289,8,123,0.0,-0.07853329
Computación Emergente,2526-3,1,anon_290,8,123,5.0,6.3389363
Computación Emergente,2526-3,1,anon_291,8,123,0.0,-0.021185637
Computación Emergente,2526-3,1,anon_292,8,123,6.0,7.828117
Computación Emergente,2526-3,1,anon_293,8,123,0.0,-0.10919297
Computación Emergente,2526-3,1,anon_294,8,123,0.0,-0.10236335
Computación Emergente,2526-3,1,anon_295,8,123,3.0,2.188134
Computación Emergente,2526-3,1,anon_296,8,123,0.0,-0.08575213
Computación Emergente,2526-3,1,anon_297,8,123,16.0,16.81296
Computación Emergente,2526-3,1,anon_298,8,123,6.0,7.897203
Computación Emergente,2526-3,1,anon_299,8,123,0.0,-0.053536594
Computación Emergente,2526-3,1,anon_300,8,123,27.0,21.905497
Computación Emergente,2526-3,1,anon_301,8,123,12.0,9.952858
Computación Emergente,2526-3,1,anon_302,8,123,0.0,-0.07939947
Computación Emergente,2526-3,1,anon_303,8,123,9.0,11.294552
Computación Emergente,2526-3,1,anon_304,8,123,0.0,0.14880216
Computación Emergente,2526-3,1,anon_305,8,123,12.0,14.767002
Computación Emergente,2526-3,1,anon_306,8,123,11.0,9.979808
Computación Emergente,2526-3,1,anon_307,8,123,0.0,0.090473264
Computación Emergente,2526-3,1,anon_308,8,123,9.0,11.370206
Computación Emergente,2526-3,1,anon_309,8,123,2.0,2.235404
Computación Emergente,2526-3,1,anon_310,8,123,8.0,10.360398
Computación Emergente,2526-3,1,anon_311,8,123,0.0,0.17171267
Computación Emergente,2526-3,1,anon_312,8,123,7.0,7.8063216
Computación Emergente,2526-3,1,anon_313,8,123,1.0,1.4870026
Computación Emergente,2526-3,1,anon_314,8,123,1.0,1.1918883
Computación Emergente,2526-3,1,anon_315,8,123,1.0,1.4808547
Computación Emergente,2526-3,1,anon_316,8,123,11.0,11.371787
Computación Emergente,2526-3,1,anon_317,8,123,0.0,0.47469217
Computación Emergente,2526-3,1,anon_318,8,123,0.0,0.09503567
Computación Emergente,2526-3,1,anon_319,8,123,22.0,16.399593
Computación Emergente,2526-3,1,anon_320,8,123,3.0,2.3405292
Computación Emergente,2526-3,1,anon_321,8,123,3.0,4.3026767
Estructura de Datos,2425-3,2,anon_011,4,123,0.0,2.660156
Estructura de Datos,2425-3,2,anon_037,4,123,3.0,5.6304703
Estructura de Datos,2425-3,2,anon_050,4,123,1.0,4.3627644
Estructura de Datos,2425-3,2,anon_052,4,123,7.0,9.638342
Estructura de Datos,2425-3,2,anon_055,4,123,1.0,4.361848
Estructura de Datos,2425-3,2,anon_301,4,123,15.0,11.232666
Estructura de Datos,2425-3,2,anon_322,4,123,36.0,8.544999
Estructura de Datos,2425-3,2,anon_323,4,123,27.0,8.747967
Estructura de Datos,2425-3,2,anon_324,4,123,0.0,2.141902
Estructura de Datos,2425-3,2,anon_325,4,123,3.0,5.625016
Estructura de Datos,2425-3,2,anon_326,4,123,0.0,2.3677995
Estructura de Datos,2425-3,2,anon_327,4,123,11.0,6.7395
Estructura de Datos,2425-3,2,anon_328,4,123,18.0,10.1222725
Estructura de Datos,2425-3,2,anon_329,4,123,21.0,14.404898
Estructura de Datos,2425-3,2,anon_330,4,123,13.0,15.453577
Estructura de Datos,2425-3,2,anon_331,4,123,0.0,2.557855
Estructura de Datos,2425-3,2,anon_332,4,123,0.0,2.6137462
Estructura de Datos,2425-3,2,anon_333,4,123,2.0,3.6478572
Estructura de Datos,2425-3,2,anon_334,4,123,3.0,3.9651613
Estructura de Datos,2425-3,2,anon_335,4,123,1.0,2.7584813
Estructura de Datos,2425-3,2,anon_336,4,123,3.0,6.1755743
Estructura de Datos,2425-3,2,anon_337,4,123,2.0,5.1174183
Estructura de Datos,2425-3,2,anon_338,4,123,0.0,3.0709894
Estructura de Datos,2425-3,2,anon_339,4,123,2.0,4.1972284
Estructura de Datos,2425-3,2,anon_340,4,123,0.0,3.1364164
Estructura de Datos,2425-3,2,anon_341,4,123,0.0,3.2307267
Estructura de Datos,2425-3,2,anon_342,4,123,1.0,3.2438817
Estructura de Datos,2425-3,2,anon_343,4,123,4.0,6.6080475
Estructura de Datos,2425-3,2,anon_344,4,123,0.0,3.3441331
Estructura de Datos,2425-3,2,anon_345,4,123,7.0,5.620744
Estructura de Datos,2526-1,2,anon_012,4,123,0.0,0.9066663
Estructura de Datos,2526-1,2,anon_060,4,123,2.0,1.7980037
Estructura de Datos,2526-1,2,anon_324,4,123,0.0,1.290591
Estructura de Datos,2526-1,2,anon_333,4,123,0.0,0.33384538
Estructura de Datos,2526-1,2,anon_336,4,123,21.0,3.0588021
Estructura de Datos,2526-1,2,anon_342,4,123,4.0,6.017297
Estructura de Datos,2526-1,2,anon_346,4,123,0.0,2.9376314
Estructura de Datos,2526-1,2,anon_347,4,123,1.0,2.8435378
Estructura de Datos,2526-1,2,anon_348,4,123,0.0,2.6145349
Estructura de Datos,2526-1,2,anon_349,4,123,0.0,2.2315378
Estructura de Datos,2526-1,2,anon_350,4,123,3.0,4.515883
Estructura de Datos,2526-1,2,anon_351,4,123,6.0,1.8226044
Estructura de Datos,2526-1,2,anon_352,4,123,0.0,0.54912114
Estructura de Datos,2526-1,2,anon_353,4,123,2.0,4.590266
Estructura de Datos,2526-1,2,anon_354,4,123,0.0,1.3696016
Estructura de Datos,2526-1,2,anon_355,4,123,0.0,1.2447028
Estructura de Datos,2526-1,2,anon_356,4,123,0.0,1.1320322
Estructura de Datos,2526-1,2,anon_357,4,123,0.0,0.8632872
Estructura de Datos,2526-1,2,anon_358,4,123,5.0,4.1262865
Estructura de Datos,2526-1,2,anon_359,4,123,0.0,0.74309707
Estructura de Datos,2526-1,2,anon_360,4,123,0.0,0.63182235
Estructura de Datos,2526-1,2,anon_361,4,123,0.0,0.69961977
Estructura de Datos,2526-1,2,anon_362,4,123,0.0,0.6380656
Estructura de Datos,2526-1,2,anon_363,4,123,1.0,2.2240863
Estructura de Datos,2526-1,2,anon_364,4,123,23.0,6.9275265
Estructura de Datos,2526-1,2,anon_365,4,123,0.0,0.6932132
Estructura de Datos,2526-1,2,anon_366,4,123,6.0,5.7083974
Estructura de Datos,2526-1,2,anon_367,4,123,14.0,4.546857
Estructura de Datos,2526-1,2,anon_368,4,123,2.0,3.7507591
Estructura de Datos,2526-1,2,anon_369,4,123,2.0,1.7168224
Estructura de Datos,2526-2,2,anon_031,4,123,3.0,6.556719
Estructura de Datos,2526-2,2,anon_064,4,123,0.0,3.2969804
Estructura de Datos,2526-2,2,anon_067,4,123,7.0,5.363908
Estructura de Datos,2526-2,2,anon_077,4,123,0.0,3.2341456
Estructura de Datos,2526-2,2,anon_080,4,123,14.0,8.505938
Estructura de Datos,2526-2,2,anon_087,4,123,0.0,3.2161765
Estructura de Datos,2526-2,2,anon_205,4,123,0.0,3.6474175
Estructura de Datos,2526-2,2,anon_347,4,123,9.0,6.5602465
Estructura de Datos,2526-2,2,anon_355,4,123,0.0,3.402952
Estructura de Datos,2526-2,2,anon_360,4,123,0.0,3.3894358
Estructura de Datos,2526-2,2,anon_370,4,123,44.0,26.865938
Estructura de Datos,2526-2,2,anon_371,4,123,9.0,3.2774584
Estructura de Datos,2526-2,2,anon_372,4,123,4.0,3.654823
Estructura de Datos,2526-2,2,anon_373,4,123,2.0,3.4077082
Estructura de Datos,2526-2,2,anon_374,4,123,9.0,3.2543616
Estructura de Datos,2526-2,2,anon_375,4,123,0.0,3.23896
Estructura de Datos,2526-2,2,anon_376,4,123,3.0,6.3836327
Estructura de Datos,2526-2,2,anon_377,4,123,8.0,3.3696227
Estructura de Datos,2526-3,2,anon_004,4,123,7.0,0.9433651
Estructura de Datos,2526-3,2,anon_007,4,123,0.0,0.6080234
Estructura de Datos,2526-3,2,anon_081,4,123,2.0,4.0586967
Estructura de Datos,2526-3,2,anon_087,4,123,2.0,3.3813972
Estructura de Datos,2526-3,2,anon_324,4,123,0.0,0.2404685
Estructura de Datos,2526-3,2,anon_326,4,123,12.0,6.7365947
Estructura de Datos,2526-3,2,anon_339,4,123,0.0,-0.029668808
Estructura de Datos,2526-3,2,anon_341,4,123,0.0,-0.1497674
Estructura de Datos,2526-3,2,anon_349,4,123,6.0,11.006241
Estructura de Datos,2526-3,2,anon_356,4,123,0.0,-0.08873534
Estructura de Datos,2526-3,2,anon_362,4,123,15.0,17.791409
Estructura de Datos,2526-3,2,anon_363,4,123,11.0,1.6739438
Estructura de Datos,2526-3,2,anon_365,4,123,24.0,18.774414
Estructura de Datos,2526-3,2,anon_372,4,123,10.0,13.089286
Estructura de Datos,2526-3,2,anon_375,4,123,4.0,7.4125447
Estructura de Datos,2526-3,2,anon_378,4,123,2.0,6.670992
Estructura de Datos,2526-3,2,anon_379,4,123,19.0,27.086792
Estructura de Datos,2526-3,2,anon_380,4,123,3.0,0.55908775
Estructura de Datos,2526-3,2,anon_381,4,123,4.0,9.516778
Estructura de Datos,2526-3,2,anon_382,4,123,2.0,5.36476
Estructura de Datos,2526-3,2,anon_383,4,123,3.0,5.453872
Estructura de Datos,2526-3,2,anon_384,4,123,2.0,1.2477406
Estructura de Datos,2526-3,2,anon_385,4,123,0.0,-0.2884071
Estructura de Datos,2526-3,2,anon_386,4,123,2.0,4.242492
Estructura de Datos,2526-3,2,anon_387,4,123,4.0,10.208746
Estructura de Datos,2526-3,2,anon_388,4,123,10.0,8.3896265
Estructura de Datos,2526-3,2,anon_389,4,123,0.0,0.45105863
Estructura de Datos,2526-3,2,anon_390,4,123,0.0,0.15537119
Estructura de Datos,2526-3,2,anon_391,4,123,1.0,2.68923
Estructura de Datos,2526-3,2,anon_392,4,123,0.0,0.42218208
Estructura de Datos,2425-3,2,anon_011,6,123,0.0,1.2922561
Estructura de Datos,2425-3,2,anon_037,6,123,3.0,5.829125
Estructura de Datos,2425-3,2,anon_050,6,123,1.0,1.4738195
Estructura de Datos,2425-3,2,anon_052,6,123,7.0,9.259498
Estructura de Datos,2425-3,2,anon_055,6,123,1.0,1.7654114
Estructura de Datos,2425-3,2,anon_301,6,123,15.0,17.285732
Estructura de Datos,2425-3,2,anon_322,6,123,36.0,15.753008
Estructura de Datos,2425-3,2,anon_323,6,123,27.0,15.265871
Estructura de Datos,2425-3,2,anon_324,6,123,0.0,-0.16723752
Estructura de Datos,2425-3,2,anon_325,6,123,3.0,4.6701303
Estructura de Datos,2425-3,2,anon_326,6,123,0.0,1.2845061
Estructura de Datos,2425-3,2,anon_327,6,123,11.0,8.045555
Estructura de Datos,2425-3,2,anon_328,6,123,18.0,12.288999
Estructura de Datos,2425-3,2,anon_329,6,123,21.0,21.494835
Estructura de Datos,2425-3,2,anon_330,6,123,13.0,19.055328
Estructura de Datos,2425-3,2,anon_331,6,123,0.0,0.41993344
Estructura de Datos,2425-3,2,anon_332,6,123,0.0,-0.11226606
Estructura de Datos,2425-3,2,anon_333,6,123,2.0,1.0093671
Estructura de Datos,2425-3,2,anon_334,6,123,3.0,2.21017
Estructura de Datos,2425-3,2,anon_335,6,123,1.0,1.173633
Estructura de Datos,2425-3,2,anon_336,6,123,3.0,5.496401
Estructura de Datos,2425-3,2,anon_337,6,123,2.0,2.812796
Estructura de Datos,2425-3,2,anon_338,6,123,0.0,0.20965433
Estructura de Datos,2425-3,2,anon_339,6,123,2.0,1.8662086
Estructura de Datos,2425-3,2,anon_340,6,123,0.0,0.8005843
Estructura de Datos,2425-3,2,anon_341,6,123,0.0,0.05889821
Estructura de Datos,2425-3,2,anon_342,6,123,1.0,-0.07372689
Estructura de Datos,2425-3,2,anon_343,6,123,4.0,3.3907056
Estructura de Datos,2425-3,2,anon_344,6,123,0.0,0.5804944
Estructura de Datos,2425-3,2,anon_345,6,123,7.0,6.2462893
Estructura de Datos,2526-1,2,anon_012,6,123,0.0,0.9200084
Estructura de Datos,2526-1,2,anon_060,6,123,2.0,2.3530886
Estructura de Datos,2526-1,2,anon_324,6,123,0.0,-0.12865877
Estructura de Datos,2526-1,2,anon_333,6,123,0.0,-0.55273604
Estructura de Datos,2526-1,2,anon_336,6,123,21.0,4.362185
Estructura de Datos,2526-1,2,anon_342,6,123,4.0,5.873947
Estructura de Datos,2526-1,2,anon_346,6,123,0.0,2.6666949
Estructura de Datos,2526-1,2,anon_347,6,123,1.0,1.9433793
Estructura de Datos,2526-1,2,anon_348,6,123,0.0,1.8586764
Estructura de Datos,2526-1,2,anon_349,6,123,0.0,2.19147
Estructura de Datos,2526-1,2,anon_350,6,123,3.0,2.5140343
Estructura de Datos,2526-1,2,anon_351,6,123,6.0,1.4677143
Estructura de Datos,2526-1,2,anon_352,6,123,0.0,-0.6057763
Estructura de Datos,2526-1,2,anon_353,6,123,2.0,4.425205
Estructura de Datos,2526-1,2,anon_354,6,123,0.0,1.1557225
Estructura de Datos,2526-1,2,anon_355,6,123,0.0,1.0545332
Estructura de Datos,2526-1,2,anon_356,6,123,0.0,0.9563477
Estructura de Datos,2526-1,2,anon_357,6,123,0.0,0.41010916
Estructura de Datos,2526-1,2,anon_358,6,123,5.0,7.700872
Estructura de Datos,2526-1,2,anon_359,6,123,0.0,0.33133006
Estructura de Datos,2526-1,2,anon_360,6,123,0.0,0.3988166
Estructura de Datos,2526-1,2,anon_361,6,123,0.0,0.28913736
Estructura de Datos,2526-1,2,anon_362,6,123,0.0,0.024218082
Estructura de Datos,2526-1,2,anon_363,6,123,1.0,1.6646265
Estructura de Datos,2526-1,2,anon_364,6,123,23.0,15.356354
Estructura de Datos,2526-1,2,anon_365,6,123,0.0,0.22599483
Estructura de Datos,2526-1,2,anon_366,6,123,6.0,8.319384
Estructura de Datos,2526-1,2,anon_367,6,123,14.0,11.093847
Estructura de Datos,2526-1,2,anon_368,6,123,2.0,2.826613
Estructura de Datos,2526-1,2,anon_369,6,123,2.0,1.1643047
Estructura de Datos,2526-2,2,anon_031,6,123,3.0,5.853803
Estructura de Datos,2526-2,2,anon_064,6,123,0.0,2.763736
Estructura de Datos,2526-2,2,anon_067,6,123,7.0,5.8026476
Estructura de Datos,2526-2,2,anon_077,6,123,0.0,2.7992716
Estructura de Datos,2526-2,2,anon_080,6,123,14.0,11.959198
Estructura de Datos,2526-2,2,anon_087,6,123,0.0,2.8079195
Estructura de Datos,2526-2,2,anon_205,6,123,0.0,2.9853544
Estructura de Datos,2526-2,2,anon_347,6,123,9.0,9.894905
Estructura de Datos,2526-2,2,anon_355,6,123,0.0,2.8544948
Estructura de Datos,2526-2,2,anon_360,6,123,0.0,2.8659425
Estructura de Datos,2526-2,2,anon_370,6,123,44.0,33.46081
Estructura de Datos,2526-2,2,anon_371,6,123,9.0,6.8352456
Estructura de Datos,2526-2,2,anon_372,6,123,4.0,7.00534
Estructura de Datos,2526-2,2,anon_373,6,123,2.0,2.8502824
Estructura de Datos,2526-2,2,anon_374,6,123,9.0,2.7882822
Estructura de Datos,2526-2,2,anon_375,6,123,0.0,2.796739
Estructura de Datos,2526-2,2,anon_376,6,123,3.0,5.8672056
Estructura de Datos,2526-2,2,anon_377,6,123,8.0,4.902954
Estructura de Datos,2526-3,2,anon_004,6,123,7.0,4.6181507
Estructura de Datos,2526-3,2,anon_007,6,123,0.0,0.4374863
Estructura de Datos,2526-3,2,anon_081,6,123,2.0,2.9041538
Estructura de Datos,2526-3,2,anon_087,6,123,2.0,2.7622733
Estructura de Datos,2526-3,2,anon_324,6,123,0.0,0.7731972
Estructura de Datos,2526-3,2,anon_326,6,123,12.0,8.9596615
Estructura de Datos,2526-3,2,anon_339,6,123,0.0,-0.0869987
Estructura de Datos,2526-3,2,anon_341,6,123,0.0,-0.18881798
Estructura de Datos,2526-3,2,anon_349,6,123,6.0,12.179813
Estructura de Datos,2526-3,2,anon_356,6,123,0.0,-0.027773619
Estructura de Datos,2526-3,2,anon_362,6,123,15.0,13.717511
Estructura de Datos,2526-3,2,anon_363,6,123,11.0,5.2656155
Estructura de Datos,2526-3,2,anon_365,6,123,24.0,19.613663
Estructura de Datos,2526-3,2,anon_372,6,123,10.0,15.172405
Estructura de Datos,2526-3,2,anon_375,6,123,4.0,6.680546
Estructura de Datos,2526-3,2,anon_378,6,123,2.0,4.089943
Estructura de Datos,2526-3,2,anon_379,6,123,19.0,22.848007
Estructura de Datos,2526-3,2,anon_380,6,123,3.0,0.39984095
Estructura de Datos,2526-3,2,anon_381,6,123,4.0,8.224383
Estructura de Datos,2526-3,2,anon_382,6,123,2.0,3.9047422
Estructura de Datos,2526-3,2,anon_383,6,123,3.0,5.4036784
Estructura de Datos,2526-3,2,anon_384,6,123,2.0,0.87011373
Estructura de Datos,2526-3,2,anon_385,6,123,0.0,-0.18937564
Estructura de Datos,2526-3,2,anon_386,6,123,2.0,3.4473739
Estructura de Datos,2526-3,2,anon_387,6,123,4.0,6.6717305
Estructura de Datos,2526-3,2,anon_388,6,123,10.0,8.750832
Estructura de Datos,2526-3,2,anon_389,6,123,0.0,-0.041805744
Estructura de Datos,2526-3,2,anon_390,6,123,0.0,-0.029677153
Estructura de Datos,2526-3,2,anon_391,6,123,1.0,1.412373
Estructura de Datos,2526-3,2,anon_392,6,123,0.0,0.06945658
Estructura de Datos,2425-3,2,anon_011,8,123,0.0,0.81983596
Estructura de Datos,2425-3,2,anon_037,8,123,3.0,5.03067
Estructura de Datos,2425-3,2,anon_050,8,123,1.0,1.8994687
Estructura de Datos,2425-3,2,anon_052,8,123,7.0,9.887588
Estructura de Datos,2425-3,2,anon_055,8,123,1.0,1.9175298
Estructura de Datos,2425-3,2,anon_301,8,123,15.0,17.573492
Estructura de Datos,2425-3,2,anon_322,8,123,36.0,19.632883
Estructura de Datos,2425-3,2,anon_323,8,123,27.0,18.67513
Estructura de Datos,2425-3,2,anon_324,8,123,0.0,0.11014974
Estructura de Datos,2425-3,2,anon_325,8,123,3.0,4.70202
Estructura de Datos,2425-3,2,anon_326,8,123,0.0,0.8371125
Estructura de Datos,2425-3,2,anon_327,8,123,11.0,9.920283
Estructura de Datos,2425-3,2,anon_328,8,123,18.0,11.636294
Estructura de Datos,2425-3,2,anon_329,8,123,21.0,20.724352
Estructura de Datos,2425-3,2,anon_330,8,123,13.0,18.060139
Estructura de Datos,2425-3,2,anon_331,8,123,0.0,0.42249525
Estructura de Datos,2425-3,2,anon_332,8,123,0.0,0.14672673
Estructura de Datos,2425-3,2,anon_333,8,123,2.0,2.49507
Estructura de Datos,2425-3,2,anon_334,8,123,3.0,3.232184
Estructura de Datos,2425-3,2,anon_335,8,123,1.0,1.3723907
Estructura de Datos,2425-3,2,anon_336,8,123,3.0,4.7895336
Estructura de Datos,2425-3,2,anon_337,8,123,2.0,3.0025277
Estructura de Datos,2425-3,2,anon_338,8,123,0.0,0.46840084
Estructura de Datos,2425-3,2,anon_339,8,123,2.0,3.1365576
Estructura de Datos,2425-3,2,anon_340,8,123,0.0,0.6871768
Estructura de Datos,2425-3,2,anon_341,8,123,0.0,0.48242235
Estructura de Datos,2425-3,2,anon_342,8,123,1.0,0.36265266
Estructura de Datos,2425-3,2,anon_343,8,123,4.0,4.551134
Estructura de Datos,2425-3,2,anon_344,8,123,0.0,0.45115566
Estructura de Datos,2425-3,2,anon_345,8,123,7.0,6.8049674
Estructura de Datos,2526-1,2,anon_012,8,123,0.0,0.21718895
Estructura de Datos,2526-1,2,anon_060,8,123,2.0,2.8163435
Estructura de Datos,2526-1,2,anon_324,8,123,0.0,-0.33866072
Estructura de Datos,2526-1,2,anon_333,8,123,0.0,-0.18574679
Estructura de Datos,2526-1,2,anon_336,8,123,21.0,5.7441387
Estructura de Datos,2526-1,2,anon_342,8,123,4.0,5.9634686
Estructura de Datos,2526-1,2,anon_346,8,123,0.0,1.236202
Estructura de Datos,2526-1,2,anon_347,8,123,1.0,1.6026067
Estructura de Datos,2526-1,2,anon_348,8,123,0.0,0.47110093
Estructura de Datos,2526-1,2,anon_349,8,123,0.0,1.0056001
Estructura de Datos,2526-1,2,anon_350,8,123,3.0,1.0016794
Estructura de Datos,2526-1,2,anon_351,8,123,6.0,0.3795284
Estructura de Datos,2526-1,2,anon_352,8,123,0.0,-0.37021804
Estructura de Datos,2526-1,2,anon_353,8,123,2.0,2.9290147
Estructura de Datos,2526-1,2,anon_354,8,123,0.0,0.27955425
Estructura de Datos,2526-1,2,anon_355,8,123,0.0,0.24562216
Estructura de Datos,2526-1,2,anon_356,8,123,0.0,0.21307719
Estructura de Datos,2526-1,2,anon_357,8,123,0.0,-0.034914732
Estructura de Datos,2526-1,2,anon_358,8,123,5.0,6.3796225
Estructura de Datos,2526-1,2,anon_359,8,123,0.0,0.099882126
Estructura de Datos,2526-1,2,anon_360,8,123,0.0,0.081212044
Estructura de Datos,2526-1,2,anon_361,8,123,0.0,0.22046351
Estructura de Datos,2526-1,2,anon_362,8,123,0.0,0.32721508
Estructura de Datos,2526-1,2,anon_363,8,123,1.0,1.2004124
Estructura de Datos,2526-1,2,anon_364,8,123,23.0,18.734568
Estructura de Datos,2526-1,2,anon_365,8,123,0.0,0.6325561
Estructura de Datos,2526-1,2,anon_366,8,123,6.0,7.5125647
Estructura de Datos,2526-1,2,anon_367,8,123,14.0,11.580478
Estructura de Datos,2526-1,2,anon_368,8,123,2.0,2.5549936
Estructura de Datos,2526-1,2,anon_369,8,123,2.0,0.9131539
Estructura de Datos,2526-2,2,anon_031,8,123,3.0,5.4404483
Estructura de Datos,2526-2,2,anon_064,8,123,0.0,2.4155974
Estructura de Datos,2526-2,2,anon_067,8,123,7.0,5.4361105
Estructura de Datos,2526-2,2,anon_077,8,123,0.0,2.4765134
Estructura de Datos,2526-2,2,anon_080,8,123,14.0,11.557249
Estructura de Datos,2526-2,2,anon_087,8,123,0.0,2.4974248
Estructura de Datos,2526-2,2,anon_205,8,123,0.0,2.5324469
Estructura de Datos,2526-2,2,anon_347,8,123,9.0,9.45318
Estructura de Datos,2526-2,2,anon_355,8,123,0.0,2.4739556
Estructura de Datos,2526-2,2,anon_360,8,123,0.0,2.4921203
Estructura de Datos,2526-2,2,anon_370,8,123,44.0,37.768883
Estructura de Datos,2526-2,2,anon_371,8,123,9.0,6.462603
Estructura de Datos,2526-2,2,anon_372,8,123,4.0,6.522492
Estructura de Datos,2526-2,2,anon_373,8,123,2.0,3.4702282
Estructura de Datos,2526-2,2,anon_374,8,123,9.0,2.45518
Estructura de Datos,2526-2,2,anon_375,8,123,0.0,2.471234
Estructura de Datos,2526-2,2,anon_376,8,123,3.0,5.5193396
Estructura de Datos,2526-2,2,anon_377,8,123,8.0,4.5320597
Estructura de Datos,2526-3,2,anon_004,8,123,7.0,3.6725092
Estructura de Datos,2526-3,2,anon_007,8,123,0.0,0.47783077
Estructura de Datos,2526-3,2,anon_081,8,123,2.0,2.562672
Estructura de Datos,2526-3,2,anon_087,8,123,2.0,2.348597
Estructura de Datos,2526-3,2,anon_324,8,123,0.0,0.22785318
Estructura de Datos,2526-3,2,anon_326,8,123,12.0,12.139093
Estructura de Datos,2526-3,2,anon_339,8,123,0.0,-0.035820246
Estructura de Datos,2526-3,2,anon_341,8,123,0.0,-0.10957551
Estructura de Datos,2526-3,2,anon_349,8,123,6.0,10.845183
Estructura de Datos,2526-3,2,anon_356,8,123,0.0,0.040159345
Estructura de Datos,2526-3,2,anon_362,8,123,15.0,14.799451
Estructura de Datos,2526-3,2,anon_363,8,123,11.0,7.4155245
Estructura de Datos,2526-3,2,anon_365,8,123,24.0,22.840479
Estructura de Datos,2526-3,2,anon_372,8,123,10.0,11.3247175
Estructura de Datos,2526-3,2,anon_375,8,123,4.0,6.398019
Estructura de Datos,2526-3,2,anon_378,8,123,2.0,2.8758945
Estructura de Datos,2526-3,2,anon_379,8,123,19.0,21.59736
Estructura de Datos,2526-3,2,anon_380,8,123,3.0,0.44947743
Estructura de Datos,2526-3,2,anon_381,8,123,4.0,6.794901
Estructura de Datos,2526-3,2,anon_382,8,123,2.0,3.226115
Estructura de Datos,2526-3,2,anon_383,8,123,3.0,4.2495923
Estructura de Datos,2526-3,2,anon_384,8,123,2.0,3.0244465
Estructura de Datos,2526-3,2,anon_385,8,123,0.0,-0.087914586
Estructura de Datos,2526-3,2,anon_386,8,123,2.0,3.176797
Estructura de Datos,2526-3,2,anon_387,8,123,4.0,6.229266
Estructura de Datos,2526-3,2,anon_388,8,123,10.0,12.295469
Estructura de Datos,2526-3,2,anon_389,8,123,0.0,-0.02332139
Estructura de Datos,2526-3,2,anon_390,8,123,0.0,-0.083826065
Estructura de Datos,2526-3,2,anon_391,8,123,1.0,1.1963434
Estructura de Datos,2526-3,2,anon_392,8,123,0.0,-0.11440015
Matemáticas Discretas,2526-2,1,anon_md_2526_2_1_001,4,123,9.0,7.4682894
Matemáticas Discretas,2526-2,1,anon_md_2526_2_1_002,4,123,12.0,5.102681
Matemáticas Discretas,2526-2,1,anon_md_2526_2_1_003,4,123,3.0,5.1171026
Matemáticas Discretas,2526-2,1,anon_md_2526_2_1_004,4,123,3.0,6.3326874
Matemáticas Discretas,2526-2,1,anon_md_2526_2_1_005,4,123,9.0,5.127737
Matemáticas Discretas,2526-2,1,anon_md_2526_2_1_006,4,123,2.0,4.0925336
Matemáticas Discretas,2526-2,1,anon_md_2526_2_1_007,4,123,11.0,7.506642
Matemáticas Discretas,2526-2,1,anon_md_2526_2_1_008,4,123,2.0,5.2459326
Matemáticas Discretas,2526-2,1,anon_md_2526_2_1_009,4,123,1.0,4.1356764
Matemáticas Discretas,2526-2,1,anon_md_2526_2_1_010,4,123,1.0,4.0935507
Matemáticas Discretas,2526-2,1,anon_md_2526_2_1_011,4,123,3.0,4.1632247
Matemáticas Discretas,2526-2,1,anon_md_2526_2_1_012,4,123,8.0,6.402213
Matemáticas Discretas,2526-2,1,anon_md_2526_2_1_013,4,123,5.0,6.4113603
Matemáticas Discretas,2526-2,1,anon_md_2526_2_1_014,4,123,9.0,6.394015
Matemáticas Discretas,2526-2,1,anon_md_2526_2_1_015,4,123,12.0,8.690356
Matemáticas Discretas,2526-2,1,anon_md_2526_2_1_016,4,123,2.0,5.3248653
Matemáticas Discretas,2526-2,1,anon_md_2526_2_1_017,4,123,11.0,6.4467955
Matemáticas Discretas,2526-2,1,anon_md_2526_2_1_018,4,123,8.0,4.2346964
Matemáticas Discretas,2526-2,1,anon_md_2526_2_1_019,4,123,1.0,4.261786
Matemáticas Discretas,2526-2,1,anon_md_2526_2_1_020,4,123,0.0,3.1320164
Matemáticas Discretas,2526-2,1,anon_md_2526_2_1_021,4,123,0.0,3.1463122
Matemáticas Discretas,2526-2,1,anon_md_2526_2_1_022,4,123,11.0,7.6767097
Matemáticas Discretas,2526-2,1,anon_md_2526_2_1_023,4,123,3.0,4.332224
Matemáticas Discretas,2526-2,1,anon_md_2526_2_1_024,4,123,5.0,6.504035
Matemáticas Discretas,2526-2,1,anon_md_2526_2_1_025,4,123,1.0,4.3240027
Matemáticas Discretas,2526-2,1,anon_md_2526_2_1_026,4,123,1.0,4.333337
Matemáticas Discretas,2526-2,1,anon_md_2526_2_1_027,4,123,8.0,6.490481
Matemáticas Discretas,2526-2,1,anon_md_2526_2_1_028,4,123,8.0,4.3949623
Matemáticas Discretas,2526-2,1,anon_md_2526_2_1_029,4,123,1.0,4.3594646
Matemáticas Discretas,2526-2,1,anon_md_2526_2_1_030,4,123,1.0,4.398205
Matemáticas Discretas,2526-2,1,anon_md_2526_2_1_031,4,123,1.0,4.3752937
Matemáticas Discretas,2526-2,1,anon_md_2526_2_1_032,4,123,1.0,4.4404144
Matemáticas Discretas,2526-2,1,anon_md_2526_2_1_033,4,123,1.0,4.4514427
Matemáticas Discretas,2526-2,1,anon_md_2526_2_1_034,4,123,0.0,3.3353617
Matemáticas Discretas,2526-2,1,anon_md_2526_2_1_035,4,123,8.0,4.4648542
Matemáticas Discretas,2526-2,2,anon_md_2526_2_2_001,4,123,5.0,4.822198
Matemáticas Discretas,2526-2,2,anon_md_2526_2_2_002,4,123,8.0,4.797418
Matemáticas Discretas,2526-2,2,anon_md_2526_2_2_003,4,123,0.0,2.8582437
Matemáticas Discretas,2526-2,2,anon_md_2526_2_2_004,4,123,6.0,4.8501625
Matemáticas Discretas,2526-2,2,anon_md_2526_2_2_005,4,123,4.0,5.8391266
Matemáticas Discretas,2526-2,2,anon_md_2526_2_2_006,4,123,9.0,5.8816633
Matemáticas Discretas,2526-2,2,anon_md_2526_2_2_007,4,123,3.0,3.7943075
Matemáticas Discretas,2526-2,2,anon_md_2526_2_2_008,4,123,5.0,6.853425
Matemáticas Discretas,2526-2,2,anon_md_2526_2_2_009,4,123,1.0,3.849527
Matemáticas Discretas,2526-2,2,anon_md_2526_2_2_010,4,123,0.0,2.8701656
Matemáticas Discretas,2526-2,2,anon_md_2526_2_2_011,4,123,5.0,3.8549297
Matemáticas Discretas,2526-2,2,anon_md_2526_2_2_012,4,123,10.0,3.8561654
Matemáticas Discretas,2526-2,2,anon_md_2526_2_2_013,4,123,1.0,3.8840318
Matemáticas Discretas,2526-2,2,anon_md_2526_2_2_014,4,123,2.0,3.8866978
Matemáticas Discretas,2526-2,2,anon_md_2526_2_2_015,4,123,0.0,2.8805273
Matemáticas Discretas,2526-2,2,anon_md_2526_2_2_016,4,123,10.0,4.8314676
Matemáticas Discretas,2526-2,2,anon_md_2526_2_2_017,4,123,2.0,3.843081
Matemáticas Discretas,2526-2,2,anon_md_2526_2_2_018,4,123,1.0,3.8197308
Matemáticas Discretas,2526-2,2,anon_md_2526_2_2_019,4,123,3.0,5.853372
Matemáticas Discretas,2526-2,2,anon_md_2526_2_2_020,4,123,3.0,5.857365
Matemáticas Discretas,2526-2,2,anon_md_2526_2_2_021,4,123,8.0,6.931422
Matemáticas Discretas,2526-3,1,anon_md_2526_3_1_001,4,123,13.0,4.9223127
Matemáticas Discretas,2526-3,1,anon_md_2526_3_1_002,4,123,0.0,2.6386948
Matemáticas Discretas,2526-3,1,anon_md_2526_3_1_003,4,123,4.0,3.0778174
Matemáticas Discretas,2526-3,1,anon_md_2526_3_1_004,4,123,2.0,2.568734
Matemáticas Discretas,2526-3,1,anon_md_2526_3_1_005,4,123,3.0,3.023849
Matemáticas Discretas,2526-3,1,anon_md_2526_3_1_006,4,123,2.0,3.2999516
Matemáticas Discretas,2526-3,1,anon_md_2526_3_1_007,4,123,0.0,1.1564544
Matemáticas Discretas,2526-3,1,anon_md_2526_3_1_008,4,123,12.0,8.902879
Matemáticas Discretas,2526-3,1,anon_md_2526_3_1_009,4,123,1.0,0.9922166
Matemáticas Discretas,2526-3,1,anon_md_2526_3_1_010,4,123,8.0,5.0346837
Matemáticas Discretas,2526-3,1,anon_md_2526_3_1_011,4,123,4.0,0.8311707
Matemáticas Discretas,2526-3,1,anon_md_2526_3_1_012,4,123,10.0,8.770311
Matemáticas Discretas,2526-3,1,anon_md_2526_3_1_013,4,123,0.0,2.7772136
Matemáticas Discretas,2526-3,1,anon_md_2526_3_1_014,4,123,0.0,1.394399
Matemáticas Discretas,2526-3,1,anon_md_2526_3_1_015,4,123,0.0,2.1413991
Matemáticas Discretas,2526-3,1,anon_md_2526_3_1_016,4,123,0.0,2.679544
Matemáticas Discretas,2526-3,1,anon_md_2526_3_1_017,4,123,0.0,0.40154672
Matemáticas Discretas,2526-3,1,anon_md_2526_3_1_018,4,123,9.0,2.9430437
Matemáticas Discretas,2526-3,1,anon_md_2526_3_1_019,4,123,0.0,1.1499283
Matemáticas Discretas,2526-3,1,anon_md_2526_3_1_020,4,123,0.0,1.1095128
Matemáticas Discretas,2526-3,1,anon_md_2526_3_1_021,4,123,13.0,9.430103
Matemáticas Discretas,2526-3,1,anon_md_2526_3_1_022,4,123,11.0,7.5090823
Matemáticas Discretas,2526-3,1,anon_md_2526_3_1_023,4,123,0.0,2.7932959
Matemáticas Discretas,2526-3,1,anon_md_2526_3_1_024,4,123,0.0,1.8504312
Matemáticas Discretas,2526-3,1,anon_md_2526_3_1_025,4,123,6.0,5.8602324
Matemáticas Discretas,2526-3,1,anon_md_2526_3_1_026,4,123,1.0,0.014207602
Matemáticas Discretas,2526-3,1,anon_md_2526_3_1_027,4,123,4.0,2.3583374
Matemáticas Discretas,2526-3,1,anon_md_2526_3_1_028,4,123,2.0,2.6542091
Matemáticas Discretas,2526-3,1,anon_md_2526_3_1_029,4,123,0.0,2.3119996
Matemáticas Discretas,2526-3,1,anon_md_2526_3_1_030,4,123,5.0,2.6031022
Matemáticas Discretas,2526-3,1,anon_md_2526_3_1_031,4,123,4.0,1.7233164
Matemáticas Discretas,2526-2,1,anon_md_2526_2_1_001,6,123,9.0,8.271255
Matemáticas Discretas,2526-2,1,anon_md_2526_2_1_002,6,123,12.0,8.540904
Matemáticas Discretas,2526-2,1,anon_md_2526_2_1_003,6,123,3.0,4.7609377
Matemáticas Discretas,2526-2,1,anon_md_2526_2_1_004,6,123,3.0,6.804958
Matemáticas Discretas,2526-2,1,anon_md_2526_2_1_005,6,123,9.0,8.687705
Matemáticas Discretas,2526-2,1,anon_md_2526_2_1_006,6,123,2.0,3.29635
Matemáticas Discretas,2526-2,1,anon_md_2526_2_1_007,6,123,11.0,9.136477
Matemáticas Discretas,2526-2,1,anon_md_2526_2_1_008,6,123,2.0,5.0269976
Matemáticas Discretas,2526-2,1,anon_md_2526_2_1_009,6,123,1.0,3.2751908
Matemáticas Discretas,2526-2,1,anon_md_2526_2_1_010,6,123,1.0,3.156837
Matemáticas Discretas,2526-2,1,anon_md_2526_2_1_011,6,123,3.0,3.1971498
Matemáticas Discretas,2526-2,1,anon_md_2526_2_1_012,6,123,8.0,8.416193
Matemáticas Discretas,2526-2,1,anon_md_2526_2_1_013,6,123,5.0,5.985293
Matemáticas Discretas,2526-2,1,anon_md_2526_2_1_014,6,123,9.0,7.0861783
Matemáticas Discretas,2526-2,1,anon_md_2526_2_1_015,6,123,12.0,12.473163
Matemáticas Discretas,2526-2,1,anon_md_2526_2_1_016,6,123,2.0,4.4286675
Matemáticas Discretas,2526-2,1,anon_md_2526_2_1_017,6,123,11.0,8.105931
Matemáticas Discretas,2526-2,1,anon_md_2526_2_1_018,6,123,8.0,6.9792094
Matemáticas Discretas,2526-2,1,anon_md_2526_2_1_019,6,123,1.0,2.9011192
Matemáticas Discretas,2526-2,1,anon_md_2526_2_1_020,6,123,0.0,1.3375461
Matemáticas Discretas,2526-2,1,anon_md_2526_2_1_021,6,123,0.0,1.3227701
Matemáticas Discretas,2526-2,1,anon_md_2526_2_1_022,6,123,11.0,9.718088
Matemáticas Discretas,2526-2,1,anon_md_2526_2_1_023,6,123,3.0,2.843392
Matemáticas Discretas,2526-2,1,anon_md_2526_2_1_024,6,123,5.0,5.438939
Matemáticas Discretas,2526-2,1,anon_md_2526_2_1_025,6,123,1.0,2.7096543
Matemáticas Discretas,2526-2,1,anon_md_2526_2_1_026,6,123,1.0,2.680873
Matemáticas Discretas,2526-2,1,anon_md_2526_2_1_027,6,123,8.0,6.2883763
Matemáticas Discretas,2526-2,1,anon_md_2526_2_1_028,6,123,8.0,3.9099612
Matemáticas Discretas,2526-2,1,anon_md_2526_2_1_029,6,123,1.0,2.5998576
Matemáticas Discretas,2526-2,1,anon_md_2526_2_1_030,6,123,1.0,2.6328793
Matemáticas Discretas,2526-2,1,anon_md_2526_2_1_031,6,123,1.0,2.550054
Matemáticas Discretas,2526-2,1,anon_md_2526_2_1_032,6,123,1.0,2.841069
Matemáticas Discretas,2526-2,1,anon_md_2526_2_1_033,6,123,1.0,2.8298738
Matemáticas Discretas,2526-2,1,anon_md_2526_2_1_034,6,123,0.0,1.2345109
Matemáticas Discretas,2526-2,1,anon_md_2526_2_1_035,6,123,8.0,3.7704754
Matemáticas Discretas,2526-2,2,anon_md_2526_2_2_001,6,123,5.0,8.395521
Matemáticas Discretas,2526-2,2,anon_md_2526_2_2_002,6,123,8.0,5.2198405
Matemáticas Discretas,2526-2,2,anon_md_2526_2_2_003,6,123,0.0,3.2481012
Matemáticas Discretas,2526-2,2,anon_md_2526_2_2_004,6,123,6.0,5.4166303
Matemáticas Discretas,2526-2,2,anon_md_2526_2_2_005,6,123,4.0,6.376992
Matemáticas Discretas,2526-2,2,anon_md_2526_2_2_006,6,123,9.0,8.648934
Matemáticas Discretas,2526-2,2,anon_md_2526_2_2_007,6,123,3.0,4.086767
Matemáticas Discretas,2526-2,2,anon_md_2526_2_2_008,6,123,5.0,7.4347005
Matemáticas Discretas,2526-2,2,anon_md_2526_2_2_009,6,123,1.0,4.309989
Matemáticas Discretas,2526-2,2,anon_md_2526_2_2_010,6,123,0.0,3.3189042
Matemáticas Discretas,2526-2,2,anon_md_2526_2_2_011,6,123,5.0,5.35061
Matemáticas Discretas,2526-2,2,anon_md_2526_2_2_012,6,123,10.0,6.4447675
Matemáticas Discretas,2526-2,2,anon_md_2526_2_2_013,6,123,1.0,4.4521437
Matemáticas Discretas,2526-2,2,anon_md_2526_2_2_014,6,123,2.0,4.464248
Matemáticas Discretas,2526-2,2,anon_md_2526_2_2_015,6,123,0.0,3.3809505
Matemáticas Discretas,2526-2,2,anon_md_2526_2_2_016,6,123,10.0,6.278925
Matemáticas Discretas,2526-2,2,anon_md_2526_2_2_017,6,123,2.0,4.270368
Matemáticas Discretas,2526-2,2,anon_md_2526_2_2_018,6,123,1.0,4.152362
Matemáticas Discretas,2526-2,2,anon_md_2526_2_2_019,6,123,3.0,6.3236127
Matemáticas Discretas,2526-2,2,anon_md_2526_2_2_020,6,123,3.0,6.331098
Matemáticas Discretas,2526-2,2,anon_md_2526_2_2_021,6,123,8.0,9.842177
Matemáticas Discretas,2526-3,1,anon_md_2526_3_1_001,6,123,13.0,6.5260706
Matemáticas Discretas,2526-3,1,anon_md_2526_3_1_002,6,123,0.0,1.4361175
Matemáticas Discretas,2526-3,1,anon_md_2526_3_1_003,6,123,4.0,1.5780121
Matemáticas Discretas,2526-3,1,anon_md_2526_3_1_004,6,123,2.0,2.5139785
Matemáticas Discretas,2526-3,1,anon_md_2526_3_1_005,6,123,3.0,1.6302372
Matemáticas Discretas,2526-3,1,anon_md_2526_3_1_006,6,123,2.0,1.8279661
Matemáticas Discretas,2526-3,1,anon_md_2526_3_1_007,6,123,0.0,1.5081728
Matemáticas Discretas,2526-3,1,anon_md_2526_3_1_008,6,123,12.0,9.17424
Matemáticas Discretas,2526-3,1,anon_md_2526_3_1_009,6,123,1.0,1.5407373
Matemáticas Discretas,2526-3,1,anon_md_2526_3_1_010,6,123,8.0,5.7306747
Matemáticas Discretas,2526-3,1,anon_md_2526_3_1_011,6,123,4.0,2.5965133
Matemáticas Discretas,2526-3,1,anon_md_2526_3_1_012,6,123,10.0,8.137274
Matemáticas Discretas,2526-3,1,anon_md_2526_3_1_013,6,123,0.0,1.8558517
Matemáticas Discretas,2526-3,1,anon_md_2526_3_1_014,6,123,0.0,1.6693418
Matemáticas Discretas,2526-3,1,anon_md_2526_3_1_015,6,123,0.0,1.7901727
Matemáticas Discretas,2526-3,1,anon_md_2526_3_1_016,6,123,0.0,1.9408152
Matemáticas Discretas,2526-3,1,anon_md_2526_3_1_017,6,123,0.0,1.7222532
Matemáticas Discretas,2526-3,1,anon_md_2526_3_1_018,6,123,9.0,4.180723
Matemáticas Discretas,2526-3,1,anon_md_2526_3_1_019,6,123,0.0,1.8421996
Matemáticas Discretas,2526-3,1,anon_md_2526_3_1_020,6,123,0.0,1.8799872
Matemáticas Discretas,2526-3,1,anon_md_2526_3_1_021,6,123,13.0,10.206748
Matemáticas Discretas,2526-3,1,anon_md_2526_3_1_022,6,123,11.0,8.138385
Matemáticas Discretas,2526-3,1,anon_md_2526_3_1_023,6,123,0.0,2.1634583
Matemáticas Discretas,2526-3,1,anon_md_2526_3_1_024,6,123,0.0,2.1137326
Matemáticas Discretas,2526-3,1,anon_md_2526_3_1_025,6,123,6.0,5.167575
Matemáticas Discretas,2526-3,1,anon_md_2526_3_1_026,6,123,1.0,3.0360894
Matemáticas Discretas,2526-3,1,anon_md_2526_3_1_027,6,123,4.0,4.339058
Matemáticas Discretas,2526-3,1,anon_md_2526_3_1_028,6,123,2.0,3.3086004
Matemáticas Discretas,2526-3,1,anon_md_2526_3_1_029,6,123,0.0,2.2851782
Matemáticas Discretas,2526-3,1,anon_md_2526_3_1_030,6,123,5.0,3.343331
Matemáticas Discretas,2526-3,1,anon_md_2526_3_1_031,6,123,4.0,4.4083138
Matemáticas Discretas,2526-2,1,anon_md_2526_2_1_001,8,123,9.0,6.267241
Matemáticas Discretas,2526-2,1,anon_md_2526_2_1_002,8,123,12.0,9.46772
Matemáticas Discretas,2526-2,1,anon_md_2526_2_1_003,8,123,3.0,3.962193
Matemáticas Discretas,2526-2,1,anon_md_2526_2_1_004,8,123,3.0,4.006596
Matemáticas Discretas,2526-2,1,anon_md_2526_2_1_005,8,123,9.0,8.393752
Matemáticas Discretas,2526-2,1,anon_md_2526_2_1_006,8,123,2.0,1.710363
Matemáticas Discretas,2526-2,1,anon_md_2526_2_1_007,8,123,11.0,9.520381
Matemáticas Discretas,2526-2,1,anon_md_2526_2_1_008,8,123,2.0,2.8666239
Matemáticas Discretas,2526-2,1,anon_md_2526_2_1_009,8,123,1.0,1.7200397
Matemáticas Discretas,2526-2,1,anon_md_2526_2_1_010,8,123,1.0,1.7162207
Matemáticas Discretas,2526-2,1,anon_md_2526_2_1_011,8,123,3.0,2.7818494
Matemáticas Discretas,2526-2,1,anon_md_2526_2_1_012,8,123,8.0,7.332161
Matemáticas Discretas,2526-2,1,anon_md_2526_2_1_013,8,123,5.0,4.015144
Matemáticas Discretas,2526-2,1,anon_md_2526_2_1_014,8,123,9.0,8.255889
Matemáticas Discretas,2526-2,1,anon_md_2526_2_1_015,8,123,12.0,12.794828
Matemáticas Discretas,2526-2,1,anon_md_2526_2_1_016,8,123,2.0,2.8740745
Matemáticas Discretas,2526-2,1,anon_md_2526_2_1_017,8,123,11.0,9.356846
Matemáticas Discretas,2526-2,1,anon_md_2526_2_1_018,8,123,8.0,7.2965627
Matemáticas Discretas,2526-2,1,anon_md_2526_2_1_019,8,123,1.0,1.7532313
Matemáticas Discretas,2526-2,1,anon_md_2526_2_1_020,8,123,0.0,0.6327229
Matemáticas Discretas,2526-2,1,anon_md_2526_2_1_021,8,123,0.0,0.6401735
Matemáticas Discretas,2526-2,1,anon_md_2526_2_1_022,8,123,11.0,10.536756
Matemáticas Discretas,2526-2,1,anon_md_2526_2_1_023,8,123,3.0,1.7943182
Matemáticas Discretas,2526-2,1,anon_md_2526_2_1_024,8,123,5.0,6.123713
Matemáticas Discretas,2526-2,1,anon_md_2526_2_1_025,8,123,1.0,1.7782404
Matemáticas Discretas,2526-2,1,anon_md_2526_2_1_026,8,123,1.0,1.7826234
Matemáticas Discretas,2526-2,1,anon_md_2526_2_1_027,8,123,8.0,6.0710177
Matemáticas Discretas,2526-2,1,anon_md_2526_2_1_028,8,123,8.0,6.0925784
Matemáticas Discretas,2526-2,1,anon_md_2526_2_1_029,8,123,1.0,1.7956762
Matemáticas Discretas,2526-2,1,anon_md_2526_2_1_030,8,123,1.0,1.8388528
Matemáticas Discretas,2526-2,1,anon_md_2526_2_1_031,8,123,1.0,1.8039906
Matemáticas Discretas,2526-2,1,anon_md_2526_2_1_032,8,123,1.0,1.9069197
Matemáticas Discretas,2526-2,1,anon_md_2526_2_1_033,8,123,1.0,1.919765
Matemáticas Discretas,2526-2,1,anon_md_2526_2_1_034,8,123,0.0,0.8011067
Matemáticas Discretas,2526-2,1,anon_md_2526_2_1_035,8,123,8.0,6.1163874
Matemáticas Discretas,2526-2,2,anon_md_2526_2_2_001,8,123,5.0,6.4540305
Matemáticas Discretas,2526-2,2,anon_md_2526_2_2_002,8,123,8.0,5.435711
Matemáticas Discretas,2526-2,2,anon_md_2526_2_2_003,8,123,0.0,1.4419309
Matemáticas Discretas,2526-2,2,anon_md_2526_2_2_004,8,123,6.0,5.46701
Matemáticas Discretas,2526-2,2,anon_md_2526_2_2_005,8,123,4.0,5.4521384
Matemáticas Discretas,2526-2,2,anon_md_2526_2_2_006,8,123,9.0,7.496322
Matemáticas Discretas,2526-2,2,anon_md_2526_2_2_007,8,123,3.0,2.4059587
Matemáticas Discretas,2526-2,2,anon_md_2526_2_2_008,8,123,5.0,6.458369
Matemáticas Discretas,2526-2,2,anon_md_2526_2_2_009,8,123,1.0,2.4382997
Matemáticas Discretas,2526-2,2,anon_md_2526_2_2_010,8,123,0.0,1.4427345
Matemáticas Discretas,2526-2,2,anon_md_2526_2_2_011,8,123,5.0,3.4450464
Matemáticas Discretas,2526-2,2,anon_md_2526_2_2_012,8,123,10.0,7.486119
Matemáticas Discretas,2526-2,2,anon_md_2526_2_2_013,8,123,1.0,2.455987
Matemáticas Discretas,2526-2,2,anon_md_2526_2_2_014,8,123,2.0,2.456943
Matemáticas Discretas,2526-2,2,anon_md_2526_2_2_015,8,123,0.0,1.4464148
Matemáticas Discretas,2526-2,2,anon_md_2526_2_2_016,8,123,10.0,7.4550667
Matemáticas Discretas,2526-2,2,anon_md_2526_2_2_017,8,123,2.0,2.4274905
Matemáticas Discretas,2526-2,2,anon_md_2526_2_2_018,8,123,1.0,2.4116654
Matemáticas Discretas,2526-2,2,anon_md_2526_2_2_019,8,123,3.0,4.436743
Matemáticas Discretas,2526-2,2,anon_md_2526_2_2_020,8,123,3.0,4.4384947
Matemáticas Discretas,2526-2,2,anon_md_2526_2_2_021,8,123,8.0,9.535811
Matemáticas Discretas,2526-3,1,anon_md_2526_3_1_001,8,123,13.0,9.819598
Matemáticas Discretas,2526-3,1,anon_md_2526_3_1_002,8,123,0.0,0.7180976
Matemáticas Discretas,2526-3,1,anon_md_2526_3_1_003,8,123,4.0,2.873879
Matemáticas Discretas,2526-3,1,anon_md_2526_3_1_004,8,123,2.0,2.7838175
Matemáticas Discretas,2526-3,1,anon_md_2526_3_1_005,8,123,3.0,1.8814832
Matemáticas Discretas,2526-3,1,anon_md_2526_3_1_006,8,123,2.0,3.0675178
Matemáticas Discretas,2526-3,1,anon_md_2526_3_1_007,8,123,0.0,0.7753426
Matemáticas Discretas,2526-3,1,anon_md_2526_3_1_008,8,123,12.0,10.2538805
Matemáticas Discretas,2526-3,1,anon_md_2526_3_1_009,8,123,1.0,1.7949266
Matemáticas Discretas,2526-3,1,anon_md_2526_3_1_010,8,123,8.0,7.965392
Matemáticas Discretas,2526-3,1,anon_md_2526_3_1_011,8,123,4.0,2.834588
Matemáticas Discretas,2526-3,1,anon_md_2526_3_1_012,8,123,10.0,11.260216
Matemáticas Discretas,2526-3,1,anon_md_2526_3_1_013,8,123,0.0,1.0189545
Matemáticas Discretas,2526-3,1,anon_md_2526_3_1_014,8,123,0.0,0.86004835
Matemáticas Discretas,2526-3,1,anon_md_2526_3_1_015,8,123,0.0,0.9516563
Matemáticas Discretas,2526-3,1,anon_md_2526_3_1_016,8,123,0.0,1.0771996
Matemáticas Discretas,2526-3,1,anon_md_2526_3_1_017,8,123,0.0,0.9064707
Matemáticas Discretas,2526-3,1,anon_md_2526_3_1_018,8,123,9.0,6.3179965
Matemáticas Discretas,2526-3,1,anon_md_2526_3_1_019,8,123,0.0,0.9799292
Matemáticas Discretas,2526-3,1,anon_md_2526_3_1_020,8,123,0.0,1.0071946
Matemáticas Discretas,2526-3,1,anon_md_2526_3_1_021,8,123,13.0,12.284356
Matemáticas Discretas,2526-3,1,anon_md_2526_3_1_022,8,123,11.0,9.221935
Matemáticas Discretas,2526-3,1,anon_md_2526_3_1_023,8,123,0.0,1.2392424
Matemáticas Discretas,2526-3,1,anon_md_2526_3_1_024,8,123,0.0,1.1810968
Matemáticas Discretas,2526-3,1,anon_md_2526_3_1_025,8,123,6.0,5.2081637
Matemáticas Discretas,2526-3,1,anon_md_2526_3_1_026,8,123,1.0,2.140826
Matemáticas Discretas,2526-3,1,anon_md_2526_3_1_027,8,123,4.0,5.3991356
Matemáticas Discretas,2526-3,1,anon_md_2526_3_1_028,8,123,2.0,3.3479338
Matemáticas Discretas,2526-3,1,anon_md_2526_3_1_029,8,123,0.0,1.3053607
Matemáticas Discretas,2526-3,1,anon_md_2526_3_1_030,8,123,5.0,4.386992
Matemáticas Discretas,2526-3,1,anon_md_2526_3_1_031,8,123,4.0,4.4148593
Algoritmos y Programación,2425-2,1,anon_001,4,2024,2.0,3.5217779
Algoritmos y Programación,2425-2,1,anon_002,4,2024,2.0,1.5146387
Algoritmos y Programación,2425-2,1,anon_003,4,2024,17.0,7.532296
Algoritmos y Programación,2425-2,1,anon_004,4,2024,2.0,3.552167
Algoritmos y Programación,2425-2,1,anon_005,4,2024,10.0,8.528948
Algoritmos y Programación,2425-2,1,anon_006,4,2024,0.0,1.5511808
Algoritmos y Programación,2425-2,1,anon_007,4,2024,0.0,1.5609099
Algoritmos y Programación,2425-2,1,anon_008,4,2024,16.0,6.557773
Algoritmos y Programación,2425-2,1,anon_009,4,2024,9.0,5.464582
Algoritmos y Programación,2425-2,1,anon_010,4,2024,22.0,9.486934
Algoritmos y Programación,2425-2,1,anon_011,4,2024,6.0,5.4847775
Algoritmos y Programación,2425-2,1,anon_012,4,2024,0.0,1.6130257
Algoritmos y Programación,2425-2,1,anon_013,4,2024,0.0,1.6240829
Algoritmos y Programación,2425-2,1,anon_014,4,2024,23.0,16.619743
Algoritmos y Programación,2425-2,1,anon_015,4,2024,24.0,10.635241
Algoritmos y Programación,2425-2,1,anon_016,4,2024,1.0,1.245204
Algoritmos y Programación,2425-2,1,anon_017,4,2024,1.0,1.669967
Algoritmos y Programación,2425-2,1,anon_018,4,2024,17.0,7.665746
Algoritmos y Programación,2425-2,1,anon_019,4,2024,0.0,1.6936746
Algoritmos y Programación,2425-2,1,anon_020,4,2024,24.0,12.710287
Algoritmos y Programación,2425-2,1,anon_021,4,2024,4.0,5.636852
Algoritmos y Programación,2425-2,1,anon_022,4,2024,2.0,1.7298442
Algoritmos y Programación,2425-2,1,anon_023,4,2024,19.0,12.685631
Algoritmos y Programación,2425-2,1,anon_024,4,2024,7.0,5.6846323
Algoritmos y Programación,2425-2,1,anon_025,4,2024,5.0,6.78996
Algoritmos y Programación,2425-2,1,anon_026,4,2024,0.0,1.7786493
Algoritmos y Programación,2425-2,1,anon_027,4,2024,10.0,4.7170916
Algoritmos y Programación,2425-2,1,anon_028,4,2024,18.0,13.788663
Algoritmos y Programación,2425-2,1,anon_029,4,2024,0.0,1.8152701
Algoritmos y Programación,2425-2,1,anon_030,4,2024,15.0,10.79503
Algoritmos y Programación,2425-2,2,anon_031,4,2024,1.0,2.4645462
Algoritmos y Programación,2425-2,2,anon_032,4,2024,3.0,4.5947456
Algoritmos y Programación,2425-2,2,anon_033,4,2024,20.0,13.235567
Algoritmos y Programación,2425-2,2,anon_034,4,2024,4.0,5.4906774
Algoritmos y Programación,2425-2,2,anon_035,4,2024,2.0,3.6011543
Algoritmos y Programación,2425-2,2,anon_036,4,2024,8.0,6.379704
Algoritmos y Programación,2425-2,2,anon_037,4,2024,0.0,1.6193169
Algoritmos y Programación,2425-2,2,anon_038,4,2024,1.0,2.410678
Algoritmos y Programación,2425-2,2,anon_039,4,2024,7.0,4.518372
Algoritmos y Programación,2425-2,2,anon_040,4,2024,2.0,1.2915819
Algoritmos y Programación,2425-2,2,anon_041,4,2024,0.0,1.5468469
Algoritmos y Programación,2425-2,2,anon_042,4,2024,8.0,2.5495722
Algoritmos y Programación,2425-2,2,anon_043,4,2024,9.0,7.550402
Algoritmos y Programación,2425-2,2,anon_044,4,2024,13.0,9.550341
Algoritmos y Programación,2425-2,2,anon_045,4,2024,10.0,6.342937
Algoritmos y Programación,2425-2,2,anon_046,4,2024,0.0,1.5920048
Algoritmos y Programación,2425-2,2,anon_047,4,2024,5.0,6.716477
Algoritmos y Programación,2425-2,2,anon_048,4,2024,3.0,2.610319
Algoritmos y Programación,2425-2,2,anon_049,4,2024,1.0,1.6199354
Algoritmos y Programación,2425-2,2,anon_050,4,2024,3.0,4.629304
Algoritmos y Programación,2425-2,2,anon_051,4,2024,2.0,1.6389197
Algoritmos y Programación,2425-2,2,anon_052,4,2024,17.0,10.687901
Algoritmos y Programación,2425-2,2,anon_053,4,2024,3.0,1.7523203
Algoritmos y Programación,2425-2,2,anon_054,4,2024,3.0,3.768723
Algoritmos y Programación,2425-2,2,anon_055,4,2024,10.0,6.776805
Algoritmos y Programación,2425-2,2,anon_056,4,2024,0.0,1.6880741
Algoritmos y Programación,2425-2,2,anon_057,4,2024,11.0,6.389548
Algoritmos y Programación,2425-2,2,anon_058,4,2024,0.0,1.7085819
Algoritmos y Programación,2425-2,2,anon_059,4,2024,5.0,4.450343
Algoritmos y Programación,2425-2,2,anon_060,4,2024,2.0,2.731143
Algoritmos y Programación,2526-1,1,anon_061,4,2024,9.0,8.053875
Algoritmos y Programación,2526-1,1,anon_062,4,2024,13.0,10.12795
Algoritmos y Programación,2526-1,1,anon_063,4,2024,15.0,8.765631
Algoritmos y Programación,2526-1,1,anon_064,4,2024,2.0,4.1249766
Algoritmos y Programación,2526-1,1,anon_065,4,2024,9.0,6.717538
Algoritmos y Programación,2526-1,1,anon_066,4,2024,2.0,5.56472
Algoritmos y Programación,2526-1,1,anon_067,4,2024,11.0,8.082354
Algoritmos y Programación,2526-1,1,anon_068,4,2024,1.0,4.318313
Algoritmos y Programación,2526-1,1,anon_069,4,2024,12.0,11.5761795
Algoritmos y Programación,2526-1,1,anon_070,4,2024,5.0,8.894048
Algoritmos y Programación,2526-1,1,anon_071,4,2024,1.0,4.213832
Algoritmos y Programación,2526-1,1,anon_072,4,2024,1.0,4.4948406
Algoritmos y Programación,2526-1,1,anon_073,4,2024,1.0,4.2108665
Algoritmos y Programación,2526-1,1,anon_074,4,2024,8.0,4.2050896
Algoritmos y Programación,2526-1,1,anon_075,4,2024,2.0,4.504876
Algoritmos y Programación,2526-1,1,anon_076,4,2024,4.0,6.987238
Algoritmos y Programación,2526-1,1,anon_077,4,2024,1.0,4.171564
Algoritmos y Programación,2526-1,1,anon_078,4,2024,2.0,5.493801
Algoritmos y Programación,2526-1,1,anon_079,4,2024,0.0,3.27723
Algoritmos y Programación,2526-1,1,anon_080,4,2024,10.0,9.211756
Algoritmos y Programación,2526-1,1,anon_081,4,2024,1.0,4.091276
Algoritmos y Programación,2526-1,1,anon_082,4,2024,0.0,3.3278666
Algoritmos y Programación,2526-1,1,anon_083,4,2024,7.0,9.259765
Algoritmos y Programación,2526-1,1,anon_084,4,2024,1.0,4.0055285
Algoritmos y Programación,2526-1,1,anon_085,4,2024,0.0,3.238743
Algoritmos y Programación,2526-1,1,anon_086,4,2024,1.0,3.9364278
Algoritmos y Programación,2526-1,1,anon_087,4,2024,1.0,3.8983521
Algoritmos y Programación,2526-2,1,anon_088,4,2024,0.0,1.9251566
Algoritmos y Programación,2526-2,1,anon_089,4,2024,4.0,6.0864916
Algoritmos y Programación,2526-2,1,anon_090,4,2024,0.0,1.9426851
Algoritmos y Programación,2526-2,1,anon_091,4,2024,10.0,9.649088
Algoritmos y Programación,2526-2,1,anon_092,4,2024,0.0,1.9598193
Algoritmos y Programación,2526-2,1,anon_093,4,2024,1.0,3.2948256
Algoritmos y Programación,2526-2,1,anon_094,4,2024,5.0,7.402158
Algoritmos y Programación,2526-2,1,anon_095,4,2024,0.0,1.9851406
Algoritmos y Programación,2526-2,1,anon_096,4,2024,1.0,3.0003715
Algoritmos y Programación,2526-2,1,anon_097,4,2024,0.0,2.002045
Algoritmos y Programación,2526-2,1,anon_098,4,2024,3.0,3.4819074
Algoritmos y Programación,2526-2,1,anon_099,4,2024,0.0,1.1863295
Algoritmos y Programación,2526-2,1,anon_100,4,2024,0.0,2.0278447
Algoritmos y Programación,2526-2,1,anon_101,4,2024,1.0,3.030562
Algoritmos y Programación,2526-2,1,anon_102,4,2024,2.0,3.233211
Algoritmos y Programación,2526-2,1,anon_103,4,2024,0.0,1.6227754
Algoritmos y Programación,2526-2,1,anon_104,4,2024,0.0,1.2396562
Algoritmos y Programación,2526-2,1,anon_105,4,2024,5.0,7.392373
Algoritmos y Programación,2526-2,1,anon_106,4,2024,1.0,3.5164948
Algoritmos y Programación,2526-2,1,anon_107,4,2024,5.0,7.6239195
Algoritmos y Programación,2526-2,1,anon_108,4,2024,1.0,2.0999336
Algoritmos y Programación,2526-2,1,anon_109,4,2024,5.0,6.7229385
Algoritmos y Programación,2526-2,1,anon_110,4,2024,2.0,3.5280066
Algoritmos y Programación,2526-2,1,anon_111,4,2024,2.0,3.2991188
Algoritmos y Programación,2526-2,1,anon_112,4,2024,2.0,4.919654
Algoritmos y Programación,2526-2,1,anon_113,4,2024,0.0,1.7464087
Algoritmos y Programación,2526-2,1,anon_114,4,2024,4.0,7.317273
Algoritmos y Programación,2526-2,1,anon_115,4,2024,1.0,3.5388234
Algoritmos y Programación,2526-2,1,anon_116,4,2024,2.0,3.5405877
Algoritmos y Programación,2526-2,1,anon_117,4,2024,1.0,2.178527
Algoritmos y Programación,2526-3,1,anon_118,4,2024,8.0,4.4010506
Algoritmos y Programación,2526-3,1,anon_119,4,2024,0.0,-0.40369797
Algoritmos y Programación,2526-3,1,anon_120,4,2024,0.0,-0.2885759
Algoritmos y Programación,2526-3,1,anon_121,4,2024,2.0,-0.3372388
Algoritmos y Programación,2526-3,1,anon_122,4,2024,5.0,2.0158675
Algoritmos y Programación,2526-3,1,anon_123,4,2024,4.0,0.94577026
Algoritmos y Programación,2526-3,1,anon_124,4,2024,3.0,0.840255
Algoritmos y Programación,2526-3,1,anon_125,4,2024,1.0,0.87727165
Algoritmos y Programación,2526-3,1,anon_126,4,2024,5.0,0.91327596
Algoritmos y Programación,2526-3,1,anon_127,4,2024,8.0,5.7729654
Algoritmos y Programación,2526-3,1,anon_128,4,2024,2.0,2.3047452
Algoritmos y Programación,2526-3,1,anon_129,4,2024,5.0,3.8187027
Algoritmos y Programación,2526-3,1,anon_130,4,2024,1.0,1.0420845
Algoritmos y Programación,2526-3,1,anon_131,4,2024,5.0,4.6020145
Algoritmos y Programación,2526-3,1,anon_132,4,2024,8.0,9.96727
Algoritmos y Programación,2526-3,1,anon_133,4,2024,13.0,9.398164
Algoritmos y Programación,2526-3,1,anon_134,4,2024,10.0,5.6156263
Algoritmos y Programación,2526-3,1,anon_135,4,2024,7.0,2.9180946
Algoritmos y Programación,2526-3,1,anon_136,4,2024,0.0,0.058553934
Algoritmos y Programación,2526-3,1,anon_137,4,2024,4.0,5.342638
Algoritmos y Programación,2526-3,1,anon_138,4,2024,4.0,1.1957045
Algoritmos y Programación,2526-3,1,anon_139,4,2024,3.0,4.326597
Algoritmos y Programación,2526-3,1,anon_140,4,2024,10.0,5.108536
Algoritmos y Programación,2526-3,1,anon_141,4,2024,11.0,10.06208
Algoritmos y Programación,2526-3,1,anon_142,4,2024,0.0,0.0475626
Algoritmos y Programación,2526-3,1,anon_143,4,2024,15.0,13.6277
Algoritmos y Programación,2526-3,1,anon_144,4,2024,3.0,0.041983604
Algoritmos y Programación,2526-3,1,anon_145,4,2024,20.0,22.35604
Algoritmos y Programación,2526-3,1,anon_146,4,2024,7.0,1.1975677
Algoritmos y Programación,2526-3,1,anon_147,4,2024,6.0,0.023245573
Algoritmos y Programación,2425-2,1,anon_001,6,2024,2.0,3.289617
Algoritmos y Programación,2425-2,1,anon_002,6,2024,2.0,1.2764529
Algoritmos y Programación,2425-2,1,anon_003,6,2024,17.0,10.308676
Algoritmos y Programación,2425-2,1,anon_004,6,2024,2.0,3.3212152
Algoritmos y Programación,2425-2,1,anon_005,6,2024,10.0,10.335137
Algoritmos y Programación,2425-2,1,anon_006,6,2024,0.0,1.3137814
Algoritmos y Programación,2425-2,1,anon_007,6,2024,0.0,1.3240949
Algoritmos y Programación,2425-2,1,anon_008,6,2024,16.0,8.363488
Algoritmos y Programación,2425-2,1,anon_009,6,2024,9.0,5.2068925
Algoritmos y Programación,2425-2,1,anon_010,6,2024,22.0,13.234713
Algoritmos y Programación,2425-2,1,anon_011,6,2024,6.0,6.232256
Algoritmos y Programación,2425-2,1,anon_012,6,2024,0.0,1.3819307
Algoritmos y Programación,2425-2,1,anon_013,6,2024,0.0,1.3947084
Algoritmos y Programación,2425-2,1,anon_014,6,2024,23.0,18.475016
Algoritmos y Programación,2425-2,1,anon_015,6,2024,24.0,13.446297
Algoritmos y Programación,2425-2,1,anon_016,6,2024,1.0,0.7930117
Algoritmos y Programación,2425-2,1,anon_017,6,2024,1.0,1.4492531
Algoritmos y Programación,2425-2,1,anon_018,6,2024,17.0,11.462977
Algoritmos y Programación,2425-2,1,anon_019,6,2024,0.0,1.4782568
Algoritmos y Programación,2425-2,1,anon_020,6,2024,24.0,15.531414
Algoritmos y Programación,2425-2,1,anon_021,6,2024,4.0,5.39029
Algoritmos y Programación,2425-2,1,anon_022,6,2024,2.0,3.5304353
Algoritmos y Programación,2425-2,1,anon_023,6,2024,19.0,16.4931
Algoritmos y Programación,2425-2,1,anon_024,6,2024,7.0,7.444996
Algoritmos y Programación,2425-2,1,anon_025,6,2024,5.0,6.6215377
Algoritmos y Programación,2425-2,1,anon_026,6,2024,0.0,1.5861803
Algoritmos y Programación,2425-2,1,anon_027,6,2024,10.0,6.4925404
Algoritmos y Programación,2425-2,1,anon_028,6,2024,18.0,14.65075
Algoritmos y Programación,2425-2,1,anon_029,6,2024,0.0,1.6344818
Algoritmos y Programación,2425-2,1,anon_030,6,2024,15.0,11.660177
Algoritmos y Programación,2425-2,2,anon_031,6,2024,1.0,2.1883059
Algoritmos y Programación,2425-2,2,anon_032,6,2024,3.0,4.389118
Algoritmos y Programación,2425-2,2,anon_033,6,2024,20.0,16.001024
Algoritmos y Programación,2425-2,2,anon_034,6,2024,4.0,5.240056
Algoritmos y Programación,2425-2,2,anon_035,6,2024,2.0,3.402384
Algoritmos y Programación,2425-2,2,anon_036,6,2024,8.0,6.0911965
Algoritmos y Programación,2425-2,2,anon_037,6,2024,0.0,1.3935685
Algoritmos y Programación,2425-2,2,anon_038,6,2024,1.0,2.0662563
Algoritmos y Programación,2425-2,2,anon_039,6,2024,7.0,6.2603445
Algoritmos y Programación,2425-2,2,anon_040,6,2024,2.0,0.8796043
Algoritmos y Programación,2425-2,2,anon_041,6,2024,0.0,1.2531592
Algoritmos y Programación,2425-2,2,anon_042,6,2024,8.0,3.2735877
Algoritmos y Programación,2425-2,2,anon_043,6,2024,9.0,8.32216
Algoritmos y Programación,2425-2,2,anon_044,6,2024,13.0,9.34594
Algoritmos y Programación,2425-2,2,anon_045,6,2024,10.0,8.961386
Algoritmos y Programación,2425-2,2,anon_046,6,2024,0.0,1.3045928
Algoritmos y Programación,2425-2,2,anon_047,6,2024,5.0,6.534055
Algoritmos y Programación,2425-2,2,anon_048,6,2024,3.0,3.3370094
Algoritmos y Programación,2425-2,2,anon_049,6,2024,1.0,2.3406596
Algoritmos y Programación,2425-2,2,anon_050,6,2024,3.0,4.375249
Algoritmos y Programación,2425-2,2,anon_051,6,2024,2.0,1.3630528
Algoritmos y Programación,2425-2,2,anon_052,6,2024,17.0,13.507779
Algoritmos y Programación,2425-2,2,anon_053,6,2024,3.0,1.5390157
Algoritmos y Programación,2425-2,2,anon_054,6,2024,3.0,3.56992
Algoritmos y Programación,2425-2,2,anon_055,6,2024,10.0,8.56758
Algoritmos y Programación,2425-2,2,anon_056,6,2024,0.0,1.4272168
Algoritmos y Programación,2425-2,2,anon_057,6,2024,11.0,7.9843574
Algoritmos y Programación,2425-2,2,anon_058,6,2024,0.0,1.4546466
Algoritmos y Programación,2425-2,2,anon_059,6,2024,5.0,4.0504026
Algoritmos y Programación,2425-2,2,anon_060,6,2024,2.0,2.4827237
Algoritmos y Programación,2526-1,1,anon_061,6,2024,9.0,6.5248466
Algoritmos y Programación,2526-1,1,anon_062,6,2024,13.0,9.629045
Algoritmos y Programación,2526-1,1,anon_063,6,2024,15.0,8.560912
Algoritmos y Programación,2526-1,1,anon_064,6,2024,2.0,3.205316
Algoritmos y Programación,2526-1,1,anon_065,6,2024,9.0,5.398604
Algoritmos y Programación,2526-1,1,anon_066,6,2024,2.0,4.342771
Algoritmos y Programación,2526-1,1,anon_067,6,2024,11.0,7.586749
Algoritmos y Programación,2526-1,1,anon_068,6,2024,1.0,3.3624194
Algoritmos y Programación,2526-1,1,anon_069,6,2024,12.0,9.751719
Algoritmos y Programación,2526-1,1,anon_070,6,2024,5.0,7.582539
Algoritmos y Programación,2526-1,1,anon_071,6,2024,1.0,3.2973695
Algoritmos y Programación,2526-1,1,anon_072,6,2024,1.0,3.4338772
Algoritmos y Programación,2526-1,1,anon_073,6,2024,1.0,3.308733
Algoritmos y Programación,2526-1,1,anon_074,6,2024,8.0,3.3122888
Algoritmos y Programación,2526-1,1,anon_075,6,2024,2.0,3.4078486
Algoritmos y Programación,2526-1,1,anon_076,6,2024,4.0,5.622461
Algoritmos y Programación,2526-1,1,anon_077,6,2024,1.0,3.315031
Algoritmos y Programación,2526-1,1,anon_078,6,2024,2.0,4.402598
Algoritmos y Programación,2526-1,1,anon_079,6,2024,0.0,2.3608527
Algoritmos y Programación,2526-1,1,anon_080,6,2024,10.0,7.6376863
Algoritmos y Programación,2526-1,1,anon_081,6,2024,1.0,3.3010278
Algoritmos y Programación,2526-1,1,anon_082,6,2024,0.0,2.3914404
Algoritmos y Programación,2526-1,1,anon_083,6,2024,7.0,7.7268095
Algoritmos y Programación,2526-1,1,anon_084,6,2024,1.0,3.2771
Algoritmos y Programación,2526-1,1,anon_085,6,2024,0.0,2.4445977
Algoritmos y Programación,2526-1,1,anon_086,6,2024,1.0,3.254282
Algoritmos y Programación,2526-1,1,anon_087,6,2024,1.0,3.240673
Algoritmos y Programación,2526-2,1,anon_088,6,2024,0.0,1.6402271
Algoritmos y Programación,2526-2,1,anon_089,6,2024,4.0,5.325718
Algoritmos y Programación,2526-2,1,anon_090,6,2024,0.0,1.6401742
Algoritmos y Programación,2526-2,1,anon_091,6,2024,10.0,13.287268
Algoritmos y Programación,2526-2,1,anon_092,6,2024,0.0,1.6386223
Algoritmos y Programación,2526-2,1,anon_093,6,2024,1.0,2.8761034
Algoritmos y Programación,2526-2,1,anon_094,6,2024,5.0,6.532529
Algoritmos y Programación,2526-2,1,anon_095,6,2024,0.0,1.634264
Algoritmos y Programación,2526-2,1,anon_096,6,2024,1.0,2.4737785
Algoritmos y Programación,2526-2,1,anon_097,6,2024,0.0,1.6307693
Algoritmos y Programación,2526-2,1,anon_098,6,2024,3.0,2.8737345
Algoritmos y Programación,2526-2,1,anon_099,6,2024,0.0,0.8589866
Algoritmos y Programación,2526-2,1,anon_100,6,2024,0.0,1.6261938
Algoritmos y Programación,2526-2,1,anon_101,6,2024,1.0,2.4536748
Algoritmos y Programación,2526-2,1,anon_102,6,2024,2.0,2.8474107
Algoritmos y Programación,2526-2,1,anon_103,6,2024,0.0,1.2239258
Algoritmos y Programación,2526-2,1,anon_104,6,2024,0.0,0.85412765
Algoritmos y Programación,2526-2,1,anon_105,6,2024,5.0,6.51518
Algoritmos y Programación,2526-2,1,anon_106,6,2024,1.0,2.860627
Algoritmos y Programación,2526-2,1,anon_107,6,2024,5.0,7.1951647
Algoritmos y Programación,2526-2,1,anon_108,6,2024,1.0,1.6293757
Algoritmos y Programación,2526-2,1,anon_109,6,2024,5.0,7.422493
Algoritmos y Programación,2526-2,1,anon_110,6,2024,2.0,4.0177903
Algoritmos y Programación,2526-2,1,anon_111,6,2024,2.0,2.8376093
Algoritmos y Programación,2526-2,1,anon_112,6,2024,2.0,4.067439
Algoritmos y Programación,2526-2,1,anon_113,6,2024,0.0,1.2706698
Algoritmos y Programación,2526-2,1,anon_114,6,2024,4.0,6.4485226
Algoritmos y Programación,2526-2,1,anon_115,6,2024,1.0,2.8595688
Algoritmos y Programación,2526-2,1,anon_116,6,2024,2.0,2.860629
Algoritmos y Programación,2526-2,1,anon_117,6,2024,1.0,1.6637213
Algoritmos y Programación,2526-3,1,anon_118,6,2024,8.0,4.046406
Algoritmos y Programación,2526-3,1,anon_119,6,2024,0.0,-0.022586942
Algoritmos y Programación,2526-3,1,anon_120,6,2024,0.0,0.2362765
Algoritmos y Programación,2526-3,1,anon_121,6,2024,2.0,-0.018052816
Algoritmos y Programación,2526-3,1,anon_122,6,2024,5.0,2.0231128
Algoritmos y Programación,2526-3,1,anon_123,6,2024,4.0,1.0161742
Algoritmos y Programación,2526-3,1,anon_124,6,2024,3.0,0.9865937
Algoritmos y Programación,2526-3,1,anon_125,6,2024,1.0,0.98653877
Algoritmos y Programación,2526-3,1,anon_126,6,2024,5.0,0.9855268
Algoritmos y Programación,2526-3,1,anon_127,6,2024,8.0,6.8459835
Algoritmos y Programación,2526-3,1,anon_128,6,2024,2.0,2.0566125
Algoritmos y Programación,2526-3,1,anon_129,6,2024,5.0,3.1846826
Algoritmos y Programación,2526-3,1,anon_130,6,2024,1.0,0.97633326
Algoritmos y Programación,2526-3,1,anon_131,6,2024,5.0,3.3074055
Algoritmos y Programación,2526-3,1,anon_132,6,2024,8.0,7.23857
Algoritmos y Programación,2526-3,1,anon_133,6,2024,13.0,8.491468
Algoritmos y Programación,2526-3,1,anon_134,6,2024,10.0,4.5063095
Algoritmos y Programación,2526-3,1,anon_135,6,2024,7.0,4.7966514
Algoritmos y Programación,2526-3,1,anon_136,6,2024,0.0,0.026925802
Algoritmos y Programación,2526-3,1,anon_137,6,2024,4.0,4.3645973
Algoritmos y Programación,2526-3,1,anon_138,6,2024,4.0,0.9663446
Algoritmos y Programación,2526-3,1,anon_139,6,2024,3.0,3.7136145
Algoritmos y Programación,2526-3,1,anon_140,6,2024,10.0,4.392065
Algoritmos y Programación,2526-3,1,anon_141,6,2024,11.0,8.421818
Algoritmos y Programación,2526-3,1,anon_142,6,2024,0.0,-0.09902334
Algoritmos y Programación,2526-3,1,anon_143,6,2024,15.0,11.37804
Algoritmos y Programación,2526-3,1,anon_144,6,2024,3.0,-0.10003328
Algoritmos y Programación,2526-3,1,anon_145,6,2024,20.0,22.369772
Algoritmos y Programación,2526-3,1,anon_146,6,2024,7.0,1.0371685
Algoritmos y Programación,2526-3,1,anon_147,6,2024,6.0,-0.09998417
Algoritmos y Programación,2425-2,1,anon_001,8,2024,2.0,2.9483402
Algoritmos y Programación,2425-2,1,anon_002,8,2024,2.0,0.950328
Algoritmos y Programación,2425-2,1,anon_003,8,2024,17.0,15.922338
Algoritmos y Programación,2425-2,1,anon_004,8,2024,2.0,2.9673736
Algoritmos y Programación,2425-2,1,anon_005,8,2024,10.0,10.983541
Algoritmos y Programación,2425-2,1,anon_006,8,2024,0.0,0.9693047
Algoritmos y Programación,2425-2,1,anon_007,8,2024,0.0,0.9747845
Algoritmos y Programación,2425-2,1,anon_008,8,2024,16.0,15.951144
Algoritmos y Programación,2425-2,1,anon_009,8,2024,9.0,6.880973
Algoritmos y Programación,2425-2,1,anon_010,8,2024,22.0,20.854225
Algoritmos y Programación,2425-2,1,anon_011,8,2024,6.0,6.8970613
Algoritmos y Programación,2425-2,1,anon_012,8,2024,0.0,1.008215
Algoritmos y Programación,2425-2,1,anon_013,8,2024,0.0,1.0162165
Algoritmos y Programación,2425-2,1,anon_014,8,2024,23.0,23.04692
Algoritmos y Programación,2425-2,1,anon_015,8,2024,24.0,22.985485
Algoritmos y Programación,2425-2,1,anon_016,8,2024,1.0,1.5805539
Algoritmos y Programación,2425-2,1,anon_017,8,2024,1.0,2.0553207
Algoritmos y Programación,2425-2,1,anon_018,8,2024,17.0,16.059795
Algoritmos y Programación,2425-2,1,anon_019,8,2024,0.0,1.0724812
Algoritmos y Programación,2425-2,1,anon_020,8,2024,24.0,23.059383
Algoritmos y Programación,2425-2,1,anon_021,8,2024,4.0,5.000965
Algoritmos y Programación,2425-2,1,anon_022,8,2024,2.0,3.118762
Algoritmos y Programación,2425-2,1,anon_023,8,2024,19.0,19.123901
Algoritmos y Programación,2425-2,1,anon_024,8,2024,7.0,7.048017
Algoritmos y Programación,2425-2,1,anon_025,8,2024,5.0,6.1881585
Algoritmos y Programación,2425-2,1,anon_026,8,2024,0.0,1.150605
Algoritmos y Programación,2425-2,1,anon_027,8,2024,10.0,10.041346
Algoritmos y Programación,2425-2,1,anon_028,8,2024,18.0,18.185863
Algoritmos y Programación,2425-2,1,anon_029,8,2024,0.0,1.1865232
Algoritmos y Programación,2425-2,1,anon_030,8,2024,15.0,14.224197
Algoritmos y Programación,2425-2,2,anon_031,8,2024,1.0,1.8990904
Algoritmos y Programación,2425-2,2,anon_032,8,2024,3.0,4.0260363
Algoritmos y Programación,2425-2,2,anon_033,8,2024,20.0,20.707165
Algoritmos y Programación,2425-2,2,anon_034,8,2024,4.0,4.9183207
Algoritmos y Programación,2425-2,2,anon_035,8,2024,2.0,3.0403738
Algoritmos y Programación,2425-2,2,anon_036,8,2024,8.0,8.797992
Algoritmos y Programación,2425-2,2,anon_037,8,2024,0.0,1.0311633
Algoritmos y Programación,2425-2,2,anon_038,8,2024,1.0,1.8036433
Algoritmos y Programación,2425-2,2,anon_039,8,2024,7.0,7.931613
Algoritmos y Programación,2425-2,2,anon_040,8,2024,2.0,0.6794499
Algoritmos y Programación,2425-2,2,anon_041,8,2024,0.0,0.9251861
Algoritmos y Programación,2425-2,2,anon_042,8,2024,8.0,7.9292192
Algoritmos y Programación,2425-2,2,anon_043,8,2024,9.0,9.96304
Algoritmos y Programación,2425-2,2,anon_044,8,2024,13.0,12.963583
Algoritmos y Programación,2425-2,2,anon_045,8,2024,10.0,10.692299
Algoritmos y Programación,2425-2,2,anon_046,8,2024,0.0,0.9547026
Algoritmos y Programación,2425-2,2,anon_047,8,2024,5.0,6.1222186
Algoritmos y Programación,2425-2,2,anon_048,8,2024,3.0,3.973445
Algoritmos y Programación,2425-2,2,anon_049,8,2024,1.0,1.9821887
Algoritmos y Programación,2425-2,2,anon_050,8,2024,3.0,4.007636
Algoritmos y Programación,2425-2,2,anon_051,8,2024,2.0,0.99320996
Algoritmos y Programación,2425-2,2,anon_052,8,2024,17.0,16.108032
Algoritmos y Programación,2425-2,2,anon_053,8,2024,3.0,3.105225
Algoritmos y Programación,2425-2,2,anon_054,8,2024,3.0,4.1348004
Algoritmos y Programación,2425-2,2,anon_055,8,2024,10.0,10.134737
Algoritmos y Programación,2425-2,2,anon_056,8,2024,0.0,1.0386903
Algoritmos y Programación,2425-2,2,anon_057,8,2024,11.0,11.714211
Algoritmos y Programación,2425-2,2,anon_058,8,2024,0.0,1.0588557
Algoritmos y Programación,2425-2,2,anon_059,8,2024,5.0,4.76801
Algoritmos y Programación,2425-2,2,anon_060,8,2024,2.0,3.0788717
Algoritmos y Programación,2526-1,1,anon_061,8,2024,9.0,8.204786
Algoritmos y Programación,2526-1,1,anon_062,8,2024,13.0,8.089854
Algoritmos y Programación,2526-1,1,anon_063,8,2024,15.0,11.098102
Algoritmos y Programación,2526-1,1,anon_064,8,2024,2.0,2.0975454
Algoritmos y Programación,2526-1,1,anon_065,8,2024,9.0,7.112047
Algoritmos y Programación,2526-1,1,anon_066,8,2024,2.0,3.106604
Algoritmos y Programación,2526-1,1,anon_067,8,2024,11.0,9.126261
Algoritmos y Programación,2526-1,1,anon_068,8,2024,1.0,2.2228973
Algoritmos y Programación,2526-1,1,anon_069,8,2024,12.0,10.124737
Algoritmos y Programación,2526-1,1,anon_070,8,2024,5.0,6.117436
Algoritmos y Programación,2526-1,1,anon_071,8,2024,1.0,2.117537
Algoritmos y Programación,2526-1,1,anon_072,8,2024,1.0,2.1732035
Algoritmos y Programación,2526-1,1,anon_073,8,2024,1.0,2.1216996
Algoritmos y Programación,2526-1,1,anon_074,8,2024,8.0,4.133905
Algoritmos y Programación,2526-1,1,anon_075,8,2024,2.0,2.21696
Algoritmos y Programación,2526-1,1,anon_076,8,2024,4.0,4.1777186
Algoritmos y Programación,2526-1,1,anon_077,8,2024,1.0,2.1277764
Algoritmos y Programación,2526-1,1,anon_078,8,2024,2.0,3.1329868
Algoritmos y Programación,2526-1,1,anon_079,8,2024,0.0,1.208972
Algoritmos y Programación,2526-1,1,anon_080,8,2024,10.0,6.1464744
Algoritmos y Programación,2526-1,1,anon_081,8,2024,1.0,2.1304803
Algoritmos y Programación,2526-1,1,anon_082,8,2024,0.0,1.2057328
Algoritmos y Programación,2526-1,1,anon_083,8,2024,7.0,7.190959
Algoritmos y Programación,2526-1,1,anon_084,8,2024,1.0,2.1300297
Algoritmos y Programación,2526-1,1,anon_085,8,2024,0.0,1.1987705
Algoritmos y Programación,2526-1,1,anon_086,8,2024,1.0,2.1284506
Algoritmos y Programación,2526-1,1,anon_087,8,2024,1.0,2.1272542
Algoritmos y Programación,2526-2,1,anon_088,8,2024,0.0,0.9250445
Algoritmos y Programación,2526-2,1,anon_089,8,2024,4.0,3.9178839
Algoritmos y Programación,2526-2,1,anon_090,8,2024,0.0,0.9291082
Algoritmos y Programación,2526-2,1,anon_091,8,2024,10.0,10.905914
Algoritmos y Programación,2526-2,1,anon_092,8,2024,0.0,0.9332026
Algoritmos y Programación,2526-2,1,anon_093,8,2024,1.0,1.934512
Algoritmos y Programación,2526-2,1,anon_094,8,2024,5.0,4.938203
Algoritmos y Programación,2526-2,1,anon_095,8,2024,0.0,0.9398358
Algoritmos y Programación,2526-2,1,anon_096,8,2024,1.0,1.8578687
Algoritmos y Programación,2526-2,1,anon_097,8,2024,0.0,0.9450034
Algoritmos y Programación,2526-2,1,anon_098,8,2024,3.0,1.9498374
Algoritmos y Programación,2526-2,1,anon_099,8,2024,0.0,0.7646012
Algoritmos y Programación,2526-2,1,anon_100,8,2024,0.0,0.954814
Algoritmos y Programación,2526-2,1,anon_101,8,2024,1.0,1.8730366
Algoritmos y Programación,2526-2,1,anon_102,8,2024,2.0,1.9693694
Algoritmos y Programación,2526-2,1,anon_103,8,2024,0.0,0.88078475
Algoritmos y Programación,2526-2,1,anon_104,8,2024,0.0,0.7877541
Algoritmos y Programación,2526-2,1,anon_105,8,2024,5.0,5.0096397
Algoritmos y Programación,2526-2,1,anon_106,8,2024,1.0,1.9928325
Algoritmos y Programación,2526-2,1,anon_107,8,2024,5.0,5.933914
Algoritmos y Programación,2526-2,1,anon_108,8,2024,1.0,0.9998279
Algoritmos y Programación,2526-2,1,anon_109,8,2024,5.0,6.0487423
Algoritmos y Programación,2526-2,1,anon_110,8,2024,2.0,3.034147
Algoritmos y Programación,2526-2,1,anon_111,8,2024,2.0,2.0343566
Algoritmos y Programación,2526-2,1,anon_112,8,2024,2.0,3.050867
Algoritmos y Programación,2526-2,1,anon_113,8,2024,0.0,0.96457005
Algoritmos y Programación,2526-2,1,anon_114,8,2024,4.0,5.089082
Algoritmos y Programación,2526-2,1,anon_115,8,2024,1.0,2.0681663
Algoritmos y Programación,2526-2,1,anon_116,8,2024,2.0,2.0774603
Algoritmos y Programación,2526-2,1,anon_117,8,2024,1.0,1.0777966
Algoritmos y Programación,2526-3,1,anon_118,8,2024,8.0,6.914059
Algoritmos y Programación,2526-3,1,anon_119,8,2024,0.0,0.46188003
Algoritmos y Programación,2526-3,1,anon_120,8,2024,0.0,0.10417223
Algoritmos y Programación,2526-3,1,anon_121,8,2024,2.0,0.44638705
Algoritmos y Programación,2526-3,1,anon_122,8,2024,5.0,2.6328826
Algoritmos y Programación,2526-3,1,anon_123,8,2024,4.0,2.560648
Algoritmos y Programación,2526-3,1,anon_124,8,2024,3.0,1.5110081
Algoritmos y Programación,2526-3,1,anon_125,8,2024,1.0,1.5014536
Algoritmos y Programación,2526-3,1,anon_126,8,2024,5.0,2.560897
Algoritmos y Programación,2526-3,1,anon_127,8,2024,8.0,7.0205584
Algoritmos y Programación,2526-3,1,anon_128,8,2024,2.0,2.5738459
Algoritmos y Programación,2526-3,1,anon_129,8,2024,5.0,3.6805685
Algoritmos y Programación,2526-3,1,anon_130,8,2024,1.0,1.4550121
Algoritmos y Programación,2526-3,1,anon_131,8,2024,5.0,3.625042
Algoritmos y Programación,2526-3,1,anon_132,8,2024,8.0,6.9337482
Algoritmos y Programación,2526-3,1,anon_133,8,2024,13.0,10.39397
Algoritmos y Programación,2526-3,1,anon_134,8,2024,10.0,5.7601795
Algoritmos y Programación,2526-3,1,anon_135,8,2024,7.0,4.0694394
Algoritmos y Programación,2526-3,1,anon_136,8,2024,0.0,0.15834671
Algoritmos y Programación,2526-3,1,anon_137,8,2024,4.0,4.675437
Algoritmos y Programación,2526-3,1,anon_138,8,2024,4.0,1.4083271
Algoritmos y Programación,2526-3,1,anon_139,8,2024,3.0,3.0281847
Algoritmos y Programación,2526-3,1,anon_140,8,2024,10.0,7.753884
Algoritmos y Programación,2526-3,1,anon_141,8,2024,11.0,9.89708
Algoritmos y Programación,2526-3,1,anon_142,8,2024,0.0,0.33053893
Algoritmos y Programación,2526-3,1,anon_143,8,2024,15.0,12.153181
Algoritmos y Programación,2526-3,1,anon_144,8,2024,3.0,1.3749398
Algoritmos y Programación,2526-3,1,anon_145,8,2024,20.0,19.487553
Algoritmos y Programación,2526-3,1,anon_146,8,2024,7.0,3.489854
Algoritmos y Programación,2526-3,1,anon_147,8,2024,6.0,3.3977046
Computación Emergente,2425-3,1,anon_148,4,2024,1.0,1.4974012
Computación Emergente,2425-3,1,anon_149,4,2024,5.0,1.4841102
Computación Emergente,2425-3,1,anon_150,4,2024,4.0,1.4710615
Computación Emergente,2425-3,1,anon_151,4,2024,1.0,0.7839438
Computación Emergente,2425-3,1,anon_152,4,2024,4.0,0.7608931
Computación Emergente,2425-3,1,anon_153,4,2024,0.0,0.7388177
Computación Emergente,2425-3,1,anon_154,4,2024,0.0,0.7178298
Computación Emergente,2425-3,1,anon_155,4,2024,5.0,3.0337172
Computación Emergente,2425-3,1,anon_156,4,2024,0.0,1.4016138
Computación Emergente,2425-3,1,anon_157,4,2024,2.0,1.3920496
Computación Emergente,2425-3,1,anon_158,4,2024,0.0,1.3831749
Computación Emergente,2425-3,1,anon_159,4,2024,1.0,1.3750151
Computación Emergente,2425-3,1,anon_160,4,2024,1.0,0.6195742
Computación Emergente,2425-3,1,anon_161,4,2024,0.0,0.6083143
Computación Emergente,2425-3,1,anon_162,4,2024,0.0,2.2404273
Computación Emergente,2425-3,1,anon_163,4,2024,0.0,2.234722
Computación Emergente,2425-3,1,anon_164,4,2024,5.0,4.3011837
Computación Emergente,2425-3,1,anon_165,4,2024,6.0,2.705073
Computación Emergente,2425-3,1,anon_166,4,2024,2.0,1.3383973
Computación Emergente,2425-3,1,anon_167,4,2024,0.0,2.2110486
Computación Emergente,2425-3,1,anon_168,4,2024,5.0,3.7361283
Computación Emergente,2425-3,1,anon_169,4,2024,0.0,1.3328973
Computación Emergente,2425-3,1,anon_170,4,2024,0.0,2.1926641
Computación Emergente,2425-3,1,anon_171,4,2024,3.0,2.6646686
Computación Emergente,2425-3,1,anon_172,4,2024,0.0,1.3323535
Computación Emergente,2425-3,1,anon_173,4,2024,6.0,4.1627016
Computación Emergente,2425-3,1,anon_174,4,2024,6.0,3.472457
Computación Emergente,2425-3,1,anon_175,4,2024,0.0,0.59263456
Computación Emergente,2425-3,1,anon_176,4,2024,6.0,4.123598
Computación Emergente,2425-3,1,anon_177,4,2024,3.0,0.6068493
Computación Emergente,2425-3,1,anon_178,4,2024,3.0,2.1428242
Computación Emergente,2425-3,1,anon_179,4,2024,0.0,1.3449378
Computación Emergente,2425-3,1,anon_180,4,2024,0.0,1.3478518
Computación Emergente,2425-3,1,anon_181,4,2024,3.0,1.3509662
Computación Emergente,2425-3,1,anon_182,4,2024,4.0,1.3542607
Computación Emergente,2425-3,1,anon_183,4,2024,7.0,4.044986
Computación Emergente,2425-3,1,anon_184,4,2024,1.0,0.67403746
Computación Emergente,2425-3,1,anon_185,4,2024,0.0,0.68520296
Computación Emergente,2425-3,2,anon_185,4,2024,0.0,0.96875525
Computación Emergente,2425-3,2,anon_186,4,2024,0.0,1.2136315
Computación Emergente,2425-3,2,anon_187,4,2024,7.0,5.5566354
Computación Emergente,2425-3,2,anon_188,4,2024,0.0,1.1683768
Computación Emergente,2425-3,2,anon_189,4,2024,2.0,1.8602165
Computación Emergente,2425-3,2,anon_190,4,2024,0.0,1.1260259
Computación Emergente,2425-3,2,anon_191,4,2024,0.0,1.1061931
Computación Emergente,2425-3,2,anon_192,4,2024,5.0,4.0720663
Computación Emergente,2425-3,2,anon_193,4,2024,0.0,1.8077717
Computación Emergente,2425-3,2,anon_194,4,2024,1.0,1.0530925
Computación Emergente,2425-3,2,anon_195,4,2024,0.0,1.0377417
Computación Emergente,2425-3,2,anon_196,4,2024,1.0,1.023639
Computación Emergente,2425-3,2,anon_197,4,2024,0.0,1.0108047
Computación Emergente,2425-3,2,anon_198,4,2024,2.0,0.9992441
Computación Emergente,2425-3,2,anon_199,4,2024,1.0,3.1975417
Computación Emergente,2425-3,2,anon_200,4,2024,4.0,4.542925
Computación Emergente,2425-3,2,anon_201,4,2024,0.0,1.7160034
Computación Emergente,2425-3,2,anon_202,4,2024,1.0,1.7061175
Computación Emergente,2425-3,2,anon_203,4,2024,0.0,0.9597676
Computación Emergente,2425-3,2,anon_204,4,2024,3.0,4.516934
Computación Emergente,2425-3,2,anon_205,4,2024,0.0,1.6784781
Computación Emergente,2425-3,2,anon_206,4,2024,1.0,2.296473
Computación Emergente,2425-3,2,anon_207,4,2024,0.0,0.9471476
Computación Emergente,2425-3,2,anon_208,4,2024,1.0,2.279308
Computación Emergente,2425-3,2,anon_209,4,2024,1.0,1.6456215
Computación Emergente,2425-3,2,anon_210,4,2024,0.0,1.6379755
Computación Emergente,2425-3,2,anon_211,4,2024,0.0,1.6305147
Computación Emergente,2425-3,2,anon_212,4,2024,0.0,0.94789135
Computación Emergente,2425-3,2,anon_213,4,2024,1.0,2.3009925
Computación Emergente,2425-3,2,anon_214,4,2024,0.0,0.9515755
Computación Emergente,2425-3,2,anon_215,4,2024,0.0,0.95390904
Computación Emergente,2425-3,2,anon_216,4,2024,1.0,2.9308536
Computación Emergente,2425-3,2,anon_217,4,2024,0.0,0.95932233
Computación Emergente,2425-3,2,anon_218,4,2024,1.0,2.2284503
Computación Emergente,2425-3,2,anon_219,4,2024,2.0,0.9654764
Computación Emergente,2526-1,1,anon_174,4,2024,0.0,1.2490237
Computación Emergente,2526-1,1,anon_205,4,2024,0.0,1.4730631
Computación Emergente,2526-1,1,anon_212,4,2024,1.0,2.5595741
Computación Emergente,2526-1,1,anon_220,4,2024,1.0,3.2431479
Computación Emergente,2526-1,1,anon_221,4,2024,13.0,8.006314
Computación Emergente,2526-1,1,anon_222,4,2024,1.0,3.0552387
Computación Emergente,2526-1,1,anon_223,4,2024,3.0,3.1011176
Computación Emergente,2526-1,1,anon_224,4,2024,8.0,8.060641
Computación Emergente,2526-1,1,anon_225,4,2024,1.0,3.0124407
Computación Emergente,2526-1,1,anon_226,4,2024,5.0,4.0699706
Computación Emergente,2526-1,1,anon_227,4,2024,4.0,5.247823
Computación Emergente,2526-1,1,anon_228,4,2024,15.0,9.175155
Computación Emergente,2526-1,1,anon_229,4,2024,1.0,1.7887143
Computación Emergente,2526-1,1,anon_230,4,2024,1.0,3.0061455
Computación Emergente,2526-1,1,anon_231,4,2024,4.0,4.811476
Computación Emergente,2526-1,1,anon_232,4,2024,8.0,6.1248584
Computación Emergente,2526-1,1,anon_233,4,2024,0.0,1.5425239
Computación Emergente,2526-1,1,anon_234,4,2024,5.0,7.758436
Computación Emergente,2526-1,1,anon_235,4,2024,13.0,4.6403947
Computación Emergente,2526-1,1,anon_236,4,2024,2.0,1.4273268
Computación Emergente,2526-1,1,anon_237,4,2024,13.0,7.2169104
Computación Emergente,2526-1,1,anon_238,4,2024,0.0,1.5800008
Computación Emergente,2526-1,1,anon_239,4,2024,1.0,2.4614143
Computación Emergente,2526-1,1,anon_240,4,2024,0.0,1.5399588
Computación Emergente,2526-1,1,anon_241,4,2024,0.0,1.3175924
Computación Emergente,2526-1,1,anon_242,4,2024,1.0,2.3921187
Computación Emergente,2526-1,1,anon_243,4,2024,0.0,1.25679
Computación Emergente,2526-1,1,anon_244,4,2024,0.0,1.4403522
Computación Emergente,2526-2,1,anon_174,4,2024,0.0,1.0703279
Computación Emergente,2526-2,1,anon_222,4,2024,0.0,0.33655894
Computación Emergente,2526-2,1,anon_244,4,2024,0.0,0.0021047592
Computación Emergente,2526-2,1,anon_245,4,2024,1.0,3.652881
Computación Emergente,2526-2,1,anon_246,4,2024,0.0,0.3591913
Computación Emergente,2526-2,1,anon_247,4,2024,6.0,4.4986095
Computación Emergente,2526-2,1,anon_248,4,2024,0.0,0.29152083
Computación Emergente,2526-2,1,anon_249,4,2024,0.0,0.2692945
Computación Emergente,2526-2,1,anon_250,4,2024,10.0,9.645764
Computación Emergente,2526-2,1,anon_251,4,2024,2.0,5.2137585
Computación Emergente,2526-2,1,anon_252,4,2024,9.0,11.35569
Computación Emergente,2526-2,1,anon_253,4,2024,0.0,0.18461311
Computación Emergente,2526-2,1,anon_254,4,2024,0.0,1.3221534
Computación Emergente,2526-2,1,anon_255,4,2024,0.0,1.2972264
Computación Emergente,2526-2,1,anon_256,4,2024,0.0,0.12829065
Computación Emergente,2526-2,1,anon_257,4,2024,4.0,4.948704
Computación Emergente,2526-2,1,anon_258,4,2024,1.0,1.2269483
Computación Emergente,2526-2,1,anon_259,4,2024,0.0,1.2052755
Computación Emergente,2526-2,1,anon_260,4,2024,5.0,6.425496
Computación Emergente,2526-2,1,anon_261,4,2024,0.0,0.054570794
Computación Emergente,2526-2,1,anon_262,4,2024,1.0,1.6080407
Computación Emergente,2526-2,1,anon_263,4,2024,0.0,0.033223987
Computación Emergente,2526-2,1,anon_264,4,2024,0.0,0.02435565
Computación Emergente,2526-2,1,anon_265,4,2024,1.0,1.3598007
Computación Emergente,2526-2,1,anon_266,4,2024,1.0,3.104392
Computación Emergente,2526-2,1,anon_267,4,2024,0.0,1.0585274
Computación Emergente,2526-2,1,anon_268,4,2024,1.0,1.4856814
Computación Emergente,2526-2,1,anon_269,4,2024,0.0,1.0382211
Computación Emergente,2526-2,1,anon_270,4,2024,0.0,1.02966
Computación Emergente,2526-2,1,anon_271,4,2024,0.0,-0.0059845448
Computación Emergente,2526-2,1,anon_272,4,2024,0.0,1.0155481
Computación Emergente,2526-2,1,anon_273,4,2024,0.0,-0.0036034584
Computación Emergente,2526-2,1,anon_274,4,2024,0.0,-0.0011444092
Computación Emergente,2526-2,1,anon_275,4,2024,2.0,4.3789635
Computación Emergente,2526-2,1,anon_276,4,2024,3.0,4.605694
Computación Emergente,2526-2,1,anon_277,4,2024,1.0,1.4153206
Computación Emergente,2526-2,1,anon_278,4,2024,0.0,0.993294
Computación Emergente,2526-2,1,anon_279,4,2024,12.0,7.8404837
Computación Emergente,2526-2,1,anon_280,4,2024,1.0,2.4077435
Computación Emergente,2526-2,1,anon_281,4,2024,3.0,2.336302
Computación Emergente,2526-2,1,anon_282,4,2024,0.0,0.99517035
Computación Emergente,2526-3,1,anon_174,4,2024,0.0,0.24258232
Computación Emergente,2526-3,1,anon_283,4,2024,3.0,2.7338247
Computación Emergente,2526-3,1,anon_284,4,2024,21.0,16.085434
Computación Emergente,2526-3,1,anon_285,4,2024,30.0,15.761197
Computación Emergente,2526-3,1,anon_286,4,2024,18.0,15.062795
Computación Emergente,2526-3,1,anon_287,4,2024,23.0,19.481236
Computación Emergente,2526-3,1,anon_288,4,2024,24.0,14.904889
Computación Emergente,2526-3,1,anon_289,4,2024,0.0,0.09227419
Computación Emergente,2526-3,1,anon_290,4,2024,5.0,7.9981484
Computación Emergente,2526-3,1,anon_291,4,2024,0.0,0.81564164
Computación Emergente,2526-3,1,anon_292,4,2024,6.0,7.7298
Computación Emergente,2526-3,1,anon_293,4,2024,0.0,0.2801957
Computación Emergente,2526-3,1,anon_294,4,2024,0.0,0.27319908
Computación Emergente,2526-3,1,anon_295,4,2024,3.0,0.822727
Computación Emergente,2526-3,1,anon_296,4,2024,0.0,0.26123637
Computación Emergente,2526-3,1,anon_297,4,2024,16.0,14.935748
Computación Emergente,2526-3,1,anon_298,4,2024,6.0,10.141957
Computación Emergente,2526-3,1,anon_299,4,2024,0.0,0.24863774
Computación Emergente,2526-3,1,anon_300,4,2024,27.0,18.830832
Computación Emergente,2526-3,1,anon_301,4,2024,12.0,8.955957
Computación Emergente,2526-3,1,anon_302,4,2024,0.0,-0.05028534
Computación Emergente,2526-3,1,anon_303,4,2024,9.0,11.263302
Computación Emergente,2526-3,1,anon_304,4,2024,0.0,0.9066026
Computación Emergente,2526-3,1,anon_305,4,2024,12.0,16.614079
Computación Emergente,2526-3,1,anon_306,4,2024,11.0,6.96482
Computación Emergente,2526-3,1,anon_307,4,2024,0.0,0.2513368
Computación Emergente,2526-3,1,anon_308,4,2024,9.0,12.187979
Computación Emergente,2526-3,1,anon_309,4,2024,2.0,0.2601518
Computación Emergente,2526-3,1,anon_310,4,2024,8.0,14.326859
Computación Emergente,2526-3,1,anon_311,4,2024,0.0,0.27182937
Computación Emergente,2526-3,1,anon_312,4,2024,7.0,8.3555
Computación Emergente,2526-3,1,anon_313,4,2024,1.0,2.0267103
Computación Emergente,2526-3,1,anon_314,4,2024,1.0,0.99193645
Computación Emergente,2526-3,1,anon_315,4,2024,1.0,1.5742877
Computación Emergente,2526-3,1,anon_316,4,2024,11.0,13.737086
Computación Emergente,2526-3,1,anon_317,4,2024,0.0,1.1480149
Computación Emergente,2526-3,1,anon_318,4,2024,0.0,-0.0940671
Computación Emergente,2526-3,1,anon_319,4,2024,22.0,8.839997
Computación Emergente,2526-3,1,anon_320,4,2024,3.0,1.1200572
Computación Emergente,2526-3,1,anon_321,4,2024,3.0,6.6054955
Computación Emergente,2425-3,1,anon_148,6,2024,1.0,2.109429
Computación Emergente,2425-3,1,anon_149,6,2024,5.0,2.0960076
Computación Emergente,2425-3,1,anon_150,6,2024,4.0,2.0830448
Computación Emergente,2425-3,1,anon_151,6,2024,1.0,0.35607755
Computación Emergente,2425-3,1,anon_152,6,2024,4.0,1.4457626
Computación Emergente,2425-3,1,anon_153,6,2024,0.0,0.29944813
Computación Emergente,2425-3,1,anon_154,6,2024,0.0,0.2735573
Computación Emergente,2425-3,1,anon_155,6,2024,5.0,3.5165977
Computación Emergente,2425-3,1,anon_156,6,2024,0.0,0.89352095
Computación Emergente,2425-3,1,anon_157,6,2024,2.0,0.88515496
Computación Emergente,2425-3,1,anon_158,6,2024,0.0,0.8776873
Computación Emergente,2425-3,1,anon_159,6,2024,1.0,1.9963167
Computación Emergente,2425-3,1,anon_160,6,2024,1.0,1.2602218
Computación Emergente,2425-3,1,anon_161,6,2024,0.0,0.14091313
Computación Emergente,2425-3,1,anon_162,6,2024,0.0,1.7095095
Computación Emergente,2425-3,1,anon_163,6,2024,0.0,1.7126523
Computación Emergente,2425-3,1,anon_164,6,2024,5.0,4.8753824
Computación Emergente,2425-3,1,anon_165,6,2024,6.0,3.3854396
Computación Emergente,2425-3,1,anon_166,6,2024,2.0,0.84933925
Computación Emergente,2425-3,1,anon_167,6,2024,0.0,1.7228225
Computación Emergente,2425-3,1,anon_168,6,2024,5.0,4.279132
Computación Emergente,2425-3,1,anon_169,6,2024,0.0,0.85144603
Computación Emergente,2425-3,1,anon_170,6,2024,0.0,1.7279049
Computación Emergente,2425-3,1,anon_171,6,2024,3.0,3.360439
Computación Emergente,2425-3,1,anon_172,6,2024,0.0,0.8590161
Computación Emergente,2425-3,1,anon_173,6,2024,6.0,4.7811975
Computación Emergente,2425-3,1,anon_174,6,2024,6.0,4.1843805
Computación Emergente,2425-3,1,anon_175,6,2024,0.0,0.10362387
Computación Emergente,2425-3,1,anon_176,6,2024,6.0,4.7539825
Computación Emergente,2425-3,1,anon_177,6,2024,3.0,0.11669898
Computación Emergente,2425-3,1,anon_178,6,2024,3.0,2.829387
Computación Emergente,2425-3,1,anon_179,6,2024,0.0,0.89253855
Computación Emergente,2425-3,1,anon_180,6,2024,0.0,0.89868623
Computación Emergente,2425-3,1,anon_181,6,2024,3.0,0.90509236
Computación Emergente,2425-3,1,anon_182,6,2024,4.0,0.91173255
Computación Emergente,2425-3,1,anon_183,6,2024,7.0,4.6993933
Computación Emergente,2425-3,1,anon_184,6,2024,1.0,1.2581108
Computación Emergente,2425-3,1,anon_185,6,2024,0.0,0.1972059
Computación Emergente,2425-3,2,anon_185,6,2024,0.0,0.5182141
Computación Emergente,2425-3,2,anon_186,6,2024,0.0,0.7850703
Computación Emergente,2425-3,2,anon_187,6,2024,7.0,7.3840237
Computación Emergente,2425-3,2,anon_188,6,2024,0.0,0.72350204
Computación Emergente,2425-3,2,anon_189,6,2024,2.0,2.4870274
Computación Emergente,2425-3,2,anon_190,6,2024,0.0,0.6683763
Computación Emergente,2425-3,2,anon_191,6,2024,0.0,0.64351666
Computación Emergente,2425-3,2,anon_192,6,2024,5.0,4.5538797
Computación Emergente,2425-3,2,anon_193,6,2024,0.0,1.3121529
Computación Emergente,2425-3,2,anon_194,6,2024,1.0,0.5804595
Computación Emergente,2425-3,2,anon_195,6,2024,0.0,0.56331885
Computación Emergente,2425-3,2,anon_196,6,2024,1.0,1.6452886
Computación Emergente,2425-3,2,anon_197,6,2024,0.0,0.5346708
Computación Emergente,2425-3,2,anon_198,6,2024,2.0,0.5230322
Computación Emergente,2425-3,2,anon_199,6,2024,1.0,2.6642869
Computación Emergente,2425-3,2,anon_200,6,2024,4.0,5.300659
Computación Emergente,2425-3,2,anon_201,6,2024,0.0,1.2361614
Computación Emergente,2425-3,2,anon_202,6,2024,1.0,2.457756
Computación Emergente,2425-3,2,anon_203,6,2024,0.0,0.48797607
Computación Emergente,2425-3,2,anon_204,6,2024,3.0,3.9844735
Computación Emergente,2425-3,2,anon_205,6,2024,0.0,1.2119117
Computación Emergente,2425-3,2,anon_206,6,2024,1.0,1.7883782
Computación Emergente,2425-3,2,anon_207,6,2024,0.0,0.4812225
Computación Emergente,2425-3,2,anon_208,6,2024,1.0,1.7766914
Computación Emergente,2425-3,2,anon_209,6,2024,1.0,1.1932018
Computación Emergente,2425-3,2,anon_210,6,2024,0.0,1.1890364
Computación Emergente,2425-3,2,anon_211,6,2024,0.0,1.1849916
Computación Emergente,2425-3,2,anon_212,6,2024,0.0,0.48881936
Computación Emergente,2425-3,2,anon_213,6,2024,1.0,1.7693939
Computación Emergente,2425-3,2,anon_214,6,2024,0.0,0.49484503
Computación Emergente,2425-3,2,anon_215,6,2024,0.0,0.49827218
Computación Emergente,2425-3,2,anon_216,6,2024,1.0,2.4710677
Computación Emergente,2425-3,2,anon_217,6,2024,0.0,0.505762
Computación Emergente,2425-3,2,anon_218,6,2024,1.0,1.7476287
Computación Emergente,2425-3,2,anon_219,6,2024,2.0,0.5139234
Computación Emergente,2526-1,1,anon_174,6,2024,0.0,1.0516477
Computación Emergente,2526-1,1,anon_205,6,2024,0.0,1.3506937
Computación Emergente,2526-1,1,anon_212,6,2024,1.0,2.5628793
Computación Emergente,2526-1,1,anon_220,6,2024,1.0,3.0187943
Computación Emergente,2526-1,1,anon_221,6,2024,13.0,9.916741
Computación Emergente,2526-1,1,anon_222,6,2024,1.0,2.923412
Computación Emergente,2526-1,1,anon_223,6,2024,3.0,5.1742835
Computación Emergente,2526-1,1,anon_224,6,2024,8.0,8.687034
Computación Emergente,2526-1,1,anon_225,6,2024,1.0,2.732058
Computación Emergente,2526-1,1,anon_226,6,2024,5.0,5.0616283
Computación Emergente,2526-1,1,anon_227,6,2024,4.0,5.1795382
Computación Emergente,2526-1,1,anon_228,6,2024,15.0,12.318936
Computación Emergente,2526-1,1,anon_229,6,2024,1.0,2.7531354
Computación Emergente,2526-1,1,anon_230,6,2024,1.0,2.8675232
Computación Emergente,2526-1,1,anon_231,6,2024,4.0,4.60334
Computación Emergente,2526-1,1,anon_232,6,2024,8.0,9.304175
Computación Emergente,2526-1,1,anon_233,6,2024,0.0,1.3983142
Computación Emergente,2526-1,1,anon_234,6,2024,5.0,7.60814
Computación Emergente,2526-1,1,anon_235,6,2024,13.0,6.764399
Computación Emergente,2526-1,1,anon_236,6,2024,2.0,1.3197066
Computación Emergente,2526-1,1,anon_237,6,2024,13.0,9.494949
Computación Emergente,2526-1,1,anon_238,6,2024,0.0,1.5517011
Computación Emergente,2526-1,1,anon_239,6,2024,1.0,2.387239
Computación Emergente,2526-1,1,anon_240,6,2024,0.0,1.5219147
Computación Emergente,2526-1,1,anon_241,6,2024,0.0,1.247853
Computación Emergente,2526-1,1,anon_242,6,2024,1.0,2.3399496
Computación Emergente,2526-1,1,anon_243,6,2024,0.0,1.2106433
Computación Emergente,2526-1,1,anon_244,6,2024,0.0,1.4495411
Computación Emergente,2526-2,1,anon_174,6,2024,0.0,0.72244394
Computación Emergente,2526-2,1,anon_222,6,2024,0.0,-0.18695605
Computación Emergente,2526-2,1,anon_244,6,2024,0.0,-0.23567629
Computación Emergente,2526-2,1,anon_245,6,2024,1.0,2.6448512
Computación Emergente,2526-2,1,anon_246,6,2024,0.0,-0.17717755
Computación Emergente,2526-2,1,anon_247,6,2024,6.0,5.9158206
Computación Emergente,2526-2,1,anon_248,6,2024,0.0,-0.20698166
Computación Emergente,2526-2,1,anon_249,6,2024,0.0,-0.21710801
Computación Emergente,2526-2,1,anon_250,6,2024,10.0,10.83441
Computación Emergente,2526-2,1,anon_251,6,2024,2.0,4.5476503
Computación Emergente,2526-2,1,anon_252,6,2024,9.0,12.397886
Computación Emergente,2526-2,1,anon_253,6,2024,0.0,-0.25663853
Computación Emergente,2526-2,1,anon_254,6,2024,0.0,0.719422
Computación Emergente,2526-2,1,anon_255,6,2024,0.0,0.7176551
Computación Emergente,2526-2,1,anon_256,6,2024,0.0,-0.28280854
Computación Emergente,2526-2,1,anon_257,6,2024,4.0,5.8211174
Computación Emergente,2526-2,1,anon_258,6,2024,1.0,1.9320743
Computación Emergente,2526-2,1,anon_259,6,2024,0.0,0.7122316
Computación Emergente,2526-2,1,anon_260,6,2024,5.0,6.3853407
Computación Emergente,2526-2,1,anon_261,6,2024,0.0,-0.31237483
Computación Emergente,2526-2,1,anon_262,6,2024,1.0,1.2154344
Computación Emergente,2526-2,1,anon_263,6,2024,0.0,-0.3173797
Computación Emergente,2526-2,1,anon_264,6,2024,0.0,-0.31817853
Computación Emergente,2526-2,1,anon_265,6,2024,1.0,1.1278582
Computación Emergente,2526-2,1,anon_266,6,2024,1.0,2.4873123
Computación Emergente,2526-2,1,anon_267,6,2024,0.0,0.7265064
Computación Emergente,2526-2,1,anon_268,6,2024,1.0,1.161418
Computación Emergente,2526-2,1,anon_269,6,2024,0.0,0.7366224
Computación Emergente,2526-2,1,anon_270,6,2024,0.0,0.7426514
Computación Emergente,2526-2,1,anon_271,6,2024,0.0,-0.28122044
Computación Emergente,2526-2,1,anon_272,6,2024,0.0,0.7565377
Computación Emergente,2526-2,1,anon_273,6,2024,0.0,-0.26044083
Computación Emergente,2526-2,1,anon_274,6,2024,0.0,-0.24852884
Computación Emergente,2526-2,1,anon_275,6,2024,2.0,3.9939141
Computación Emergente,2526-2,1,anon_276,6,2024,3.0,4.2718277
Computación Emergente,2526-2,1,anon_277,6,2024,1.0,1.1883231
Computación Emergente,2526-2,1,anon_278,6,2024,0.0,0.820315
Computación Emergente,2526-2,1,anon_279,6,2024,12.0,8.786762
Computación Emergente,2526-2,1,anon_280,6,2024,1.0,2.3047152
Computación Emergente,2526-2,1,anon_281,6,2024,3.0,2.0826833
Computación Emergente,2526-2,1,anon_282,6,2024,0.0,0.8627784
Computación Emergente,2526-3,1,anon_174,6,2024,0.0,-0.033701777
Computación Emergente,2526-3,1,anon_283,6,2024,3.0,2.5811734
Computación Emergente,2526-3,1,anon_284,6,2024,21.0,15.285975
Computación Emergente,2526-3,1,anon_285,6,2024,30.0,16.917286
Computación Emergente,2526-3,1,anon_286,6,2024,18.0,12.958961
Computación Emergente,2526-3,1,anon_287,6,2024,23.0,19.637558
Computación Emergente,2526-3,1,anon_288,6,2024,24.0,14.112121
Computación Emergente,2526-3,1,anon_289,6,2024,0.0,-0.019914687
Computación Emergente,2526-3,1,anon_290,6,2024,5.0,6.6625433
Computación Emergente,2526-3,1,anon_291,6,2024,0.0,-0.0036355853
Computación Emergente,2526-3,1,anon_292,6,2024,6.0,7.7744637
Computación Emergente,2526-3,1,anon_293,6,2024,0.0,-0.12654716
Computación Emergente,2526-3,1,anon_294,6,2024,0.0,-0.12329143
Computación Emergente,2526-3,1,anon_295,6,2024,3.0,0.05880761
Computación Emergente,2526-3,1,anon_296,6,2024,0.0,-0.11393452
Computación Emergente,2526-3,1,anon_297,6,2024,16.0,14.259868
Computación Emergente,2526-3,1,anon_298,6,2024,6.0,7.8850546
Computación Emergente,2526-3,1,anon_299,6,2024,0.0,-0.09227735
Computación Emergente,2526-3,1,anon_300,6,2024,27.0,19.208546
Computación Emergente,2526-3,1,anon_301,6,2024,12.0,8.252167
Computación Emergente,2526-3,1,anon_302,6,2024,0.0,-0.116918325
Computación Emergente,2526-3,1,anon_303,6,2024,9.0,10.347154
Computación Emergente,2526-3,1,anon_304,6,2024,0.0,0.32639176
Computación Emergente,2526-3,1,anon_305,6,2024,12.0,15.770015
Computación Emergente,2526-3,1,anon_306,6,2024,11.0,7.612152
Computación Emergente,2526-3,1,anon_307,6,2024,0.0,0.035425603
Computación Emergente,2526-3,1,anon_308,6,2024,9.0,11.1008625
Computación Emergente,2526-3,1,anon_309,6,2024,2.0,0.077858806
Computación Emergente,2526-3,1,anon_310,6,2024,8.0,12.77418
Computación Emergente,2526-3,1,anon_311,6,2024,0.0,0.12562913
Computación Emergente,2526-3,1,anon_312,6,2024,7.0,7.949766
Computación Emergente,2526-3,1,anon_313,6,2024,1.0,1.7079566
Computación Emergente,2526-3,1,anon_314,6,2024,1.0,1.1471646
Computación Emergente,2526-3,1,anon_315,6,2024,1.0,1.7038984
Computación Emergente,2526-3,1,anon_316,6,2024,11.0,12.173133
Computación Emergente,2526-3,1,anon_317,6,2024,0.0,0.96009094
Computación Emergente,2526-3,1,anon_318,6,2024,0.0,-0.016519368
Computación Emergente,2526-3,1,anon_319,6,2024,22.0,10.110622
Computación Emergente,2526-3,1,anon_320,6,2024,3.0,1.2901255
Computación Emergente,2526-3,1,anon_321,6,2024,3.0,5.63295
Computación Emergente,2425-3,1,anon_148,8,2024,1.0,1.613545
Computación Emergente,2425-3,1,anon_149,8,2024,5.0,2.7215579
Computación Emergente,2425-3,1,anon_150,8,2024,4.0,1.5961096
Computación Emergente,2425-3,1,anon_151,8,2024,1.0,1.3514063
Computación Emergente,2425-3,1,anon_152,8,2024,4.0,1.3612971
Computación Emergente,2425-3,1,anon_153,8,2024,0.0,0.2057007
Computación Emergente,2425-3,1,anon_154,8,2024,0.0,0.18649286
Computación Emergente,2425-3,1,anon_155,8,2024,5.0,2.7609024
Computación Emergente,2425-3,1,anon_156,8,2024,0.0,0.4044873
Computación Emergente,2425-3,1,anon_157,8,2024,2.0,0.39830557
Computación Emergente,2425-3,1,anon_158,8,2024,0.0,0.3926765
Computación Emergente,2425-3,1,anon_159,8,2024,1.0,1.533885
Computación Emergente,2425-3,1,anon_160,8,2024,1.0,1.2210789
Computación Emergente,2425-3,1,anon_161,8,2024,0.0,0.08276445
Computación Emergente,2425-3,1,anon_162,8,2024,0.0,0.69894063
Computación Emergente,2425-3,1,anon_163,8,2024,0.0,0.6990056
Computación Emergente,2425-3,1,anon_164,8,2024,5.0,5.0223827
Computación Emergente,2425-3,1,anon_165,8,2024,6.0,3.8226109
Computación Emergente,2425-3,1,anon_166,8,2024,2.0,1.4739306
Computación Emergente,2425-3,1,anon_167,8,2024,0.0,0.6957237
Computación Emergente,2425-3,1,anon_168,8,2024,5.0,4.10462
Computación Emergente,2425-3,1,anon_169,8,2024,0.0,0.36374807
Computación Emergente,2425-3,1,anon_170,8,2024,0.0,0.6895844
Computación Emergente,2425-3,1,anon_171,8,2024,3.0,2.672449
Computación Emergente,2425-3,1,anon_172,8,2024,0.0,0.36331427
Computación Emergente,2425-3,1,anon_173,8,2024,6.0,4.9341836
Computación Emergente,2425-3,1,anon_174,8,2024,6.0,4.0521126
Computación Emergente,2425-3,1,anon_175,8,2024,0.0,0.03084296
Computación Emergente,2425-3,1,anon_176,8,2024,6.0,4.9052505
Computación Emergente,2425-3,1,anon_177,8,2024,3.0,0.036231577
Computación Emergente,2425-3,1,anon_178,8,2024,3.0,2.8646247
Computación Emergente,2425-3,1,anon_179,8,2024,0.0,0.36639795
Computación Emergente,2425-3,1,anon_180,8,2024,0.0,0.36695093
Computación Emergente,2425-3,1,anon_181,8,2024,3.0,0.36748627
Computación Emergente,2425-3,1,anon_182,8,2024,4.0,1.4538829
Computación Emergente,2425-3,1,anon_183,8,2024,7.0,4.8394246
Computación Emergente,2425-3,1,anon_184,8,2024,1.0,1.1541765
Computación Emergente,2425-3,1,anon_185,8,2024,0.0,0.07456797
Computación Emergente,2425-3,2,anon_185,8,2024,0.0,0.21663141
Computación Emergente,2425-3,2,anon_186,8,2024,0.0,0.4370345
Computación Emergente,2425-3,2,anon_187,8,2024,7.0,6.797654
Computación Emergente,2425-3,2,anon_188,8,2024,0.0,0.39072835
Computación Emergente,2425-3,2,anon_189,8,2024,2.0,2.9098687
Computación Emergente,2425-3,2,anon_190,8,2024,0.0,0.3487554
Computación Emergente,2425-3,2,anon_191,8,2024,0.0,0.32972354
Computación Emergente,2425-3,2,anon_192,8,2024,5.0,3.7985654
Computación Emergente,2425-3,2,anon_193,8,2024,0.0,0.6113806
Computación Emergente,2425-3,2,anon_194,8,2024,1.0,0.2814038
Computación Emergente,2425-3,2,anon_195,8,2024,0.0,0.2683267
Computación Emergente,2425-3,2,anon_196,8,2024,1.0,1.375653
Computación Emergente,2425-3,2,anon_197,8,2024,0.0,0.24663144
Computación Emergente,2425-3,2,anon_198,8,2024,2.0,1.3263952
Computación Emergente,2425-3,2,anon_199,8,2024,1.0,1.7343829
Computación Emergente,2425-3,2,anon_200,8,2024,4.0,4.0637712
Computación Emergente,2425-3,2,anon_201,8,2024,0.0,0.5534649
Computación Emergente,2425-3,2,anon_202,8,2024,1.0,1.696944
Computación Emergente,2425-3,2,anon_203,8,2024,0.0,0.21210414
Computación Emergente,2425-3,2,anon_204,8,2024,3.0,2.8476546
Computación Emergente,2425-3,2,anon_205,8,2024,0.0,0.5324961
Computación Emergente,2425-3,2,anon_206,8,2024,1.0,1.3360827
Computación Emergente,2425-3,2,anon_207,8,2024,0.0,0.20666248
Computación Emergente,2425-3,2,anon_208,8,2024,1.0,1.329572
Computación Emergente,2425-3,2,anon_209,8,2024,1.0,1.603604
Computación Emergente,2425-3,2,anon_210,8,2024,0.0,0.50706613
Computación Emergente,2425-3,2,anon_211,8,2024,0.0,0.50166106
Computación Emergente,2425-3,2,anon_212,8,2024,0.0,0.20900124
Computación Emergente,2425-3,2,anon_213,8,2024,1.0,1.3151839
Computación Emergente,2425-3,2,anon_214,8,2024,0.0,0.21102333
Computación Emergente,2425-3,2,anon_215,8,2024,0.0,0.21207672
Computación Emergente,2425-3,2,anon_216,8,2024,1.0,1.5908511
Computación Emergente,2425-3,2,anon_217,8,2024,0.0,0.21410668
Computación Emergente,2425-3,2,anon_218,8,2024,1.0,1.3106112
Computación Emergente,2425-3,2,anon_219,8,2024,2.0,1.2734787
Computación Emergente,2526-1,1,anon_174,8,2024,0.0,-0.19880891
Computación Emergente,2526-1,1,anon_205,8,2024,0.0,-0.07383597
Computación Emergente,2526-1,1,anon_212,8,2024,1.0,1.1043248
Computación Emergente,2526-1,1,anon_220,8,2024,1.0,1.2167175
Computación Emergente,2526-1,1,anon_221,8,2024,13.0,10.7839365
Computación Emergente,2526-1,1,anon_222,8,2024,1.0,1.2238166
Computación Emergente,2526-1,1,anon_223,8,2024,3.0,3.3926601
Computación Emergente,2526-1,1,anon_224,8,2024,8.0,7.450266
Computación Emergente,2526-1,1,anon_225,8,2024,1.0,1.0725513
Computación Emergente,2526-1,1,anon_226,8,2024,5.0,4.418051
Computación Emergente,2526-1,1,anon_227,8,2024,4.0,4.4525003
Computación Emergente,2526-1,1,anon_228,8,2024,15.0,12.973825
Computación Emergente,2526-1,1,anon_229,8,2024,1.0,1.204756
Computación Emergente,2526-1,1,anon_230,8,2024,1.0,1.1976726
Computación Emergente,2526-1,1,anon_231,8,2024,4.0,4.004401
Computación Emergente,2526-1,1,anon_232,8,2024,8.0,8.259085
Computación Emergente,2526-1,1,anon_233,8,2024,0.0,-0.04637289
Computación Emergente,2526-1,1,anon_234,8,2024,5.0,5.6443014
Computación Emergente,2526-1,1,anon_235,8,2024,13.0,10.419524
Computación Emergente,2526-1,1,anon_236,8,2024,2.0,0.931333
Computación Emergente,2526-1,1,anon_237,8,2024,13.0,10.545227
Computación Emergente,2526-1,1,anon_238,8,2024,0.0,0.0921132
Computación Emergente,2526-1,1,anon_239,8,2024,1.0,0.9257528
Computación Emergente,2526-1,1,anon_240,8,2024,0.0,0.07863045
Computación Emergente,2526-1,1,anon_241,8,2024,0.0,-0.13189882
Computación Emergente,2526-1,1,anon_242,8,2024,1.0,0.9018369
Computación Emergente,2526-1,1,anon_243,8,2024,0.0,-0.15200889
Computación Emergente,2526-1,1,anon_244,8,2024,0.0,0.04491663
Computación Emergente,2526-2,1,anon_174,8,2024,0.0,-0.16888171
Computación Emergente,2526-2,1,anon_222,8,2024,0.0,-0.38013536
Computación Emergente,2526-2,1,anon_244,8,2024,0.0,-0.13258427
Computación Emergente,2526-2,1,anon_245,8,2024,1.0,0.6654094
Computación Emergente,2526-2,1,anon_246,8,2024,0.0,-0.37992913
Computación Emergente,2526-2,1,anon_247,8,2024,6.0,5.1108603
Computación Emergente,2526-2,1,anon_248,8,2024,0.0,-0.3793984
Computación Emergente,2526-2,1,anon_249,8,2024,0.0,-0.3783899
Computación Emergente,2526-2,1,anon_250,8,2024,10.0,8.0423355
Computación Emergente,2526-2,1,anon_251,8,2024,2.0,1.83905
Computación Emergente,2526-2,1,anon_252,8,2024,9.0,9.588686
Computación Emergente,2526-2,1,anon_253,8,2024,0.0,-0.36931866
Computación Emergente,2526-2,1,anon_254,8,2024,0.0,-0.35789675
Computación Emergente,2526-2,1,anon_255,8,2024,0.0,-0.3476109
Computación Emergente,2526-2,1,anon_256,8,2024,0.0,-0.35641032
Computación Emergente,2526-2,1,anon_257,8,2024,4.0,3.0254118
Computación Emergente,2526-2,1,anon_258,8,2024,1.0,0.7678271
Computación Emergente,2526-2,1,anon_259,8,2024,0.0,-0.2993719
Computación Emergente,2526-2,1,anon_260,8,2024,5.0,4.1074705
Computación Emergente,2526-2,1,anon_261,8,2024,0.0,-0.3218351
Computación Emergente,2526-2,1,anon_262,8,2024,1.0,0.7609994
Computación Emergente,2526-2,1,anon_263,8,2024,0.0,-0.3033958
Computación Emergente,2526-2,1,anon_264,8,2024,0.0,-0.29323465
Computación Emergente,2526-2,1,anon_265,8,2024,1.0,0.7898119
Computación Emergente,2526-2,1,anon_266,8,2024,1.0,0.9173275
Computación Emergente,2526-2,1,anon_267,8,2024,0.0,-0.14956492
Computación Emergente,2526-2,1,anon_268,8,2024,1.0,0.83879906
Computación Emergente,2526-2,1,anon_269,8,2024,0.0,-0.1091336
Computación Emergente,2526-2,1,anon_270,8,2024,0.0,-0.08807081
Computación Emergente,2526-2,1,anon_271,8,2024,0.0,-0.19263643
Computación Emergente,2526-2,1,anon_272,8,2024,0.0,-0.044396996
Computación Emergente,2526-2,1,anon_273,8,2024,0.0,-0.16321999
Computación Emergente,2526-2,1,anon_274,8,2024,0.0,-0.14804012
Computación Emergente,2526-2,1,anon_275,8,2024,2.0,2.3100612
Computación Emergente,2526-2,1,anon_276,8,2024,3.0,3.1772947
Computación Emergente,2526-2,1,anon_277,8,2024,1.0,0.9893554
Computación Emergente,2526-2,1,anon_278,8,2024,0.0,0.12098342
Computación Emergente,2526-2,1,anon_279,8,2024,12.0,10.109533
Computación Emergente,2526-2,1,anon_280,8,2024,1.0,1.2995441
Computación Emergente,2526-2,1,anon_281,8,2024,3.0,3.8260422
Computación Emergente,2526-2,1,anon_282,8,2024,0.0,0.22032094
Computación Emergente,2526-3,1,anon_174,8,2024,0.0,-0.017022073
Computación Emergente,2526-3,1,anon_283,8,2024,3.0,3.6188426
Computación Emergente,2526-3,1,anon_284,8,2024,21.0,17.682255
Computación Emergente,2526-3,1,anon_285,8,2024,30.0,24.272017
Computación Emergente,2526-3,1,anon_286,8,2024,18.0,17.643435
Computación Emergente,2526-3,1,anon_287,8,2024,23.0,22.512611
Computación Emergente,2526-3,1,anon_288,8,2024,24.0,18.872969
Computación Emergente,2526-3,1,anon_289,8,2024,0.0,-0.08583695
Computación Emergente,2526-3,1,anon_290,8,2024,5.0,6.17006
Computación Emergente,2526-3,1,anon_291,8,2024,0.0,0.0332067
Computación Emergente,2526-3,1,anon_292,8,2024,6.0,7.7677712
Computación Emergente,2526-3,1,anon_293,8,2024,0.0,-0.07864374
Computación Emergente,2526-3,1,anon_294,8,2024,0.0,-0.07548845
Computación Emergente,2526-3,1,anon_295,8,2024,3.0,2.200037
Computación Emergente,2526-3,1,anon_296,8,2024,0.0,-0.0677501
Computación Emergente,2526-3,1,anon_297,8,2024,16.0,16.833216
Computación Emergente,2526-3,1,anon_298,8,2024,6.0,7.745497
Computación Emergente,2526-3,1,anon_299,8,2024,0.0,-0.052456737
Computación Emergente,2526-3,1,anon_300,8,2024,27.0,21.565893
Computación Emergente,2526-3,1,anon_301,8,2024,12.0,9.872536
Computación Emergente,2526-3,1,anon_302,8,2024,0.0,-0.114464104
Computación Emergente,2526-3,1,anon_303,8,2024,9.0,11.377439
Computación Emergente,2526-3,1,anon_304,8,2024,0.0,0.15478128
Computación Emergente,2526-3,1,anon_305,8,2024,12.0,14.815745
Computación Emergente,2526-3,1,anon_306,8,2024,11.0,10.009699
Computación Emergente,2526-3,1,anon_307,8,2024,0.0,0.019801915
Computación Emergente,2526-3,1,anon_308,8,2024,9.0,11.315165
Computación Emergente,2526-3,1,anon_309,8,2024,2.0,2.1829038
Computación Emergente,2526-3,1,anon_310,8,2024,8.0,10.183
Computación Emergente,2526-3,1,anon_311,8,2024,0.0,0.06304023
Computación Emergente,2526-3,1,anon_312,8,2024,7.0,7.7864814
Computación Emergente,2526-3,1,anon_313,8,2024,1.0,1.3084583
Computación Emergente,2526-3,1,anon_314,8,2024,1.0,1.1072841
Computación Emergente,2526-3,1,anon_315,8,2024,1.0,1.326453
Computación Emergente,2526-3,1,anon_316,8,2024,11.0,11.348458
Computación Emergente,2526-3,1,anon_317,8,2024,0.0,0.32903558
Computación Emergente,2526-3,1,anon_318,8,2024,0.0,-0.017933846
Computación Emergente,2526-3,1,anon_319,8,2024,22.0,16.498693
Computación Emergente,2526-3,1,anon_320,8,2024,3.0,2.2388864
Computación Emergente,2526-3,1,anon_321,8,2024,3.0,3.9868753
Estructura de Datos,2425-3,2,anon_011,4,2024,0.0,1.4427197
Estructura de Datos,2425-3,2,anon_037,4,2024,3.0,6.477105
Estructura de Datos,2425-3,2,anon_050,4,2024,1.0,3.3312502
Estructura de Datos,2425-3,2,anon_052,4,2024,7.0,10.637384
Estructura de Datos,2425-3,2,anon_055,4,2024,1.0,3.5144763
Estructura de Datos,2425-3,2,anon_301,4,2024,15.0,14.124878
Estructura de Datos,2425-3,2,anon_322,4,2024,36.0,10.318148
Estructura de Datos,2425-3,2,anon_323,4,2024,27.0,11.665506
Estructura de Datos,2425-3,2,anon_324,4,2024,0.0,1.0897216
Estructura de Datos,2425-3,2,anon_325,4,2024,3.0,6.7884426
Estructura de Datos,2425-3,2,anon_326,4,2024,0.0,1.3473778
Estructura de Datos,2425-3,2,anon_327,4,2024,11.0,7.6393514
Estructura de Datos,2425-3,2,anon_328,4,2024,18.0,12.684208
Estructura de Datos,2425-3,2,anon_329,4,2024,21.0,18.203466
Estructura de Datos,2425-3,2,anon_330,4,2024,13.0,18.83135
Estructura de Datos,2425-3,2,anon_331,4,2024,0.0,1.276231
Estructura de Datos,2425-3,2,anon_332,4,2024,0.0,1.2334616
Estructura de Datos,2425-3,2,anon_333,4,2024,2.0,2.7389047
Estructura de Datos,2425-3,2,anon_334,4,2024,3.0,3.261652
Estructura de Datos,2425-3,2,anon_335,4,2024,1.0,1.309473
Estructura de Datos,2425-3,2,anon_336,4,2024,3.0,6.5365186
Estructura de Datos,2425-3,2,anon_337,4,2024,2.0,4.6238146
Estructura de Datos,2425-3,2,anon_338,4,2024,0.0,1.4369282
Estructura de Datos,2425-3,2,anon_339,4,2024,2.0,3.3013697
Estructura de Datos,2425-3,2,anon_340,4,2024,0.0,1.635215
Estructura de Datos,2425-3,2,anon_341,4,2024,0.0,1.4979035
Estructura de Datos,2425-3,2,anon_342,4,2024,1.0,1.4608651
Estructura de Datos,2425-3,2,anon_343,4,2024,4.0,6.5470357
Estructura de Datos,2425-3,2,anon_344,4,2024,0.0,1.5869617
Estructura de Datos,2425-3,2,anon_345,4,2024,7.0,4.960593
Estructura de Datos,2526-1,2,anon_012,4,2024,0.0,1.6895591
Estructura de Datos,2526-1,2,anon_060,4,2024,2.0,2.0040517
Estructura de Datos,2526-1,2,anon_324,4,2024,0.0,1.6145636
Estructura de Datos,2526-1,2,anon_333,4,2024,0.0,0.49654222
Estructura de Datos,2526-1,2,anon_336,4,2024,21.0,3.9701982
Estructura de Datos,2526-1,2,anon_342,4,2024,4.0,5.3891582
Estructura de Datos,2526-1,2,anon_346,4,2024,0.0,3.2170968
Estructura de Datos,2526-1,2,anon_347,4,2024,1.0,2.8592615
Estructura de Datos,2526-1,2,anon_348,4,2024,0.0,2.718824
Estructura de Datos,2526-1,2,anon_349,4,2024,0.0,2.7844458
Estructura de Datos,2526-1,2,anon_350,4,2024,3.0,4.300496
Estructura de Datos,2526-1,2,anon_351,4,2024,6.0,2.171383
Estructura de Datos,2526-1,2,anon_352,4,2024,0.0,0.9095864
Estructura de Datos,2526-1,2,anon_353,4,2024,2.0,5.5151806
Estructura de Datos,2526-1,2,anon_354,4,2024,0.0,1.7992153
Estructura de Datos,2526-1,2,anon_355,4,2024,0.0,1.6862366
Estructura de Datos,2526-1,2,anon_356,4,2024,0.0,1.5796236
Estructura de Datos,2526-1,2,anon_357,4,2024,0.0,1.0362604
Estructura de Datos,2526-1,2,anon_358,4,2024,5.0,4.566765
Estructura de Datos,2526-1,2,anon_359,4,2024,0.0,0.8359723
Estructura de Datos,2526-1,2,anon_360,4,2024,0.0,1.0252404
Estructura de Datos,2526-1,2,anon_361,4,2024,0.0,0.73208785
Estructura de Datos,2526-1,2,anon_362,4,2024,0.0,0.45306563
Estructura de Datos,2526-1,2,anon_363,4,2024,1.0,2.5568786
Estructura de Datos,2526-1,2,anon_364,4,2024,23.0,5.158911
Estructura de Datos,2526-1,2,anon_365,4,2024,0.0,0.56547165
Estructura de Datos,2526-1,2,anon_366,4,2024,6.0,5.5375032
Estructura de Datos,2526-1,2,anon_367,4,2024,14.0,5.3148737
Estructura de Datos,2526-1,2,anon_368,4,2024,2.0,3.8101249
Estructura de Datos,2526-1,2,anon_369,4,2024,2.0,2.3966737
Estructura de Datos,2526-2,2,anon_031,4,2024,3.0,5.938092
Estructura de Datos,2526-2,2,anon_064,4,2024,0.0,2.370491
Estructura de Datos,2526-2,2,anon_067,4,2024,7.0,4.504938
Estructura de Datos,2526-2,2,anon_077,4,2024,0.0,2.492077
Estructura de Datos,2526-2,2,anon_080,4,2024,14.0,7.9356875
Estructura de Datos,2526-2,2,anon_087,4,2024,0.0,2.5355215
Estructura de Datos,2526-2,2,anon_205,4,2024,0.0,3.0946085
Estructura de Datos,2526-2,2,anon_347,4,2024,9.0,6.0054917
Estructura de Datos,2526-2,2,anon_355,4,2024,0.0,2.6497793
Estructura de Datos,2526-2,2,anon_360,4,2024,0.0,2.6823313
Estructura de Datos,2526-2,2,anon_370,4,2024,44.0,29.441988
Estructura de Datos,2526-2,2,anon_371,4,2024,9.0,2.3990002
Estructura de Datos,2526-2,2,anon_372,4,2024,4.0,3.0732002
Estructura de Datos,2526-2,2,anon_373,4,2024,2.0,2.639657
Estructura de Datos,2526-2,2,anon_374,4,2024,9.0,2.4442925
Estructura de Datos,2526-2,2,anon_375,4,2024,0.0,2.480269
Estructura de Datos,2526-2,2,anon_376,4,2024,3.0,5.679924
Estructura de Datos,2526-2,2,anon_377,4,2024,8.0,2.7380319
Estructura de Datos,2526-3,2,anon_004,4,2024,7.0,0.80145645
Estructura de Datos,2526-3,2,anon_007,4,2024,0.0,0.70772886
Estructura de Datos,2526-3,2,anon_081,4,2024,2.0,5.905326
Estructura de Datos,2526-3,2,anon_087,4,2024,2.0,4.2404103
Estructura de Datos,2526-3,2,anon_324,4,2024,0.0,0.8188379
Estructura de Datos,2526-3,2,anon_326,4,2024,12.0,5.21935
Estructura de Datos,2526-3,2,anon_339,4,2024,0.0,0.24201965
Estructura de Datos,2526-3,2,anon_341,4,2024,0.0,0.0011107922
Estructura de Datos,2526-3,2,anon_349,4,2024,6.0,9.358626
Estructura de Datos,2526-3,2,anon_356,4,2024,0.0,0.32489443
Estructura de Datos,2526-3,2,anon_362,4,2024,15.0,11.929806
Estructura de Datos,2526-3,2,anon_363,4,2024,11.0,1.8660097
Estructura de Datos,2526-3,2,anon_365,4,2024,24.0,17.46968
Estructura de Datos,2526-3,2,anon_372,4,2024,10.0,10.437907
Estructura de Datos,2526-3,2,anon_375,4,2024,4.0,8.825384
Estructura de Datos,2526-3,2,anon_378,4,2024,2.0,3.6500282
Estructura de Datos,2526-3,2,anon_379,4,2024,19.0,20.766693
Estructura de Datos,2526-3,2,anon_380,4,2024,3.0,0.70029235
Estructura de Datos,2526-3,2,anon_381,4,2024,4.0,8.411188
Estructura de Datos,2526-3,2,anon_382,4,2024,2.0,4.841767
Estructura de Datos,2526-3,2,anon_383,4,2024,3.0,4.781804
Estructura de Datos,2526-3,2,anon_384,4,2024,2.0,1.54104
Estructura de Datos,2526-3,2,anon_385,4,2024,0.0,0.08113241
Estructura de Datos,2526-3,2,anon_386,4,2024,2.0,5.288323
Estructura de Datos,2526-3,2,anon_387,4,2024,4.0,9.639372
Estructura de Datos,2526-3,2,anon_388,4,2024,10.0,12.070666
Estructura de Datos,2526-3,2,anon_389,4,2024,0.0,-0.037616253
Estructura de Datos,2526-3,2,anon_390,4,2024,0.0,0.31610155
Estructura de Datos,2526-3,2,anon_391,4,2024,1.0,3.0184484
Estructura de Datos,2526-3,2,anon_392,4,2024,0.0,0.48817205
Estructura de Datos,2425-3,2,anon_011,6,2024,0.0,1.0823331
Estructura de Datos,2425-3,2,anon_037,6,2024,3.0,5.2331443
Estructura de Datos,2425-3,2,anon_050,6,2024,1.0,2.377353
Estructura de Datos,2425-3,2,anon_052,6,2024,7.0,9.815128
Estructura de Datos,2425-3,2,anon_055,6,2024,1.0,2.6269007
Estructura de Datos,2425-3,2,anon_301,6,2024,15.0,14.62164
Estructura de Datos,2425-3,2,anon_322,6,2024,36.0,14.352519
Estructura de Datos,2425-3,2,anon_323,6,2024,27.0,14.453285
Estructura de Datos,2425-3,2,anon_324,6,2024,0.0,0.5651171
Estructura de Datos,2425-3,2,anon_325,6,2024,3.0,5.0424666
Estructura de Datos,2425-3,2,anon_326,6,2024,0.0,1.0833762
Estructura de Datos,2425-3,2,anon_327,6,2024,11.0,7.5922556
Estructura de Datos,2425-3,2,anon_328,6,2024,18.0,11.430232
Estructura de Datos,2425-3,2,anon_329,6,2024,21.0,19.229843
Estructura de Datos,2425-3,2,anon_330,6,2024,13.0,17.1406
Estructura de Datos,2425-3,2,anon_331,6,2024,0.0,0.78805816
Estructura de Datos,2425-3,2,anon_332,6,2024,0.0,0.5295259
Estructura de Datos,2425-3,2,anon_333,6,2024,2.0,1.6162907
Estructura de Datos,2425-3,2,anon_334,6,2024,3.0,2.3887768
Estructura de Datos,2425-3,2,anon_335,6,2024,1.0,1.5402254
Estructura de Datos,2425-3,2,anon_336,6,2024,3.0,5.1686077
Estructura de Datos,2425-3,2,anon_337,6,2024,2.0,3.2018428
Estructura de Datos,2425-3,2,anon_338,6,2024,0.0,0.81657326
Estructura de Datos,2425-3,2,anon_339,6,2024,2.0,2.377219
Estructura de Datos,2425-3,2,anon_340,6,2024,0.0,1.1036975
Estructura de Datos,2425-3,2,anon_341,6,2024,0.0,0.8415092
Estructura de Datos,2425-3,2,anon_342,6,2024,1.0,0.6361023
Estructura de Datos,2425-3,2,anon_343,6,2024,4.0,4.891443
Estructura de Datos,2425-3,2,anon_344,6,2024,0.0,0.5577805
Estructura de Datos,2425-3,2,anon_345,6,2024,7.0,6.91296
Estructura de Datos,2526-1,2,anon_012,6,2024,0.0,1.7377627
Estructura de Datos,2526-1,2,anon_060,6,2024,2.0,3.2814028
Estructura de Datos,2526-1,2,anon_324,6,2024,0.0,0.860914
Estructura de Datos,2526-1,2,anon_333,6,2024,0.0,0.06003952
Estructura de Datos,2526-1,2,anon_336,6,2024,21.0,5.2649307
Estructura de Datos,2526-1,2,anon_342,6,2024,4.0,5.306202
Estructura de Datos,2526-1,2,anon_346,6,2024,0.0,2.4040737
Estructura de Datos,2526-1,2,anon_347,6,2024,1.0,1.9932964
Estructura de Datos,2526-1,2,anon_348,6,2024,0.0,1.9351695
Estructura de Datos,2526-1,2,anon_349,6,2024,0.0,2.2442935
Estructura de Datos,2526-1,2,anon_350,6,2024,3.0,2.76399
Estructura de Datos,2526-1,2,anon_351,6,2024,6.0,1.6940019
Estructura de Datos,2526-1,2,anon_352,6,2024,0.0,0.2904067
Estructura de Datos,2526-1,2,anon_353,6,2024,2.0,4.684494
Estructura de Datos,2526-1,2,anon_354,6,2024,0.0,1.517441
Estructura de Datos,2526-1,2,anon_355,6,2024,0.0,1.46196
Estructura de Datos,2526-1,2,anon_356,6,2024,0.0,1.4088544
Estructura de Datos,2526-1,2,anon_357,6,2024,0.0,0.83291304
Estructura de Datos,2526-1,2,anon_358,6,2024,5.0,7.5858707
Estructura de Datos,2526-1,2,anon_359,6,2024,0.0,0.7434093
Estructura de Datos,2526-1,2,anon_360,6,2024,0.0,1.1238968
Estructura de Datos,2526-1,2,anon_361,6,2024,0.0,0.7019366
Estructura de Datos,2526-1,2,anon_362,6,2024,0.0,0.3102821
Estructura de Datos,2526-1,2,anon_363,6,2024,1.0,2.3446493
Estructura de Datos,2526-1,2,anon_364,6,2024,23.0,13.104551
Estructura de Datos,2526-1,2,anon_365,6,2024,0.0,0.65353966
Estructura de Datos,2526-1,2,anon_366,6,2024,6.0,8.266605
Estructura de Datos,2526-1,2,anon_367,6,2024,14.0,11.726868
Estructura de Datos,2526-1,2,anon_368,6,2024,2.0,3.453822
Estructura de Datos,2526-1,2,anon_369,6,2024,2.0,2.5046892
Estructura de Datos,2526-2,2,anon_031,6,2024,3.0,5.829743
Estructura de Datos,2526-2,2,anon_064,6,2024,0.0,2.4180005
Estructura de Datos,2526-2,2,anon_067,6,2024,7.0,5.510981
Estructura de Datos,2526-2,2,anon_077,6,2024,0.0,2.3948736
Estructura de Datos,2526-2,2,anon_080,6,2024,14.0,11.630707
Estructura de Datos,2526-2,2,anon_087,6,2024,0.0,2.3868384
Estructura de Datos,2526-2,2,anon_205,6,2024,0.0,2.980001
Estructura de Datos,2526-2,2,anon_347,6,2024,9.0,9.885937
Estructura de Datos,2526-2,2,anon_355,6,2024,0.0,2.6092432
Estructura de Datos,2526-2,2,anon_360,6,2024,0.0,2.6029701
Estructura de Datos,2526-2,2,anon_370,6,2024,44.0,35.23886
Estructura de Datos,2526-2,2,anon_371,6,2024,9.0,6.5238013
Estructura de Datos,2526-2,2,anon_372,6,2024,4.0,7.0069103
Estructura de Datos,2526-2,2,anon_373,6,2024,2.0,2.6117957
Estructura de Datos,2526-2,2,anon_374,6,2024,9.0,2.4004817
Estructura de Datos,2526-2,2,anon_375,6,2024,0.0,2.396321
Estructura de Datos,2526-2,2,anon_376,6,2024,3.0,5.483075
Estructura de Datos,2526-2,2,anon_377,6,2024,8.0,4.592681
Estructura de Datos,2526-3,2,anon_004,6,2024,7.0,4.5753174
Estructura de Datos,2526-3,2,anon_007,6,2024,0.0,0.55493474
Estructura de Datos,2526-3,2,anon_081,6,2024,2.0,3.3131654
Estructura de Datos,2526-3,2,anon_087,6,2024,2.0,3.2604444
Estructura de Datos,2526-3,2,anon_324,6,2024,0.0,0.45120847
Estructura de Datos,2526-3,2,anon_326,6,2024,12.0,9.127483
Estructura de Datos,2526-3,2,anon_339,6,2024,0.0,0.124382496
Estructura de Datos,2526-3,2,anon_341,6,2024,0.0,-0.020419598
Estructura de Datos,2526-3,2,anon_349,6,2024,6.0,12.201338
Estructura de Datos,2526-3,2,anon_356,6,2024,0.0,0.23718894
Estructura de Datos,2526-3,2,anon_362,6,2024,15.0,13.368
Estructura de Datos,2526-3,2,anon_363,6,2024,11.0,6.073492
Estructura de Datos,2526-3,2,anon_365,6,2024,24.0,19.588766
Estructura de Datos,2526-3,2,anon_372,6,2024,10.0,16.969187
Estructura de Datos,2526-3,2,anon_375,6,2024,4.0,7.449944
Estructura de Datos,2526-3,2,anon_378,6,2024,2.0,4.2082043
Estructura de Datos,2526-3,2,anon_379,6,2024,19.0,23.35529
Estructura de Datos,2526-3,2,anon_380,6,2024,3.0,0.5393653
Estructura de Datos,2526-3,2,anon_381,6,2024,4.0,8.578989
Estructura de Datos,2526-3,2,anon_382,6,2024,2.0,4.164275
Estructura de Datos,2526-3,2,anon_383,6,2024,3.0,5.8303347
Estructura de Datos,2526-3,2,anon_384,6,2024,2.0,1.0488609
Estructura de Datos,2526-3,2,anon_385,6,2024,0.0,0.065570354
Estructura de Datos,2526-3,2,anon_386,6,2024,2.0,3.962306
Estructura de Datos,2526-3,2,anon_387,6,2024,4.0,7.0753956
Estructura de Datos,2526-3,2,anon_388,6,2024,10.0,10.519732
Estructura de Datos,2526-3,2,anon_389,6,2024,0.0,0.010391235
Estructura de Datos,2526-3,2,anon_390,6,2024,0.0,0.073722124
Estructura de Datos,2526-3,2,anon_391,6,2024,1.0,1.4219668
Estructura de Datos,2526-3,2,anon_392,6,2024,0.0,0.013453245
Estructura de Datos,2425-3,2,anon_011,8,2024,0.0,0.94380337
Estructura de Datos,2425-3,2,anon_037,8,2024,3.0,4.679489
Estructura de Datos,2425-3,2,anon_050,8,2024,1.0,2.0803993
Estructura de Datos,2425-3,2,anon_052,8,2024,7.0,9.089607
Estructura de Datos,2425-3,2,anon_055,8,2024,1.0,2.3280392
Estructura de Datos,2425-3,2,anon_301,8,2024,15.0,14.562649
Estructura de Datos,2425-3,2,anon_322,8,2024,36.0,17.685205
Estructura de Datos,2425-3,2,anon_323,8,2024,27.0,16.644594
Estructura de Datos,2425-3,2,anon_324,8,2024,0.0,0.45105195
Estructura de Datos,2425-3,2,anon_325,8,2024,3.0,4.4232206
Estructura de Datos,2425-3,2,anon_326,8,2024,0.0,0.9422919
Estructura de Datos,2425-3,2,anon_327,8,2024,11.0,9.059423
Estructura de Datos,2425-3,2,anon_328,8,2024,18.0,10.422285
Estructura de Datos,2425-3,2,anon_329,8,2024,21.0,17.939724
Estructura de Datos,2425-3,2,anon_330,8,2024,13.0,15.867126
Estructura de Datos,2425-3,2,anon_331,8,2024,0.0,0.6451401
Estructura de Datos,2425-3,2,anon_332,8,2024,0.0,0.36694074
Estructura de Datos,2425-3,2,anon_333,8,2024,2.0,2.423323
Estructura de Datos,2425-3,2,anon_334,8,2024,3.0,3.2269082
Estructura de Datos,2425-3,2,anon_335,8,2024,1.0,1.307798
Estructura de Datos,2425-3,2,anon_336,8,2024,3.0,4.676165
Estructura de Datos,2425-3,2,anon_337,8,2024,2.0,2.7468975
Estructura de Datos,2425-3,2,anon_338,8,2024,0.0,0.63426155
Estructura de Datos,2425-3,2,anon_339,8,2024,2.0,3.2001014
Estructura de Datos,2425-3,2,anon_340,8,2024,0.0,0.930023
Estructura de Datos,2425-3,2,anon_341,8,2024,0.0,0.6467981
Estructura de Datos,2425-3,2,anon_342,8,2024,1.0,0.4107448
Estructura de Datos,2425-3,2,anon_343,8,2024,4.0,4.3789377
Estructura de Datos,2425-3,2,anon_344,8,2024,0.0,0.29054344
Estructura de Datos,2425-3,2,anon_345,8,2024,7.0,6.586302
Estructura de Datos,2526-1,2,anon_012,8,2024,0.0,0.10246301
Estructura de Datos,2526-1,2,anon_060,8,2024,2.0,2.2311099
Estructura de Datos,2526-1,2,anon_324,8,2024,0.0,-0.14019454
Estructura de Datos,2526-1,2,anon_333,8,2024,0.0,-0.14448845
Estructura de Datos,2526-1,2,anon_336,8,2024,21.0,6.201295
Estructura de Datos,2526-1,2,anon_342,8,2024,4.0,5.631424
Estructura de Datos,2526-1,2,anon_346,8,2024,0.0,0.88997185
Estructura de Datos,2526-1,2,anon_347,8,2024,1.0,1.4126321
Estructura de Datos,2526-1,2,anon_348,8,2024,0.0,0.28784359
Estructura de Datos,2526-1,2,anon_349,8,2024,0.0,0.7682792
Estructura de Datos,2526-1,2,anon_350,8,2024,3.0,1.0541714
Estructura de Datos,2526-1,2,anon_351,8,2024,6.0,0.26093972
Estructura de Datos,2526-1,2,anon_352,8,2024,0.0,-0.2168858
Estructura de Datos,2526-1,2,anon_353,8,2024,2.0,3.0134902
Estructura de Datos,2526-1,2,anon_354,8,2024,0.0,0.24562156
Estructura de Datos,2526-1,2,anon_355,8,2024,0.0,0.23738968
Estructura de Datos,2526-1,2,anon_356,8,2024,0.0,0.22590292
Estructura de Datos,2526-1,2,anon_357,8,2024,0.0,0.114382505
Estructura de Datos,2526-1,2,anon_358,8,2024,5.0,6.509901
Estructura de Datos,2526-1,2,anon_359,8,2024,0.0,0.21301758
Estructura de Datos,2526-1,2,anon_360,8,2024,0.0,0.04200363
Estructura de Datos,2526-1,2,anon_361,8,2024,0.0,0.27989948
Estructura de Datos,2526-1,2,anon_362,8,2024,0.0,0.22994494
Estructura de Datos,2526-1,2,anon_363,8,2024,1.0,1.0396187
Estructura de Datos,2526-1,2,anon_364,8,2024,23.0,18.46888
Estructura de Datos,2526-1,2,anon_365,8,2024,0.0,0.37873232
Estructura de Datos,2526-1,2,anon_366,8,2024,6.0,6.7739954
Estructura de Datos,2526-1,2,anon_367,8,2024,14.0,11.13313
Estructura de Datos,2526-1,2,anon_368,8,2024,2.0,2.0123706
Estructura de Datos,2526-1,2,anon_369,8,2024,2.0,0.6966014
Estructura de Datos,2526-2,2,anon_031,8,2024,3.0,5.316164
Estructura de Datos,2526-2,2,anon_064,8,2024,0.0,1.9179182
Estructura de Datos,2526-2,2,anon_067,8,2024,7.0,5.0221786
Estructura de Datos,2526-2,2,anon_077,8,2024,0.0,1.8916857
Estructura de Datos,2526-2,2,anon_080,8,2024,14.0,11.151741
Estructura de Datos,2526-2,2,anon_087,8,2024,0.0,1.8855346
Estructura de Datos,2526-2,2,anon_205,8,2024,0.0,2.4928231
Estructura de Datos,2526-2,2,anon_347,8,2024,9.0,9.411829
Estructura de Datos,2526-2,2,anon_355,8,2024,0.0,2.1152275
Estructura de Datos,2526-2,2,anon_360,8,2024,0.0,2.1084054
Estructura de Datos,2526-2,2,anon_370,8,2024,44.0,39.168785
Estructura de Datos,2526-2,2,anon_371,8,2024,9.0,6.07216
Estructura de Datos,2526-2,2,anon_372,8,2024,4.0,6.542347
Estructura de Datos,2526-2,2,anon_373,8,2024,2.0,3.1116824
Estructura de Datos,2526-2,2,anon_374,8,2024,9.0,1.8976576
Estructura de Datos,2526-2,2,anon_375,8,2024,0.0,1.8930588
Estructura de Datos,2526-2,2,anon_376,8,2024,3.0,4.981564
Estructura de Datos,2526-2,2,anon_377,8,2024,8.0,4.1136103
Estructura de Datos,2526-3,2,anon_004,8,2024,7.0,4.19003
Estructura de Datos,2526-3,2,anon_007,8,2024,0.0,0.71314263
Estructura de Datos,2526-3,2,anon_081,8,2024,2.0,2.7354832
Estructura de Datos,2526-3,2,anon_087,8,2024,2.0,2.6566863
Estructura de Datos,2526-3,2,anon_324,8,2024,0.0,0.47067952
Estructura de Datos,2526-3,2,anon_326,8,2024,12.0,12.143204
Estructura de Datos,2526-3,2,anon_339,8,2024,0.0,-0.2645197
Estructura de Datos,2526-3,2,anon_341,8,2024,0.0,-0.55304503
Estructura de Datos,2526-3,2,anon_349,8,2024,6.0,10.707589
Estructura de Datos,2526-3,2,anon_356,8,2024,0.0,0.278
Estructura de Datos,2526-3,2,anon_362,8,2024,15.0,12.987173
Estructura de Datos,2526-3,2,anon_363,8,2024,11.0,7.4462395
Estructura de Datos,2526-3,2,anon_365,8,2024,24.0,20.71339
Estructura de Datos,2526-3,2,anon_372,8,2024,10.0,12.250535
Estructura de Datos,2526-3,2,anon_375,8,2024,4.0,6.4847336
Estructura de Datos,2526-3,2,anon_378,8,2024,2.0,3.2521825
Estructura de Datos,2526-3,2,anon_379,8,2024,19.0,20.283936
Estructura de Datos,2526-3,2,anon_380,8,2024,3.0,0.60484016
Estructura de Datos,2526-3,2,anon_381,8,2024,4.0,6.5512457
Estructura de Datos,2526-3,2,anon_382,8,2024,2.0,3.1735158
Estructura de Datos,2526-3,2,anon_383,8,2024,3.0,3.9850593
Estructura de Datos,2526-3,2,anon_384,8,2024,2.0,3.4234064
Estructura de Datos,2526-3,2,anon_385,8,2024,0.0,-0.28164887
Estructura de Datos,2526-3,2,anon_386,8,2024,2.0,3.3181496
Estructura de Datos,2526-3,2,anon_387,8,2024,4.0,5.715312
Estructura de Datos,2526-3,2,anon_388,8,2024,10.0,13.406267
Estructura de Datos,2526-3,2,anon_389,8,2024,0.0,-0.68424153
Estructura de Datos,2526-3,2,anon_390,8,2024,0.0,-0.41506577
Estructura de Datos,2526-3,2,anon_391,8,2024,1.0,0.7972431
Estructura de Datos,2526-3,2,anon_392,8,2024,0.0,-0.48053622
Matemáticas Discretas,2526-2,1,anon_md_2526_2_1_001,4,2024,9.0,6.4888763
Matemáticas Discretas,2526-2,1,anon_md_2526_2_1_002,4,2024,12.0,3.798065
Matemáticas Discretas,2526-2,1,anon_md_2526_2_1_003,4,2024,3.0,3.8012538
Matemáticas Discretas,2526-2,1,anon_md_2526_2_1_004,4,2024,3.0,4.787996
Matemáticas Discretas,2526-2,1,anon_md_2526_2_1_005,4,2024,9.0,4.201742
Matemáticas Discretas,2526-2,1,anon_md_2526_2_1_006,4,2024,2.0,2.7829657
Matemáticas Discretas,2526-2,1,anon_md_2526_2_1_007,4,2024,11.0,6.28559
Matemáticas Discretas,2526-2,1,anon_md_2526_2_1_008,4,2024,2.0,4.276657
Matemáticas Discretas,2526-2,1,anon_md_2526_2_1_009,4,2024,1.0,2.6428316
Matemáticas Discretas,2526-2,1,anon_md_2526_2_1_010,4,2024,1.0,3.1726627
Matemáticas Discretas,2526-2,1,anon_md_2526_2_1_011,4,2024,3.0,2.6603627
Matemáticas Discretas,2526-2,1,anon_md_2526_2_1_012,4,2024,8.0,4.9885254
Matemáticas Discretas,2526-2,1,anon_md_2526_2_1_013,4,2024,5.0,4.9972963
Matemáticas Discretas,2526-2,1,anon_md_2526_2_1_014,4,2024,9.0,4.824997
Matemáticas Discretas,2526-2,1,anon_md_2526_2_1_015,4,2024,12.0,7.4237795
Matemáticas Discretas,2526-2,1,anon_md_2526_2_1_016,4,2024,2.0,4.1033034
Matemáticas Discretas,2526-2,1,anon_md_2526_2_1_017,4,2024,11.0,5.0374827
Matemáticas Discretas,2526-2,1,anon_md_2526_2_1_018,4,2024,8.0,3.2590878
Matemáticas Discretas,2526-2,1,anon_md_2526_2_1_019,4,2024,1.0,2.7510948
Matemáticas Discretas,2526-2,1,anon_md_2526_2_1_020,4,2024,0.0,1.6797781
Matemáticas Discretas,2526-2,1,anon_md_2526_2_1_021,4,2024,0.0,1.6926754
Matemáticas Discretas,2526-2,1,anon_md_2526_2_1_022,4,2024,11.0,6.406451
Matemáticas Discretas,2526-2,1,anon_md_2526_2_1_023,4,2024,3.0,3.144096
Matemáticas Discretas,2526-2,1,anon_md_2526_2_1_024,4,2024,5.0,5.119827
Matemáticas Discretas,2526-2,1,anon_md_2526_2_1_025,4,2024,1.0,2.8321419
Matemáticas Discretas,2526-2,1,anon_md_2526_2_1_026,4,2024,1.0,2.8463159
Matemáticas Discretas,2526-2,1,anon_md_2526_2_1_027,4,2024,8.0,4.9781823
Matemáticas Discretas,2526-2,1,anon_md_2526_2_1_028,4,2024,8.0,3.2139773
Matemáticas Discretas,2526-2,1,anon_md_2526_2_1_029,4,2024,1.0,2.8896418
Matemáticas Discretas,2526-2,1,anon_md_2526_2_1_030,4,2024,1.0,3.07122
Matemáticas Discretas,2526-2,1,anon_md_2526_2_1_031,4,2024,1.0,2.9190257
Matemáticas Discretas,2526-2,1,anon_md_2526_2_1_032,4,2024,1.0,3.439929
Matemáticas Discretas,2526-2,1,anon_md_2526_2_1_033,4,2024,1.0,3.452755
Matemáticas Discretas,2526-2,1,anon_md_2526_2_1_034,4,2024,0.0,2.2077277
Matemáticas Discretas,2526-2,1,anon_md_2526_2_1_035,4,2024,8.0,3.3121274
Matemáticas Discretas,2526-2,2,anon_md_2526_2_2_001,4,2024,5.0,5.2793207
Matemáticas Discretas,2526-2,2,anon_md_2526_2_2_002,4,2024,8.0,5.244176
Matemáticas Discretas,2526-2,2,anon_md_2526_2_2_003,4,2024,0.0,3.3325887
Matemáticas Discretas,2526-2,2,anon_md_2526_2_2_004,4,2024,6.0,5.309191
Matemáticas Discretas,2526-2,2,anon_md_2526_2_2_005,4,2024,4.0,6.282698
Matemáticas Discretas,2526-2,2,anon_md_2526_2_2_006,4,2024,9.0,6.3505726
Matemáticas Discretas,2526-2,2,anon_md_2526_2_2_007,4,2024,3.0,4.1785755
Matemáticas Discretas,2526-2,2,anon_md_2526_2_2_008,4,2024,5.0,7.275813
Matemáticas Discretas,2526-2,2,anon_md_2526_2_2_009,4,2024,1.0,4.266203
Matemáticas Discretas,2526-2,2,anon_md_2526_2_2_010,4,2024,0.0,3.3053038
Matemáticas Discretas,2526-2,2,anon_md_2526_2_2_011,4,2024,5.0,4.262455
Matemáticas Discretas,2526-2,2,anon_md_2526_2_2_012,4,2024,10.0,4.252612
Matemáticas Discretas,2526-2,2,anon_md_2526_2_2_013,4,2024,1.0,4.302124
Matemáticas Discretas,2526-2,2,anon_md_2526_2_2_014,4,2024,2.0,4.2988415
Matemáticas Discretas,2526-2,2,anon_md_2526_2_2_015,4,2024,0.0,3.2891352
Matemáticas Discretas,2526-2,2,anon_md_2526_2_2_016,4,2024,10.0,5.157839
Matemáticas Discretas,2526-2,2,anon_md_2526_2_2_017,4,2024,2.0,4.174222
Matemáticas Discretas,2526-2,2,anon_md_2526_2_2_018,4,2024,1.0,4.1109314
Matemáticas Discretas,2526-2,2,anon_md_2526_2_2_019,4,2024,3.0,6.161268
Matemáticas Discretas,2526-2,2,anon_md_2526_2_2_020,4,2024,3.0,6.1563606
Matemáticas Discretas,2526-2,2,anon_md_2526_2_2_021,4,2024,8.0,7.288367
Matemáticas Discretas,2526-3,1,anon_md_2526_3_1_001,4,2024,13.0,4.537385
Matemáticas Discretas,2526-3,1,anon_md_2526_3_1_002,4,2024,0.0,1.9261582
Matemáticas Discretas,2526-3,1,anon_md_2526_3_1_003,4,2024,4.0,2.4497168
Matemáticas Discretas,2526-3,1,anon_md_2526_3_1_004,4,2024,2.0,1.8878145
Matemáticas Discretas,2526-3,1,anon_md_2526_3_1_005,4,2024,3.0,2.4212046
Matemáticas Discretas,2526-3,1,anon_md_2526_3_1_006,4,2024,2.0,2.6643388
Matemáticas Discretas,2526-3,1,anon_md_2526_3_1_007,4,2024,0.0,-0.2372241
Matemáticas Discretas,2526-3,1,anon_md_2526_3_1_008,4,2024,12.0,8.8501
Matemáticas Discretas,2526-3,1,anon_md_2526_3_1_009,4,2024,1.0,-0.3055284
Matemáticas Discretas,2526-3,1,anon_md_2526_3_1_010,4,2024,8.0,5.5439024
Matemáticas Discretas,2526-3,1,anon_md_2526_3_1_011,4,2024,4.0,-0.36696863
Matemáticas Discretas,2526-3,1,anon_md_2526_3_1_012,4,2024,10.0,9.09016
Matemáticas Discretas,2526-3,1,anon_md_2526_3_1_013,4,2024,0.0,2.3064866
Matemáticas Discretas,2526-3,1,anon_md_2526_3_1_014,4,2024,0.0,0.7573943
Matemáticas Discretas,2526-3,1,anon_md_2526_3_1_015,4,2024,0.0,1.7036238
Matemáticas Discretas,2526-3,1,anon_md_2526_3_1_016,4,2024,0.0,2.2702727
Matemáticas Discretas,2526-3,1,anon_md_2526_3_1_017,4,2024,0.0,-0.4925592
Matemáticas Discretas,2526-3,1,anon_md_2526_3_1_018,4,2024,9.0,2.4915686
Matemáticas Discretas,2526-3,1,anon_md_2526_3_1_019,4,2024,0.0,0.70564497
Matemáticas Discretas,2526-3,1,anon_md_2526_3_1_020,4,2024,0.0,0.7040851
Matemáticas Discretas,2526-3,1,anon_md_2526_3_1_021,4,2024,13.0,10.386667
Matemáticas Discretas,2526-3,1,anon_md_2526_3_1_022,4,2024,11.0,8.724306
Matemáticas Discretas,2526-3,1,anon_md_2526_3_1_023,4,2024,0.0,2.4380364
Matemáticas Discretas,2526-3,1,anon_md_2526_3_1_024,4,2024,0.0,1.6773391
Matemáticas Discretas,2526-3,1,anon_md_2526_3_1_025,4,2024,6.0,6.611864
Matemáticas Discretas,2526-3,1,anon_md_2526_3_1_026,4,2024,1.0,-0.45123816
Matemáticas Discretas,2526-3,1,anon_md_2526_3_1_027,4,2024,4.0,2.196833
Matemáticas Discretas,2526-3,1,anon_md_2526_3_1_028,4,2024,2.0,2.401881
Matemáticas Discretas,2526-3,1,anon_md_2526_3_1_029,4,2024,0.0,2.1939557
Matemáticas Discretas,2526-3,1,anon_md_2526_3_1_030,4,2024,5.0,2.392414
Matemáticas Discretas,2526-3,1,anon_md_2526_3_1_031,4,2024,4.0,1.7395115
Matemáticas Discretas,2526-2,1,anon_md_2526_2_1_001,6,2024,9.0,7.9136667
Matemáticas Discretas,2526-2,1,anon_md_2526_2_1_002,6,2024,12.0,7.635619
Matemáticas Discretas,2526-2,1,anon_md_2526_2_1_003,6,2024,3.0,3.131072
Matemáticas Discretas,2526-2,1,anon_md_2526_2_1_004,6,2024,3.0,4.8531
Matemáticas Discretas,2526-2,1,anon_md_2526_2_1_005,6,2024,9.0,8.15325
Matemáticas Discretas,2526-2,1,anon_md_2526_2_1_006,6,2024,2.0,1.4447416
Matemáticas Discretas,2526-2,1,anon_md_2526_2_1_007,6,2024,11.0,8.630491
Matemáticas Discretas,2526-2,1,anon_md_2526_2_1_008,6,2024,2.0,3.9608307
Matemáticas Discretas,2526-2,1,anon_md_2526_2_1_009,6,2024,1.0,1.0858402
Matemáticas Discretas,2526-2,1,anon_md_2526_2_1_010,6,2024,1.0,2.0426755
Matemáticas Discretas,2526-2,1,anon_md_2526_2_1_011,6,2024,3.0,1.0285709
Matemáticas Discretas,2526-2,1,anon_md_2526_2_1_012,6,2024,8.0,7.6287627
Matemáticas Discretas,2526-2,1,anon_md_2526_2_1_013,6,2024,5.0,4.6430984
Matemáticas Discretas,2526-2,1,anon_md_2526_2_1_014,6,2024,9.0,5.802664
Matemáticas Discretas,2526-2,1,anon_md_2526_2_1_015,6,2024,12.0,12.505627
Matemáticas Discretas,2526-2,1,anon_md_2526_2_1_016,6,2024,2.0,3.1724105
Matemáticas Discretas,2526-2,1,anon_md_2526_2_1_017,6,2024,11.0,7.3791
Matemáticas Discretas,2526-2,1,anon_md_2526_2_1_018,6,2024,8.0,6.284975
Matemáticas Discretas,2526-2,1,anon_md_2526_2_1_019,6,2024,1.0,0.905056
Matemáticas Discretas,2526-2,1,anon_md_2526_2_1_020,6,2024,0.0,-0.71905446
Matemáticas Discretas,2526-2,1,anon_md_2526_2_1_021,6,2024,0.0,-0.726351
Matemáticas Discretas,2526-2,1,anon_md_2526_2_1_022,6,2024,11.0,9.519048
Matemáticas Discretas,2526-2,1,anon_md_2526_2_1_023,6,2024,3.0,1.6367972
Matemáticas Discretas,2526-2,1,anon_md_2526_2_1_024,6,2024,5.0,4.4072447
Matemáticas Discretas,2526-2,1,anon_md_2526_2_1_025,6,2024,1.0,0.86526823
Matemáticas Discretas,2526-2,1,anon_md_2526_2_1_026,6,2024,1.0,0.8602326
Matemáticas Discretas,2526-2,1,anon_md_2526_2_1_027,6,2024,8.0,5.246437
Matemáticas Discretas,2526-2,1,anon_md_2526_2_1_028,6,2024,8.0,2.8789334
Matemáticas Discretas,2526-2,1,anon_md_2526_2_1_029,6,2024,1.0,0.8463628
Matemáticas Discretas,2526-2,1,anon_md_2526_2_1_030,6,2024,1.0,1.2271286
Matemáticas Discretas,2526-2,1,anon_md_2526_2_1_031,6,2024,1.0,0.8378813
Matemáticas Discretas,2526-2,1,anon_md_2526_2_1_032,6,2024,1.0,2.1854994
Matemáticas Discretas,2526-2,1,anon_md_2526_2_1_033,6,2024,1.0,2.1949553
Matemáticas Discretas,2526-2,1,anon_md_2526_2_1_034,6,2024,0.0,-3.0755997e-05
Matemáticas Discretas,2526-2,1,anon_md_2526_2_1_035,6,2024,8.0,2.9181101
Matemáticas Discretas,2526-2,2,anon_md_2526_2_2_001,6,2024,5.0,7.612438
Matemáticas Discretas,2526-2,2,anon_md_2526_2_2_002,6,2024,8.0,4.4646983
Matemáticas Discretas,2526-2,2,anon_md_2526_2_2_003,6,2024,0.0,2.3599315
Matemáticas Discretas,2526-2,2,anon_md_2526_2_2_004,6,2024,6.0,4.7048483
Matemáticas Discretas,2526-2,2,anon_md_2526_2_2_005,6,2024,4.0,5.6717243
Matemáticas Discretas,2526-2,2,anon_md_2526_2_2_006,6,2024,9.0,7.8152943
Matemáticas Discretas,2526-2,2,anon_md_2526_2_2_007,6,2024,3.0,2.999031
Matemáticas Discretas,2526-2,2,anon_md_2526_2_2_008,6,2024,5.0,6.7101808
Matemáticas Discretas,2526-2,2,anon_md_2526_2_2_009,6,2024,1.0,3.3233972
Matemáticas Discretas,2526-2,2,anon_md_2526_2_2_010,6,2024,0.0,2.2853534
Matemáticas Discretas,2526-2,2,anon_md_2526_2_2_011,6,2024,5.0,4.2084
Matemáticas Discretas,2526-2,2,anon_md_2526_2_2_012,6,2024,10.0,5.327734
Matemáticas Discretas,2526-2,2,anon_md_2526_2_2_013,6,2024,1.0,3.4165292
Matemáticas Discretas,2526-2,2,anon_md_2526_2_2_014,6,2024,2.0,3.400183
Matemáticas Discretas,2526-2,2,anon_md_2526_2_2_015,6,2024,0.0,2.2322407
Matemáticas Discretas,2526-2,2,anon_md_2526_2_2_016,6,2024,10.0,5.229061
Matemáticas Discretas,2526-2,2,anon_md_2526_2_2_017,6,2024,2.0,3.060523
Matemáticas Discretas,2526-2,2,anon_md_2526_2_2_018,6,2024,1.0,2.8900232
Matemáticas Discretas,2526-2,2,anon_md_2526_2_2_019,6,2024,3.0,5.287919
Matemáticas Discretas,2526-2,2,anon_md_2526_2_2_020,6,2024,3.0,5.265302
Matemáticas Discretas,2526-2,2,anon_md_2526_2_2_021,6,2024,8.0,8.807435
Matemáticas Discretas,2526-3,1,anon_md_2526_3_1_001,6,2024,13.0,8.772375
Matemáticas Discretas,2526-3,1,anon_md_2526_3_1_002,6,2024,0.0,0.9496434
Matemáticas Discretas,2526-3,1,anon_md_2526_3_1_003,6,2024,4.0,1.2876937
Matemáticas Discretas,2526-3,1,anon_md_2526_3_1_004,6,2024,2.0,2.588438
Matemáticas Discretas,2526-3,1,anon_md_2526_3_1_005,6,2024,3.0,1.3030928
Matemáticas Discretas,2526-3,1,anon_md_2526_3_1_006,6,2024,2.0,1.5514703
Matemáticas Discretas,2526-3,1,anon_md_2526_3_1_007,6,2024,0.0,-0.021959782
Matemáticas Discretas,2526-3,1,anon_md_2526_3_1_008,6,2024,12.0,11.503667
Matemáticas Discretas,2526-3,1,anon_md_2526_3_1_009,6,2024,1.0,-0.041009903
Matemáticas Discretas,2526-3,1,anon_md_2526_3_1_010,6,2024,8.0,7.481639
Matemáticas Discretas,2526-3,1,anon_md_2526_3_1_011,6,2024,4.0,1.620611
Matemáticas Discretas,2526-3,1,anon_md_2526_3_1_012,6,2024,10.0,10.406048
Matemáticas Discretas,2526-3,1,anon_md_2526_3_1_013,6,2024,0.0,1.3812532
Matemáticas Discretas,2526-3,1,anon_md_2526_3_1_014,6,2024,0.0,0.5026312
Matemáticas Discretas,2526-3,1,anon_md_2526_3_1_015,6,2024,0.0,1.0276431
Matemáticas Discretas,2526-3,1,anon_md_2526_3_1_016,6,2024,0.0,1.4201026
Matemáticas Discretas,2526-3,1,anon_md_2526_3_1_017,6,2024,0.0,-0.06657624
Matemáticas Discretas,2526-3,1,anon_md_2526_3_1_018,6,2024,9.0,4.2887564
Matemáticas Discretas,2526-3,1,anon_md_2526_3_1_019,6,2024,0.0,0.55574524
Matemáticas Discretas,2526-3,1,anon_md_2526_3_1_020,6,2024,0.0,0.5725483
Matemáticas Discretas,2526-3,1,anon_md_2526_3_1_021,6,2024,13.0,12.813689
Matemáticas Discretas,2526-3,1,anon_md_2526_3_1_022,6,2024,11.0,10.236535
Matemáticas Discretas,2526-3,1,anon_md_2526_3_1_023,6,2024,0.0,1.7197986
Matemáticas Discretas,2526-3,1,anon_md_2526_3_1_024,6,2024,0.0,1.1951334
Matemáticas Discretas,2526-3,1,anon_md_2526_3_1_025,6,2024,6.0,5.5867147
Matemáticas Discretas,2526-3,1,anon_md_2526_3_1_026,6,2024,1.0,1.6526045
Matemáticas Discretas,2526-3,1,anon_md_2526_3_1_027,6,2024,4.0,4.2336564
Matemáticas Discretas,2526-3,1,anon_md_2526_3_1_028,6,2024,2.0,3.062131
Matemáticas Discretas,2526-3,1,anon_md_2526_3_1_029,6,2024,0.0,1.6190903
Matemáticas Discretas,2526-3,1,anon_md_2526_3_1_030,6,2024,5.0,3.06959
Matemáticas Discretas,2526-3,1,anon_md_2526_3_1_031,6,2024,4.0,4.1018944
Matemáticas Discretas,2526-2,1,anon_md_2526_2_1_001,8,2024,9.0,5.850663
Matemáticas Discretas,2526-2,1,anon_md_2526_2_1_002,8,2024,12.0,8.90728
Matemáticas Discretas,2526-2,1,anon_md_2526_2_1_003,8,2024,3.0,3.1256127
Matemáticas Discretas,2526-2,1,anon_md_2526_2_1_004,8,2024,3.0,3.0458822
Matemáticas Discretas,2526-2,1,anon_md_2526_2_1_005,8,2024,9.0,7.9612093
Matemáticas Discretas,2526-2,1,anon_md_2526_2_1_006,8,2024,2.0,0.8857218
Matemáticas Discretas,2526-2,1,anon_md_2526_2_1_007,8,2024,11.0,8.983116
Matemáticas Discretas,2526-2,1,anon_md_2526_2_1_008,8,2024,2.0,2.2991705
Matemáticas Discretas,2526-2,1,anon_md_2526_2_1_009,8,2024,1.0,0.7712363
Matemáticas Discretas,2526-2,1,anon_md_2526_2_1_010,8,2024,1.0,1.1596879
Matemáticas Discretas,2526-2,1,anon_md_2526_2_1_011,8,2024,3.0,1.8043809
Matemáticas Discretas,2526-2,1,anon_md_2526_2_1_012,8,2024,8.0,6.565301
Matemáticas Discretas,2526-2,1,anon_md_2526_2_1_013,8,2024,5.0,3.1656928
Matemáticas Discretas,2526-2,1,anon_md_2526_2_1_014,8,2024,9.0,7.412188
Matemáticas Discretas,2526-2,1,anon_md_2526_2_1_015,8,2024,12.0,12.507514
Matemáticas Discretas,2526-2,1,anon_md_2526_2_1_016,8,2024,2.0,2.175107
Matemáticas Discretas,2526-2,1,anon_md_2526_2_1_017,8,2024,11.0,8.741864
Matemáticas Discretas,2526-2,1,anon_md_2526_2_1_018,8,2024,8.0,6.816174
Matemáticas Discretas,2526-2,1,anon_md_2526_2_1_019,8,2024,1.0,0.8168608
Matemáticas Discretas,2526-2,1,anon_md_2526_2_1_020,8,2024,0.0,-0.2859131
Matemáticas Discretas,2526-2,1,anon_md_2526_2_1_021,8,2024,0.0,-0.27978528
Matemáticas Discretas,2526-2,1,anon_md_2526_2_1_022,8,2024,11.0,10.132931
Matemáticas Discretas,2526-2,1,anon_md_2526_2_1_023,8,2024,3.0,1.1285397
Matemáticas Discretas,2526-2,1,anon_md_2526_2_1_024,8,2024,5.0,5.3839064
Matemáticas Discretas,2526-2,1,anon_md_2526_2_1_025,8,2024,1.0,0.85991526
Matemáticas Discretas,2526-2,1,anon_md_2526_2_1_026,8,2024,1.0,0.867064
Matemáticas Discretas,2526-2,1,anon_md_2526_2_1_027,8,2024,8.0,5.2841063
Matemáticas Discretas,2526-2,1,anon_md_2526_2_1_028,8,2024,8.0,5.503198
Matemáticas Discretas,2526-2,1,anon_md_2526_2_1_029,8,2024,1.0,0.88797605
Matemáticas Discretas,2526-2,1,anon_md_2526_2_1_030,8,2024,1.0,1.0428636
Matemáticas Discretas,2526-2,1,anon_md_2526_2_1_031,8,2024,1.0,0.9014652
Matemáticas Discretas,2526-2,1,anon_md_2526_2_1_032,8,2024,1.0,1.38624
Matemáticas Discretas,2526-2,1,anon_md_2526_2_1_033,8,2024,1.0,1.3969474
Matemáticas Discretas,2526-2,1,anon_md_2526_2_1_034,8,2024,0.0,0.10171825
Matemáticas Discretas,2526-2,1,anon_md_2526_2_1_035,8,2024,8.0,5.5870013
Matemáticas Discretas,2526-2,2,anon_md_2526_2_2_001,8,2024,5.0,6.351437
Matemáticas Discretas,2526-2,2,anon_md_2526_2_2_002,8,2024,8.0,5.2645173
Matemáticas Discretas,2526-2,2,anon_md_2526_2_2_003,8,2024,0.0,1.3327295
Matemáticas Discretas,2526-2,2,anon_md_2526_2_2_004,8,2024,6.0,5.359196
Matemáticas Discretas,2526-2,2,anon_md_2526_2_2_005,8,2024,4.0,5.311246
Matemáticas Discretas,2526-2,2,anon_md_2526_2_2_006,8,2024,9.0,7.399158
Matemáticas Discretas,2526-2,2,anon_md_2526_2_2_007,8,2024,3.0,2.1224194
Matemáticas Discretas,2526-2,2,anon_md_2526_2_2_008,8,2024,5.0,6.3070116
Matemáticas Discretas,2526-2,2,anon_md_2526_2_2_009,8,2024,1.0,2.2502751
Matemáticas Discretas,2526-2,2,anon_md_2526_2_2_010,8,2024,0.0,1.2733917
Matemáticas Discretas,2526-2,2,anon_md_2526_2_2_011,8,2024,5.0,3.225768
Matemáticas Discretas,2526-2,2,anon_md_2526_2_2_012,8,2024,10.0,7.251404
Matemáticas Discretas,2526-2,2,anon_md_2526_2_2_013,8,2024,1.0,2.2804847
Matemáticas Discretas,2526-2,2,anon_md_2526_2_2_014,8,2024,2.0,2.271913
Matemáticas Discretas,2526-2,2,anon_md_2526_2_2_015,8,2024,0.0,1.2335925
Matemáticas Discretas,2526-2,2,anon_md_2526_2_2_016,8,2024,10.0,7.1359396
Matemáticas Discretas,2526-2,2,anon_md_2526_2_2_017,8,2024,2.0,2.1142874
Matemáticas Discretas,2526-2,2,anon_md_2526_2_2_018,8,2024,1.0,2.0330377
Matemáticas Discretas,2526-2,2,anon_md_2526_2_2_019,8,2024,3.0,4.12182
Matemáticas Discretas,2526-2,2,anon_md_2526_2_2_020,8,2024,3.0,4.112441
Matemáticas Discretas,2526-2,2,anon_md_2526_2_2_021,8,2024,8.0,9.3008
Matemáticas Discretas,2526-3,1,anon_md_2526_3_1_001,8,2024,13.0,11.8051405
Matemáticas Discretas,2526-3,1,anon_md_2526_3_1_002,8,2024,0.0,-0.028654456
Matemáticas Discretas,2526-3,1,anon_md_2526_3_1_003,8,2024,4.0,2.6342556
Matemáticas Discretas,2526-3,1,anon_md_2526_3_1_004,8,2024,2.0,2.6712394
Matemáticas Discretas,2526-3,1,anon_md_2526_3_1_005,8,2024,3.0,1.3740941
Matemáticas Discretas,2526-3,1,anon_md_2526_3_1_006,8,2024,2.0,2.820787
Matemáticas Discretas,2526-3,1,anon_md_2526_3_1_007,8,2024,0.0,-0.26156843
Matemáticas Discretas,2526-3,1,anon_md_2526_3_1_008,8,2024,12.0,11.444877
Matemáticas Discretas,2526-3,1,anon_md_2526_3_1_009,8,2024,1.0,0.9439646
Matemáticas Discretas,2526-3,1,anon_md_2526_3_1_010,8,2024,8.0,9.423265
Matemáticas Discretas,2526-3,1,anon_md_2526_3_1_011,8,2024,4.0,2.515314
Matemáticas Discretas,2526-3,1,anon_md_2526_3_1_012,8,2024,10.0,12.50544
Matemáticas Discretas,2526-3,1,anon_md_2526_3_1_013,8,2024,0.0,0.3607443
Matemáticas Discretas,2526-3,1,anon_md_2526_3_1_014,8,2024,0.0,-0.0064406395
Matemáticas Discretas,2526-3,1,anon_md_2526_3_1_015,8,2024,0.0,0.21100217
Matemáticas Discretas,2526-3,1,anon_md_2526_3_1_016,8,2024,0.0,0.4127829
Matemáticas Discretas,2526-3,1,anon_md_2526_3_1_017,8,2024,0.0,-0.1251688
Matemáticas Discretas,2526-3,1,anon_md_2526_3_1_018,8,2024,9.0,6.510343
Matemáticas Discretas,2526-3,1,anon_md_2526_3_1_019,8,2024,0.0,0.098425984
Matemáticas Discretas,2526-3,1,anon_md_2526_3_1_020,8,2024,0.0,0.121094465
Matemáticas Discretas,2526-3,1,anon_md_2526_3_1_021,8,2024,13.0,13.700606
Matemáticas Discretas,2526-3,1,anon_md_2526_3_1_022,8,2024,11.0,10.469226
Matemáticas Discretas,2526-3,1,anon_md_2526_3_1_023,8,2024,0.0,0.6150418
Matemáticas Discretas,2526-3,1,anon_md_2526_3_1_024,8,2024,0.0,0.39868706
Matemáticas Discretas,2526-3,1,anon_md_2526_3_1_025,8,2024,6.0,5.3977704
Matemáticas Discretas,2526-3,1,anon_md_2526_3_1_026,8,2024,1.0,1.5220852
Matemáticas Discretas,2526-3,1,anon_md_2526_3_1_027,8,2024,4.0,5.4017987
Matemáticas Discretas,2526-3,1,anon_md_2526_3_1_028,8,2024,2.0,2.9879127
Matemáticas Discretas,2526-3,1,anon_md_2526_3_1_029,8,2024,0.0,0.5938413
Matemáticas Discretas,2526-3,1,anon_md_2526_3_1_030,8,2024,5.0,4.091508
Matemáticas Discretas,2526-3,1,anon_md_2526_3_1_031,8,2024,4.0,4.2257023
Algoritmos y Programación,2425-2,1,anon_001,4,31,2.0,4.008231
Algoritmos y Programación,2425-2,1,anon_002,4,31,2.0,1.8669093
Algoritmos y Programación,2425-2,1,anon_003,4,31,17.0,8.163783
Algoritmos y Programación,2425-2,1,anon_004,4,31,2.0,3.962566
Algoritmos y Programación,2425-2,1,anon_005,4,31,10.0,9.152161
Algoritmos y Programación,2425-2,1,anon_006,4,31,0.0,1.7947918
Algoritmos y Programación,2425-2,1,anon_007,4,31,0.0,1.777054
Algoritmos y Programación,2425-2,1,anon_008,4,31,16.0,7.0032797
Algoritmos y Programación,2425-2,1,anon_009,4,31,9.0,5.9375324
Algoritmos y Programación,2425-2,1,anon_010,4,31,22.0,10.146959
Algoritmos y Programación,2425-2,1,anon_011,4,31,6.0,5.8992963
Algoritmos y Programación,2425-2,1,anon_012,4,31,0.0,1.6926
Algoritmos y Programación,2425-2,1,anon_013,4,31,0.0,1.6768507
Algoritmos y Programación,2425-2,1,anon_014,4,31,23.0,17.396488
Algoritmos y Programación,2425-2,1,anon_015,4,31,24.0,11.124051
Algoritmos y Programación,2425-2,1,anon_016,4,31,1.0,1.4666737
Algoritmos y Programación,2425-2,1,anon_017,4,31,1.0,1.6187671
Algoritmos y Programación,2425-2,1,anon_018,4,31,17.0,7.9519415
Algoritmos y Programación,2425-2,1,anon_019,4,31,0.0,1.5930256
Algoritmos y Programación,2425-2,1,anon_020,4,31,24.0,13.218171
Algoritmos y Programación,2425-2,1,anon_021,4,31,4.0,5.7800837
Algoritmos y Programación,2425-2,1,anon_022,4,31,2.0,1.5589826
Algoritmos y Programación,2425-2,1,anon_023,4,31,19.0,13.031695
Algoritmos y Programación,2425-2,1,anon_024,4,31,7.0,5.7447557
Algoritmos y Programación,2425-2,1,anon_025,4,31,5.0,6.8425756
Algoritmos y Programación,2425-2,1,anon_026,4,31,0.0,1.522557
Algoritmos y Programación,2425-2,1,anon_027,4,31,10.0,4.62367
Algoritmos y Programación,2425-2,1,anon_028,4,31,18.0,14.172516
Algoritmos y Programación,2425-2,1,anon_029,4,31,0.0,1.5017987
Algoritmos y Programación,2425-2,1,anon_030,4,31,15.0,10.925516
Algoritmos y Programación,2425-2,2,anon_031,4,31,1.0,2.8055167
Algoritmos y Programación,2425-2,2,anon_032,4,31,3.0,4.9363723
Algoritmos y Programación,2425-2,2,anon_033,4,31,20.0,14.132266
Algoritmos y Programación,2425-2,2,anon_034,4,31,4.0,5.9064016
Algoritmos y Programación,2425-2,2,anon_035,4,31,2.0,3.8213763
Algoritmos y Programación,2425-2,2,anon_036,4,31,8.0,6.8627872
Algoritmos y Programación,2425-2,2,anon_037,4,31,0.0,1.6725692
Algoritmos y Programación,2425-2,2,anon_038,4,31,1.0,2.6044793
Algoritmos y Programación,2425-2,2,anon_039,4,31,7.0,4.7352076
Algoritmos y Programación,2425-2,2,anon_040,4,31,2.0,1.4794104
Algoritmos y Programación,2425-2,2,anon_041,4,31,0.0,1.5601969
Algoritmos y Programación,2425-2,2,anon_042,4,31,8.0,2.573002
Algoritmos y Programación,2425-2,2,anon_043,4,31,9.0,7.825893
Algoritmos y Programación,2425-2,2,anon_044,4,31,13.0,9.940823
Algoritmos y Programación,2425-2,2,anon_045,4,31,10.0,6.611904
Algoritmos y Programación,2425-2,2,anon_046,4,31,0.0,1.4757922
Algoritmos y Programación,2425-2,2,anon_047,4,31,5.0,6.8649936
Algoritmos y Programación,2425-2,2,anon_048,4,31,3.0,2.4878118
Algoritmos y Programación,2425-2,2,anon_049,4,31,1.0,1.4326291
Algoritmos y Programación,2425-2,2,anon_050,4,31,3.0,4.5648217
Algoritmos y Programación,2425-2,2,anon_051,4,31,2.0,1.4069754
Algoritmos y Programación,2425-2,2,anon_052,4,31,17.0,10.928108
Algoritmos y Programación,2425-2,2,anon_053,4,31,3.0,1.4546386
Algoritmos y Programación,2425-2,2,anon_054,4,31,3.0,3.581263
Algoritmos y Programación,2425-2,2,anon_055,4,31,10.0,6.7588983
Algoritmos y Programación,2425-2,2,anon_056,4,31,0.0,1.352963
Algoritmos y Programación,2425-2,2,anon_057,4,31,11.0,6.3291264
Algoritmos y Programación,2425-2,2,anon_058,4,31,0.0,1.3351195
Algoritmos y Programación,2425-2,2,anon_059,4,31,5.0,4.2771673
Algoritmos y Programación,2425-2,2,anon_060,4,31,2.0,2.3494794
Algoritmos y Programación,2526-1,1,anon_061,4,31,9.0,6.9869633
Algoritmos y Programación,2526-1,1,anon_062,4,31,13.0,9.5509615
Algoritmos y Programación,2526-1,1,anon_063,4,31,15.0,8.19419
Algoritmos y Programación,2526-1,1,anon_064,4,31,2.0,3.4914742
Algoritmos y Programación,2526-1,1,anon_065,4,31,9.0,5.975963
Algoritmos y Programación,2526-1,1,anon_066,4,31,2.0,4.7617183
Algoritmos y Programación,2526-1,1,anon_067,4,31,11.0,7.1707535
Algoritmos y Programación,2526-1,1,anon_068,4,31,1.0,3.3216724
Algoritmos y Programación,2526-1,1,anon_069,4,31,12.0,10.673114
Algoritmos y Programación,2526-1,1,anon_070,4,31,5.0,8.112279
Algoritmos y Programación,2526-1,1,anon_071,4,31,1.0,3.4585824
Algoritmos y Programación,2526-1,1,anon_072,4,31,1.0,3.3760815
Algoritmos y Programación,2526-1,1,anon_073,4,31,1.0,3.4506755
Algoritmos y Programación,2526-1,1,anon_074,4,31,8.0,3.447069
Algoritmos y Programación,2526-1,1,anon_075,4,31,2.0,3.2425706
Algoritmos y Programación,2526-1,1,anon_076,4,31,4.0,5.6418076
Algoritmos y Programación,2526-1,1,anon_077,4,31,1.0,3.4377449
Algoritmos y Programación,2526-1,1,anon_078,4,31,2.0,4.664341
Algoritmos y Programación,2526-1,1,anon_079,4,31,0.0,2.0095797
Algoritmos y Programación,2526-1,1,anon_080,4,31,10.0,8.205855
Algoritmos y Programación,2526-1,1,anon_081,4,31,1.0,3.4289234
Algoritmos y Programación,2526-1,1,anon_082,4,31,0.0,1.9871614
Algoritmos y Programación,2526-1,1,anon_083,4,31,7.0,7.9699907
Algoritmos y Programación,2526-1,1,anon_084,4,31,1.0,3.4250143
Algoritmos y Programación,2526-1,1,anon_085,4,31,0.0,2.0726845
Algoritmos y Programación,2526-1,1,anon_086,4,31,1.0,3.4236639
Algoritmos y Programación,2526-1,1,anon_087,4,31,1.0,3.4233534
Algoritmos y Programación,2526-2,1,anon_088,4,31,0.0,2.8509007
Algoritmos y Programación,2526-2,1,anon_089,4,31,4.0,6.525991
Algoritmos y Programación,2526-2,1,anon_090,4,31,0.0,2.8068535
Algoritmos y Programación,2526-2,1,anon_091,4,31,10.0,9.89555
Algoritmos y Programación,2526-2,1,anon_092,4,31,0.0,2.7622378
Algoritmos y Programación,2526-2,1,anon_093,4,31,1.0,3.962304
Algoritmos y Programación,2526-2,1,anon_094,4,31,5.0,7.652422
Algoritmos y Programación,2526-2,1,anon_095,4,31,0.0,2.6942496
Algoritmos y Programación,2526-2,1,anon_096,4,31,1.0,3.7162519
Algoritmos y Programación,2526-2,1,anon_097,4,31,0.0,2.648199
Algoritmos y Programación,2526-2,1,anon_098,4,31,3.0,3.9147544
Algoritmos y Programación,2526-2,1,anon_099,4,31,0.0,2.134873
Algoritmos y Programación,2526-2,1,anon_100,4,31,0.0,2.5780113
Algoritmos y Programación,2526-2,1,anon_101,4,31,1.0,3.5673077
Algoritmos y Programación,2526-2,1,anon_102,4,31,2.0,3.666738
Algoritmos y Programación,2526-2,1,anon_103,4,31,0.0,2.2353053
Algoritmos y Programación,2526-2,1,anon_104,4,31,0.0,1.9704161
Algoritmos y Programación,2526-2,1,anon_105,4,31,5.0,7.42603
Algoritmos y Programación,2526-2,1,anon_106,4,31,1.0,3.7311537
Algoritmos y Programación,2526-2,1,anon_107,4,31,5.0,7.8097067
Algoritmos y Programación,2526-2,1,anon_108,4,31,1.0,2.3856072
Algoritmos y Programación,2526-2,1,anon_109,4,31,5.0,6.8437653
Algoritmos y Programación,2526-2,1,anon_110,4,31,2.0,3.631557
Algoritmos y Programación,2526-2,1,anon_111,4,31,2.0,3.4317942
Algoritmos y Programación,2526-2,1,anon_112,4,31,2.0,4.888172
Algoritmos y Programación,2526-2,1,anon_113,4,31,0.0,1.9523716
Algoritmos y Programación,2526-2,1,anon_114,4,31,4.0,7.153448
Algoritmos y Programación,2526-2,1,anon_115,4,31,1.0,3.5048568
Algoritmos y Programación,2526-2,1,anon_116,4,31,2.0,3.4799085
Algoritmos y Programación,2526-2,1,anon_117,4,31,1.0,2.177411
Algoritmos y Programación,2526-3,1,anon_118,4,31,8.0,4.585566
Algoritmos y Programación,2526-3,1,anon_119,4,31,0.0,-0.30793428
Algoritmos y Programación,2526-3,1,anon_120,4,31,0.0,0.046086073
Algoritmos y Programación,2526-3,1,anon_121,4,31,2.0,-0.25058722
Algoritmos y Programación,2526-3,1,anon_122,4,31,5.0,2.0216517
Algoritmos y Programación,2526-3,1,anon_123,4,31,4.0,1.0077295
Algoritmos y Programación,2526-3,1,anon_124,4,31,3.0,0.918308
Algoritmos y Programación,2526-3,1,anon_125,4,31,1.0,0.9577856
Algoritmos y Programación,2526-3,1,anon_126,4,31,5.0,0.99750185
Algoritmos y Programación,2526-3,1,anon_127,4,31,8.0,6.1720777
Algoritmos y Programación,2526-3,1,anon_128,4,31,2.0,2.3083403
Algoritmos y Programación,2526-3,1,anon_129,4,31,5.0,4.308843
Algoritmos y Programación,2526-3,1,anon_130,4,31,1.0,1.1395955
Algoritmos y Programación,2526-3,1,anon_131,4,31,5.0,4.5662956
Algoritmos y Programación,2526-3,1,anon_132,4,31,8.0,11.215826
Algoritmos y Programación,2526-3,1,anon_133,4,31,13.0,9.53101
Algoritmos y Programación,2526-3,1,anon_134,4,31,10.0,5.8797092
Algoritmos y Programación,2526-3,1,anon_135,4,31,7.0,3.2072868
Algoritmos y Programación,2526-3,1,anon_136,4,31,0.0,0.35237384
Algoritmos y Programación,2526-3,1,anon_137,4,31,4.0,5.494586
Algoritmos y Programación,2526-3,1,anon_138,4,31,4.0,1.3469666
Algoritmos y Programación,2526-3,1,anon_139,4,31,3.0,4.501012
Algoritmos y Programación,2526-3,1,anon_140,4,31,10.0,5.4400377
Algoritmos y Programación,2526-3,1,anon_141,4,31,11.0,9.530271
Algoritmos y Programación,2526-3,1,anon_142,4,31,0.0,0.39860284
Algoritmos y Programación,2526-3,1,anon_143,4,31,15.0,13.572263
Algoritmos y Programación,2526-3,1,anon_144,4,31,3.0,0.49373698
Algoritmos y Programación,2526-3,1,anon_145,4,31,20.0,22.222141
Algoritmos y Programación,2526-3,1,anon_146,4,31,7.0,1.7427331
Algoritmos y Programación,2526-3,1,anon_147,4,31,6.0,0.60620916
Algoritmos y Programación,2425-2,1,anon_001,6,31,2.0,3.8503318
Algoritmos y Programación,2425-2,1,anon_002,6,31,2.0,1.7322323
Algoritmos y Programación,2425-2,1,anon_003,6,31,17.0,11.157424
Algoritmos y Programación,2425-2,1,anon_004,6,31,2.0,3.7877636
Algoritmos y Programación,2425-2,1,anon_005,6,31,10.0,11.120115
Algoritmos y Programación,2425-2,1,anon_006,6,31,0.0,1.637236
Algoritmos y Programación,2425-2,1,anon_007,6,31,0.0,1.6128193
Algoritmos y Programación,2425-2,1,anon_008,6,31,16.0,9.00484
Algoritmos y Programación,2425-2,1,anon_009,6,31,9.0,5.7519636
Algoritmos y Programación,2425-2,1,anon_010,6,31,22.0,14.117786
Algoritmos y Programación,2425-2,1,anon_011,6,31,6.0,6.7893114
Algoritmos y Programación,2425-2,1,anon_012,6,31,0.0,1.4914596
Algoritmos y Programación,2425-2,1,anon_013,6,31,0.0,1.4679534
Algoritmos y Programación,2425-2,1,anon_014,6,31,23.0,19.25655
Algoritmos y Programación,2425-2,1,anon_015,6,31,24.0,14.118182
Algoritmos y Programación,2425-2,1,anon_016,6,31,1.0,1.1979905
Algoritmos y Programación,2425-2,1,anon_017,6,31,1.0,1.3791687
Algoritmos y Programación,2425-2,1,anon_018,6,31,17.0,11.891418
Algoritmos y Programación,2425-2,1,anon_019,6,31,0.0,1.3390368
Algoritmos y Programación,2425-2,1,anon_020,6,31,24.0,16.149637
Algoritmos y Programación,2425-2,1,anon_021,6,31,4.0,5.4778523
Algoritmos y Programación,2425-2,1,anon_022,6,31,2.0,3.39282
Algoritmos y Programación,2425-2,1,anon_023,6,31,19.0,17.071505
Algoritmos y Programación,2425-2,1,anon_024,6,31,7.0,7.5301766
Algoritmos y Programación,2425-2,1,anon_025,6,31,5.0,6.6268535
Algoritmos y Programación,2425-2,1,anon_026,6,31,0.0,1.2319708
Algoritmos y Programación,2425-2,1,anon_027,6,31,10.0,6.4074655
Algoritmos y Programación,2425-2,1,anon_028,6,31,18.0,15.021184
Algoritmos y Programación,2425-2,1,anon_029,6,31,0.0,1.2037727
Algoritmos y Programación,2425-2,1,anon_030,6,31,15.0,11.825004
Algoritmos y Programación,2425-2,2,anon_031,6,31,1.0,2.5893946
Algoritmos y Programación,2425-2,2,anon_032,6,31,3.0,4.7157598
Algoritmos y Programación,2425-2,2,anon_033,6,31,20.0,17.041056
Algoritmos y Programación,2425-2,2,anon_034,6,31,4.0,5.659598
Algoritmos y Programación,2425-2,2,anon_035,6,31,2.0,3.616808
Algoritmos y Programación,2425-2,2,anon_036,6,31,8.0,6.581999
Algoritmos y Programación,2425-2,2,anon_037,6,31,0.0,1.4462758
Algoritmos y Programación,2425-2,2,anon_038,6,31,1.0,2.333622
Algoritmos y Programación,2425-2,2,anon_039,6,31,7.0,6.5878024
Algoritmos y Programación,2425-2,2,anon_040,6,31,2.0,1.2139666
Algoritmos y Programación,2425-2,2,anon_041,6,31,0.0,1.2777659
Algoritmos y Programación,2425-2,2,anon_042,6,31,8.0,3.3646188
Algoritmos y Programación,2425-2,2,anon_043,6,31,9.0,8.632642
Algoritmos y Programación,2425-2,2,anon_044,6,31,13.0,9.715903
Algoritmos y Programación,2425-2,2,anon_045,6,31,10.0,9.40194
Algoritmos y Programación,2425-2,2,anon_046,6,31,0.0,1.1630907
Algoritmos y Programación,2425-2,2,anon_047,6,31,5.0,6.5784335
Algoritmos y Programación,2425-2,2,anon_048,6,31,3.0,3.1984887
Algoritmos y Programación,2425-2,2,anon_049,6,31,1.0,2.1530187
Algoritmos y Programación,2425-2,2,anon_050,6,31,3.0,4.25386
Algoritmos y Programación,2425-2,2,anon_051,6,31,2.0,1.0752803
Algoritmos y Programación,2425-2,2,anon_052,6,31,17.0,13.899131
Algoritmos y Programación,2425-2,2,anon_053,6,31,3.0,1.1425223
Algoritmos y Programación,2425-2,2,anon_054,6,31,3.0,3.2663836
Algoritmos y Programación,2425-2,2,anon_055,6,31,10.0,8.52726
Algoritmos y Programación,2425-2,2,anon_056,6,31,0.0,1.0065473
Algoritmos y Programación,2425-2,2,anon_057,6,31,11.0,8.077794
Algoritmos y Programación,2425-2,2,anon_058,6,31,0.0,0.98352844
Algoritmos y Programación,2425-2,2,anon_059,6,31,5.0,3.965629
Algoritmos y Programación,2425-2,2,anon_060,6,31,2.0,2.000584
Algoritmos y Programación,2526-1,1,anon_061,6,31,9.0,6.504652
Algoritmos y Programación,2526-1,1,anon_062,6,31,13.0,9.520311
Algoritmos y Programación,2526-1,1,anon_063,6,31,15.0,8.488837
Algoritmos y Programación,2526-1,1,anon_064,6,31,2.0,3.306613
Algoritmos y Programación,2526-1,1,anon_065,6,31,9.0,5.3531604
Algoritmos y Programación,2526-1,1,anon_066,6,31,2.0,4.302029
Algoritmos y Programación,2526-1,1,anon_067,6,31,11.0,7.3751483
Algoritmos y Programación,2526-1,1,anon_068,6,31,1.0,3.3588386
Algoritmos y Programación,2526-1,1,anon_069,6,31,12.0,9.398195
Algoritmos y Programación,2526-1,1,anon_070,6,31,5.0,7.340055
Algoritmos y Programación,2526-1,1,anon_071,6,31,1.0,3.2127209
Algoritmos y Programación,2526-1,1,anon_072,6,31,1.0,3.2765698
Algoritmos y Programación,2526-1,1,anon_073,6,31,1.0,3.186109
Algoritmos y Programación,2526-1,1,anon_074,6,31,8.0,3.1728148
Algoritmos y Programación,2526-1,1,anon_075,6,31,2.0,3.2819104
Algoritmos y Programación,2526-1,1,anon_076,6,31,4.0,5.268393
Algoritmos y Programación,2526-1,1,anon_077,6,31,1.0,3.1329365
Algoritmos y Programación,2526-1,1,anon_078,6,31,2.0,4.140402
Algoritmos y Programación,2526-1,1,anon_079,6,31,0.0,2.1950397
Algoritmos y Programación,2526-1,1,anon_080,6,31,10.0,7.1745057
Algoritmos y Programación,2526-1,1,anon_081,6,31,1.0,3.0801024
Algoritmos y Programación,2526-1,1,anon_082,6,31,0.0,2.1575398
Algoritmos y Programación,2526-1,1,anon_083,6,31,7.0,7.162889
Algoritmos y Programación,2526-1,1,anon_084,6,31,1.0,3.0415978
Algoritmos y Programación,2526-1,1,anon_085,6,31,0.0,2.0668926
Algoritmos y Programación,2526-1,1,anon_086,6,31,1.0,3.017023
Algoritmos y Programación,2526-1,1,anon_087,6,31,1.0,3.0051842
Algoritmos y Programación,2526-2,1,anon_088,6,31,0.0,2.5861626
Algoritmos y Programación,2526-2,1,anon_089,6,31,4.0,5.7909193
Algoritmos y Programación,2526-2,1,anon_090,6,31,0.0,2.5375912
Algoritmos y Programación,2526-2,1,anon_091,6,31,10.0,13.177769
Algoritmos y Programación,2526-2,1,anon_092,6,31,0.0,2.4864213
Algoritmos y Programación,2526-2,1,anon_093,6,31,1.0,3.5504048
Algoritmos y Programación,2526-2,1,anon_094,6,31,5.0,6.7680044
Algoritmos y Programación,2526-2,1,anon_095,6,31,0.0,2.4054968
Algoritmos y Programación,2526-2,1,anon_096,6,31,1.0,3.329708
Algoritmos y Programación,2526-2,1,anon_097,6,31,0.0,2.3493834
Algoritmos y Programación,2526-2,1,anon_098,6,31,3.0,3.407207
Algoritmos y Programación,2526-2,1,anon_099,6,31,0.0,1.9904984
Algoritmos y Programación,2526-2,1,anon_100,6,31,0.0,2.2632003
Algoritmos y Programación,2526-2,1,anon_101,6,31,1.0,3.1614385
Algoritmos y Programación,2526-2,1,anon_102,6,31,2.0,3.3063715
Algoritmos y Programación,2526-2,1,anon_103,6,31,0.0,2.0046973
Algoritmos y Programación,2526-2,1,anon_104,6,31,0.0,1.8076653
Algoritmos y Programación,2526-2,1,anon_105,6,31,5.0,6.525436
Algoritmos y Programación,2526-2,1,anon_106,6,31,1.0,3.189118
Algoritmos y Programación,2526-2,1,anon_107,6,31,5.0,7.3484664
Algoritmos y Programación,2526-2,1,anon_108,6,31,1.0,2.0352485
Algoritmos y Programación,2526-2,1,anon_109,6,31,5.0,7.4363256
Algoritmos y Programación,2526-2,1,anon_110,6,31,2.0,4.172693
Algoritmos y Programación,2526-2,1,anon_111,6,31,2.0,3.0569468
Algoritmos y Programación,2526-2,1,anon_112,6,31,2.0,4.1441298
Algoritmos y Programación,2526-2,1,anon_113,6,31,0.0,1.7056093
Algoritmos y Programación,2526-2,1,anon_114,6,31,4.0,6.3083525
Algoritmos y Programación,2526-2,1,anon_115,6,31,1.0,2.9706006
Algoritmos y Programación,2526-2,1,anon_116,6,31,2.0,2.951396
Algoritmos y Programación,2526-2,1,anon_117,6,31,1.0,1.8348455
Algoritmos y Programación,2526-3,1,anon_118,6,31,8.0,4.17685
Algoritmos y Programación,2526-3,1,anon_119,6,31,0.0,-0.06849253
Algoritmos y Programación,2526-3,1,anon_120,6,31,0.0,0.20918751
Algoritmos y Programación,2526-3,1,anon_121,6,31,2.0,-0.060226798
Algoritmos y Programación,2526-3,1,anon_122,6,31,5.0,2.0330539
Algoritmos y Programación,2526-3,1,anon_123,6,31,4.0,1.0008901
Algoritmos y Programación,2526-3,1,anon_124,6,31,3.0,0.99152017
Algoritmos y Programación,2526-3,1,anon_125,6,31,1.0,1.000492
Algoritmos y Programación,2526-3,1,anon_126,6,31,5.0,1.0096128
Algoritmos y Programación,2526-3,1,anon_127,6,31,8.0,7.287442
Algoritmos y Programación,2526-3,1,anon_128,6,31,2.0,2.1181822
Algoritmos y Programación,2526-3,1,anon_129,6,31,5.0,3.3845143
Algoritmos y Programación,2526-3,1,anon_130,6,31,1.0,1.0383503
Algoritmos y Programación,2526-3,1,anon_131,6,31,5.0,3.4595842
Algoritmos y Programación,2526-3,1,anon_132,6,31,8.0,7.913266
Algoritmos y Programación,2526-3,1,anon_133,6,31,13.0,9.336485
Algoritmos y Programación,2526-3,1,anon_134,6,31,10.0,4.722394
Algoritmos y Programación,2526-3,1,anon_135,6,31,7.0,5.165601
Algoritmos y Programación,2526-3,1,anon_136,6,31,0.0,0.1835835
Algoritmos y Programación,2526-3,1,anon_137,6,31,4.0,4.5206585
Algoritmos y Programación,2526-3,1,anon_138,6,31,4.0,1.0425614
Algoritmos y Programación,2526-3,1,anon_139,6,31,3.0,4.019065
Algoritmos y Programación,2526-3,1,anon_140,6,31,10.0,4.5828457
Algoritmos y Programación,2526-3,1,anon_141,6,31,11.0,8.239438
Algoritmos y Programación,2526-3,1,anon_142,6,31,0.0,0.09411538
Algoritmos y Programación,2526-3,1,anon_143,6,31,15.0,12.170269
Algoritmos y Programación,2526-3,1,anon_144,6,31,3.0,0.1726377
Algoritmos y Programación,2526-3,1,anon_145,6,31,20.0,22.30435
Algoritmos y Programación,2526-3,1,anon_146,6,31,7.0,1.4134064
Algoritmos y Programación,2526-3,1,anon_147,6,31,6.0,0.29393804
Algoritmos y Programación,2425-2,1,anon_001,8,31,2.0,3.3278959
Algoritmos y Programación,2425-2,1,anon_002,8,31,2.0,1.264081
Algoritmos y Programación,2425-2,1,anon_003,8,31,17.0,16.634857
Algoritmos y Programación,2425-2,1,anon_004,8,31,2.0,3.2823074
Algoritmos y Programación,2425-2,1,anon_005,8,31,10.0,11.529357
Algoritmos y Programación,2425-2,1,anon_006,8,31,0.0,1.1952754
Algoritmos y Programación,2425-2,1,anon_007,8,31,0.0,1.177137
Algoritmos y Programación,2425-2,1,anon_008,8,31,16.0,16.564114
Algoritmos y Programación,2425-2,1,anon_009,8,31,9.0,7.2857113
Algoritmos y Programación,2425-2,1,anon_010,8,31,22.0,21.613659
Algoritmos y Programación,2425-2,1,anon_011,8,31,6.0,7.285928
Algoritmos y Programación,2425-2,1,anon_012,8,31,0.0,1.0844874
Algoritmos y Programación,2425-2,1,anon_013,8,31,0.0,1.0659904
Algoritmos y Programación,2425-2,1,anon_014,8,31,23.0,23.642593
Algoritmos y Programación,2425-2,1,anon_015,8,31,24.0,23.632187
Algoritmos y Programación,2425-2,1,anon_016,8,31,1.0,1.8061886
Algoritmos y Programación,2425-2,1,anon_017,8,31,1.0,2.0377426
Algoritmos y Programación,2425-2,1,anon_018,8,31,17.0,16.490324
Algoritmos y Programación,2425-2,1,anon_019,8,31,0.0,0.95883906
Algoritmos y Programación,2425-2,1,anon_020,8,31,24.0,23.615925
Algoritmos y Programación,2425-2,1,anon_021,8,31,4.0,4.9767637
Algoritmos y Programación,2425-2,1,anon_022,8,31,2.0,3.0357423
Algoritmos y Programación,2425-2,1,anon_023,8,31,19.0,19.537022
Algoritmos y Programación,2425-2,1,anon_024,8,31,7.0,7.047258
Algoritmos y Programación,2425-2,1,anon_025,8,31,5.0,6.123526
Algoritmos y Programación,2425-2,1,anon_026,8,31,0.0,0.85390127
Algoritmos y Programación,2425-2,1,anon_027,8,31,10.0,10.037482
Algoritmos y Programación,2425-2,1,anon_028,8,31,18.0,18.479652
Algoritmos y Programación,2425-2,1,anon_029,8,31,0.0,0.8215928
Algoritmos y Programación,2425-2,1,anon_030,8,31,15.0,14.340153
Algoritmos y Programación,2425-2,2,anon_031,8,31,1.0,2.1000159
Algoritmos y Programación,2425-2,2,anon_032,8,31,3.0,4.193508
Algoritmos y Programación,2425-2,2,anon_033,8,31,20.0,21.478783
Algoritmos y Programación,2425-2,2,anon_034,8,31,4.0,5.123295
Algoritmos y Programación,2425-2,2,anon_035,8,31,2.0,3.1298196
Algoritmos y Programación,2425-2,2,anon_036,8,31,8.0,9.113494
Algoritmos y Programación,2425-2,2,anon_037,8,31,0.0,1.0184382
Algoritmos y Programación,2425-2,2,anon_038,8,31,1.0,1.8765243
Algoritmos y Programación,2425-2,2,anon_039,8,31,7.0,8.182889
Algoritmos y Programación,2425-2,2,anon_040,8,31,2.0,0.79580665
Algoritmos y Programación,2425-2,2,anon_041,8,31,0.0,0.84977007
Algoritmos y Programación,2425-2,2,anon_042,8,31,8.0,8.090701
Algoritmos y Programación,2425-2,2,anon_043,8,31,9.0,10.178677
Algoritmos y Programación,2425-2,2,anon_044,8,31,13.0,13.248241
Algoritmos y Programación,2425-2,2,anon_045,8,31,10.0,10.91848
Algoritmos y Programación,2425-2,2,anon_046,8,31,0.0,0.7501651
Algoritmos y Programación,2425-2,2,anon_047,8,31,5.0,6.0550723
Algoritmos y Programación,2425-2,2,anon_048,8,31,3.0,3.8057575
Algoritmos y Programación,2425-2,2,anon_049,8,31,1.0,1.7443894
Algoritmos y Programación,2425-2,2,anon_050,8,31,3.0,3.7961485
Algoritmos y Programación,2425-2,2,anon_051,8,31,2.0,0.67587495
Algoritmos y Programación,2425-2,2,anon_052,8,31,17.0,16.411316
Algoritmos y Programación,2425-2,2,anon_053,8,31,3.0,2.8194513
Algoritmos y Programación,2425-2,2,anon_054,8,31,3.0,3.8424487
Algoritmos y Programación,2425-2,2,anon_055,8,31,10.0,10.146299
Algoritmos y Programación,2425-2,2,anon_056,8,31,0.0,0.6224823
Algoritmos y Programación,2425-2,2,anon_057,8,31,11.0,11.734907
Algoritmos y Programación,2425-2,2,anon_058,8,31,0.0,0.60612345
Algoritmos y Programación,2425-2,2,anon_059,8,31,5.0,4.6061735
Algoritmos y Programación,2425-2,2,anon_060,8,31,2.0,2.6330953
Algoritmos y Programación,2526-1,1,anon_061,8,31,9.0,8.115971
Algoritmos y Programación,2526-1,1,anon_062,8,31,13.0,8.096753
Algoritmos y Programación,2526-1,1,anon_063,8,31,15.0,11.125534
Algoritmos y Programación,2526-1,1,anon_064,8,31,2.0,2.037499
Algoritmos y Programación,2526-1,1,anon_065,8,31,9.0,7.0713077
Algoritmos y Programación,2526-1,1,anon_066,8,31,2.0,3.0279467
Algoritmos y Programación,2526-1,1,anon_067,8,31,11.0,9.073571
Algoritmos y Programación,2526-1,1,anon_068,8,31,1.0,2.057929
Algoritmos y Programación,2526-1,1,anon_069,8,31,12.0,10.056288
Algoritmos y Programación,2526-1,1,anon_070,8,31,5.0,6.0204167
Algoritmos y Programación,2526-1,1,anon_071,8,31,1.0,1.9889159
Algoritmos y Programación,2526-1,1,anon_072,8,31,1.0,2.011084
Algoritmos y Programación,2526-1,1,anon_073,8,31,1.0,1.9746773
Algoritmos y Programación,2526-1,1,anon_074,8,31,8.0,3.9797401
Algoritmos y Programación,2526-1,1,anon_075,8,31,2.0,2.0221589
Algoritmos y Programación,2526-1,1,anon_076,8,31,4.0,3.994157
Algoritmos y Programación,2526-1,1,anon_077,8,31,1.0,1.945992
Algoritmos y Programación,2526-1,1,anon_078,8,31,2.0,2.942845
Algoritmos y Programación,2526-1,1,anon_079,8,31,0.0,0.9883659
Algoritmos y Programación,2526-1,1,anon_080,8,31,10.0,5.941382
Algoritmos y Programación,2526-1,1,anon_081,8,31,1.0,1.9174469
Algoritmos y Programación,2526-1,1,anon_082,8,31,0.0,0.96923506
Algoritmos y Programación,2526-1,1,anon_083,8,31,7.0,6.9372373
Algoritmos y Programación,2526-1,1,anon_084,8,31,1.0,1.8967307
Algoritmos y Programación,2526-1,1,anon_085,8,31,0.0,0.9112295
Algoritmos y Programación,2526-1,1,anon_086,8,31,1.0,1.8835905
Algoritmos y Programación,2526-1,1,anon_087,8,31,1.0,1.8772943
Algoritmos y Programación,2526-2,1,anon_088,8,31,0.0,1.2419376
Algoritmos y Programación,2526-2,1,anon_089,8,31,4.0,4.285693
Algoritmos y Programación,2526-2,1,anon_090,8,31,0.0,1.2169684
Algoritmos y Programación,2526-2,1,anon_091,8,31,10.0,11.426413
Algoritmos y Programación,2526-2,1,anon_092,8,31,0.0,1.1899099
Algoritmos y Programación,2526-2,1,anon_093,8,31,1.0,2.1999812
Algoritmos y Programación,2526-2,1,anon_094,8,31,5.0,5.250285
Algoritmos y Programación,2526-2,1,anon_095,8,31,0.0,1.145949
Algoritmos y Programación,2526-2,1,anon_096,8,31,1.0,2.091633
Algoritmos y Programación,2526-2,1,anon_097,8,31,0.0,1.114895
Algoritmos y Programación,2526-2,1,anon_098,8,31,3.0,2.1210532
Algoritmos y Programación,2526-2,1,anon_099,8,31,0.0,0.9219197
Algoritmos y Programación,2526-2,1,anon_100,8,31,0.0,1.0666363
Algoritmos y Programación,2526-2,1,anon_101,8,31,1.0,1.9936664
Algoritmos y Programación,2526-2,1,anon_102,8,31,2.0,2.0687194
Algoritmos y Programación,2526-2,1,anon_103,8,31,0.0,0.926381
Algoritmos y Programación,2526-2,1,anon_104,8,31,0.0,0.80836725
Algoritmos y Programación,2526-2,1,anon_105,8,31,5.0,5.111888
Algoritmos y Programación,2526-2,1,anon_106,8,31,1.0,1.9962816
Algoritmos y Programación,2526-2,1,anon_107,8,31,5.0,6.0217695
Algoritmos y Programación,2526-2,1,anon_108,8,31,1.0,0.93563503
Algoritmos y Programación,2526-2,1,anon_109,8,31,5.0,6.1029367
Algoritmos y Programación,2526-2,1,anon_110,8,31,2.0,2.9783401
Algoritmos y Programación,2526-2,1,anon_111,8,31,2.0,1.9275746
Algoritmos y Programación,2526-2,1,anon_112,8,31,2.0,2.938853
Algoritmos y Programación,2526-2,1,anon_113,8,31,0.0,0.7340452
Algoritmos y Programación,2526-2,1,anon_114,8,31,4.0,4.9920454
Algoritmos y Programación,2526-2,1,anon_115,8,31,1.0,1.8649755
Algoritmos y Programación,2526-2,1,anon_116,8,31,2.0,1.8529192
Algoritmos y Programación,2526-2,1,anon_117,8,31,1.0,0.8099766
Algoritmos y Programación,2526-3,1,anon_118,8,31,8.0,6.782742
Algoritmos y Programación,2526-3,1,anon_119,8,31,0.0,0.33800212
Algoritmos y Programación,2526-3,1,anon_120,8,31,0.0,0.32792
Algoritmos y Programación,2526-3,1,anon_121,8,31,2.0,0.31510597
Algoritmos y Programación,2526-3,1,anon_122,8,31,5.0,2.4688058
Algoritmos y Programación,2526-3,1,anon_123,8,31,4.0,2.4176934
Algoritmos y Programación,2526-3,1,anon_124,8,31,3.0,1.3660529
Algoritmos y Programación,2526-3,1,anon_125,8,31,1.0,1.3598374
Algoritmos y Programación,2526-3,1,anon_126,8,31,5.0,2.4182174
Algoritmos y Programación,2526-3,1,anon_127,8,31,8.0,6.8839407
Algoritmos y Programación,2526-3,1,anon_128,8,31,2.0,2.4403234
Algoritmos y Programación,2526-3,1,anon_129,8,31,5.0,3.5467875
Algoritmos y Programación,2526-3,1,anon_130,8,31,1.0,1.3406975
Algoritmos y Programación,2526-3,1,anon_131,8,31,5.0,3.5430999
Algoritmos y Programación,2526-3,1,anon_132,8,31,8.0,6.876335
Algoritmos y Programación,2526-3,1,anon_133,8,31,13.0,10.644318
Algoritmos y Programación,2526-3,1,anon_134,8,31,10.0,5.6953855
Algoritmos y Programación,2526-3,1,anon_135,8,31,7.0,4.375199
Algoritmos y Programación,2526-3,1,anon_136,8,31,0.0,0.19571322
Algoritmos y Programación,2526-3,1,anon_137,8,31,4.0,4.653582
Algoritmos y Programación,2526-3,1,anon_138,8,31,4.0,1.3420365
Algoritmos y Programación,2526-3,1,anon_139,8,31,3.0,3.2917423
Algoritmos y Programación,2526-3,1,anon_140,8,31,10.0,7.7624154
Algoritmos y Programación,2526-3,1,anon_141,8,31,11.0,9.976945
Algoritmos y Programación,2526-3,1,anon_142,8,31,0.0,0.27395368
Algoritmos y Programación,2526-3,1,anon_143,8,31,15.0,12.301228
Algoritmos y Programación,2526-3,1,anon_144,8,31,3.0,1.3312547
Algoritmos y Programación,2526-3,1,anon_145,8,31,20.0,19.731272
Algoritmos y Programación,2526-3,1,anon_146,8,31,7.0,3.4740427
Algoritmos y Programación,2526-3,1,anon_147,8,31,6.0,3.3695917
Computación Emergente,2425-3,1,anon_148,4,31,1.0,1.6906269
Computación Emergente,2425-3,1,anon_149,4,31,5.0,1.6551876
Computación Emergente,2425-3,1,anon_150,4,31,4.0,1.6201113
Computación Emergente,2425-3,1,anon_151,4,31,1.0,1.0574373
Computación Emergente,2425-3,1,anon_152,4,31,4.0,1.0169861
Computación Emergente,2425-3,1,anon_153,4,31,0.0,0.97719836
Computación Emergente,2425-3,1,anon_154,4,31,0.0,0.93811905
Computación Emergente,2425-3,1,anon_155,4,31,5.0,2.7677064
Computación Emergente,2425-3,1,anon_156,4,31,0.0,1.4180611
Computación Emergente,2425-3,1,anon_157,4,31,2.0,1.3859
Computación Emergente,2425-3,1,anon_158,4,31,0.0,1.3542018
Computación Emergente,2425-3,1,anon_159,4,31,1.0,1.3229777
Computación Emergente,2425-3,1,anon_160,4,31,1.0,0.72068524
Computación Emergente,2425-3,1,anon_161,4,31,0.0,0.68758476
Computación Emergente,2425-3,1,anon_162,4,31,0.0,1.8726823
Computación Emergente,2425-3,1,anon_163,4,31,0.0,1.8576528
Computación Emergente,2425-3,1,anon_164,4,31,5.0,3.7106512
Computación Emergente,2425-3,1,anon_165,4,31,6.0,2.360793
Computación Emergente,2425-3,1,anon_166,4,31,2.0,1.1187829
Computación Emergente,2425-3,1,anon_167,4,31,0.0,1.798102
Computación Emergente,2425-3,1,anon_168,4,31,5.0,3.0636554
Computación Emergente,2425-3,1,anon_169,4,31,0.0,1.0397831
Computación Emergente,2425-3,1,anon_170,4,31,0.0,1.7531233
Computación Emergente,2425-3,1,anon_171,4,31,3.0,2.1864386
Computación Emergente,2425-3,1,anon_172,4,31,0.0,0.96646917
Computación Emergente,2425-3,1,anon_173,4,31,6.0,3.4320982
Computación Emergente,2425-3,1,anon_174,4,31,6.0,2.8671558
Computación Emergente,2425-3,1,anon_175,4,31,0.0,0.32705832
Computación Emergente,2425-3,1,anon_176,4,31,6.0,3.348271
Computación Emergente,2425-3,1,anon_177,4,31,3.0,0.2903819
Computación Emergente,2425-3,1,anon_178,4,31,3.0,1.6272905
Computación Emergente,2425-3,1,anon_179,4,31,0.0,0.8187624
Computación Emergente,2425-3,1,anon_180,4,31,0.0,0.8003328
Computación Emergente,2425-3,1,anon_181,4,31,3.0,0.7825521
Computación Emergente,2425-3,1,anon_182,4,31,4.0,0.76540995
Computación Emergente,2425-3,1,anon_183,4,31,7.0,3.1740134
Computación Emergente,2425-3,1,anon_184,4,31,1.0,0.18578422
Computación Emergente,2425-3,1,anon_185,4,31,0.0,0.17353511
Computación Emergente,2425-3,2,anon_185,4,31,0.0,-0.013078213
Computación Emergente,2425-3,2,anon_186,4,31,0.0,0.89782894
Computación Emergente,2425-3,2,anon_187,4,31,7.0,4.374921
Computación Emergente,2425-3,2,anon_188,4,31,0.0,0.81067276
Computación Emergente,2425-3,2,anon_189,4,31,2.0,1.2640874
Computación Emergente,2425-3,2,anon_190,4,31,0.0,0.7271954
Computación Emergente,2425-3,2,anon_191,4,31,0.0,0.6869718
Computación Emergente,2425-3,2,anon_192,4,31,5.0,3.0967512
Computación Emergente,2425-3,2,anon_193,4,31,0.0,1.1072363
Computación Emergente,2425-3,2,anon_194,4,31,1.0,0.5728378
Computación Emergente,2425-3,2,anon_195,4,31,0.0,0.53706145
Computación Emergente,2425-3,2,anon_196,4,31,1.0,0.5024456
Computación Emergente,2425-3,2,anon_197,4,31,0.0,0.468997
Computación Emergente,2425-3,2,anon_198,4,31,2.0,0.43671536
Computación Emergente,2425-3,2,anon_199,4,31,1.0,2.1511776
Computación Emergente,2425-3,2,anon_200,4,31,4.0,3.33394
Computación Emergente,2425-3,2,anon_201,4,31,0.0,0.83872724
Computación Emergente,2425-3,2,anon_202,4,31,1.0,0.8095319
Computación Emergente,2425-3,2,anon_203,4,31,0.0,0.29250097
Computación Emergente,2425-3,2,anon_204,4,31,3.0,3.21836
Computación Emergente,2425-3,2,anon_205,4,31,0.0,0.72754955
Computación Emergente,2425-3,2,anon_206,4,31,1.0,1.3766814
Computación Emergente,2425-3,2,anon_207,4,31,0.0,0.19671392
Computación Emergente,2425-3,2,anon_208,4,31,1.0,1.3269154
Computación Emergente,2425-3,2,anon_209,4,31,1.0,0.6307657
Computación Emergente,2425-3,2,anon_210,4,31,0.0,0.6087135
Computación Emergente,2425-3,2,anon_211,4,31,0.0,0.587494
Computación Emergente,2425-3,2,anon_212,4,31,0.0,0.099059105
Computación Emergente,2425-3,2,anon_213,4,31,1.0,1.2575699
Computación Emergente,2425-3,2,anon_214,4,31,0.0,0.06624913
Computación Emergente,2425-3,2,anon_215,4,31,0.0,0.051091313
Computación Emergente,2425-3,2,anon_216,4,31,1.0,1.6865424
Computación Emergente,2425-3,2,anon_217,4,31,0.0,0.023161888
Computación Emergente,2425-3,2,anon_218,4,31,1.0,1.137572
Computación Emergente,2425-3,2,anon_219,4,31,2.0,-0.0017251968
Computación Emergente,2526-1,1,anon_174,4,31,0.0,3.1335492
Computación Emergente,2526-1,1,anon_205,4,31,0.0,2.5288363
Computación Emergente,2526-1,1,anon_212,4,31,1.0,3.0145478
Computación Emergente,2526-1,1,anon_220,4,31,1.0,3.8912377
Computación Emergente,2526-1,1,anon_221,4,31,13.0,10.163399
Computación Emergente,2526-1,1,anon_222,4,31,1.0,3.7421026
Computación Emergente,2526-1,1,anon_223,4,31,3.0,3.7454567
Computación Emergente,2526-1,1,anon_224,4,31,8.0,10.148491
Computación Emergente,2526-1,1,anon_225,4,31,1.0,4.3017664
Computación Emergente,2526-1,1,anon_226,4,31,5.0,4.7384753
Computación Emergente,2526-1,1,anon_227,4,31,4.0,5.93038
Computación Emergente,2526-1,1,anon_228,4,31,15.0,11.251317
Computación Emergente,2526-1,1,anon_229,4,31,1.0,2.259084
Computación Emergente,2526-1,1,anon_230,4,31,1.0,3.5324793
Computación Emergente,2526-1,1,anon_231,4,31,4.0,7.114377
Computación Emergente,2526-1,1,anon_232,4,31,8.0,8.443003
Computación Emergente,2526-1,1,anon_233,4,31,0.0,2.6314027
Computación Emergente,2526-1,1,anon_234,4,31,5.0,8.229954
Computación Emergente,2526-1,1,anon_235,4,31,13.0,6.6744742
Computación Emergente,2526-1,1,anon_236,4,31,2.0,2.4631362
Computación Emergente,2526-1,1,anon_237,4,31,13.0,9.05618
Computación Emergente,2526-1,1,anon_238,4,31,0.0,1.9525768
Computación Emergente,2526-1,1,anon_239,4,31,1.0,3.5765586
Computación Emergente,2526-1,1,anon_240,4,31,0.0,1.9057715
Computación Emergente,2526-1,1,anon_241,4,31,0.0,2.309166
Computación Emergente,2526-1,1,anon_242,4,31,1.0,3.4687293
Computación Emergente,2526-1,1,anon_243,4,31,0.0,2.2243319
Computación Emergente,2526-1,1,anon_244,4,31,0.0,1.8010528
Computación Emergente,2526-2,1,anon_174,4,31,0.0,2.0436034
Computación Emergente,2526-2,1,anon_222,4,31,0.0,2.0478861
Computación Emergente,2526-2,1,anon_244,4,31,0.0,0.81791687
Computación Emergente,2526-2,1,anon_245,4,31,1.0,4.594205
Computación Emergente,2526-2,1,anon_246,4,31,0.0,2.0901263
Computación Emergente,2526-2,1,anon_247,4,31,6.0,5.8231163
Computación Emergente,2526-2,1,anon_248,4,31,0.0,1.96189
Computación Emergente,2526-2,1,anon_249,4,31,0.0,1.9182204
Computación Emergente,2526-2,1,anon_250,4,31,10.0,9.849079
Computación Emergente,2526-2,1,anon_251,4,31,2.0,5.793659
Computación Emergente,2526-2,1,anon_252,4,31,9.0,11.295341
Computación Emergente,2526-2,1,anon_253,4,31,0.0,1.740279
Computación Emergente,2526-2,1,anon_254,4,31,0.0,2.6518161
Computación Emergente,2526-2,1,anon_255,4,31,0.0,2.6059043
Computación Emergente,2526-2,1,anon_256,4,31,0.0,1.6051391
Computación Emergente,2526-2,1,anon_257,4,31,4.0,5.5408325
Computación Emergente,2526-2,1,anon_258,4,31,1.0,2.4663146
Computación Emergente,2526-2,1,anon_259,4,31,0.0,2.4193537
Computación Emergente,2526-2,1,anon_260,4,31,5.0,6.787301
Computación Emergente,2526-2,1,anon_261,4,31,0.0,1.3824866
Computación Emergente,2526-2,1,anon_262,4,31,1.0,2.7099185
Computación Emergente,2526-2,1,anon_263,4,31,0.0,1.2961541
Computación Emergente,2526-2,1,anon_264,4,31,0.0,1.253885
Computación Emergente,2526-2,1,anon_265,4,31,1.0,2.4952502
Computación Emergente,2526-2,1,anon_266,4,31,1.0,3.6963606
Computación Emergente,2526-2,1,anon_267,4,31,0.0,1.9973917
Computación Emergente,2526-2,1,anon_268,4,31,1.0,2.392767
Computación Emergente,2526-2,1,anon_269,4,31,0.0,1.9060202
Computación Emergente,2526-2,1,anon_270,4,31,0.0,1.8609605
Computación Emergente,2526-2,1,anon_271,4,31,0.0,0.9462284
Computación Emergente,2526-2,1,anon_272,4,31,0.0,1.7723473
Computación Emergente,2526-2,1,anon_273,4,31,0.0,0.87972605
Computación Emergente,2526-2,1,anon_274,4,31,0.0,0.848228
Computación Emergente,2526-2,1,anon_275,4,31,2.0,4.591074
Computación Emergente,2526-2,1,anon_276,4,31,3.0,4.725068
Computación Emergente,2526-2,1,anon_277,4,31,1.0,2.0149026
Computación Emergente,2526-2,1,anon_278,4,31,0.0,1.4836518
Computación Emergente,2526-2,1,anon_279,4,31,12.0,7.3775625
Computación Emergente,2526-2,1,anon_280,4,31,1.0,2.7526736
Computación Emergente,2526-2,1,anon_281,4,31,3.0,2.6034179
Computación Emergente,2526-2,1,anon_282,4,31,0.0,1.3388959
Computación Emergente,2526-3,1,anon_174,4,31,0.0,0.10457051
Computación Emergente,2526-3,1,anon_283,4,31,3.0,2.7073712
Computación Emergente,2526-3,1,anon_284,4,31,21.0,17.3029
Computación Emergente,2526-3,1,anon_285,4,31,30.0,18.192476
Computación Emergente,2526-3,1,anon_286,4,31,18.0,15.915845
Computación Emergente,2526-3,1,anon_287,4,31,23.0,21.979282
Computación Emergente,2526-3,1,anon_288,4,31,24.0,15.631755
Computación Emergente,2526-3,1,anon_289,4,31,0.0,0.21693772
Computación Emergente,2526-3,1,anon_290,4,31,5.0,7.5446053
Computación Emergente,2526-3,1,anon_291,4,31,0.0,0.21324354
Computación Emergente,2526-3,1,anon_292,4,31,6.0,7.406682
Computación Emergente,2526-3,1,anon_293,4,31,0.0,0.16411722
Computación Emergente,2526-3,1,anon_294,4,31,0.0,0.15548265
Computación Emergente,2526-3,1,anon_295,4,31,3.0,0.18926048
Computación Emergente,2526-3,1,anon_296,4,31,0.0,0.1398853
Computación Emergente,2526-3,1,anon_297,4,31,16.0,15.999428
Computación Emergente,2526-3,1,anon_298,4,31,6.0,10.11321
Computación Emergente,2526-3,1,anon_299,4,31,0.0,0.121107936
Computación Emergente,2526-3,1,anon_300,4,31,27.0,21.160254
Computación Emergente,2526-3,1,anon_301,4,31,12.0,8.981982
Computación Emergente,2526-3,1,anon_302,4,31,0.0,0.10459292
Computación Emergente,2526-3,1,anon_303,4,31,9.0,11.8990755
Computación Emergente,2526-3,1,anon_304,4,31,0.0,0.18536663
Computación Emergente,2526-3,1,anon_305,4,31,12.0,18.065413
Computación Emergente,2526-3,1,anon_306,4,31,11.0,6.394225
Computación Emergente,2526-3,1,anon_307,4,31,0.0,0.10803378
Computación Emergente,2526-3,1,anon_308,4,31,9.0,13.801722
Computación Emergente,2526-3,1,anon_309,4,31,2.0,0.11662114
Computación Emergente,2526-3,1,anon_310,4,31,8.0,15.944814
Computación Emergente,2526-3,1,anon_311,4,31,0.0,0.13049078
Computación Emergente,2526-3,1,anon_312,4,31,7.0,8.242403
Computación Emergente,2526-3,1,anon_313,4,31,1.0,1.7705889
Computación Emergente,2526-3,1,anon_314,4,31,1.0,1.1822045
Computación Emergente,2526-3,1,anon_315,4,31,1.0,1.4718244
Computación Emergente,2526-3,1,anon_316,4,31,11.0,15.116578
Computación Emergente,2526-3,1,anon_317,4,31,0.0,0.35348666
Computación Emergente,2526-3,1,anon_318,4,31,0.0,0.09870851
Computación Emergente,2526-3,1,anon_319,4,31,22.0,9.93737
Computación Emergente,2526-3,1,anon_320,4,31,3.0,1.284185
Computación Emergente,2526-3,1,anon_321,4,31,3.0,7.0086966
Computación Emergente,2425-3,1,anon_148,6,31,1.0,2.5036306
Computación Emergente,2425-3,1,anon_149,6,31,5.0,2.4550638
Computación Emergente,2425-3,1,anon_150,6,31,4.0,2.4067092
Computación Emergente,2425-3,1,anon_151,6,31,1.0,0.6808911
Computación Emergente,2425-3,1,anon_152,6,31,4.0,1.7443196
Computación Emergente,2425-3,1,anon_153,6,31,0.0,0.5863328
Computación Emergente,2425-3,1,anon_154,6,31,0.0,0.5405961
Computación Emergente,2425-3,1,anon_155,6,31,5.0,3.4465709
Computación Emergente,2425-3,1,anon_156,6,31,0.0,0.996537
Computación Emergente,2425-3,1,anon_157,6,31,2.0,0.95394033
Computación Emergente,2425-3,1,anon_158,6,31,0.0,0.91208905
Computación Emergente,2425-3,1,anon_159,6,31,1.0,1.990694
Computación Emergente,2425-3,1,anon_160,6,31,1.0,1.3818438
Computación Emergente,2425-3,1,anon_161,6,31,0.0,0.25426412
Computación Emergente,2425-3,1,anon_162,6,31,0.0,1.4648573
Computación Emergente,2425-3,1,anon_163,6,31,0.0,1.4436492
Computación Emergente,2425-3,1,anon_164,6,31,5.0,4.3222218
Computación Emergente,2425-3,1,anon_165,6,31,6.0,2.9985363
Computación Emergente,2425-3,1,anon_166,6,31,2.0,0.60903263
Computación Emergente,2425-3,1,anon_167,6,31,0.0,1.3588265
Computación Emergente,2425-3,1,anon_168,6,31,5.0,3.6731362
Computación Emergente,2425-3,1,anon_169,6,31,0.0,0.5121902
Computación Emergente,2425-3,1,anon_170,6,31,0.0,1.2942611
Computación Emergente,2425-3,1,anon_171,6,31,3.0,2.7676756
Computación Emergente,2425-3,1,anon_172,6,31,0.0,0.42540658
Computación Emergente,2425-3,1,anon_173,6,31,6.0,3.9545946
Computación Emergente,2425-3,1,anon_174,6,31,6.0,3.5086732
Computación Emergente,2425-3,1,anon_175,6,31,0.0,-0.13080263
Computación Emergente,2425-3,1,anon_176,6,31,6.0,3.8525164
Computación Emergente,2425-3,1,anon_177,6,31,3.0,-0.16777456
Computación Emergente,2425-3,1,anon_178,6,31,3.0,2.1865575
Computación Emergente,2425-3,1,anon_179,6,31,0.0,0.26187515
Computación Emergente,2425-3,1,anon_180,6,31,0.0,0.24277365
Computación Emergente,2425-3,1,anon_181,6,31,3.0,0.22467864
Computación Emergente,2425-3,1,anon_182,6,31,4.0,0.20756733
Computación Emergente,2425-3,1,anon_183,6,31,7.0,3.6575541
Computación Emergente,2425-3,1,anon_184,6,31,1.0,0.7752683
Computación Emergente,2425-3,1,anon_185,6,31,0.0,-0.27997303
Computación Emergente,2425-3,2,anon_185,6,31,0.0,-0.48030424
Computación Emergente,2425-3,2,anon_186,6,31,0.0,0.48827684
Computación Emergente,2425-3,2,anon_187,6,31,7.0,6.3850975
Computación Emergente,2425-3,2,anon_188,6,31,0.0,0.38509178
Computación Emergente,2425-3,2,anon_189,6,31,2.0,1.9445734
Computación Emergente,2425-3,2,anon_190,6,31,0.0,0.28704357
Computación Emergente,2425-3,2,anon_191,6,31,0.0,0.24014592
Computación Emergente,2425-3,2,anon_192,6,31,5.0,3.6637998
Computación Emergente,2425-3,2,anon_193,6,31,0.0,0.60638213
Computación Emergente,2425-3,2,anon_194,6,31,1.0,0.10866678
Computación Emergente,2425-3,2,anon_195,6,31,0.0,0.06804812
Computación Emergente,2425-3,2,anon_196,6,31,1.0,1.1079259
Computación Emergente,2425-3,2,anon_197,6,31,0.0,-0.008239031
Computación Emergente,2425-3,2,anon_198,6,31,2.0,-0.043895364
Computación Emergente,2425-3,2,anon_199,6,31,1.0,1.5713223
Computación Emergente,2425-3,2,anon_200,6,31,4.0,3.9591112
Computación Emergente,2425-3,2,anon_201,6,31,0.0,0.27321827
Computación Emergente,2425-3,2,anon_202,6,31,1.0,1.3860801
Computación Emergente,2425-3,2,anon_203,6,31,0.0,-0.19786978
Computación Emergente,2425-3,2,anon_204,6,31,3.0,2.599588
Computación Emergente,2425-3,2,anon_205,6,31,0.0,0.14563465
Computación Emergente,2425-3,2,anon_206,6,31,1.0,0.8598057
Computación Emergente,2425-3,2,anon_207,6,31,0.0,-0.2940309
Computación Emergente,2425-3,2,anon_208,6,31,1.0,0.812222
Computación Emergente,2425-3,2,anon_209,6,31,1.0,0.042515993
Computación Emergente,2425-3,2,anon_210,6,31,0.0,0.020300627
Computación Emergente,2425-3,2,anon_211,6,31,0.0,-0.00056529045
Computación Emergente,2425-3,2,anon_212,6,31,0.0,-0.38573003
Computación Emergente,2425-3,2,anon_213,6,31,1.0,0.7264068
Computación Emergente,2425-3,2,anon_214,6,31,0.0,-0.41484332
Computación Emergente,2425-3,2,anon_215,6,31,0.0,-0.42795038
Computación Emergente,2425-3,2,anon_216,6,31,1.0,1.0795361
Computación Emergente,2425-3,2,anon_217,6,31,0.0,-0.45144105
Computación Emergente,2425-3,2,anon_218,6,31,1.0,0.645766
Computación Emergente,2425-3,2,anon_219,6,31,2.0,-0.471498
Computación Emergente,2526-1,1,anon_174,6,31,0.0,2.8620725
Computación Emergente,2526-1,1,anon_205,6,31,0.0,2.4302435
Computación Emergente,2526-1,1,anon_212,6,31,1.0,3.125915
Computación Emergente,2526-1,1,anon_220,6,31,1.0,3.4858155
Computación Emergente,2526-1,1,anon_221,6,31,13.0,11.779339
Computación Emergente,2526-1,1,anon_222,6,31,1.0,3.4458132
Computación Emergente,2526-1,1,anon_223,6,31,3.0,5.750195
Computación Emergente,2526-1,1,anon_224,6,31,8.0,10.408472
Computación Emergente,2526-1,1,anon_225,6,31,1.0,3.827831
Computación Emergente,2526-1,1,anon_226,6,31,5.0,5.680362
Computación Emergente,2526-1,1,anon_227,6,31,4.0,5.7029443
Computación Emergente,2526-1,1,anon_228,6,31,15.0,13.954582
Computación Emergente,2526-1,1,anon_229,6,31,1.0,3.2496912
Computación Emergente,2526-1,1,anon_230,6,31,1.0,3.294802
Computación Emergente,2526-1,1,anon_231,6,31,4.0,6.640129
Computación Emergente,2526-1,1,anon_232,6,31,8.0,11.372843
Computación Emergente,2526-1,1,anon_233,6,31,0.0,2.474393
Computación Emergente,2526-1,1,anon_234,6,31,5.0,7.843066
Computación Emergente,2526-1,1,anon_235,6,31,13.0,8.68981
Computación Emergente,2526-1,1,anon_236,6,31,2.0,2.402811
Computación Emergente,2526-1,1,anon_237,6,31,13.0,10.973757
Computación Emergente,2526-1,1,anon_238,6,31,0.0,2.00698
Computación Emergente,2526-1,1,anon_239,6,31,1.0,3.5323539
Computación Emergente,2526-1,1,anon_240,6,31,0.0,1.9933873
Computación Emergente,2526-1,1,anon_241,6,31,0.0,2.339623
Computación Emergente,2526-1,1,anon_242,6,31,1.0,3.482791
Computación Emergente,2526-1,1,anon_243,6,31,0.0,2.3043866
Computación Emergente,2526-1,1,anon_244,6,31,0.0,1.9695687
Computación Emergente,2526-2,1,anon_174,6,31,0.0,1.2066716
Computación Emergente,2526-2,1,anon_222,6,31,0.0,1.1268814
Computación Emergente,2526-2,1,anon_244,6,31,0.0,0.18269384
Computación Emergente,2526-2,1,anon_245,6,31,1.0,3.533019
Computación Emergente,2526-2,1,anon_246,6,31,0.0,1.1645579
Computación Emergente,2526-2,1,anon_247,6,31,6.0,6.347882
Computación Emergente,2526-2,1,anon_248,6,31,0.0,1.0510643
Computación Emergente,2526-2,1,anon_249,6,31,0.0,1.013021
Computación Emergente,2526-2,1,anon_250,6,31,10.0,10.786335
Computación Emergente,2526-2,1,anon_251,6,31,2.0,4.818453
Computación Emergente,2526-2,1,anon_252,6,31,9.0,12.267826
Computación Emergente,2526-2,1,anon_253,6,31,0.0,0.8612525
Computación Emergente,2526-2,1,anon_254,6,31,0.0,1.6670144
Computación Emergente,2526-2,1,anon_255,6,31,0.0,1.6281614
Computación Emergente,2526-2,1,anon_256,6,31,0.0,0.7496038
Computación Emergente,2526-2,1,anon_257,6,31,4.0,6.067285
Computación Emergente,2526-2,1,anon_258,6,31,1.0,2.7705154
Computación Emergente,2526-2,1,anon_259,6,31,0.0,1.4775417
Computación Emergente,2526-2,1,anon_260,6,31,5.0,6.0348473
Computación Emergente,2526-2,1,anon_261,6,31,0.0,0.5729625
Computación Emergente,2526-2,1,anon_262,6,31,1.0,1.8357053
Computación Emergente,2526-2,1,anon_263,6,31,0.0,0.5071262
Computación Emergente,2526-2,1,anon_264,6,31,0.0,0.4754852
Computación Emergente,2526-2,1,anon_265,6,31,1.0,1.7193084
Computación Emergente,2526-2,1,anon_266,6,31,1.0,2.723616
Computación Emergente,2526-2,1,anon_267,6,31,0.0,1.1760713
Computación Emergente,2526-2,1,anon_268,6,31,1.0,1.6050174
Computación Emergente,2526-2,1,anon_269,6,31,0.0,1.1171496
Computación Emergente,2526-2,1,anon_270,6,31,0.0,1.0888371
Computación Emergente,2526-2,1,anon_271,6,31,0.0,0.26013553
Computación Emergente,2526-2,1,anon_272,6,31,0.0,1.0345275
Computación Emergente,2526-2,1,anon_273,6,31,0.0,0.21859705
Computación Emergente,2526-2,1,anon_274,6,31,0.0,0.19992149
Computación Emergente,2526-2,1,anon_275,6,31,2.0,3.9182155
Computación Emergente,2526-2,1,anon_276,6,31,3.0,3.9901266
Computación Emergente,2526-2,1,anon_277,6,31,1.0,1.3719941
Computación Emergente,2526-2,1,anon_278,6,31,0.0,0.8694187
Computación Emergente,2526-2,1,anon_279,6,31,12.0,8.056795
Computación Emergente,2526-2,1,anon_280,6,31,1.0,2.2540843
Computación Emergente,2526-2,1,anon_281,6,31,3.0,2.1041512
Computación Emergente,2526-2,1,anon_282,6,31,0.0,0.79395515
Computación Emergente,2526-3,1,anon_174,6,31,0.0,0.108020425
Computación Emergente,2526-3,1,anon_283,6,31,3.0,2.4836812
Computación Emergente,2526-3,1,anon_284,6,31,21.0,15.5917225
Computación Emergente,2526-3,1,anon_285,6,31,30.0,18.416285
Computación Emergente,2526-3,1,anon_286,6,31,18.0,13.205516
Computación Emergente,2526-3,1,anon_287,6,31,23.0,21.099077
Computación Emergente,2526-3,1,anon_288,6,31,24.0,13.666809
Computación Emergente,2526-3,1,anon_289,6,31,0.0,0.011832356
Computación Emergente,2526-3,1,anon_290,6,31,5.0,6.697239
Computación Emergente,2526-3,1,anon_291,6,31,0.0,0.38738215
Computación Emergente,2526-3,1,anon_292,6,31,6.0,7.6758013
Computación Emergente,2526-3,1,anon_293,6,31,0.0,0.12732893
Computación Emergente,2526-3,1,anon_294,6,31,0.0,0.123731434
Computación Emergente,2526-3,1,anon_295,6,31,3.0,0.40101427
Computación Emergente,2526-3,1,anon_296,6,31,0.0,0.117534935
Computación Emergente,2526-3,1,anon_297,6,31,16.0,13.793429
Computación Emergente,2526-3,1,anon_298,6,31,6.0,7.865244
Computación Emergente,2526-3,1,anon_299,6,31,0.0,0.11093742
Computación Emergente,2526-3,1,anon_300,6,31,27.0,20.235857
Computación Emergente,2526-3,1,anon_301,6,31,12.0,8.432992
Computación Emergente,2526-3,1,anon_302,6,31,0.0,-0.06603801
Computación Emergente,2526-3,1,anon_303,6,31,9.0,9.944488
Computación Emergente,2526-3,1,anon_304,6,31,0.0,0.48559988
Computación Emergente,2526-3,1,anon_305,6,31,12.0,15.32521
Computación Emergente,2526-3,1,anon_306,6,31,11.0,7.2261276
Computación Emergente,2526-3,1,anon_307,6,31,0.0,0.11397374
Computación Emergente,2526-3,1,anon_308,6,31,9.0,11.026895
Computación Emergente,2526-3,1,anon_309,6,31,2.0,0.12008083
Computación Emergente,2526-3,1,anon_310,6,31,8.0,12.641822
Computación Emergente,2526-3,1,anon_311,6,31,0.0,0.12850696
Computación Emergente,2526-3,1,anon_312,6,31,7.0,7.5099926
Computación Emergente,2526-3,1,anon_313,6,31,1.0,1.6794105
Computación Emergente,2526-3,1,anon_314,6,31,1.0,1.1607193
Computación Emergente,2526-3,1,anon_315,6,31,1.0,1.6236405
Computación Emergente,2526-3,1,anon_316,6,31,11.0,11.700059
Computación Emergente,2526-3,1,anon_317,6,31,0.0,0.7199283
Computación Emergente,2526-3,1,anon_318,6,31,0.0,-0.028216422
Computación Emergente,2526-3,1,anon_319,6,31,22.0,9.848955
Computación Emergente,2526-3,1,anon_320,6,31,3.0,1.237786
Computación Emergente,2526-3,1,anon_321,6,31,3.0,5.4353647
Computación Emergente,2425-3,1,anon_148,8,31,1.0,1.0236862
Computación Emergente,2425-3,1,anon_149,8,31,5.0,2.1191888
Computación Emergente,2425-3,1,anon_150,8,31,4.0,1.0211694
Computación Emergente,2425-3,1,anon_151,8,31,1.0,0.99669975
Computación Emergente,2425-3,1,anon_152,8,31,4.0,1.0020449
Computación Emergente,2425-3,1,anon_153,8,31,0.0,-0.088021636
Computación Emergente,2425-3,1,anon_154,8,31,0.0,-0.0863955
Computación Emergente,2425-3,1,anon_155,8,31,5.0,2.0532248
Computación Emergente,2425-3,1,anon_156,8,31,0.0,-0.042764902
Computación Emergente,2425-3,1,anon_157,8,31,2.0,-0.040040612
Computación Emergente,2425-3,1,anon_158,8,31,0.0,-0.03707379
Computación Emergente,2425-3,1,anon_159,8,31,1.0,1.0397999
Computación Emergente,2425-3,1,anon_160,8,31,1.0,1.0244191
Computación Emergente,2425-3,1,anon_161,8,31,0.0,-0.06684005
Computación Emergente,2425-3,1,anon_162,8,31,0.0,-0.04076475
Computación Emergente,2425-3,1,anon_163,8,31,0.0,-0.04017955
Computación Emergente,2425-3,1,anon_164,8,31,5.0,4.2597456
Computación Emergente,2425-3,1,anon_165,8,31,6.0,3.230642
Computación Emergente,2425-3,1,anon_166,8,31,2.0,1.0720321
Computación Emergente,2425-3,1,anon_167,8,31,0.0,-0.034081697
Computación Emergente,2425-3,1,anon_168,8,31,5.0,3.063304
Computación Emergente,2425-3,1,anon_169,8,31,0.0,0.006771505
Computación Emergente,2425-3,1,anon_170,8,31,0.0,-0.023364305
Computación Emergente,2425-3,1,anon_171,8,31,3.0,2.1794538
Computación Emergente,2425-3,1,anon_172,8,31,0.0,0.02016151
Computación Emergente,2425-3,1,anon_173,8,31,6.0,4.3786874
Computación Emergente,2425-3,1,anon_174,8,31,6.0,3.1500137
Computación Emergente,2425-3,1,anon_175,8,31,0.0,-0.010697305
Computación Emergente,2425-3,1,anon_176,8,31,6.0,4.4227467
Computación Emergente,2425-3,1,anon_177,8,31,3.0,-0.002090335
Computación Emergente,2425-3,1,anon_178,8,31,3.0,2.1748567
Computación Emergente,2425-3,1,anon_179,8,31,0.0,0.04917097
Computación Emergente,2425-3,1,anon_180,8,31,0.0,0.052991927
Computación Emergente,2425-3,1,anon_181,8,31,3.0,0.056741416
Computación Emergente,2425-3,1,anon_182,8,31,4.0,1.1661568
Computación Emergente,2425-3,1,anon_183,8,31,7.0,4.513789
Computación Emergente,2425-3,1,anon_184,8,31,1.0,1.1685433
Computación Emergente,2425-3,1,anon_185,8,31,0.0,0.034266293
Computación Emergente,2425-3,2,anon_185,8,31,0.0,-0.20199853
Computación Emergente,2425-3,2,anon_186,8,31,0.0,-0.2825746
Computación Emergente,2425-3,2,anon_187,8,31,7.0,5.1375155
Computación Emergente,2425-3,2,anon_188,8,31,0.0,-0.28270942
Computación Emergente,2425-3,2,anon_189,8,31,2.0,1.9796989
Computación Emergente,2425-3,2,anon_190,8,31,0.0,-0.28106004
Computación Emergente,2425-3,2,anon_191,8,31,0.0,-0.27961463
Computación Emergente,2425-3,2,anon_192,8,31,5.0,2.840969
Computación Emergente,2425-3,2,anon_193,8,31,0.0,-0.16784894
Computación Emergente,2425-3,2,anon_194,8,31,1.0,-0.27312273
Computación Emergente,2425-3,2,anon_195,8,31,0.0,-0.27035147
Computación Emergente,2425-3,2,anon_196,8,31,1.0,0.7922145
Computación Emergente,2425-3,2,anon_197,8,31,0.0,-0.26412982
Computación Emergente,2425-3,2,anon_198,8,31,2.0,0.79654235
Computación Emergente,2425-3,2,anon_199,8,31,1.0,0.87215835
Computación Emergente,2425-3,2,anon_200,8,31,4.0,2.9971395
Computación Emergente,2425-3,2,anon_201,8,31,0.0,-0.1559174
Computación Emergente,2425-3,2,anon_202,8,31,1.0,0.9085755
Computación Emergente,2425-3,2,anon_203,8,31,0.0,-0.24315792
Computación Emergente,2425-3,2,anon_204,8,31,3.0,1.9218502
Computación Emergente,2425-3,2,anon_205,8,31,0.0,-0.15163642
Computación Emergente,2425-3,2,anon_206,8,31,1.0,0.80586123
Computación Emergente,2425-3,2,anon_207,8,31,0.0,-0.23041451
Computación Emergente,2425-3,2,anon_208,8,31,1.0,0.81341016
Computación Emergente,2425-3,2,anon_209,8,31,1.0,0.9273708
Computación Emergente,2425-3,2,anon_210,8,31,0.0,-0.14775646
Computación Emergente,2425-3,2,anon_211,8,31,0.0,-0.14705378
Computación Emergente,2425-3,2,anon_212,8,31,0.0,-0.21802872
Computación Emergente,2425-3,2,anon_213,8,31,1.0,0.82020533
Computación Emergente,2425-3,2,anon_214,8,31,0.0,-0.21395165
Computación Emergente,2425-3,2,anon_215,8,31,0.0,-0.21200466
Computación Emergente,2425-3,2,anon_216,8,31,1.0,0.89926887
Computación Emergente,2425-3,2,anon_217,8,31,0.0,-0.2081446
Computación Emergente,2425-3,2,anon_218,8,31,1.0,0.8440138
Computación Emergente,2425-3,2,anon_219,8,31,2.0,0.8654409
Computación Emergente,2526-1,1,anon_174,8,31,0.0,1.8183345
Computación Emergente,2526-1,1,anon_205,8,31,0.0,1.7268145
Computación Emergente,2526-1,1,anon_212,8,31,1.0,2.597997
Computación Emergente,2526-1,1,anon_220,8,31,1.0,2.466878
Computación Emergente,2526-1,1,anon_221,8,31,13.0,14.568622
Computación Emergente,2526-1,1,anon_222,8,31,1.0,2.4184742
Computación Emergente,2526-1,1,anon_223,8,31,3.0,4.6999454
Computación Emergente,2526-1,1,anon_224,8,31,8.0,10.430972
Computación Emergente,2526-1,1,anon_225,8,31,1.0,2.6475675
Computación Emergente,2526-1,1,anon_226,8,31,5.0,5.8325253
Computación Emergente,2526-1,1,anon_227,8,31,4.0,5.805439
Computación Emergente,2526-1,1,anon_228,8,31,15.0,16.510887
Computación Emergente,2526-1,1,anon_229,8,31,1.0,2.3477302
Computación Emergente,2526-1,1,anon_230,8,31,1.0,2.3227222
Computación Emergente,2526-1,1,anon_231,8,31,4.0,6.5090723
Computación Emergente,2526-1,1,anon_232,8,31,8.0,11.5114975
Computación Emergente,2526-1,1,anon_233,8,31,0.0,1.5930974
Computación Emergente,2526-1,1,anon_234,8,31,5.0,7.004279
Computación Emergente,2526-1,1,anon_235,8,31,13.0,13.832627
Computación Emergente,2526-1,1,anon_236,8,31,2.0,3.0052416
Computación Emergente,2526-1,1,anon_237,8,31,13.0,13.88573
Computación Emergente,2526-1,1,anon_238,8,31,0.0,1.3024652
Computación Emergente,2526-1,1,anon_239,8,31,1.0,3.170765
Computación Emergente,2526-1,1,anon_240,8,31,0.0,1.3419614
Computación Emergente,2526-1,1,anon_241,8,31,0.0,2.0426872
Computación Emergente,2526-1,1,anon_242,8,31,1.0,3.293862
Computación Emergente,2526-1,1,anon_243,8,31,0.0,2.1664975
Computación Emergente,2526-1,1,anon_244,8,31,0.0,1.4776789
Computación Emergente,2526-2,1,anon_174,8,31,0.0,-0.33219355
Computación Emergente,2526-2,1,anon_222,8,31,0.0,-0.12937218
Computación Emergente,2526-2,1,anon_244,8,31,0.0,-0.29065567
Computación Emergente,2526-2,1,anon_245,8,31,1.0,1.0388
Computación Emergente,2526-2,1,anon_246,8,31,0.0,-0.11219859
Computación Emergente,2526-2,1,anon_247,8,31,6.0,5.377534
Computación Emergente,2526-2,1,anon_248,8,31,0.0,-0.16160673
Computación Emergente,2526-2,1,anon_249,8,31,0.0,-0.17666143
Computación Emergente,2526-2,1,anon_250,8,31,10.0,8.08203
Computación Emergente,2526-2,1,anon_251,8,31,2.0,2.0097759
Computación Emergente,2526-2,1,anon_252,8,31,9.0,9.400463
Computación Emergente,2526-2,1,anon_253,8,31,0.0,-0.22974485
Computación Emergente,2526-2,1,anon_254,8,31,0.0,-0.2370097
Computación Emergente,2526-2,1,anon_255,8,31,0.0,-0.24873799
Computación Emergente,2526-2,1,anon_256,8,31,0.0,-0.26206404
Computación Emergente,2526-2,1,anon_257,8,31,4.0,3.0305738
Computación Emergente,2526-2,1,anon_258,8,31,1.0,0.81338626
Computación Emergente,2526-2,1,anon_259,8,31,0.0,-0.2875448
Computación Emergente,2526-2,1,anon_260,8,31,5.0,4.0355153
Computación Emergente,2526-2,1,anon_261,8,31,0.0,-0.30185908
Computación Emergente,2526-2,1,anon_262,8,31,1.0,0.74836534
Computación Emergente,2526-2,1,anon_263,8,31,0.0,-0.31290025
Computación Emergente,2526-2,1,anon_264,8,31,0.0,-0.31736046
Computación Emergente,2526-2,1,anon_265,8,31,1.0,0.73685473
Computación Emergente,2526-2,1,anon_266,8,31,1.0,0.7334271
Computación Emergente,2526-2,1,anon_267,8,31,0.0,-0.3351187
Computación Emergente,2526-2,1,anon_268,8,31,1.0,0.72707623
Computación Emergente,2526-2,1,anon_269,8,31,0.0,-0.3393131
Computación Emergente,2526-2,1,anon_270,8,31,0.0,-0.3405705
Computación Emergente,2526-2,1,anon_271,8,31,0.0,-0.32251543
Computación Emergente,2526-2,1,anon_272,8,31,0.0,-0.34130174
Computación Emergente,2526-2,1,anon_273,8,31,0.0,-0.31117445
Computación Emergente,2526-2,1,anon_274,8,31,0.0,-0.30227405
Computación Emergente,2526-2,1,anon_275,8,31,2.0,1.8254611
Computación Emergente,2526-2,1,anon_276,8,31,3.0,3.0109217
Computación Emergente,2526-2,1,anon_277,8,31,1.0,0.83888215
Computación Emergente,2526-2,1,anon_278,8,31,0.0,-0.31579477
Computación Emergente,2526-2,1,anon_279,8,31,12.0,10.30057
Computación Emergente,2526-2,1,anon_280,8,31,1.0,0.79712564
Computación Emergente,2526-2,1,anon_281,8,31,3.0,2.8986926
Computación Emergente,2526-2,1,anon_282,8,31,0.0,-0.2496453
Computación Emergente,2526-3,1,anon_174,8,31,0.0,-0.05440843
Computación Emergente,2526-3,1,anon_283,8,31,3.0,3.623755
Computación Emergente,2526-3,1,anon_284,8,31,21.0,18.068623
Computación Emergente,2526-3,1,anon_285,8,31,30.0,25.252804
Computación Emergente,2526-3,1,anon_286,8,31,18.0,18.066847
Computación Emergente,2526-3,1,anon_287,8,31,23.0,23.308008
Computación Emergente,2526-3,1,anon_288,8,31,24.0,19.174622
Computación Emergente,2526-3,1,anon_289,8,31,0.0,0.032151937
Computación Emergente,2526-3,1,anon_290,8,31,5.0,6.2313113
Computación Emergente,2526-3,1,anon_291,8,31,0.0,-0.0049896836
Computación Emergente,2526-3,1,anon_292,8,31,6.0,7.770303
Computación Emergente,2526-3,1,anon_293,8,31,0.0,-0.007896423
Computación Emergente,2526-3,1,anon_294,8,31,0.0,-0.014030337
Computación Emergente,2526-3,1,anon_295,8,31,3.0,2.1955762
Computación Emergente,2526-3,1,anon_296,8,31,0.0,-0.025217056
Computación Emergente,2526-3,1,anon_297,8,31,16.0,17.081684
Computación Emergente,2526-3,1,anon_298,8,31,6.0,7.755603
Computación Emergente,2526-3,1,anon_299,8,31,0.0,-0.039173424
Computación Emergente,2526-3,1,anon_300,8,31,27.0,22.276154
Computación Emergente,2526-3,1,anon_301,8,31,12.0,10.033394
Computación Emergente,2526-3,1,anon_302,8,31,0.0,-0.03305155
Computación Emergente,2526-3,1,anon_303,8,31,9.0,11.445929
Computación Emergente,2526-3,1,anon_304,8,31,0.0,-0.032601535
Computación Emergente,2526-3,1,anon_305,8,31,12.0,15.051403
Computación Emergente,2526-3,1,anon_306,8,31,11.0,10.045313
Computación Emergente,2526-3,1,anon_307,8,31,0.0,-0.058753967
Computación Emergente,2526-3,1,anon_308,8,31,9.0,11.518996
Computación Emergente,2526-3,1,anon_309,8,31,2.0,2.1488948
Computación Emergente,2526-3,1,anon_310,8,31,8.0,10.348204
Computación Emergente,2526-3,1,anon_311,8,31,0.0,-0.05515039
Computación Emergente,2526-3,1,anon_312,8,31,7.0,7.7473516
Computación Emergente,2526-3,1,anon_313,8,31,1.0,1.2047861
Computación Emergente,2526-3,1,anon_314,8,31,1.0,1.1944562
Computación Emergente,2526-3,1,anon_315,8,31,1.0,1.2197142
Computación Emergente,2526-3,1,anon_316,8,31,11.0,11.472986
Computación Emergente,2526-3,1,anon_317,8,31,0.0,0.011962473
Computación Emergente,2526-3,1,anon_318,8,31,0.0,0.061457515
Computación Emergente,2526-3,1,anon_319,8,31,22.0,16.905752
Computación Emergente,2526-3,1,anon_320,8,31,3.0,2.3514218
Computación Emergente,2526-3,1,anon_321,8,31,3.0,3.9782605
Estructura de Datos,2425-3,2,anon_011,4,31,0.0,2.6584055
Estructura de Datos,2425-3,2,anon_037,4,31,3.0,6.1867976
Estructura de Datos,2425-3,2,anon_050,4,31,1.0,3.5656958
Estructura de Datos,2425-3,2,anon_052,4,31,7.0,9.182897
Estructura de Datos,2425-3,2,anon_055,4,31,1.0,3.6831834
Estructura de Datos,2425-3,2,anon_301,4,31,15.0,11.232569
Estructura de Datos,2425-3,2,anon_322,4,31,36.0,9.461355
Estructura de Datos,2425-3,2,anon_323,4,31,27.0,9.5242195
Estructura de Datos,2425-3,2,anon_324,4,31,0.0,2.8343554
Estructura de Datos,2425-3,2,anon_325,4,31,3.0,6.1885395
Estructura de Datos,2425-3,2,anon_326,4,31,0.0,2.819629
Estructura de Datos,2425-3,2,anon_327,4,31,11.0,7.1916766
Estructura de Datos,2425-3,2,anon_328,4,31,18.0,10.477745
Estructura de Datos,2425-3,2,anon_329,4,31,21.0,14.724787
Estructura de Datos,2425-3,2,anon_330,4,31,13.0,15.726765
Estructura de Datos,2425-3,2,anon_331,4,31,0.0,2.6324847
Estructura de Datos,2425-3,2,anon_332,4,31,0.0,2.499791
Estructura de Datos,2425-3,2,anon_333,4,31,2.0,3.473601
Estructura de Datos,2425-3,2,anon_334,4,31,3.0,3.7029052
Estructura de Datos,2425-3,2,anon_335,4,31,1.0,2.3111415
Estructura de Datos,2425-3,2,anon_336,4,31,3.0,5.9748635
Estructura de Datos,2425-3,2,anon_337,4,31,2.0,4.528948
Estructura de Datos,2425-3,2,anon_338,4,31,0.0,2.3918774
Estructura de Datos,2425-3,2,anon_339,4,31,2.0,3.616757
Estructura de Datos,2425-3,2,anon_340,4,31,0.0,2.4635897
Estructura de Datos,2425-3,2,anon_341,4,31,0.0,2.3347611
Estructura de Datos,2425-3,2,anon_342,4,31,1.0,2.220868
Estructura de Datos,2425-3,2,anon_343,4,31,4.0,5.815342
Estructura de Datos,2425-3,2,anon_344,4,31,0.0,2.0701294
Estructura de Datos,2425-3,2,anon_345,4,31,7.0,4.667593
Estructura de Datos,2526-1,2,anon_012,4,31,0.0,1.1417136
Estructura de Datos,2526-1,2,anon_060,4,31,2.0,1.9715233
Estructura de Datos,2526-1,2,anon_324,4,31,0.0,2.1436865
Estructura de Datos,2526-1,2,anon_333,4,31,0.0,0.7881899
Estructura de Datos,2526-1,2,anon_336,4,31,21.0,3.388033
Estructura de Datos,2526-1,2,anon_342,4,31,4.0,5.7292557
Estructura de Datos,2526-1,2,anon_346,4,31,0.0,2.8764591
Estructura de Datos,2526-1,2,anon_347,4,31,1.0,3.0646873
Estructura de Datos,2526-1,2,anon_348,4,31,0.0,2.8617618
Estructura de Datos,2526-1,2,anon_349,4,31,0.0,2.2943997
Estructura de Datos,2526-1,2,anon_350,4,31,3.0,4.588551
Estructura de Datos,2526-1,2,anon_351,4,31,6.0,2.1372333
Estructura de Datos,2526-1,2,anon_352,4,31,0.0,1.2937523
Estructura de Datos,2526-1,2,anon_353,4,31,2.0,4.915806
Estructura de Datos,2526-1,2,anon_354,4,31,0.0,1.6963259
Estructura de Datos,2526-1,2,anon_355,4,31,0.0,1.5694312
Estructura de Datos,2526-1,2,anon_356,4,31,0.0,1.4523591
Estructura de Datos,2526-1,2,anon_357,4,31,0.0,1.177957
Estructura de Datos,2526-1,2,anon_358,4,31,5.0,4.4840536
Estructura de Datos,2526-1,2,anon_359,4,31,0.0,0.95356035
Estructura de Datos,2526-1,2,anon_360,4,31,0.0,0.88372517
Estructura de Datos,2526-1,2,anon_361,4,31,0.0,0.84294605
Estructura de Datos,2526-1,2,anon_362,4,31,0.0,0.6688938
Estructura de Datos,2526-1,2,anon_363,4,31,1.0,2.4991932
Estructura de Datos,2526-1,2,anon_364,4,31,23.0,5.584593
Estructura de Datos,2526-1,2,anon_365,4,31,0.0,0.68062234
Estructura de Datos,2526-1,2,anon_366,4,31,6.0,6.067092
Estructura de Datos,2526-1,2,anon_367,4,31,14.0,5.1814237
Estructura de Datos,2526-1,2,anon_368,4,31,2.0,4.0528293
Estructura de Datos,2526-1,2,anon_369,4,31,2.0,2.102868
Estructura de Datos,2526-2,2,anon_031,4,31,3.0,6.8242283
Estructura de Datos,2526-2,2,anon_064,4,31,0.0,2.7704406
Estructura de Datos,2526-2,2,anon_067,4,31,7.0,5.309899
Estructura de Datos,2526-2,2,anon_077,4,31,0.0,2.7115045
Estructura de Datos,2526-2,2,anon_080,4,31,14.0,8.647804
Estructura de Datos,2526-2,2,anon_087,4,31,0.0,2.74971
Estructura de Datos,2526-2,2,anon_205,4,31,0.0,2.5559974
Estructura de Datos,2526-2,2,anon_347,4,31,9.0,6.6907268
Estructura de Datos,2526-2,2,anon_355,4,31,0.0,2.6580112
Estructura de Datos,2526-2,2,anon_360,4,31,0.0,2.6497161
Estructura de Datos,2526-2,2,anon_370,4,31,44.0,30.659521
Estructura de Datos,2526-2,2,anon_371,4,31,9.0,2.7215433
Estructura de Datos,2526-2,2,anon_372,4,31,4.0,2.6310472
Estructura de Datos,2526-2,2,anon_373,4,31,2.0,2.6666973
Estructura de Datos,2526-2,2,anon_374,4,31,9.0,2.6985886
Estructura de Datos,2526-2,2,anon_375,4,31,0.0,2.7055452
Estructura de Datos,2526-2,2,anon_376,4,31,3.0,6.266568
Estructura de Datos,2526-2,2,anon_377,4,31,8.0,2.6832762
Estructura de Datos,2526-3,2,anon_004,4,31,7.0,1.4814557
Estructura de Datos,2526-3,2,anon_007,4,31,0.0,0.7764342
Estructura de Datos,2526-3,2,anon_081,4,31,2.0,4.4455605
Estructura de Datos,2526-3,2,anon_087,4,31,2.0,3.3035183
Estructura de Datos,2526-3,2,anon_324,4,31,0.0,1.1572081
Estructura de Datos,2526-3,2,anon_326,4,31,12.0,6.2133126
Estructura de Datos,2526-3,2,anon_339,4,31,0.0,0.557004
Estructura de Datos,2526-3,2,anon_341,4,31,0.0,0.8197727
Estructura de Datos,2526-3,2,anon_349,4,31,6.0,10.137783
Estructura de Datos,2526-3,2,anon_356,4,31,0.0,0.80781245
Estructura de Datos,2526-3,2,anon_362,4,31,15.0,12.828313
Estructura de Datos,2526-3,2,anon_363,4,31,11.0,2.0953572
Estructura de Datos,2526-3,2,anon_365,4,31,24.0,16.812412
Estructura de Datos,2526-3,2,anon_372,4,31,10.0,11.99879
Estructura de Datos,2526-3,2,anon_375,4,31,4.0,7.5929613
Estructura de Datos,2526-3,2,anon_378,4,31,2.0,4.704597
Estructura de Datos,2526-3,2,anon_379,4,31,19.0,22.380085
Estructura de Datos,2526-3,2,anon_380,4,31,3.0,0.6508632
Estructura de Datos,2526-3,2,anon_381,4,31,4.0,8.803944
Estructura de Datos,2526-3,2,anon_382,4,31,2.0,5.1563473
Estructura de Datos,2526-3,2,anon_383,4,31,3.0,5.662285
Estructura de Datos,2526-3,2,anon_384,4,31,2.0,0.49957156
Estructura de Datos,2526-3,2,anon_385,4,31,0.0,0.7364855
Estructura de Datos,2526-3,2,anon_386,4,31,2.0,4.31186
Estructura de Datos,2526-3,2,anon_387,4,31,4.0,9.2853565
Estructura de Datos,2526-3,2,anon_388,4,31,10.0,8.92242
Estructura de Datos,2526-3,2,anon_389,4,31,0.0,1.0537255
Estructura de Datos,2526-3,2,anon_390,4,31,0.0,0.6759043
Estructura de Datos,2526-3,2,anon_391,4,31,1.0,3.0931716
Estructura de Datos,2526-3,2,anon_392,4,31,0.0,0.89516664
Estructura de Datos,2425-3,2,anon_011,6,31,0.0,0.9314208
Estructura de Datos,2425-3,2,anon_037,6,31,3.0,5.1532373
Estructura de Datos,2425-3,2,anon_050,6,31,1.0,1.8840413
Estructura de Datos,2425-3,2,anon_052,6,31,7.0,9.858304
Estructura de Datos,2425-3,2,anon_055,6,31,1.0,1.8964062
Estructura de Datos,2425-3,2,anon_301,6,31,15.0,16.255445
Estructura de Datos,2425-3,2,anon_322,6,31,36.0,14.938254
Estructura de Datos,2425-3,2,anon_323,6,31,27.0,15.127557
Estructura de Datos,2425-3,2,anon_324,6,31,0.0,0.5192636
Estructura de Datos,2425-3,2,anon_325,6,31,3.0,5.06701
Estructura de Datos,2425-3,2,anon_326,6,31,0.0,1.0544844
Estructura de Datos,2425-3,2,anon_327,6,31,11.0,7.71289
Estructura de Datos,2425-3,2,anon_328,6,31,18.0,11.787881
Estructura de Datos,2425-3,2,anon_329,6,31,21.0,20.935143
Estructura de Datos,2425-3,2,anon_330,6,31,13.0,18.385925
Estructura de Datos,2425-3,2,anon_331,6,31,0.0,0.7271694
Estructura de Datos,2425-3,2,anon_332,6,31,0.0,0.4722607
Estructura de Datos,2425-3,2,anon_333,6,31,2.0,1.5431266
Estructura de Datos,2425-3,2,anon_334,6,31,3.0,2.163931
Estructura de Datos,2425-3,2,anon_335,6,31,1.0,1.5090842
Estructura de Datos,2425-3,2,anon_336,6,31,3.0,4.9218445
Estructura de Datos,2425-3,2,anon_337,6,31,2.0,3.2261322
Estructura de Datos,2425-3,2,anon_338,6,31,0.0,0.5721227
Estructura de Datos,2425-3,2,anon_339,6,31,2.0,2.0139885
Estructura de Datos,2425-3,2,anon_340,6,31,0.0,0.6554316
Estructura de Datos,2425-3,2,anon_341,6,31,0.0,0.5217227
Estructura de Datos,2425-3,2,anon_342,6,31,1.0,0.45176494
Estructura de Datos,2425-3,2,anon_343,6,31,4.0,4.563402
Estructura de Datos,2425-3,2,anon_344,6,31,0.0,0.3903252
Estructura de Datos,2425-3,2,anon_345,6,31,7.0,6.496596
Estructura de Datos,2526-1,2,anon_012,6,31,0.0,1.146804
Estructura de Datos,2526-1,2,anon_060,6,31,2.0,3.096641
Estructura de Datos,2526-1,2,anon_324,6,31,0.0,0.48809993
Estructura de Datos,2526-1,2,anon_333,6,31,0.0,-0.21265554
Estructura de Datos,2526-1,2,anon_336,6,31,21.0,4.912137
Estructura de Datos,2526-1,2,anon_342,6,31,4.0,5.4910393
Estructura de Datos,2526-1,2,anon_346,6,31,0.0,2.4088843
Estructura de Datos,2526-1,2,anon_347,6,31,1.0,2.124787
Estructura de Datos,2526-1,2,anon_348,6,31,0.0,2.0099053
Estructura de Datos,2526-1,2,anon_349,6,31,0.0,2.00677
Estructura de Datos,2526-1,2,anon_350,6,31,3.0,2.7145734
Estructura de Datos,2526-1,2,anon_351,6,31,6.0,1.5799754
Estructura de Datos,2526-1,2,anon_352,6,31,0.0,-0.1893444
Estructura de Datos,2526-1,2,anon_353,6,31,2.0,4.524591
Estructura de Datos,2526-1,2,anon_354,6,31,0.0,1.3021443
Estructura de Datos,2526-1,2,anon_355,6,31,0.0,1.2198664
Estructura de Datos,2526-1,2,anon_356,6,31,0.0,1.1430963
Estructura de Datos,2526-1,2,anon_357,6,31,0.0,0.6446221
Estructura de Datos,2526-1,2,anon_358,6,31,5.0,8.00943
Estructura de Datos,2526-1,2,anon_359,6,31,0.0,0.5600655
Estructura de Datos,2526-1,2,anon_360,6,31,0.0,0.7664944
Estructura de Datos,2526-1,2,anon_361,6,31,0.0,0.52934504
Estructura de Datos,2526-1,2,anon_362,6,31,0.0,0.20013857
Estructura de Datos,2526-1,2,anon_363,6,31,1.0,2.0938196
Estructura de Datos,2526-1,2,anon_364,6,31,23.0,13.768883
Estructura de Datos,2526-1,2,anon_365,6,31,0.0,0.5281594
Estructura de Datos,2526-1,2,anon_366,6,31,6.0,8.830217
Estructura de Datos,2526-1,2,anon_367,6,31,14.0,12.047079
Estructura de Datos,2526-1,2,anon_368,6,31,2.0,3.4212747
Estructura de Datos,2526-1,2,anon_369,6,31,2.0,1.9705546
Estructura de Datos,2526-2,2,anon_031,6,31,3.0,5.6024776
Estructura de Datos,2526-2,2,anon_064,6,31,0.0,2.2521772
Estructura de Datos,2526-2,2,anon_067,6,31,7.0,5.5425034
Estructura de Datos,2526-2,2,anon_077,6,31,0.0,2.003785
Estructura de Datos,2526-2,2,anon_080,6,31,14.0,11.692982
Estructura de Datos,2526-2,2,anon_087,6,31,0.0,1.9528259
Estructura de Datos,2526-2,2,anon_205,6,31,0.0,1.9021955
Estructura de Datos,2526-2,2,anon_347,6,31,9.0,10.177692
Estructura de Datos,2526-2,2,anon_355,6,31,0.0,2.0412714
Estructura de Datos,2526-2,2,anon_360,6,31,0.0,1.9798334
Estructura de Datos,2526-2,2,anon_370,6,31,44.0,35.23871
Estructura de Datos,2526-2,2,anon_371,6,31,9.0,6.7281446
Estructura de Datos,2526-2,2,anon_372,6,31,4.0,6.6853943
Estructura de Datos,2526-2,2,anon_373,6,31,2.0,2.065549
Estructura de Datos,2526-2,2,anon_374,6,31,9.0,2.0726407
Estructura de Datos,2526-2,2,anon_375,6,31,0.0,2.0191586
Estructura de Datos,2526-2,2,anon_376,6,31,3.0,5.1457357
Estructura de Datos,2526-2,2,anon_377,6,31,8.0,4.141487
Estructura de Datos,2526-3,2,anon_004,6,31,7.0,3.9983087
Estructura de Datos,2526-3,2,anon_007,6,31,0.0,-0.09473562
Estructura de Datos,2526-3,2,anon_081,6,31,2.0,2.3414276
Estructura de Datos,2526-3,2,anon_087,6,31,2.0,2.9350328
Estructura de Datos,2526-3,2,anon_324,6,31,0.0,-0.13842607
Estructura de Datos,2526-3,2,anon_326,6,31,12.0,9.085286
Estructura de Datos,2526-3,2,anon_339,6,31,0.0,0.08209658
Estructura de Datos,2526-3,2,anon_341,6,31,0.0,0.3142203
Estructura de Datos,2526-3,2,anon_349,6,31,6.0,15.9461155
Estructura de Datos,2526-3,2,anon_356,6,31,0.0,-0.21959043
Estructura de Datos,2526-3,2,anon_362,6,31,15.0,12.359952
Estructura de Datos,2526-3,2,anon_363,6,31,11.0,6.330679
Estructura de Datos,2526-3,2,anon_365,6,31,24.0,17.687517
Estructura de Datos,2526-3,2,anon_372,6,31,10.0,18.66991
Estructura de Datos,2526-3,2,anon_375,6,31,4.0,6.899026
Estructura de Datos,2526-3,2,anon_378,6,31,2.0,2.5780063
Estructura de Datos,2526-3,2,anon_379,6,31,19.0,19.532597
Estructura de Datos,2526-3,2,anon_380,6,31,3.0,0.021657228
Estructura de Datos,2526-3,2,anon_381,6,31,4.0,7.4297905
Estructura de Datos,2526-3,2,anon_382,6,31,2.0,2.8308182
Estructura de Datos,2526-3,2,anon_383,6,31,3.0,5.512421
Estructura de Datos,2526-3,2,anon_384,6,31,2.0,1.3811593
Estructura de Datos,2526-3,2,anon_385,6,31,0.0,0.089095116
Estructura de Datos,2526-3,2,anon_386,6,31,2.0,3.178558
Estructura de Datos,2526-3,2,anon_387,6,31,4.0,4.9841137
Estructura de Datos,2526-3,2,anon_388,6,31,10.0,9.236464
Estructura de Datos,2526-3,2,anon_389,6,31,0.0,0.68088496
Estructura de Datos,2526-3,2,anon_390,6,31,0.0,0.21126044
Estructura de Datos,2526-3,2,anon_391,6,31,1.0,1.4156803
Estructura de Datos,2526-3,2,anon_392,6,31,0.0,0.4311347
Estructura de Datos,2425-3,2,anon_011,8,31,0.0,0.68698895
Estructura de Datos,2425-3,2,anon_037,8,31,3.0,4.792653
Estructura de Datos,2425-3,2,anon_050,8,31,1.0,1.1267338
Estructura de Datos,2425-3,2,anon_052,8,31,7.0,8.759014
Estructura de Datos,2425-3,2,anon_055,8,31,1.0,1.1327149
Estructura de Datos,2425-3,2,anon_301,8,31,15.0,17.220192
Estructura de Datos,2425-3,2,anon_322,8,31,36.0,19.196589
Estructura de Datos,2425-3,2,anon_323,8,31,27.0,18.036839
Estructura de Datos,2425-3,2,anon_324,8,31,0.0,0.1819799
Estructura de Datos,2425-3,2,anon_325,8,31,3.0,4.4192657
Estructura de Datos,2425-3,2,anon_326,8,31,0.0,0.88532424
Estructura de Datos,2425-3,2,anon_327,8,31,11.0,9.55688
Estructura de Datos,2425-3,2,anon_328,8,31,18.0,10.912799
Estructura de Datos,2425-3,2,anon_329,8,31,21.0,20.083847
Estructura de Datos,2425-3,2,anon_330,8,31,13.0,17.187931
Estructura de Datos,2425-3,2,anon_331,8,31,0.0,0.38813782
Estructura de Datos,2425-3,2,anon_332,8,31,0.0,0.06351662
Estructura de Datos,2425-3,2,anon_333,8,31,2.0,2.2262335
Estructura de Datos,2425-3,2,anon_334,8,31,3.0,2.9574485
Estructura de Datos,2425-3,2,anon_335,8,31,1.0,1.082006
Estructura de Datos,2425-3,2,anon_336,8,31,3.0,4.317547
Estructura de Datos,2425-3,2,anon_337,8,31,2.0,2.5469985
Estructura de Datos,2425-3,2,anon_338,8,31,0.0,0.06611276
Estructura de Datos,2425-3,2,anon_339,8,31,2.0,2.6444192
Estructura de Datos,2425-3,2,anon_340,8,31,0.0,0.13749087
Estructura de Datos,2425-3,2,anon_341,8,31,0.0,-0.05586791
Estructura de Datos,2425-3,2,anon_342,8,31,1.0,-0.10412252
Estructura de Datos,2425-3,2,anon_343,8,31,4.0,3.4544764
Estructura de Datos,2425-3,2,anon_344,8,31,0.0,-0.142501
Estructura de Datos,2425-3,2,anon_345,8,31,7.0,5.9587607
Estructura de Datos,2526-1,2,anon_012,8,31,0.0,-0.2554741
Estructura de Datos,2526-1,2,anon_060,8,31,2.0,3.0462172
Estructura de Datos,2526-1,2,anon_324,8,31,0.0,-0.047483325
Estructura de Datos,2526-1,2,anon_333,8,31,0.0,0.018557072
Estructura de Datos,2526-1,2,anon_336,8,31,21.0,5.804841
Estructura de Datos,2526-1,2,anon_342,8,31,4.0,5.5430074
Estructura de Datos,2526-1,2,anon_346,8,31,0.0,0.7327064
Estructura de Datos,2526-1,2,anon_347,8,31,1.0,1.9308841
Estructura de Datos,2526-1,2,anon_348,8,31,0.0,0.5198413
Estructura de Datos,2526-1,2,anon_349,8,31,0.0,0.35887825
Estructura de Datos,2526-1,2,anon_350,8,31,3.0,1.2969944
Estructura de Datos,2526-1,2,anon_351,8,31,6.0,0.20389128
Estructura de Datos,2526-1,2,anon_352,8,31,0.0,-0.16779864
Estructura de Datos,2526-1,2,anon_353,8,31,2.0,2.3403869
Estructura de Datos,2526-1,2,anon_354,8,31,0.0,0.04264438
Estructura de Datos,2526-1,2,anon_355,8,31,0.0,0.0015645027
Estructura de Datos,2526-1,2,anon_356,8,31,0.0,-0.033647776
Estructura de Datos,2526-1,2,anon_357,8,31,0.0,0.086830735
Estructura de Datos,2526-1,2,anon_358,8,31,5.0,6.3433943
Estructura de Datos,2526-1,2,anon_359,8,31,0.0,0.1756829
Estructura de Datos,2526-1,2,anon_360,8,31,0.0,-0.12128341
Estructura de Datos,2526-1,2,anon_361,8,31,0.0,0.2826606
Estructura de Datos,2526-1,2,anon_362,8,31,0.0,0.5165714
Estructura de Datos,2526-1,2,anon_363,8,31,1.0,1.0290718
Estructura de Datos,2526-1,2,anon_364,8,31,23.0,18.776003
Estructura de Datos,2526-1,2,anon_365,8,31,0.0,0.67313325
Estructura de Datos,2526-1,2,anon_366,8,31,6.0,7.335037
Estructura de Datos,2526-1,2,anon_367,8,31,14.0,11.658831
Estructura de Datos,2526-1,2,anon_368,8,31,2.0,2.545748
Estructura de Datos,2526-1,2,anon_369,8,31,2.0,0.7751534
Estructura de Datos,2526-2,2,anon_031,8,31,3.0,4.981039
Estructura de Datos,2526-2,2,anon_064,8,31,0.0,1.8664742
Estructura de Datos,2526-2,2,anon_067,8,31,7.0,4.9359484
Estructura de Datos,2526-2,2,anon_077,8,31,0.0,1.6663866
Estructura de Datos,2526-2,2,anon_080,8,31,14.0,10.865107
Estructura de Datos,2526-2,2,anon_087,8,31,0.0,1.6150503
Estructura de Datos,2526-2,2,anon_205,8,31,0.0,1.6426792
Estructura de Datos,2526-2,2,anon_347,8,31,9.0,9.157396
Estructura de Datos,2526-2,2,anon_355,8,31,0.0,1.719126
Estructura de Datos,2526-2,2,anon_360,8,31,0.0,1.6680524
Estructura de Datos,2526-2,2,anon_370,8,31,44.0,38.0007
Estructura de Datos,2526-2,2,anon_371,8,31,9.0,5.9793773
Estructura de Datos,2526-2,2,anon_372,8,31,4.0,5.955662
Estructura de Datos,2526-2,2,anon_373,8,31,2.0,2.8108835
Estructura de Datos,2526-2,2,anon_374,8,31,9.0,1.7278519
Estructura de Datos,2526-2,2,anon_375,8,31,0.0,1.6807353
Estructura de Datos,2526-2,2,anon_376,8,31,3.0,4.6873274
Estructura de Datos,2526-2,2,anon_377,8,31,8.0,3.675107
Estructura de Datos,2526-3,2,anon_004,8,31,7.0,4.3019905
Estructura de Datos,2526-3,2,anon_007,8,31,0.0,0.38259172
Estructura de Datos,2526-3,2,anon_081,8,31,2.0,2.78807
Estructura de Datos,2526-3,2,anon_087,8,31,2.0,2.8766222
Estructura de Datos,2526-3,2,anon_324,8,31,0.0,0.33696365
Estructura de Datos,2526-3,2,anon_326,8,31,12.0,13.563335
Estructura de Datos,2526-3,2,anon_339,8,31,0.0,0.22253597
Estructura de Datos,2526-3,2,anon_341,8,31,0.0,0.4231918
Estructura de Datos,2526-3,2,anon_349,8,31,6.0,11.693658
Estructura de Datos,2526-3,2,anon_356,8,31,0.0,0.28866875
Estructura de Datos,2526-3,2,anon_362,8,31,15.0,13.713518
Estructura de Datos,2526-3,2,anon_363,8,31,11.0,8.098525
Estructura de Datos,2526-3,2,anon_365,8,31,24.0,21.193758
Estructura de Datos,2526-3,2,anon_372,8,31,10.0,12.711487
Estructura de Datos,2526-3,2,anon_375,8,31,4.0,6.122607
Estructura de Datos,2526-3,2,anon_378,8,31,2.0,3.2082217
Estructura de Datos,2526-3,2,anon_379,8,31,19.0,21.996538
Estructura de Datos,2526-3,2,anon_380,8,31,3.0,0.3055507
Estructura de Datos,2526-3,2,anon_381,8,31,4.0,6.5254335
Estructura de Datos,2526-3,2,anon_382,8,31,2.0,3.1533046
Estructura de Datos,2526-3,2,anon_383,8,31,3.0,4.4121246
Estructura de Datos,2526-3,2,anon_384,8,31,2.0,2.8034687
Estructura de Datos,2526-3,2,anon_385,8,31,0.0,0.29190302
Estructura de Datos,2526-3,2,anon_386,8,31,2.0,3.0107725
Estructura de Datos,2526-3,2,anon_387,8,31,4.0,5.794269
Estructura de Datos,2526-3,2,anon_388,8,31,10.0,13.109745
Estructura de Datos,2526-3,2,anon_389,8,31,0.0,0.5744935
Estructura de Datos,2526-3,2,anon_390,8,31,0.0,0.34911466
Estructura de Datos,2526-3,2,anon_391,8,31,1.0,1.6753811
Estructura de Datos,2526-3,2,anon_392,8,31,0.0,0.5094502
Matemáticas Discretas,2526-2,1,anon_md_2526_2_1_001,4,31,9.0,7.236519
Matemáticas Discretas,2526-2,1,anon_md_2526_2_1_002,4,31,12.0,4.957465
Matemáticas Discretas,2526-2,1,anon_md_2526_2_1_003,4,31,3.0,4.943845
Matemáticas Discretas,2526-2,1,anon_md_2526_2_1_004,4,31,3.0,5.986142
Matemáticas Discretas,2526-2,1,anon_md_2526_2_1_005,4,31,9.0,5.037863
Matemáticas Discretas,2526-2,1,anon_md_2526_2_1_006,4,31,2.0,3.8336124
Matemáticas Discretas,2526-2,1,anon_md_2526_2_1_007,4,31,11.0,7.1141267
Matemáticas Discretas,2526-2,1,anon_md_2526_2_1_008,4,31,2.0,5.0229607
Matemáticas Discretas,2526-2,1,anon_md_2526_2_1_009,4,31,1.0,3.7321966
Matemáticas Discretas,2526-2,1,anon_md_2526_2_1_010,4,31,1.0,3.9027803
Matemáticas Discretas,2526-2,1,anon_md_2526_2_1_011,4,31,3.0,3.7027593
Matemáticas Discretas,2526-2,1,anon_md_2526_2_1_012,4,31,8.0,5.89083
Matemáticas Discretas,2526-2,1,anon_md_2526_2_1_013,4,31,5.0,5.8792543
Matemáticas Discretas,2526-2,1,anon_md_2526_2_1_014,4,31,9.0,5.7821875
Matemáticas Discretas,2526-2,1,anon_md_2526_2_1_015,4,31,12.0,8.131415
Matemáticas Discretas,2526-2,1,anon_md_2526_2_1_016,4,31,2.0,4.8435535
Matemáticas Discretas,2526-2,1,anon_md_2526_2_1_017,4,31,11.0,5.8329854
Matemáticas Discretas,2526-2,1,anon_md_2526_2_1_018,4,31,8.0,3.8139029
Matemáticas Discretas,2526-2,1,anon_md_2526_2_1_019,4,31,1.0,3.5876894
Matemáticas Discretas,2526-2,1,anon_md_2526_2_1_020,4,31,0.0,2.5126328
Matemáticas Discretas,2526-2,1,anon_md_2526_2_1_021,4,31,0.0,2.4975245
Matemáticas Discretas,2526-2,1,anon_md_2526_2_1_022,4,31,11.0,7.005613
Matemáticas Discretas,2526-2,1,anon_md_2526_2_1_023,4,31,3.0,3.6830277
Matemáticas Discretas,2526-2,1,anon_md_2526_2_1_024,4,31,5.0,5.752257
Matemáticas Discretas,2526-2,1,anon_md_2526_2_1_025,4,31,1.0,3.5058465
Matemáticas Discretas,2526-2,1,anon_md_2526_2_1_026,4,31,1.0,3.4927378
Matemáticas Discretas,2526-2,1,anon_md_2526_2_1_027,4,31,8.0,5.6165104
Matemáticas Discretas,2526-2,1,anon_md_2526_2_1_028,4,31,8.0,3.6303751
Matemáticas Discretas,2526-2,1,anon_md_2526_2_1_029,4,31,1.0,3.4546041
Matemáticas Discretas,2526-2,1,anon_md_2526_2_1_030,4,31,1.0,3.5221763
Matemáticas Discretas,2526-2,1,anon_md_2526_2_1_031,4,31,1.0,3.4303823
Matemáticas Discretas,2526-2,1,anon_md_2526_2_1_032,4,31,1.0,3.6951065
Matemáticas Discretas,2526-2,1,anon_md_2526_2_1_033,4,31,1.0,3.6888418
Matemáticas Discretas,2526-2,1,anon_md_2526_2_1_034,4,31,0.0,2.4579256
Matemáticas Discretas,2526-2,1,anon_md_2526_2_1_035,4,31,8.0,3.5659387
Matemáticas Discretas,2526-2,2,anon_md_2526_2_2_001,4,31,5.0,5.370278
Matemáticas Discretas,2526-2,2,anon_md_2526_2_2_002,4,31,8.0,5.289641
Matemáticas Discretas,2526-2,2,anon_md_2526_2_2_003,4,31,0.0,3.3128636
Matemáticas Discretas,2526-2,2,anon_md_2526_2_2_004,4,31,6.0,5.3299227
Matemáticas Discretas,2526-2,2,anon_md_2526_2_2_005,4,31,4.0,6.3122473
Matemáticas Discretas,2526-2,2,anon_md_2526_2_2_006,4,31,9.0,6.3681173
Matemáticas Discretas,2526-2,2,anon_md_2526_2_2_007,4,31,3.0,4.157083
Matemáticas Discretas,2526-2,2,anon_md_2526_2_2_008,4,31,5.0,7.3090563
Matemáticas Discretas,2526-2,2,anon_md_2526_2_2_009,4,31,1.0,4.1995335
Matemáticas Discretas,2526-2,2,anon_md_2526_2_2_010,4,31,0.0,3.1891508
Matemáticas Discretas,2526-2,2,anon_md_2526_2_2_011,4,31,5.0,4.157995
Matemáticas Discretas,2526-2,2,anon_md_2526_2_2_012,4,31,10.0,4.147443
Matemáticas Discretas,2526-2,2,anon_md_2526_2_2_013,4,31,1.0,4.1662292
Matemáticas Discretas,2526-2,2,anon_md_2526_2_2_014,4,31,2.0,4.149461
Matemáticas Discretas,2526-2,2,anon_md_2526_2_2_015,4,31,0.0,3.1093237
Matemáticas Discretas,2526-2,2,anon_md_2526_2_2_016,4,31,10.0,5.039033
Matemáticas Discretas,2526-2,2,anon_md_2526_2_2_017,4,31,2.0,4.0310516
Matemáticas Discretas,2526-2,2,anon_md_2526_2_2_018,4,31,1.0,3.9803586
Matemáticas Discretas,2526-2,2,anon_md_2526_2_2_019,4,31,3.0,6.0093203
Matemáticas Discretas,2526-2,2,anon_md_2526_2_2_020,4,31,3.0,5.991972
Matemáticas Discretas,2526-2,2,anon_md_2526_2_2_021,4,31,8.0,7.0824823
Matemáticas Discretas,2526-3,1,anon_md_2526_3_1_001,4,31,13.0,5.2051077
Matemáticas Discretas,2526-3,1,anon_md_2526_3_1_002,4,31,0.0,3.1358974
Matemáticas Discretas,2526-3,1,anon_md_2526_3_1_003,4,31,4.0,3.3588295
Matemáticas Discretas,2526-3,1,anon_md_2526_3_1_004,4,31,2.0,3.0233374
Matemáticas Discretas,2526-3,1,anon_md_2526_3_1_005,4,31,3.0,3.2686138
Matemáticas Discretas,2526-3,1,anon_md_2526_3_1_006,4,31,2.0,3.3245842
Matemáticas Discretas,2526-3,1,anon_md_2526_3_1_007,4,31,0.0,1.6893017
Matemáticas Discretas,2526-3,1,anon_md_2526_3_1_008,4,31,12.0,8.813314
Matemáticas Discretas,2526-3,1,anon_md_2526_3_1_009,4,31,1.0,1.5596932
Matemáticas Discretas,2526-3,1,anon_md_2526_3_1_010,4,31,8.0,5.1063643
Matemáticas Discretas,2526-3,1,anon_md_2526_3_1_011,4,31,4.0,1.4377105
Matemáticas Discretas,2526-3,1,anon_md_2526_3_1_012,4,31,10.0,8.424829
Matemáticas Discretas,2526-3,1,anon_md_2526_3_1_013,4,31,0.0,2.94181
Matemáticas Discretas,2526-3,1,anon_md_2526_3_1_014,4,31,0.0,1.8932881
Matemáticas Discretas,2526-3,1,anon_md_2526_3_1_015,4,31,0.0,2.4372005
Matemáticas Discretas,2526-3,1,anon_md_2526_3_1_016,4,31,0.0,2.8354359
Matemáticas Discretas,2526-3,1,anon_md_2526_3_1_017,4,31,0.0,1.1299983
Matemáticas Discretas,2526-3,1,anon_md_2526_3_1_018,4,31,9.0,3.0236645
Matemáticas Discretas,2526-3,1,anon_md_2526_3_1_019,4,31,0.0,1.6385105
Matemáticas Discretas,2526-3,1,anon_md_2526_3_1_020,4,31,0.0,1.5946121
Matemáticas Discretas,2526-3,1,anon_md_2526_3_1_021,4,31,13.0,8.460211
Matemáticas Discretas,2526-3,1,anon_md_2526_3_1_022,4,31,11.0,6.856365
Matemáticas Discretas,2526-3,1,anon_md_2526_3_1_023,4,31,0.0,2.9412127
Matemáticas Discretas,2526-3,1,anon_md_2526_3_1_024,4,31,0.0,2.060701
Matemáticas Discretas,2526-3,1,anon_md_2526_3_1_025,4,31,6.0,5.3532696
Matemáticas Discretas,2526-3,1,anon_md_2526_3_1_026,4,31,1.0,0.85807776
Matemáticas Discretas,2526-3,1,anon_md_2526_3_1_027,4,31,4.0,2.51807
Matemáticas Discretas,2526-3,1,anon_md_2526_3_1_028,4,31,2.0,2.8723712
Matemáticas Discretas,2526-3,1,anon_md_2526_3_1_029,4,31,0.0,2.4721894
Matemáticas Discretas,2526-3,1,anon_md_2526_3_1_030,4,31,5.0,2.8471785
Matemáticas Discretas,2526-3,1,anon_md_2526_3_1_031,4,31,4.0,1.8677485
Matemáticas Discretas,2526-2,1,anon_md_2526_2_1_001,6,31,9.0,6.93398
Matemáticas Discretas,2526-2,1,anon_md_2526_2_1_002,6,31,12.0,7.5820303
Matemáticas Discretas,2526-2,1,anon_md_2526_2_1_003,6,31,3.0,4.3442817
Matemáticas Discretas,2526-2,1,anon_md_2526_2_1_004,6,31,3.0,5.361471
Matemáticas Discretas,2526-2,1,anon_md_2526_2_1_005,6,31,9.0,7.827337
Matemáticas Discretas,2526-2,1,anon_md_2526_2_1_006,6,31,2.0,3.1412473
Matemáticas Discretas,2526-2,1,anon_md_2526_2_1_007,6,31,11.0,7.763912
Matemáticas Discretas,2526-2,1,anon_md_2526_2_1_008,6,31,2.0,4.510983
Matemáticas Discretas,2526-2,1,anon_md_2526_2_1_009,6,31,1.0,2.9418933
Matemáticas Discretas,2526-2,1,anon_md_2526_2_1_010,6,31,1.0,3.2948728
Matemáticas Discretas,2526-2,1,anon_md_2526_2_1_011,6,31,3.0,2.8824618
Matemáticas Discretas,2526-2,1,anon_md_2526_2_1_012,6,31,8.0,7.4221635
Matemáticas Discretas,2526-2,1,anon_md_2526_2_1_013,6,31,5.0,5.2279224
Matemáticas Discretas,2526-2,1,anon_md_2526_2_1_014,6,31,9.0,6.124616
Matemáticas Discretas,2526-2,1,anon_md_2526_2_1_015,6,31,12.0,10.94699
Matemáticas Discretas,2526-2,1,anon_md_2526_2_1_016,6,31,2.0,4.1563315
Matemáticas Discretas,2526-2,1,anon_md_2526_2_1_017,6,31,11.0,7.3174763
Matemáticas Discretas,2526-2,1,anon_md_2526_2_1_018,6,31,8.0,6.433794
Matemáticas Discretas,2526-2,1,anon_md_2526_2_1_019,6,31,1.0,2.6421719
Matemáticas Discretas,2526-2,1,anon_md_2526_2_1_020,6,31,0.0,1.4797708
Matemáticas Discretas,2526-2,1,anon_md_2526_2_1_021,6,31,0.0,1.447481
Matemáticas Discretas,2526-2,1,anon_md_2526_2_1_022,6,31,11.0,8.614262
Matemáticas Discretas,2526-2,1,anon_md_2526_2_1_023,6,31,3.0,2.7914557
Matemáticas Discretas,2526-2,1,anon_md_2526_2_1_024,6,31,5.0,4.958577
Matemáticas Discretas,2526-2,1,anon_md_2526_2_1_025,6,31,1.0,2.4628348
Matemáticas Discretas,2526-2,1,anon_md_2526_2_1_026,6,31,1.0,2.4333258
Matemáticas Discretas,2526-2,1,anon_md_2526_2_1_027,6,31,8.0,5.7770534
Matemáticas Discretas,2526-2,1,anon_md_2526_2_1_028,6,31,8.0,3.7418833
Matemáticas Discretas,2526-2,1,anon_md_2526_2_1_029,6,31,1.0,2.345838
Matemáticas Discretas,2526-2,1,anon_md_2526_2_1_030,6,31,1.0,2.4580822
Matemáticas Discretas,2526-2,1,anon_md_2526_2_1_031,6,31,1.0,2.2886217
Matemáticas Discretas,2526-2,1,anon_md_2526_2_1_032,6,31,1.0,2.7950506
Matemáticas Discretas,2526-2,1,anon_md_2526_2_1_033,6,31,1.0,2.778864
Matemáticas Discretas,2526-2,1,anon_md_2526_2_1_034,6,31,0.0,1.3356776
Matemáticas Discretas,2526-2,1,anon_md_2526_2_1_035,6,31,8.0,3.5791929
Matemáticas Discretas,2526-2,2,anon_md_2526_2_2_001,6,31,5.0,7.977084
Matemáticas Discretas,2526-2,2,anon_md_2526_2_2_002,6,31,8.0,4.531401
Matemáticas Discretas,2526-2,2,anon_md_2526_2_2_003,6,31,0.0,2.4196064
Matemáticas Discretas,2526-2,2,anon_md_2526_2_2_004,6,31,6.0,4.4940224
Matemáticas Discretas,2526-2,2,anon_md_2526_2_2_005,6,31,4.0,5.5170846
Matemáticas Discretas,2526-2,2,anon_md_2526_2_2_006,6,31,9.0,7.7198386
Matemáticas Discretas,2526-2,2,anon_md_2526_2_2_007,6,31,3.0,3.312175
Matemáticas Discretas,2526-2,2,anon_md_2526_2_2_008,6,31,5.0,6.4962325
Matemáticas Discretas,2526-2,2,anon_md_2526_2_2_009,6,31,1.0,3.2746367
Matemáticas Discretas,2526-2,2,anon_md_2526_2_2_010,6,31,0.0,2.2050977
Matemáticas Discretas,2526-2,2,anon_md_2526_2_2_011,6,31,5.0,4.3168707
Matemáticas Discretas,2526-2,2,anon_md_2526_2_2_012,6,31,10.0,5.3828373
Matemáticas Discretas,2526-2,2,anon_md_2526_2_2_013,6,31,1.0,3.1722484
Matemáticas Discretas,2526-2,2,anon_md_2526_2_2_014,6,31,2.0,3.1471434
Matemáticas Discretas,2526-2,2,anon_md_2526_2_2_015,6,31,0.0,2.0813892
Matemáticas Discretas,2526-2,2,anon_md_2526_2_2_016,6,31,10.0,5.1946383
Matemáticas Discretas,2526-2,2,anon_md_2526_2_2_017,6,31,2.0,3.0708914
Matemáticas Discretas,2526-2,2,anon_md_2526_2_2_018,6,31,1.0,3.0453677
Matemáticas Discretas,2526-2,2,anon_md_2526_2_2_019,6,31,3.0,5.1028395
Matemáticas Discretas,2526-2,2,anon_md_2526_2_2_020,6,31,3.0,5.080432
Matemáticas Discretas,2526-2,2,anon_md_2526_2_2_021,6,31,8.0,8.241993
Matemáticas Discretas,2526-3,1,anon_md_2526_3_1_001,6,31,13.0,7.7695875
Matemáticas Discretas,2526-3,1,anon_md_2526_3_1_002,6,31,0.0,2.374185
Matemáticas Discretas,2526-3,1,anon_md_2526_3_1_003,6,31,4.0,2.4875464
Matemáticas Discretas,2526-3,1,anon_md_2526_3_1_004,6,31,2.0,3.5282545
Matemáticas Discretas,2526-3,1,anon_md_2526_3_1_005,6,31,3.0,2.441949
Matemáticas Discretas,2526-3,1,anon_md_2526_3_1_006,6,31,2.0,2.425852
Matemáticas Discretas,2526-3,1,anon_md_2526_3_1_007,6,31,0.0,1.5529794
Matemáticas Discretas,2526-3,1,anon_md_2526_3_1_008,6,31,12.0,10.546707
Matemáticas Discretas,2526-3,1,anon_md_2526_3_1_009,6,31,1.0,1.4801288
Matemáticas Discretas,2526-3,1,anon_md_2526_3_1_010,6,31,8.0,6.7255545
Matemáticas Discretas,2526-3,1,anon_md_2526_3_1_011,6,31,4.0,2.6185436
Matemáticas Discretas,2526-3,1,anon_md_2526_3_1_012,6,31,10.0,9.321469
Matemáticas Discretas,2526-3,1,anon_md_2526_3_1_013,6,31,0.0,2.2801156
Matemáticas Discretas,2526-3,1,anon_md_2526_3_1_014,6,31,0.0,1.691856
Matemáticas Discretas,2526-3,1,anon_md_2526_3_1_015,6,31,0.0,2.0145006
Matemáticas Discretas,2526-3,1,anon_md_2526_3_1_016,6,31,0.0,2.2305763
Matemáticas Discretas,2526-3,1,anon_md_2526_3_1_017,6,31,0.0,1.2236664
Matemáticas Discretas,2526-3,1,anon_md_2526_3_1_018,6,31,9.0,4.528215
Matemáticas Discretas,2526-3,1,anon_md_2526_3_1_019,6,31,0.0,1.5434768
Matemáticas Discretas,2526-3,1,anon_md_2526_3_1_020,6,31,0.0,1.5175929
Matemáticas Discretas,2526-3,1,anon_md_2526_3_1_021,6,31,13.0,10.81263
Matemáticas Discretas,2526-3,1,anon_md_2526_3_1_022,6,31,11.0,8.458848
Matemáticas Discretas,2526-3,1,anon_md_2526_3_1_023,6,31,0.0,2.297096
Matemáticas Discretas,2526-3,1,anon_md_2526_3_1_024,6,31,0.0,1.8151014
Matemáticas Discretas,2526-3,1,anon_md_2526_3_1_025,6,31,6.0,4.8310947
Matemáticas Discretas,2526-3,1,anon_md_2526_3_1_026,6,31,1.0,2.1999173
Matemáticas Discretas,2526-3,1,anon_md_2526_3_1_027,6,31,4.0,4.3413377
Matemáticas Discretas,2526-3,1,anon_md_2526_3_1_028,6,31,2.0,3.373407
Matemáticas Discretas,2526-3,1,anon_md_2526_3_1_029,6,31,0.0,2.083389
Matemáticas Discretas,2526-3,1,anon_md_2526_3_1_030,6,31,5.0,3.3687177
Matemáticas Discretas,2526-3,1,anon_md_2526_3_1_031,6,31,4.0,4.010354
Matemáticas Discretas,2526-2,1,anon_md_2526_2_1_001,8,31,9.0,6.1675863
Matemáticas Discretas,2526-2,1,anon_md_2526_2_1_002,8,31,12.0,8.981641
Matemáticas Discretas,2526-2,1,anon_md_2526_2_1_003,8,31,3.0,3.6978607
Matemáticas Discretas,2526-2,1,anon_md_2526_2_1_004,8,31,3.0,3.6803656
Matemáticas Discretas,2526-2,1,anon_md_2526_2_1_005,8,31,9.0,8.17962
Matemáticas Discretas,2526-2,1,anon_md_2526_2_1_006,8,31,2.0,1.5113561
Matemáticas Discretas,2526-2,1,anon_md_2526_2_1_007,8,31,11.0,9.132055
Matemáticas Discretas,2526-2,1,anon_md_2526_2_1_008,8,31,2.0,2.7466836
Matemáticas Discretas,2526-2,1,anon_md_2526_2_1_009,8,31,1.0,1.3942533
Matemáticas Discretas,2526-2,1,anon_md_2526_2_1_010,8,31,1.0,1.5877513
Matemáticas Discretas,2526-2,1,anon_md_2526_2_1_011,8,31,3.0,2.3931231
Matemáticas Discretas,2526-2,1,anon_md_2526_2_1_012,8,31,8.0,6.807492
Matemáticas Discretas,2526-2,1,anon_md_2526_2_1_013,8,31,5.0,3.5767407
Matemáticas Discretas,2526-2,1,anon_md_2526_2_1_014,8,31,9.0,7.679958
Matemáticas Discretas,2526-2,1,anon_md_2526_2_1_015,8,31,12.0,12.384198
Matemáticas Discretas,2526-2,1,anon_md_2526_2_1_016,8,31,2.0,2.5128217
Matemáticas Discretas,2526-2,1,anon_md_2526_2_1_017,8,31,11.0,8.852928
Matemáticas Discretas,2526-2,1,anon_md_2526_2_1_018,8,31,8.0,6.9630604
Matemáticas Discretas,2526-2,1,anon_md_2526_2_1_019,8,31,1.0,1.2176051
Matemáticas Discretas,2526-2,1,anon_md_2526_2_1_020,8,31,0.0,0.11478174
Matemáticas Discretas,2526-2,1,anon_md_2526_2_1_021,8,31,0.0,0.098409474
Matemáticas Discretas,2526-2,1,anon_md_2526_2_1_022,8,31,11.0,10.1398
Matemáticas Discretas,2526-2,1,anon_md_2526_2_1_023,8,31,3.0,1.2902341
Matemáticas Discretas,2526-2,1,anon_md_2526_2_1_024,8,31,5.0,5.539267
Matemáticas Discretas,2526-2,1,anon_md_2526_2_1_025,8,31,1.0,1.1299806
Matemáticas Discretas,2526-2,1,anon_md_2526_2_1_026,8,31,1.0,1.1169264
Matemáticas Discretas,2526-2,1,anon_md_2526_2_1_027,8,31,8.0,5.42952
Matemáticas Discretas,2526-2,1,anon_md_2526_2_1_028,8,31,8.0,5.488618
Matemáticas Discretas,2526-2,1,anon_md_2526_2_1_029,8,31,1.0,1.0805404
Matemáticas Discretas,2526-2,1,anon_md_2526_2_1_030,8,31,1.0,1.1307161
Matemáticas Discretas,2526-2,1,anon_md_2526_2_1_031,8,31,1.0,1.0586476
Matemáticas Discretas,2526-2,1,anon_md_2526_2_1_032,8,31,1.0,1.3170252
Matemáticas Discretas,2526-2,1,anon_md_2526_2_1_033,8,31,1.0,1.3111012
Matemáticas Discretas,2526-2,1,anon_md_2526_2_1_034,8,31,0.0,0.055286527
Matemáticas Discretas,2526-2,1,anon_md_2526_2_1_035,8,31,8.0,5.4241056
Matemáticas Discretas,2526-2,2,anon_md_2526_2_2_001,8,31,5.0,6.5774813
Matemáticas Discretas,2526-2,2,anon_md_2526_2_2_002,8,31,8.0,5.4814625
Matemáticas Discretas,2526-2,2,anon_md_2526_2_2_003,8,31,0.0,1.2304021
Matemáticas Discretas,2526-2,2,anon_md_2526_2_2_004,8,31,6.0,5.444039
Matemáticas Discretas,2526-2,2,anon_md_2526_2_2_005,8,31,4.0,5.3820515
Matemáticas Discretas,2526-2,2,anon_md_2526_2_2_006,8,31,9.0,7.4951973
Matemáticas Discretas,2526-2,2,anon_md_2526_2_2_007,8,31,3.0,2.1968088
Matemáticas Discretas,2526-2,2,anon_md_2526_2_2_008,8,31,5.0,6.374304
Matemáticas Discretas,2526-2,2,anon_md_2526_2_2_009,8,31,1.0,2.1671696
Matemáticas Discretas,2526-2,2,anon_md_2526_2_2_010,8,31,0.0,1.1149321
Matemáticas Discretas,2526-2,2,anon_md_2526_2_2_011,8,31,5.0,3.1980648
Matemáticas Discretas,2526-2,2,anon_md_2526_2_2_012,8,31,10.0,7.4500747
Matemáticas Discretas,2526-2,2,anon_md_2526_2_2_013,8,31,1.0,2.1096988
Matemáticas Discretas,2526-2,2,anon_md_2526_2_2_014,8,31,2.0,2.0978138
Matemáticas Discretas,2526-2,2,anon_md_2526_2_2_015,8,31,0.0,1.0552533
Matemáticas Discretas,2526-2,2,anon_md_2526_2_2_016,8,31,10.0,7.322519
Matemáticas Discretas,2526-2,2,anon_md_2526_2_2_017,8,31,2.0,2.0711622
Matemáticas Discretas,2526-2,2,anon_md_2526_2_2_018,8,31,1.0,2.0588412
Matemáticas Discretas,2526-2,2,anon_md_2526_2_2_019,8,31,3.0,4.103856
Matemáticas Discretas,2526-2,2,anon_md_2526_2_2_020,8,31,3.0,4.0929985
Matemáticas Discretas,2526-2,2,anon_md_2526_2_2_021,8,31,8.0,9.296043
Matemáticas Discretas,2526-3,1,anon_md_2526_3_1_001,8,31,13.0,10.576236
Matemáticas Discretas,2526-3,1,anon_md_2526_3_1_002,8,31,0.0,1.3370848
Matemáticas Discretas,2526-3,1,anon_md_2526_3_1_003,8,31,4.0,3.4720316
Matemáticas Discretas,2526-3,1,anon_md_2526_3_1_004,8,31,2.0,3.4312716
Matemáticas Discretas,2526-3,1,anon_md_2526_3_1_005,8,31,3.0,2.3878655
Matemáticas Discretas,2526-3,1,anon_md_2526_3_1_006,8,31,2.0,3.3971572
Matemáticas Discretas,2526-3,1,anon_md_2526_3_1_007,8,31,0.0,1.0112641
Matemáticas Discretas,2526-3,1,anon_md_2526_3_1_008,8,31,12.0,10.741141
Matemáticas Discretas,2526-3,1,anon_md_2526_3_1_009,8,31,1.0,2.0255506
Matemáticas Discretas,2526-3,1,anon_md_2526_3_1_010,8,31,8.0,8.549052
Matemáticas Discretas,2526-3,1,anon_md_2526_3_1_011,8,31,4.0,3.067268
Matemáticas Discretas,2526-3,1,anon_md_2526_3_1_012,8,31,10.0,11.713114
Matemáticas Discretas,2526-3,1,anon_md_2526_3_1_013,8,31,0.0,1.2598159
Matemáticas Discretas,2526-3,1,anon_md_2526_3_1_014,8,31,0.0,1.0276238
Matemáticas Discretas,2526-3,1,anon_md_2526_3_1_015,8,31,0.0,1.1510986
Matemáticas Discretas,2526-3,1,anon_md_2526_3_1_016,8,31,0.0,1.2316235
Matemáticas Discretas,2526-3,1,anon_md_2526_3_1_017,8,31,0.0,0.8159624
Matemáticas Discretas,2526-3,1,anon_md_2526_3_1_018,8,31,9.0,6.430596
Matemáticas Discretas,2526-3,1,anon_md_2526_3_1_019,8,31,0.0,0.9337035
Matemáticas Discretas,2526-3,1,anon_md_2526_3_1_020,8,31,0.0,0.9160512
Matemáticas Discretas,2526-3,1,anon_md_2526_3_1_021,8,31,13.0,12.451675
Matemáticas Discretas,2526-3,1,anon_md_2526_3_1_022,8,31,11.0,9.307095
Matemáticas Discretas,2526-3,1,anon_md_2526_3_1_023,8,31,0.0,1.2519822
Matemáticas Discretas,2526-3,1,anon_md_2526_3_1_024,8,31,0.0,1.0203402
Matemáticas Discretas,2526-3,1,anon_md_2526_3_1_025,8,31,6.0,4.959776
Matemáticas Discretas,2526-3,1,anon_md_2526_3_1_026,8,31,1.0,1.7529881
Matemáticas Discretas,2526-3,1,anon_md_2526_3_1_027,8,31,4.0,5.3258734
Matemáticas Discretas,2526-3,1,anon_md_2526_3_1_028,8,31,2.0,3.2980227
Matemáticas Discretas,2526-3,1,anon_md_2526_3_1_029,8,31,0.0,1.1352284
Matemáticas Discretas,2526-3,1,anon_md_2526_3_1_030,8,31,5.0,4.3006873
Matemáticas Discretas,2526-3,1,anon_md_2526_3_1_031,8,31,4.0,4.126574
