materia,hito,estudiante_id,trimestre,seccion,config_bayes,pred_lstm,pred_bayes,delta_lstm_mas1,delta_restantes_lstm_mas1,delta_bayes_mas1,efecto_mas1_anterior0,efecto_mas1_anterior3,rango_Participaciones de la semana,rango_Participaciones de la semana anterior,rango_Año que cursa,rango_Tamaño del grupo,rango_Posición relativa en la lista
Algoritmos y Programación,4,anon_001,2425-2,1,Año que cursa=1|Participaciones de la semana=0|Participaciones de la semana anterior=0|Tamaño del grupo=mediano,4.864684,2.7777935803689013,1.1720681,0.17206812,4.010656885566319,1.1720681,1.1775026,3.5231123,3.8703117,0.4334197,2.5190084,0.8993645
Algoritmos y Programación,4,anon_002,2425-2,1,Año que cursa=1|Participaciones de la semana=0|Participaciones de la semana anterior=0|Tamaño del grupo=mediano,1.989459,2.7777935803689013,1.1389894,0.13898945,4.010656885566319,1.1389894,1.1780157,3.4661608,3.826661,0.04665017,1.784043,0.63582563
Algoritmos y Programación,4,anon_003,2425-2,1,Año que cursa=1|Participaciones de la semana=2|Participaciones de la semana anterior=2|Tamaño del grupo=mediano,9.68469,13.113265356868796,1.1487341,0.1487341,2.8018140995120184,1.1695051,1.1348658,3.5083342,3.8729277,0.9598036,3.0686922,1.0498495
Algoritmos y Programación,4,anon_004,2425-2,1,Año que cursa=1|Participaciones de la semana=0|Participaciones de la semana anterior=0|Tamaño del grupo=mediano,4.848995,2.7777935803689013,1.1693764,0.16937637,4.010656885566319,1.1693764,1.181982,3.5292788,3.8943033,0.41379118,2.3716807,0.8732362
Algoritmos y Programación,4,anon_005,2425-2,1,Año que cursa=1|Participaciones de la semana=3 o más|Participaciones de la semana anterior=0|Tamaño del grupo=mediano,10.807003,9.649644064054286,1.1035395,0.10353947,0.0,1.1035395,1.0732412,3.5377636,3.767744,1.0216112,3.1037579,1.0268469
Algoritmos y Programación,4,anon_006,2425-2,1,Año que cursa=1|Participaciones de la semana=0|Participaciones de la semana anterior=0|Tamaño del grupo=mediano,1.8449452,2.7777935803689013,1.1286829,0.12868285,4.010656885566319,1.1286829,1.1761365,3.4496486,3.8203442,0.040322542,1.5094298,0.63582563
Algoritmos y Programación,4,anon_007,2425-2,1,Año que cursa=1|Participaciones de la semana=0|Participaciones de la semana anterior=0|Tamaño del grupo=mediano,1.81013,2.7777935803689013,1.1258336,0.12583363,4.010656885566319,1.1258336,1.175107,3.4442568,3.8164692,0.04514563,1.4394618,0.63582563
Algoritmos y Programación,4,anon_008,2425-2,1,Año que cursa=1|Participaciones de la semana=3 o más|Participaciones de la semana anterior=2|Tamaño del grupo=mediano,7.8095837,15.915079456380814,1.1447458,0.14474583,0.0,1.1483645,1.1347733,3.515195,3.900095,0.6759081,2.2809887,0.9606457
Algoritmos y Programación,4,anon_009,2425-2,1,Año que cursa=2|Participaciones de la semana=2|Participaciones de la semana anterior=0|Tamaño del grupo=mediano,6.9456406,9.234410145351635,1.1664047,0.16640472,1.6710441082851446,1.1664047,1.144064,3.4870348,3.9263296,0.6246853,1.9843283,1.0897684
Algoritmos y Programación,4,anon_010,2425-2,1,Año que cursa=2|Participaciones de la semana=1|Participaciones de la semana anterior=3 o más|Tamaño del grupo=mediano,12.292426,13.085269588120738,1.1504669,0.15046692,4.383185944134951,1.1786165,1.1610231,3.4379253,3.918418,1.2340012,3.0076895,1.0208092
Algoritmos y Programación,4,anon_011,2425-2,1,Año que cursa=2|Participaciones de la semana=2|Participaciones de la semana anterior=0|Tamaño del grupo=mediano,6.6449833,9.234410145351635,1.1642895,0.16428947,1.6710441082851446,1.1642895,1.1461077,3.472487,3.9288597,0.5926399,1.7086821,1.0799799
Algoritmos y Programación,4,anon_012,2425-2,1,Año que cursa=1|Participaciones de la semana=0|Participaciones de la semana anterior=0|Tamaño del grupo=mediano,1.6473899,2.7777935803689013,1.1105604,0.11056042,4.010656885566319,1.1105604,1.1665392,3.410749,3.783955,0.0710063,1.0897309,0.63582563
Algoritmos y Programación,4,anon_013,2425-2,1,Año que cursa=1|Participaciones de la semana=0|Participaciones de la semana anterior=0|Tamaño del grupo=mediano,1.6175277,2.7777935803689013,1.1073864,0.10738635,4.010656885566319,1.1073864,1.1641741,3.4029434,3.7750275,0.07458687,1.0209774,0.63582563
Algoritmos y Programación,4,anon_014,2425-2,1,Año que cursa=1|Participaciones de la semana=1|Participaciones de la semana anterior=3 o más|Tamaño del grupo=mediano,20.970772,15.915079456380814,1.0933571,0.093357086,-0.6034279114834149,1.1351814,1.0933571,3.2795353,3.4725113,0.9128113,3.9752617,0.23776817
Algoritmos y Programación,4,anon_015,2425-2,1,Año que cursa=1|Participaciones de la semana=3 o más|Participaciones de la semana anterior=2|Tamaño del grupo=mediano,13.016498,15.915079456380814,1.0995874,0.09958744,0.0,1.122406,1.0877008,3.5416508,3.8782654,1.3161898,3.0995235,0.9595337
Algoritmos y Programación,4,anon_016,2425-2,1,Año que cursa=5 o más|Participaciones de la semana=0|Participaciones de la semana anterior=0|Tamaño del grupo=mediano,1.5225036,3.1911511194172246,1.0321746,0.032174587,0.03947146376785948,1.0321746,1.0407734,3.1197054,3.3664553,0.082675576,0.30848277,0.594077
Algoritmos y Programación,4,anon_017,2425-2,1,Año que cursa=1|Participaciones de la semana=0|Participaciones de la semana anterior=0|Tamaño del grupo=mediano,1.5086164,2.7777935803689013,1.0946746,0.09467459,4.010656885566319,1.0946746,1.152884,3.3691883,3.732633,0.08463597,0.75521064,0.63582563
Algoritmos y Programación,4,anon_018,2425-2,1,Año que cursa=1|Participaciones de la semana=0|Participaciones de la semana anterior=3 o más|Tamaño del grupo=mediano,9.078552,10.723491927740941,1.178093,0.17809296,5.191587528639873,1.1100917,1.1653919,3.5177908,3.8085017,0.7494173,2.0858173,0.8425846
Algoritmos y Programación,4,anon_019,2425-2,1,Año que cursa=1|Participaciones de la semana=0|Participaciones de la semana anterior=0|Tamaño del grupo=mediano,1.4609275,2.7777935803689013,1.0884483,0.088448286,4.010656885566319,1.0884483,1.1463499,3.351307,3.7081676,0.08774948,0.62973547,0.63582563
Algoritmos y Programación,4,anon_020,2425-2,1,Año que cursa=1|Participaciones de la semana=3 o más|Participaciones de la semana anterior=2|Tamaño del grupo=mediano,16.040308,15.915079456380814,1.1039429,0.10394287,0.0,1.1356401,1.0910397,3.4727755,3.732358,1.563057,3.8077822,0.6098833
Algoritmos y Programación,4,anon_021,2425-2,1,Año que cursa=2|Participaciones de la semana=0|Participaciones de la semana anterior=1|Tamaño del grupo=mediano,6.6421995,6.313364761246467,1.1432743,0.1432743,3.8629658189840654,1.1271663,1.1615467,3.4781904,3.8803382,0.5294657,1.3960118,1.1381016
Algoritmos y Programación,4,anon_022,2425-2,1,Año que cursa=1|Participaciones de la semana=0|Participaciones de la semana anterior=0|Tamaño del grupo=mediano,1.3982214,2.7777935803689013,1.0794677,0.079467654,4.010656885566319,1.0794677,1.1358342,3.324051,3.6687083,0.09113169,0.45297313,0.63582563
Algoritmos y Programación,4,anon_023,2425-2,1,Año que cursa=1|Participaciones de la semana=3 o más|Participaciones de la semana anterior=2|Tamaño del grupo=mediano,14.803863,15.915079456380814,1.0628281,0.062828064,0.0,1.0754185,1.0559521,3.5305471,3.8486652,1.2427111,2.6257353,0.7975006
Algoritmos y Programación,4,anon_024,2425-2,1,Año que cursa=2|Participaciones de la semana=0|Participaciones de la semana anterior=1|Tamaño del grupo=mediano,6.617592,6.313364761246467,1.1337051,0.13370514,3.8629658189840654,1.1171827,1.1556883,3.4612284,3.8554907,0.45441532,1.3014545,1.1379566
Algoritmos y Programación,4,anon_025,2425-2,1,Año que cursa=1|Participaciones de la semana=2|Participaciones de la semana anterior=0|Tamaño del grupo=mediano,7.811802,9.113681457023267,1.1784782,0.17847824,0.5359626070310188,1.1784782,1.1722698,3.4677515,3.9491253,0.5134611,1.7160645,0.98531437
Algoritmos y Programación,4,anon_026,2425-2,1,Año que cursa=1|Participaciones de la semana=0|Participaciones de la semana anterior=0|Tamaño del grupo=mediano,1.3309116,2.7777935803689013,1.0684471,0.06844711,4.010656885566319,1.0684471,1.1212759,3.2883205,3.6135225,0.0949446,0.24034667,0.63582563
Algoritmos y Programación,4,anon_027,2425-2,1,Año que cursa=2|Participaciones de la semana=0|Participaciones de la semana anterior=1|Tamaño del grupo=mediano,4.9588323,6.313364761246467,1.1035571,0.10355711,3.8629658189840654,1.0867298,1.1364832,3.39082,3.7483804,0.25050974,0.64127874,1.0518708
Algoritmos y Programación,4,anon_028,2425-2,1,Año que cursa=1|Participaciones de la semana=2|Participaciones de la semana anterior=3 o más|Tamaño del grupo=mediano,17.048077,15.3116515448974,1.1177998,0.11779976,2.203044026425326,1.1676912,1.1177998,3.4143248,3.7583017,1.5898304,3.7855444,0.46842003
Algoritmos y Programación,4,anon_029,2425-2,1,Año que cursa=1|Participaciones de la semana=0|Participaciones de la semana anterior=0|Tamaño del grupo=mediano,1.2918941,2.7777935803689013,1.0610651,0.061065078,4.010656885566319,1.0610651,1.11058,3.2629895,3.5722165,0.0982219,0.1131593,0.63582563
Algoritmos y Programación,4,anon_030,2425-2,1,Año que cursa=1|Participaciones de la semana=2|Participaciones de la semana anterior=3 o más|Tamaño del grupo=mediano,12.375184,15.3116515448974,1.1628904,0.16289043,2.203044026425326,1.1477404,1.1764259,3.500229,3.841239,1.0089321,2.0840845,0.78094673
Algoritmos y Programación,4,anon_031,2425-2,2,Año que cursa=2|Participaciones de la semana=0|Participaciones de la semana anterior=0|Tamaño del grupo=mediano,3.25336,2.477593007280989,1.1524208,0.15242076,4.0976948723140785,1.1524208,1.1691561,3.4702127,3.7870557,0.06297159,1.0881102,0.34100008
Algoritmos y Programación,4,anon_032,2425-2,2,Año que cursa=1|Participaciones de la semana=0|Participaciones de la semana anterior=0|Tamaño del grupo=mediano,5.930251,2.7777935803689013,1.1862478,0.18624783,4.010656885566319,1.1862478,1.181941,3.5374107,3.8201218,0.23268986,1.5910387,0.41371918
Algoritmos y Programación,4,anon_033,2425-2,2,Año que cursa=4|Participaciones de la semana=3 o más|Participaciones de la semana anterior=3 o más|Tamaño del grupo=mediano,16.61481,17.487675548494195,1.0914688,0.09146881,0.0,1.1056776,1.0914688,3.314683,3.5778618,0.5735073,2.210023,0.46763802
Algoritmos y Programación,4,anon_034,2425-2,2,Año que cursa=2|Participaciones de la semana=1|Participaciones de la semana anterior=0|Tamaño del grupo=mediano,7.216654,6.575287879595067,1.1716375,0.17163754,2.659122265756568,1.1716375,1.1535606,3.4961004,3.8037338,0.26099014,1.6581869,0.3890381
Algoritmos y Programación,4,anon_035,2425-2,2,Año que cursa=1|Participaciones de la semana=0|Participaciones de la semana anterior=2|Tamaño del grupo=mediano,4.2866974,9.645698989845236,1.173657,0.17365694,-0.46114852575172627,1.1413693,1.1821623,3.517126,3.779686,0.14859581,1.0994935,0.36905932
Algoritmos y Programación,4,anon_036,2425-2,2,Año que cursa=3|Participaciones de la semana=0|Participaciones de la semana anterior=2|Tamaño del grupo=mediano,8.300026,8.690007368225041,1.1416655,0.14166546,-2.3307212218245574,1.142952,1.139247,3.4078817,3.7420015,0.46232033,1.7202921,0.39794827
Algoritmos y Programación,4,anon_037,2425-2,2,Año que cursa=1|Participaciones de la semana=0|Participaciones de la semana anterior=0|Tamaño del grupo=mediano,1.7448109,2.7777935803689013,1.1374432,0.13744318,4.010656885566319,1.1374432,1.180646,3.459165,3.7757225,0.043845296,0.6545304,0.24938679
Algoritmos y Programación,4,anon_038,2425-2,2,Año que cursa=3|Participaciones de la semana=1|Participaciones de la semana anterior=0|Tamaño del grupo=mediano,2.850943,1.5029676038656898,1.1275501,0.12755013,4.856318542534794,1.1275501,1.141284,3.3698733,3.7321935,0.04124093,0.4422803,0.3397994
Algoritmos y Programación,4,anon_039,2425-2,2,Año que cursa=2|Participaciones de la semana=1|Participaciones de la semana anterior=2|Tamaño del grupo=mediano,5.3696556,9.409189515952074,1.1628923,0.16289234,1.4962647376847062,1.1467257,1.1646261,3.47019,3.7923207,0.2684245,0.9426317,0.42439842
Algoritmos y Programación,4,anon_040,2425-2,2,Año que cursa=5 o más|Participaciones de la semana=0|Participaciones de la semana anterior=0|Tamaño del grupo=mediano,1.7395322,3.1911511194172246,1.0524971,0.05249715,0.03947146376785948,1.0524971,1.0642772,3.173732,3.4616234,0.03565395,0.33495736,0.2589234
Algoritmos y Programación,4,anon_041,2425-2,2,Año que cursa=2|Participaciones de la semana=0|Participaciones de la semana anterior=0|Tamaño del grupo=mediano,1.6900389,2.477593007280989,1.1233242,0.123324156,4.0976948723140785,1.1233242,1.160378,3.4147408,3.7532027,0.03759575,0.3915217,0.28516948
Algoritmos y Programación,4,anon_042,2425-2,2,Año que cursa=2|Participaciones de la semana=1|Participaciones de la semana anterior=0|Tamaño del grupo=mediano,2.7971501,6.575287879595067,1.1423922,0.14239216,2.659122265756568,1.1423922,1.163621,3.4104016,3.7883964,0.04836774,0.44384193,0.33668327
Algoritmos y Programación,4,anon_043,2425-2,2,Año que cursa=2|Participaciones de la semana=2|Participaciones de la semana anterior=2|Tamaño del grupo=mediano,9.230009,10.90545425363678,1.1479816,0.14798164,6.505737518898005,1.1571884,1.1411114,3.4745455,3.8275042,0.6354494,1.668683,0.45907688
Algoritmos y Programación,4,anon_044,2425-2,2,Año que cursa=2|Participaciones de la semana=2|Participaciones de la semana anterior=3 o más|Tamaño del grupo=mediano,11.824796,17.46845553225569,1.134841,0.13484097,-0.057263759720903806,1.1571665,1.134841,3.4495268,3.805664,0.8123293,2.1424751,0.38564968
Algoritmos y Programación,4,anon_045,2425-2,2,Año que cursa=4|Participaciones de la semana=0|Participaciones de la semana anterior=1|Tamaño del grupo=mediano,8.290884,10.875315836953886,1.101696,0.101696014,3.6851801709934353,1.1030416,1.0989504,3.3088102,3.6339073,0.48394585,1.612153,0.37237358
Algoritmos y Programación,4,anon_046,2425-2,2,Año que cursa=2|Participaciones de la semana=0|Participaciones de la semana anterior=0|Tamaño del grupo=mediano,1.6244392,2.477593007280989,1.1125195,0.1125195,4.0976948723140785,1.1125195,1.153625,3.3900933,3.7341733,0.04842031,0.18526888,0.28516948
Algoritmos y Programación,4,anon_047,2425-2,2,Año que cursa=1|Participaciones de la semana=0|Participaciones de la semana anterior=2|Tamaño del grupo=mediano,8.37215,9.645698989845236,1.1836128,0.18361282,-0.46114852575172627,1.1639366,1.1839037,3.5303993,3.861703,0.42306137,1.7268152,0.39258575
Algoritmos y Programación,4,anon_048,2425-2,2,Año que cursa=2|Participaciones de la semana=0|Participaciones de la semana anterior=1|Tamaño del grupo=mediano,2.8123043,6.313364761246467,1.1236393,0.123639345,3.8629658189840654,1.1077144,1.1502385,3.414693,3.7228591,0.032491684,0.302217,0.34418035
Algoritmos y Programación,4,anon_049,2425-2,2,Año que cursa=2|Participaciones de la semana=0|Participaciones de la semana anterior=0|Tamaño del grupo=mediano,1.5922554,2.477593007280989,1.1052353,0.10523534,4.0976948723140785,1.1052353,1.1484103,3.3720896,3.7164838,0.054519534,0.079952836,0.28516948
Algoritmos y Programación,4,anon_050,2425-2,2,Año que cursa=2|Participaciones de la semana=1|Participaciones de la semana anterior=0|Tamaño del grupo=mediano,5.3699255,6.575287879595067,1.1539106,0.15391064,2.659122265756568,1.1539106,1.156682,3.4432735,3.8257504,0.19835997,0.8007269,0.4207163
Algoritmos y Programación,4,anon_051,2425-2,2,Año que cursa=2|Participaciones de la semana=0|Participaciones de la semana anterior=0|Tamaño del grupo=mediano,1.5740287,2.477593007280989,1.1001728,0.10017276,4.0976948723140785,1.1001728,1.144515,3.359084,3.7024605,0.058711767,0.039351583,0.28516948
Algoritmos y Programación,4,anon_052,2425-2,2,Año que cursa=1|Participaciones de la semana=3 o más|Participaciones de la semana anterior=1|Tamaño del grupo=mediano,12.79685,14.995741043442237,1.1044827,0.10448265,0.0,1.113224,1.0880928,3.5235186,3.7615633,0.805892,2.0096483,0.34089756
Algoritmos y Programación,4,anon_053,2425-2,2,Año que cursa=1|Participaciones de la semana=0|Participaciones de la semana anterior=0|Tamaño del grupo=mediano,1.5778303,2.7777935803689013,1.0995176,0.099517584,4.010656885566319,1.0995176,1.1544352,3.3728256,3.6869373,0.06485474,0.1505506,0.24938679
Algoritmos y Programación,4,anon_054,2425-2,2,Año que cursa=1|Participaciones de la semana=0|Participaciones de la semana anterior=0|Tamaño del grupo=mediano,4.159418,2.7777935803689013,1.1334257,0.13342571,4.010656885566319,1.1334257,1.1733074,3.4632978,3.8104715,0.08238459,0.60413885,0.37058496
Algoritmos y Programación,4,anon_055,2425-2,2,Año que cursa=1|Participaciones de la semana=0|Participaciones de la semana anterior=2|Tamaño del grupo=mediano,8.095373,9.645698989845236,1.1722469,0.17224693,-0.46114852575172627,1.147223,1.1752739,3.5148153,3.8351598,0.38270473,1.4354973,0.44549465
Algoritmos y Programación,4,anon_056,2425-2,2,Año que cursa=2|Participaciones de la semana=0|Participaciones de la semana anterior=0|Tamaño del grupo=mediano,1.5394449,2.477593007280989,1.0873997,0.08739972,4.0976948723140785,1.0873997,1.1337681,3.3248315,3.6619034,0.07336211,0.1807344,0.28516948
Algoritmos y Programación,4,anon_057,2425-2,2,Año que cursa=5 o más|Participaciones de la semana=3 o más|Participaciones de la semana anterior=2|Tamaño del grupo=mediano,7.0590725,8.690007368225041,1.0515432,0.051543236,0.0,1.0509787,1.0535383,3.161708,3.439314,0.33443165,0.6561222,0.3506384
Algoritmos y Programación,4,anon_058,2425-2,2,Año que cursa=2|Participaciones de la semana=0|Participaciones de la semana anterior=0|Tamaño del grupo=mediano,1.5295707,2.477593007280989,1.0824565,0.08245647,4.0976948723140785,1.0824565,1.1292639,3.3111033,3.6444058,0.07822847,0.24637699,0.28516948
Algoritmos y Programación,4,anon_059,2425-2,2,Año que cursa=5 o más|Participaciones de la semana=2|Participaciones de la semana anterior=0|Tamaño del grupo=mediano,5.0415554,4.762250244391554,1.0533814,0.053381443,3.927757123833487,1.0533814,1.0497341,3.16611,3.4444427,0.0355711,0.71591187,0.28706264
Algoritmos y Programación,4,anon_060,2425-2,2,Año que cursa=2|Participaciones de la semana=0|Participaciones de la semana anterior=1|Tamaño del grupo=mediano,2.6900373,6.313364761246467,1.0925548,0.09255481,3.8629658189840654,1.0777049,1.124754,3.3390365,3.6266747,0.052773,0.17215061,0.34418035
Algoritmos y Programación,4,anon_061,2526-1,1,Año que cursa=4|Participaciones de la semana=0|Participaciones de la semana anterior=2|Tamaño del grupo=pequeño,6.9284325,8.70208364398579,1.1013727,0.10137272,-2.3427974975853054,1.087739,1.1074286,3.3203487,3.5765238,1.6777706,1.826004,1.1964836
Algoritmos y Programación,4,anon_062,2526-1,1,Año que cursa=1|Participaciones de la semana=2|Participaciones de la semana anterior=3 o más|Tamaño del grupo=pequeño,10.339277,17.46845553225569,1.1236143,0.12361431,-11.109169385855205,1.1396322,1.1236143,3.4284935,3.6941757,1.7679243,3.0238743,1.4381762
Algoritmos y Programación,4,anon_063,2526-1,1,Participaciones de la semana=3 o más|Participaciones de la semana anterior=1|Tamaño del grupo=pequeño,8.976527,13.592972440005175,1.1132565,0.113256454,0.0,1.1182251,1.1012545,3.456873,3.6968975,1.7346525,2.6995726,1.571681
Algoritmos y Programación,4,anon_064,2526-1,1,Año que cursa=1|Participaciones de la semana=0|Participaciones de la semana anterior=0|Tamaño del grupo=pequeño,4.195566,2.8811945891663617,1.1570196,0.15701962,9.019168776667694,1.1570196,1.1637545,3.4612942,3.732006,1.319004,1.9706304,1.4911368
Algoritmos y Programación,4,anon_065,2526-1,1,Participaciones de la semana=0|Participaciones de la semana anterior=1|Tamaño del grupo=pequeño,6.7400713,6.1067582016092,1.1667318,0.16673183,5.225049505110494,1.1639986,1.1630287,3.4670753,3.7324295,1.6178298,2.4817505,1.5366077
Algoritmos y Programación,4,anon_066,2526-1,1,Año que cursa=1|Participaciones de la semana=0|Participaciones de la semana anterior=0|Tamaño del grupo=pequeño,5.4697337,2.8811945891663617,1.1645017,0.16450167,9.019168776667694,1.1645017,1.1663942,3.4798732,3.754848,1.4163065,2.1995149,1.468081
Algoritmos y Programación,4,anon_067,2526-1,1,Año que cursa=1|Participaciones de la semana=1|Participaciones de la semana anterior=0|Tamaño del grupo=pequeño,7.9550295,11.900363365834055,1.1688595,0.16885948,-3.198279721848266,1.1688595,1.150075,3.4887629,3.749793,1.586421,2.613534,1.3904858
Algoritmos y Programación,4,anon_068,2526-1,1,Año que cursa=5 o más|Participaciones de la semana=0|Participaciones de la semana anterior=0|Tamaño del grupo=pequeño,2.7006607,0.655056904936393,1.0357974,0.035797358,0.8479106989292968,1.0357974,1.0581231,3.151641,3.383184,1.2046018,0.80761766,0.72890115
Algoritmos y Programación,4,anon_069,2526-1,1,Año que cursa=1|Participaciones de la semana=3 o más|Participaciones de la semana anterior=1|Tamaño del grupo=pequeño,11.442142,17.411191772534785,1.1206102,0.12061024,0.0,1.1286545,1.1029224,3.4944658,3.7460995,1.8871441,3.0513496,1.2677622
Algoritmos y Programación,4,anon_070,2526-1,1,Año que cursa=1|Participaciones de la semana=3 o más|Participaciones de la semana anterior=0|Tamaño del grupo=pequeño,8.616822,11.306623304263958,1.1339788,0.13397884,0.0,1.1339788,1.1118841,3.4946957,3.7955198,1.685195,2.3198824,1.5543594
Algoritmos y Programación,4,anon_071,2526-1,1,Año que cursa=1|Participaciones de la semana=0|Participaciones de la semana anterior=0|Tamaño del grupo=pequeño,3.6805136,2.8811945891663617,1.1497428,0.14974284,9.019168776667694,1.1497428,1.1761389,3.4721782,3.8105047,1.0953419,1.4362082,1.4911368
Algoritmos y Programación,4,anon_072,2526-1,1,Año que cursa=3|Participaciones de la semana=0|Participaciones de la semana anterior=0|Tamaño del grupo=pequeño,2.9072285,1.4516896287422547,1.0763469,0.076346874,2.6750147076408295,1.0763469,1.1107798,3.2786093,3.5851383,1.0560284,0.71589565,1.2068572
Algoritmos y Programación,4,anon_073,2526-1,1,Año que cursa=1|Participaciones de la semana=0|Participaciones de la semana anterior=0|Tamaño del grupo=pequeño,3.5311322,2.8811945891663617,1.1446424,0.14464235,9.019168776667694,1.1446424,1.1773663,3.467072,3.8201623,1.0157967,1.2807398,1.4911368
Algoritmos y Programación,4,anon_074,2526-1,1,Año que cursa=1|Participaciones de la semana=0|Participaciones de la semana anterior=0|Tamaño del grupo=pequeño,3.4573874,2.8811945891663617,1.1416316,0.1416316,9.019168776667694,1.1416316,1.177453,3.463019,3.8223166,0.97496486,1.20367,1.4911368
Algoritmos y Programación,4,anon_075,2526-1,1,Año que cursa=5 o más|Participaciones de la semana=0|Participaciones de la semana anterior=0|Tamaño del grupo=pequeño,2.4507854,0.655056904936393,1.0244529,0.024452925,0.8479106989292968,1.0244529,1.0435228,3.1143973,3.3198225,0.9338434,0.519181,0.72890115
Algoritmos y Programación,4,anon_076,2526-1,1,Año que cursa=3|Participaciones de la semana=0|Participaciones de la semana anterior=2|Tamaño del grupo=pequeño,5.018305,4.126704336383084,1.0864344,0.086434364,2.2325818100173995,1.0637515,1.0993099,3.3115597,3.5445848,1.2539296,0.8888564,1.3581123
Algoritmos y Programación,4,anon_077,2526-1,1,Año que cursa=1|Participaciones de la semana=0|Participaciones de la semana anterior=0|Tamaño del grupo=pequeño,3.2430859,2.8811945891663617,1.1310205,0.13102055,9.019168776667694,1.1310205,1.175375,3.4450626,3.8175888,0.85192037,0.97773695,1.4911368
Algoritmos y Programación,4,anon_078,2526-1,1,Año que cursa=1|Participaciones de la semana=0|Participaciones de la semana anterior=0|Tamaño del grupo=pequeño,4.6205635,2.8811945891663617,1.1462746,0.14627457,9.019168776667694,1.1462746,1.1831017,3.4847822,3.8705502,1.0262611,1.3176451,1.468081
Algoritmos y Programación,4,anon_079,2526-1,1,Año que cursa=5 o más|Participaciones de la semana=0|Participaciones de la semana anterior=0|Tamaño del grupo=pequeño,1.1618747,0.655056904936393,1.0162078,0.016207814,0.8479106989292968,1.0162078,1.0323181,3.081809,3.2577877,0.569013,0.23683357,0.67663157
Algoritmos y Programación,4,anon_080,2526-1,1,Año que cursa=1|Participaciones de la semana=0|Participaciones de la semana anterior=2|Tamaño del grupo=pequeño,8.539797,9.226017188432145,1.1822071,0.18220711,-2.8667310420316614,1.156436,1.1871128,3.544116,3.9063606,1.5109863,2.1527843,1.2632551
Algoritmos y Programación,4,anon_081,2526-1,1,Año que cursa=1|Participaciones de la semana=0|Participaciones de la semana anterior=0|Tamaño del grupo=pequeño,2.9820118,2.8811945891663617,1.1142621,0.114262104,9.019168776667694,1.1142621,1.1669607,3.4093847,3.7861137,0.69656324,0.69563484,1.4911368
Algoritmos y Programación,4,anon_082,2526-1,1,Año que cursa=5 o más|Participaciones de la semana=0|Participaciones de la semana anterior=0|Tamaño del grupo=pequeño,1.0919284,0.655056904936393,1.0140959,0.014095902,0.8479106989292968,1.0140959,1.0289226,3.0729241,3.2405639,0.47590864,0.24710917,0.67663157
Algoritmos y Programación,4,anon_083,2526-1,1,Año que cursa=2|Participaciones de la semana=0|Participaciones de la semana anterior=3 o más|Tamaño del grupo=pequeño,7.66403,8.690007368225041,1.1354952,0.13549519,-2.3307212218245574,1.0878406,1.1354952,3.4549294,3.7045274,1.3647776,1.3739862,1.454999
Algoritmos y Programación,4,anon_084,2526-1,1,Año que cursa=1|Participaciones de la semana=0|Participaciones de la semana anterior=0|Tamaño del grupo=pequeño,2.810342,2.8811945891663617,1.1008797,0.10087967,9.019168776667694,1.1008797,1.1568403,3.3764975,3.7470148,0.5934024,0.5026238,1.4911368
Algoritmos y Programación,4,anon_085,2526-1,1,Año que cursa=3|Participaciones de la semana=0|Participaciones de la semana anterior=0|Tamaño del grupo=pequeño,1.0859467,1.4516896287422547,1.0330595,0.033059478,2.6750147076408295,1.0330595,1.0628853,3.149136,3.380917,0.3984779,0.23398447,1.1091566
Algoritmos y Programación,4,anon_086,2526-1,1,Año que cursa=1|Participaciones de la semana=0|Participaciones de la semana anterior=0|Tamaño del grupo=pequeño,2.7084723,2.8811945891663617,1.0920527,0.0920527,9.019168776667694,1.0920527,1.1487236,3.3530626,3.715868,0.5324869,0.38336372,1.4911368
Algoritmos y Programación,4,anon_087,2526-1,1,Año que cursa=1|Participaciones de la semana=0|Participaciones de la semana anterior=0|Tamaño del grupo=pequeño,2.6613097,2.8811945891663617,1.0877483,0.08774829,9.019168776667694,1.0877483,1.1443729,3.341168,3.6992745,0.50445557,0.326478,1.4911368
Algoritmos y Programación,4,anon_088,2526-2,1,Año que cursa=1|Participaciones de la semana=0|Participaciones de la semana anterior=0|Tamaño del grupo=mediano,1.9759796,2.7777935803689013,1.1400173,0.14001727,4.010656885566319,1.1400173,1.178134,3.4663556,3.8168175,0.030627847,1.8125324,0.6227528
Algoritmos y Programación,4,anon_089,2526-2,1,Año que cursa=1|Participaciones de la semana=0|Participaciones de la semana anterior=2|Tamaño del grupo=mediano,5.9646864,9.645698989845236,1.1802864,0.18028641,-0.46114852575172627,1.1563034,1.1826305,3.5230236,3.8643265,0.5067673,2.5667171,0.9437752
Algoritmos y Programación,4,anon_090,2526-2,1,Año que cursa=1|Participaciones de la semana=0|Participaciones de la semana anterior=0|Tamaño del grupo=mediano,1.9024069,2.7777935803689013,1.1351478,0.13514781,4.010656885566319,1.1351478,1.1778688,3.4596565,3.8163135,0.018013954,1.6769577,0.6227528
Algoritmos y Programación,4,anon_091,2526-2,1,Año que cursa=1|Participaciones de la semana=3 o más|Participaciones de la semana anterior=2|Tamaño del grupo=mediano,9.415387,15.915079456380814,1.1307497,0.1307497,0.0,1.1471128,1.1185389,3.5299673,3.8866262,0.8616934,2.86592,1.040348
Algoritmos y Programación,4,anon_092,2526-2,1,Año que cursa=1|Participaciones de la semana=0|Participaciones de la semana anterior=0|Tamaño del grupo=mediano,1.8305378,2.7777935803689013,1.1297824,0.12978244,4.010656885566319,1.1297824,1.1767378,3.4508796,3.812212,0.022426128,1.5383725,0.6227528
Algoritmos y Programación,4,anon_093,2526-2,1,Año que cursa=1|Participaciones de la semana=0|Participaciones de la semana anterior=1|Tamaño del grupo=mediano,3.0318775,5.168953904681355,1.1459107,0.14591074,4.757977827033206,1.126941,1.1758318,3.48742,3.8088038,0.13515091,1.7023609,0.7262821
Algoritmos y Programación,4,anon_094,2526-2,1,Año que cursa=1|Participaciones de la semana=0|Participaciones de la semana anterior=3 o más|Tamaño del grupo=mediano,7.0600624,10.723491927740941,1.1837606,0.18376064,5.191587528639873,1.1447859,1.1837606,3.5289774,3.8715315,0.62874985,2.474783,0.9566288
Algoritmos y Programación,4,anon_095,2526-2,1,Año que cursa=1|Participaciones de la semana=0|Participaciones de la semana anterior=0|Tamaño del grupo=mediano,1.7272,2.7777935803689013,1.121,0.12100005,4.010656885566319,1.121,1.1733241,3.434032,3.7993107,0.04266405,1.3274293,0.6227528
Algoritmos y Programación,4,anon_096,2526-2,1,Año que cursa=2|Participaciones de la semana=0|Participaciones de la semana anterior=0|Tamaño del grupo=mediano,3.0722198,2.477593007280989,1.1265688,0.1265688,4.0976948723140785,1.1265688,1.1678715,3.438879,3.8510208,0.157238,1.3129251,0.8465705
Algoritmos y Programación,4,anon_097,2526-2,1,Año que cursa=1|Participaciones de la semana=0|Participaciones de la semana anterior=0|Tamaño del grupo=mediano,1.6620724,2.7777935803689013,1.1147988,0.114798784,4.010656885566319,1.1147988,1.1698895,3.4205902,3.7863739,0.053462744,1.1866556,0.6227528
Algoritmos y Programación,4,anon_098,2526-2,1,Año que cursa=1|Participaciones de la semana=0|Participaciones de la semana anterior=0|Tamaño del grupo=mediano,3.0381749,2.7777935803689013,1.1328156,0.1328156,4.010656885566319,1.1328156,1.1804361,3.469525,3.8587062,0.1419015,1.5057974,0.7652998
Algoritmos y Programación,4,anon_099,2526-2,1,Año que cursa=3|Participaciones de la semana=0|Participaciones de la semana anterior=0|Tamaño del grupo=mediano,1.5383915,1.3626914732983546,1.0724424,0.07244241,0.14027613056733523,1.0724424,1.1120262,3.2777104,3.6349702,0.06514585,0.51186574,0.70450366
Algoritmos y Programación,4,anon_100,2526-2,1,Año que cursa=1|Participaciones de la semana=0|Participaciones de la semana anterior=0|Tamaño del grupo=mediano,1.5712097,2.7777935803689013,1.105222,0.10522199,4.010656885566319,1.105222,1.1630878,3.3976843,3.7610276,0.07138538,0.97865176,0.6227528
Algoritmos y Programación,4,anon_101,2526-2,1,Año que cursa=2|Participaciones de la semana=0|Participaciones de la semana anterior=0|Tamaño del grupo=mediano,2.867969,2.477593007280989,1.1091855,0.10918546,4.0976948723140785,1.1091855,1.1596212,3.403483,3.8156867,0.11711311,0.96206903,0.8465705
Algoritmos y Programación,4,anon_102,2526-2,1,Año que cursa=1|Participaciones de la semana=1|Participaciones de la semana anterior=0|Tamaño del grupo=mediano,2.614543,6.78845046593522,1.131453,0.13145304,2.3252309910880467,1.131453,1.1814032,3.380978,3.7994108,0.104780436,0.96298766,0.6941459
Algoritmos y Programación,4,anon_103,2526-2,1,Año que cursa=2|Participaciones de la semana=0|Participaciones de la semana anterior=0|Tamaño del grupo=mediano,1.4186084,2.477593007280989,1.0814397,0.08143973,4.0976948723140785,1.0814397,1.1383305,3.326381,3.6985376,0.0865438,0.5044131,0.6951562
Algoritmos y Programación,4,anon_104,2526-2,1,Año que cursa=3|Participaciones de la semana=0|Participaciones de la semana anterior=0|Tamaño del grupo=mediano,1.3888501,1.3626914732983546,1.0612727,0.06127274,0.14027613056733523,1.0612727,1.1009007,3.246501,3.586399,0.090421796,0.23855066,0.70450366
Algoritmos y Programación,4,anon_105,2526-2,1,Año que cursa=1|Participaciones de la semana=0|Participaciones de la semana anterior=3 o más|Tamaño del grupo=mediano,6.601964,10.723491927740941,1.1651859,0.16518593,5.191587528639873,1.1086617,1.1651859,3.5309944,3.7987208,0.50296974,1.7734075,0.9566288
Algoritmos y Programación,4,anon_106,2526-2,1,Año que cursa=1|Participaciones de la semana=0|Participaciones de la semana anterior=0|Tamaño del grupo=mediano,2.7736447,2.7777935803689013,1.1051185,0.10511851,4.010656885566319,1.1051185,1.162157,3.404289,3.786925,0.10084653,0.95419264,0.7652998
Algoritmos y Programación,4,anon_107,2526-2,1,Año que cursa=2|Participaciones de la semana=3 o más|Participaciones de la semana anterior=1|Tamaño del grupo=mediano,6.9589424,13.028868346740852,1.1189613,0.118961334,0.0,1.1147661,1.1153469,3.3405266,3.8049946,0.41746616,0.7982502,0.9826393
Algoritmos y Programación,4,anon_108,2526-2,1,Año que cursa=1|Participaciones de la semana=0|Participaciones de la semana anterior=0|Tamaño del grupo=mediano,1.3767279,2.7777935803689013,1.0801414,0.080141425,4.010656885566319,1.0801414,1.1375523,3.3271685,3.6672182,0.10055983,0.47092867,0.6227528
Algoritmos y Programación,4,anon_109,2526-2,1,Año que cursa=1|Participaciones de la semana=3 o más|Participaciones de la semana anterior=0|Tamaño del grupo=mediano,5.814988,9.649644064054286,1.1260519,0.1260519,0.0,1.1260519,1.1251154,3.3180447,3.8265915,0.2719941,0.8441372,0.82147837
Algoritmos y Programación,4,anon_110,2526-2,1,Año que cursa=1|Participaciones de la semana=0|Participaciones de la semana anterior=0|Tamaño del grupo=mediano,2.6667717,2.7777935803689013,1.091284,0.09128404,4.010656885566319,1.091284,1.148572,3.3653114,3.734258,0.09748006,0.70057654,0.7652998
Algoritmos y Programación,4,anon_111,2526-2,1,Año que cursa=1|Participaciones de la semana=1|Participaciones de la semana anterior=0|Tamaño del grupo=mediano,2.3946874,6.78845046593522,1.1013238,0.10132384,2.3252309910880467,1.1013238,1.1597714,3.2999706,3.6814487,0.10804796,0.39417577,0.6941459
Algoritmos y Programación,4,anon_112,2526-2,1,Año que cursa=1|Participaciones de la semana=0|Participaciones de la semana anterior=0|Tamaño del grupo=mediano,4.0319514,2.7777935803689013,1.1048765,0.10487652,4.010656885566319,1.1048765,1.1593027,3.4088645,3.8026423,0.15114594,0.9773483,0.86765766
Algoritmos y Programación,4,anon_113,2526-2,1,Año que cursa=2|Participaciones de la semana=0|Participaciones de la semana anterior=0|Tamaño del grupo=mediano,1.2131621,2.477593007280989,1.0542277,0.05422771,4.0976948723140785,1.0542277,1.1051078,3.2421784,3.5651631,0.103405476,0.069339156,0.6951562
Algoritmos y Programación,4,anon_114,2526-2,1,Año que cursa=1|Participaciones de la semana=0|Participaciones de la semana anterior=3 o más|Tamaño del grupo=mediano,6.255272,10.723491927740941,1.1336555,0.13365555,5.191587528639873,1.0785272,1.1336555,3.4768763,3.6764047,0.33312416,1.1575203,0.9566288
Algoritmos y Programación,4,anon_115,2526-2,1,Año que cursa=1|Participaciones de la semana=0|Participaciones de la semana anterior=0|Tamaño del grupo=mediano,2.5598059,2.7777935803689013,1.0755696,0.07556963,4.010656885566319,1.0755696,1.1298819,3.3164825,3.6616802,0.09262228,0.4165361,0.7652998
Algoritmos y Programación,4,anon_116,2526-2,1,Año que cursa=1|Participaciones de la semana=0|Participaciones de la semana anterior=0|Tamaño del grupo=mediano,2.541866,2.7777935803689013,1.072716,0.072716,4.010656885566319,1.072716,1.1261292,3.3071015,3.6469853,0.09194374,0.3643055,0.7652998
Algoritmos y Programación,4,anon_117,2526-2,1,Año que cursa=1|Participaciones de la semana=0|Participaciones de la semana anterior=0|Tamaño del grupo=mediano,1.245541,2.7777935803689013,1.0567366,0.05673659,4.010656885566319,1.0567366,1.1049328,3.2491465,3.5448089,0.10035324,0.089650154,0.6227528
Algoritmos y Programación,4,anon_118,2526-3,1,Año que cursa=1|Participaciones de la semana=2|Participaciones de la semana anterior=0|Tamaño del grupo=mediano,7.2761145,9.113681457023267,1.1687765,0.16877651,0.5359626070310188,1.1687765,1.1336803,3.525879,3.854414,0.6476965,2.8046827,0.9935026
Algoritmos y Programación,4,anon_119,2526-3,1,Año que cursa=1|Participaciones de la semana=0|Participaciones de la semana anterior=0|Tamaño del grupo=mediano,1.9390178,2.7777935803689013,1.1376495,0.13764954,4.010656885566319,1.1376495,1.1781063,3.4632692,3.8170104,0.021143556,1.7451882,0.6227528
Algoritmos y Programación,4,anon_120,2526-3,1,Año que cursa=3|Participaciones de la semana=0|Participaciones de la semana anterior=0|Tamaño del grupo=mediano,1.8959479,1.3626914732983546,1.0946991,0.094699144,0.14027613056733523,1.0946991,1.1288056,3.3302264,3.6957684,0.018013954,1.0934811,0.70450366
Algoritmos y Programación,4,anon_121,2526-3,1,Año que cursa=1|Participaciones de la semana=0|Participaciones de la semana anterior=0|Tamaño del grupo=mediano,1.8662223,2.7777935803689013,1.132522,0.13252199,4.010656885566319,1.132522,1.1774158,3.4555235,3.8147154,0.01662457,1.6079723,0.6227528
Algoritmos y Programación,4,anon_122,2526-3,1,Año que cursa=1|Participaciones de la semana=0|Participaciones de la semana anterior=0|Tamaño del grupo=mediano,4.653747,2.7777935803689013,1.1671152,0.16711521,4.010656885566319,1.1671152,1.1839161,3.5277905,3.8966699,0.36911488,2.2514982,0.8919506
Algoritmos y Programación,4,anon_123,2526-3,1,Año que cursa=1|Participaciones de la semana=0|Participaciones de la semana anterior=0|Tamaño del grupo=mediano,3.1363113,2.7777935803689013,1.1468785,0.14687848,4.010656885566319,1.1468785,1.1831856,3.4913132,3.8696845,0.16524625,1.7908561,0.75281286
Algoritmos y Programación,4,anon_124,2526-3,1,Año que cursa=1|Participaciones de la semana=0|Participaciones de la semana anterior=0|Tamaño del grupo=mediano,3.188531,2.7777935803689013,1.1447859,0.14478588,4.010656885566319,1.1447859,1.1837606,3.4905767,3.8715315,0.17088127,1.7840619,0.7652998
Algoritmos y Programación,4,anon_125,2526-3,1,Año que cursa=1|Participaciones de la semana=0|Participaciones de la semana anterior=0|Tamaño del grupo=mediano,3.1502295,2.7777935803689013,1.1419902,0.14199018,4.010656885566319,1.1419902,1.1833048,3.4861965,3.8699017,0.16431117,1.7152486,0.7652998
Algoritmos y Programación,4,anon_126,2526-3,1,Año que cursa=1|Participaciones de la semana=0|Participaciones de la semana anterior=0|Tamaño del grupo=mediano,3.1123462,2.7777935803689013,1.1390548,0.13905478,4.010656885566319,1.1390548,1.182601,3.481216,3.8672175,0.157238,1.6458287,0.7652998
Algoritmos y Programación,4,anon_127,2526-3,1,Año que cursa=1|Participaciones de la semana=1|Participaciones de la semana anterior=2|Tamaño del grupo=mediano,6.806285,9.18455046409351,1.1890373,0.18903732,3.928714892775286,1.1664572,1.1886635,3.536735,3.9091353,0.58543205,2.244093,1.0104613
Algoritmos y Programación,4,anon_128,2526-3,1,Año que cursa=1|Participaciones de la semana=0|Participaciones de la semana anterior=0|Tamaño del grupo=mediano,4.404948,2.7777935803689013,1.1528244,0.1528244,4.010656885566319,1.1528244,1.1861343,3.5136948,3.909709,0.31287575,1.8567085,0.8919506
Algoritmos y Programación,4,anon_129,2526-3,1,Año que cursa=1|Participaciones de la semana=1|Participaciones de la semana anterior=1|Tamaño del grupo=mediano,5.398752,9.92693173171456,1.1772203,0.17722034,3.713777589880996,1.1615934,1.1898146,3.504869,3.9023428,0.37419605,1.8429294,0.9454994
Algoritmos y Programación,4,anon_130,2526-3,1,Año que cursa=1|Participaciones de la semana=0|Participaciones de la semana anterior=0|Tamaño del grupo=mediano,2.9666672,2.7777935803689013,1.1261816,0.1261816,4.010656885566319,1.1261816,1.1772575,3.455698,3.8461218,0.12550902,1.3652799,0.7652998
Algoritmos y Programación,4,anon_131,2526-3,1,Año que cursa=1|Participaciones de la semana=0|Participaciones de la semana anterior=3 o más|Tamaño del grupo=mediano,5.294093,10.723491927740941,1.1604156,0.16041565,5.191587528639873,1.1020031,1.1604156,3.5184631,3.7511508,0.37508774,1.6087666,0.85382414
Algoritmos y Programación,4,anon_132,2526-3,1,Año que cursa=1|Participaciones de la semana=3 o más|Participaciones de la semana anterior=1|Tamaño del grupo=mediano,9.037433,14.995741043442237,1.1568584,0.15685844,0.0,1.1604748,1.1320305,3.5261917,3.9444056,0.7960062,2.3189573,1.0923233
Algoritmos y Programación,4,anon_133,2526-3,1,Año que cursa=4|Participaciones de la semana=2|Participaciones de la semana anterior=1|Tamaño del grupo=mediano,8.721806,17.46845553225569,1.0922031,0.09220314,-0.057263759720903806,1.0901928,1.0999746,3.249011,3.5968409,0.90028477,1.4501553,0.90080833
Algoritmos y Programación,4,anon_134,2526-3,1,Año que cursa=1|Participaciones de la semana=2|Participaciones de la semana anterior=0|Tamaño del grupo=mediano,6.4649935,9.113681457023267,1.1772919,0.17729187,0.5359626070310188,1.1772919,1.1711903,3.4754958,3.953145,0.44437933,1.7427807,1.0230474
Algoritmos y Programación,4,anon_135,2526-3,1,Año que cursa=4|Participaciones de la semana=0|Participaciones de la semana anterior=0|Tamaño del grupo=mediano,3.8694167,8.626801548036363,1.0604224,0.06042242,4.458468040084375,1.0604224,1.0742054,3.2160373,3.5373292,0.23715901,0.631197,0.77119184
Algoritmos y Programación,4,anon_136,2526-3,1,Año que cursa=2|Participaciones de la semana=0|Participaciones de la semana anterior=0|Tamaño del grupo=mediano,1.3423591,2.477593007280989,1.0722828,0.07228279,4.0976948723140785,1.0722828,1.1285653,3.3000798,3.6595144,0.096512556,0.33026564,0.6951562
Algoritmos y Programación,4,anon_137,2526-3,1,Año que cursa=1|Participaciones de la semana=0|Participaciones de la semana anterior=2|Tamaño del grupo=mediano,6.738531,9.645698989845236,1.1607227,0.16072273,-0.46114852575172627,1.1235895,1.1739712,3.5317297,3.8620644,0.5098381,1.8459435,1.0008698
Algoritmos y Programación,4,anon_138,2526-3,1,Año que cursa=1|Participaciones de la semana=0|Participaciones de la semana anterior=0|Tamaño del grupo=mediano,2.717859,2.7777935803689013,1.0981085,0.09810853,4.010656885566319,1.0981085,1.1556187,3.3850186,3.7615416,0.099445105,0.82470846,0.7652998
Algoritmos y Programación,4,anon_139,2526-3,1,Año que cursa=4|Participaciones de la semana=1|Participaciones de la semana anterior=2|Tamaño del grupo=mediano,4.640726,11.306623304263958,1.0684595,0.06845951,1.77864628385678,1.0563884,1.0742111,3.1993036,3.4602246,0.22162628,0.36471558,0.78096485
Algoritmos y Programación,4,anon_140,2526-3,1,Año que cursa=1|Participaciones de la semana=1|Participaciones de la semana anterior=1|Tamaño del grupo=mediano,6.452091,9.92693173171456,1.1652956,0.1652956,3.713777589880996,1.1480165,1.1874208,3.4750233,3.8817468,0.3721342,1.5050697,1.0245304
Algoritmos y Programación,4,anon_141,2526-3,1,Año que cursa=1|Participaciones de la semana=3 o más|Participaciones de la semana anterior=0|Tamaño del grupo=mediano,9.635529,9.649644064054286,1.1085482,0.108548164,0.0,1.1085482,1.0875702,3.409727,3.889059,0.59928226,1.5765686,0.9948311
Algoritmos y Programación,4,anon_142,2526-3,1,Año que cursa=1|Participaciones de la semana=0|Participaciones de la semana anterior=0|Tamaño del grupo=mediano,1.307523,2.7777935803689013,1.0688891,0.06888914,4.010656885566319,1.0688891,1.1228285,3.291083,3.6127403,0.10353434,0.25423443,0.6227528
Algoritmos y Programación,4,anon_143,2526-3,1,Año que cursa=1|Participaciones de la semana=2|Participaciones de la semana anterior=3 o más|Tamaño del grupo=mediano,13.078004,15.3116515448974,1.1621923,0.16219234,2.203044026425326,1.1848288,1.1621923,3.5187254,3.9434624,1.2353907,2.9316654,0.8231058
Algoritmos y Programación,4,anon_144,2526-3,1,Año que cursa=1|Participaciones de la semana=0|Participaciones de la semana anterior=0|Tamaño del grupo=mediano,1.2796541,2.7777935803689013,1.0637547,0.06375468,4.010656885566319,1.0637547,1.1155062,3.2737403,3.5852423,0.10299218,0.1645279,0.6227528
Algoritmos y Programación,4,anon_145,2526-3,1,Año que cursa=1|Participaciones de la semana=3 o más|Participaciones de la semana anterior=3 o más|Tamaño del grupo=mediano,20.445526,17.514695571322726,1.0763035,0.07630348,0.0,1.1250029,1.0843487,3.3524456,3.644475,1.5752659,4.0423126,0.32686234
Algoritmos y Programación,4,anon_146,2526-3,1,Año que cursa=1|Participaciones de la semana=1|Participaciones de la semana anterior=0|Tamaño del grupo=mediano,2.3149226,6.78845046593522,1.0857537,0.08575368,2.3252309910880467,1.0857537,1.1429892,3.25713,3.6075218,0.10862136,0.13544679,0.6941459
Algoritmos y Programación,4,anon_147,2526-3,1,Año que cursa=1|Participaciones de la semana=0|Participaciones de la semana anterior=0|Tamaño del grupo=mediano,1.245541,2.7777935803689013,1.0567366,0.05673659,4.010656885566319,1.0567366,1.1049328,3.2491465,3.5448089,0.10035324,0.089650154,0.6227528
Algoritmos y Programación,6,anon_001,2425-2,1,Año que cursa=1|Participaciones de la semana=0|Participaciones de la semana anterior=0|Tamaño del grupo=mediano,3.6946971,2.7777935803689013,1.0308564,0.03085637,4.010656885566319,1.0308564,1.0358334,3.1081612,3.160085,0.59245706,1.3980927,0.1291616
Algoritmos y Programación,6,anon_002,2425-2,1,Año que cursa=1|Participaciones de la semana=0|Participaciones de la semana anterior=0|Tamaño del grupo=mediano,1.5254217,2.7777935803689013,1.0266789,0.02667892,4.010656885566319,1.0266789,1.0328908,3.098196,3.1497397,0.66937506,1.288259,0.08770001
Algoritmos y Programación,6,anon_003,2425-2,1,Año que cursa=1|Participaciones de la semana=2|Participaciones de la semana anterior=1|Tamaño del grupo=mediano,11.108501,13.640709321595557,1.0362415,0.03624153,1.3550317218466805,1.0383377,1.0303144,3.1131697,3.1521368,0.24353695,1.6783133,0.26201153
Algoritmos y Programación,6,anon_004,2425-2,1,Año que cursa=1|Participaciones de la semana=0|Participaciones de la semana anterior=0|Tamaño del grupo=mediano,3.6748457,2.7777935803689013,1.027894,0.02789402,4.010656885566319,1.027894,1.0336227,3.101842,3.1565857,0.5999093,1.3577855,0.11554074
Algoritmos y Programación,6,anon_005,2425-2,1,Año que cursa=1|Participaciones de la semana=1|Participaciones de la semana anterior=1|Tamaño del grupo=mediano,11.097868,9.92693173171456,1.0388727,0.03887272,3.713777589880996,1.0397367,1.0345287,3.1098928,3.153037,0.2802801,1.6369162,0.21471024
Algoritmos y Programación,6,anon_006,2425-2,1,Año que cursa=1|Participaciones de la semana=0|Participaciones de la semana anterior=0|Tamaño del grupo=mediano,1.4941232,2.7777935803689013,1.0227134,0.022713423,4.010656885566319,1.0227134,1.0293837,3.0885317,3.1423867,0.6595175,1.2397308,0.08770001
Algoritmos y Programación,6,anon_007,2425-2,1,Año que cursa=1|Participaciones de la semana=0|Participaciones de la semana anterior=0|Tamaño del grupo=mediano,1.4867718,2.7777935803689013,1.0216825,0.0216825,4.010656885566319,1.0216825,1.0284095,3.0858557,3.140075,0.65589046,1.2269638,0.08770001
Algoritmos y Programación,6,anon_008,2425-2,1,Año que cursa=1|Participaciones de la semana=1|Participaciones de la semana anterior=1|Tamaño del grupo=mediano,8.910793,9.92693173171456,1.0375042,0.037504196,3.713777589880996,1.0372028,1.0351763,3.1058235,3.1586704,0.36429024,1.536047,0.22863865
Algoritmos y Programación,6,anon_009,2425-2,1,Año que cursa=2|Participaciones de la semana=0|Participaciones de la semana anterior=0|Tamaño del grupo=mediano,5.919372,2.477593007280989,1.0271163,0.027116299,4.0976948723140785,1.0271163,1.0276604,3.08997,3.151504,0.51123095,1.4379978,0.20071697
Algoritmos y Programación,6,anon_010,2425-2,1,Año que cursa=2|Participaciones de la semana=3 o más|Participaciones de la semana anterior=1|Tamaño del grupo=mediano,14.352718,13.028868346740852,1.0220041,0.022004128,0.0,1.0240192,1.0175667,3.086832,3.1249456,0.18486214,1.7095699,0.19964409
Algoritmos y Programación,6,anon_011,2425-2,1,Año que cursa=2|Participaciones de la semana=0|Participaciones de la semana anterior=1|Tamaño del grupo=mediano,6.937889,6.313364761246467,1.0264387,0.026438713,3.8629658189840654,1.0255508,1.0262661,3.086009,3.1487827,0.4646492,1.4541245,0.23062229
Algoritmos y Programación,6,anon_012,2425-2,1,Año que cursa=1|Participaciones de la semana=0|Participaciones de la semana anterior=0|Tamaño del grupo=mediano,1.4543666,2.7777935803689013,1.0164984,0.016498446,4.010656885566319,1.0164984,1.0231857,3.071498,3.1261225,0.6317073,1.1590675,0.08770001
Algoritmos y Programación,6,anon_013,2425-2,1,Año que cursa=1|Participaciones de la semana=0|Participaciones de la semana anterior=0|Tamaño del grupo=mediano,1.448987,2.7777935803689013,1.0154779,0.015477896,4.010656885566319,1.0154779,1.0221028,3.06851,3.1229196,0.6257067,1.1445777,0.08770001
Algoritmos y Programación,6,anon_014,2425-2,1,Año que cursa=1|Participaciones de la semana=1|Participaciones de la semana anterior=1|Tamaño del grupo=mediano,19.478981,9.92693173171456,1.0351944,0.035194397,3.713777589880996,1.0368137,1.0293941,3.0993004,3.1381779,0.22155952,1.7722301,0.06765938
Algoritmos y Programación,6,anon_015,2425-2,1,Año que cursa=1|Participaciones de la semana=2|Participaciones de la semana anterior=1|Tamaño del grupo=mediano,14.190747,13.640709321595557,1.0338173,0.03381729,1.3550317218466805,1.0356741,1.0275669,3.0983467,3.1419163,0.19072342,1.7032604,0.21549511
Algoritmos y Programación,6,anon_016,2425-2,1,Año que cursa=5 o más|Participaciones de la semana=0|Participaciones de la semana anterior=0|Tamaño del grupo=mediano,2.040959,3.1911511194172246,0.99930453,-0.000695467,0.03947146376785948,0.99930453,0.99637413,2.9945893,3.0480618,0.6053171,1.1491847,0.258618
Algoritmos y Programación,6,anon_017,2425-2,1,Año que cursa=1|Participaciones de la semana=0|Participaciones de la semana anterior=0|Tamaño del grupo=mediano,1.4322222,2.7777935803689013,1.0115265,0.011526465,4.010656885566319,1.0115265,1.0177908,3.056491,3.1090517,0.5976919,1.0827992,0.08770001
Algoritmos y Programación,6,anon_018,2425-2,1,Año que cursa=1|Participaciones de la semana=3 o más|Participaciones de la semana anterior=0|Tamaño del grupo=mediano,11.950982,9.649644064054286,1.0277138,0.027713776,0.0,1.0277138,1.0214834,3.0845537,3.1503754,0.31177998,1.4938822,0.1877861
Algoritmos y Programación,6,anon_019,2425-2,1,Año que cursa=1|Participaciones de la semana=0|Participaciones de la semana anterior=0|Tamaño del grupo=mediano,1.427068,2.7777935803689013,1.0096557,0.009655714,4.010656885566319,1.0096557,1.0156956,3.0505598,3.1016338,0.5811324,1.0492471,0.08770001
Algoritmos y Programación,6,anon_020,2425-2,1,Año que cursa=1|Participaciones de la semana=2|Participaciones de la semana anterior=1|Tamaño del grupo=mediano,16.331009,13.640709321595557,1.0333881,0.033388138,1.3550317218466805,1.0351963,1.0269394,3.09453,3.1402912,0.18230629,1.7727289,0.16214943
Algoritmos y Programación,6,anon_021,2425-2,1,Año que cursa=2|Participaciones de la semana=0|Participaciones de la semana anterior=0|Tamaño del grupo=mediano,5.844135,2.477593007280989,1.0165925,0.016592503,4.0976948723140785,1.0165925,1.020505,3.0664544,3.1342463,0.51526546,1.2842288,0.20191765
Algoritmos y Programación,6,anon_022,2425-2,1,Año que cursa=1|Participaciones de la semana=1|Participaciones de la semana anterior=1|Tamaño del grupo=mediano,3.4510496,9.92693173171456,1.0160267,0.016026735,3.713777589880996,1.0140955,1.0213561,3.0474832,3.0958705,0.54744816,1.079287,0.13985443
Algoritmos y Programación,6,anon_023,2425-2,1,Año que cursa=1|Participaciones de la semana=1|Participaciones de la semana anterior=3 o más|Tamaño del grupo=mediano,17.261482,15.915079456380814,1.0264835,0.026483536,-0.6034279114834149,1.0305672,1.0264835,3.0743637,3.1320953,0.14806747,1.6742916,0.12548256
Algoritmos y Programación,6,anon_024,2425-2,1,Año que cursa=2|Participaciones de la semana=1|Participaciones de la semana anterior=1|Tamaño del grupo=mediano,7.885914,10.176330580230532,1.0228186,0.022818565,-3.7677204807456217,1.0214224,1.0236168,3.064434,3.1318302,0.49439335,1.3002605,0.23651695
Algoritmos y Programación,6,anon_025,2425-2,1,Año que cursa=1|Participaciones de la semana=0|Participaciones de la semana anterior=0|Tamaño del grupo=mediano,6.7513504,2.7777935803689013,1.012228,0.012228012,4.010656885566319,1.012228,1.0187101,3.0610533,3.122428,0.48004818,1.2642708,0.15405846
Algoritmos y Programación,6,anon_026,2425-2,1,Año que cursa=1|Participaciones de la semana=0|Participaciones de la semana anterior=0|Tamaño del grupo=mediano,1.4274185,2.7777935803689013,1.0040185,0.004018545,4.010656885566319,1.0040185,1.0091262,3.031438,3.0751412,0.50883305,0.91749036,0.08770001
Algoritmos y Programación,6,anon_027,2425-2,1,Año que cursa=2|Participaciones de la semana=1|Participaciones de la semana anterior=1|Tamaño del grupo=mediano,6.7643557,10.176330580230532,1.0197439,0.01974392,-3.7677204807456217,1.0179358,1.021986,3.0559464,3.1207533,0.49701595,1.1726685,0.24459076
Algoritmos y Programación,6,anon_028,2425-2,1,Año que cursa=1|Participaciones de la semana=1|Participaciones de la semana anterior=0|Tamaño del grupo=mediano,15.275998,6.78845046593522,1.0294619,0.02946186,2.3252309910880467,1.0294619,1.0260696,3.0834131,3.1364183,0.24320221,1.690752,0.12007809
Algoritmos y Programación,6,anon_029,2425-2,1,Año que cursa=1|Participaciones de la semana=0|Participaciones de la semana anterior=0|Tamaño del grupo=mediano,1.4355462,2.7777935803689013,1.0022414,0.002241373,4.010656885566319,1.0022414,1.006866,3.0246475,3.0646837,0.47144806,0.8564464,0.08770001
Algoritmos y Programación,6,anon_030,2425-2,1,Año que cursa=1|Participaciones de la semana=1|Participaciones de la semana anterior=0|Tamaño del grupo=mediano,11.993221,6.78845046593522,1.0245199,0.02451992,2.3252309910880467,1.0245199,1.0267267,3.0706987,3.1375494,0.30790997,1.4453125,0.16247463
Algoritmos y Programación,6,anon_031,2425-2,2,Año que cursa=2|Participaciones de la semana=0|Participaciones de la semana anterior=0|Tamaño del grupo=mediano,2.816897,2.477593007280989,1.0419779,0.041977882,4.0976948723140785,1.0419779,1.0415239,3.1185813,3.1546826,0.36098218,1.1093297,0.07809377
Algoritmos y Programación,6,anon_032,2425-2,2,Año que cursa=1|Participaciones de la semana=0|Participaciones de la semana anterior=0|Tamaño del grupo=mediano,4.9128428,2.7777935803689013,1.0456724,0.045672417,4.010656885566319,1.0456724,1.0456934,3.1285582,3.1638603,0.27968025,1.0214009,0.054359436
Algoritmos y Programación,6,anon_033,2425-2,2,Año que cursa=4|Participaciones de la semana=0|Participaciones de la semana anterior=3 o más|Tamaño del grupo=mediano,17.503773,13.085269588120738,1.0104733,0.010473251,4.325922184414047,1.0121517,1.0104733,3.0377712,3.0748224,0.050136566,1.4996357,0.14439392
Algoritmos y Programación,6,anon_034,2425-2,2,Año que cursa=2|Participaciones de la semana=0|Participaciones de la semana anterior=0|Tamaño del grupo=mediano,6.0477552,2.477593007280989,1.0400667,0.04006672,4.0976948723140785,1.0400667,1.0379992,3.1112137,3.1438875,0.26061058,1.2192135,0.10351372
Algoritmos y Programación,6,anon_035,2425-2,2,Año que cursa=1|Participaciones de la semana=0|Participaciones de la semana anterior=0|Tamaño del grupo=mediano,3.842685,2.7777935803689013,1.0447171,0.044717073,4.010656885566319,1.0447171,1.0454016,3.1272714,3.1649177,0.28368354,0.9939201,0.047340155
Algoritmos y Programación,6,anon_036,2425-2,2,Año que cursa=3|Participaciones de la semana=0|Participaciones de la semana anterior=0|Tamaño del grupo=mediano,7.1643896,1.3626914732983546,1.027214,0.02721405,0.14027613056733523,1.027214,1.0249405,3.0792017,3.1120253,0.1887188,1.3755426,0.15313339
Algoritmos y Programación,6,anon_037,2425-2,2,Año que cursa=1|Participaciones de la semana=0|Participaciones de la semana anterior=0|Tamaño del grupo=mediano,1.6941772,2.7777935803689013,1.0421462,0.042146206,4.010656885566319,1.0421462,1.0455065,3.1240883,3.1675048,0.35831118,0.9069407,0.059511185
Algoritmos y Programación,6,anon_038,2425-2,2,Año que cursa=3|Participaciones de la semana=0|Participaciones de la semana anterior=0|Tamaño del grupo=mediano,2.895027,1.3626914732983546,1.0265222,0.02652216,0.14027613056733523,1.0265222,1.0256462,3.0777829,3.1194165,0.30851293,1.196456,0.089058876
Algoritmos y Programación,6,anon_039,2425-2,2,Año que cursa=2|Participaciones de la semana=2|Participaciones de la semana anterior=0|Tamaño del grupo=mediano,7.0621166,9.234410145351635,1.0316172,0.031617165,1.6710441082851446,1.0316172,1.0274363,3.1054497,3.1365347,0.12350845,1.2589712,0.047899246
Algoritmos y Programación,6,anon_040,2425-2,2,Año que cursa=5 o más|Participaciones de la semana=0|Participaciones de la semana anterior=0|Tamaño del grupo=mediano,2.049208,3.1911511194172246,0.9970515,-0.0029485226,0.03947146376785948,0.9970515,0.9938736,2.9873655,3.032544,0.34427178,1.0765977,0.02636218
Algoritmos y Programación,6,anon_041,2425-2,2,Año que cursa=2|Participaciones de la semana=0|Participaciones de la semana anterior=0|Tamaño del grupo=mediano,1.7700566,2.477593007280989,1.0363888,0.036388755,4.0976948723140785,1.0363888,1.0375748,3.1056042,3.1541634,0.3402953,1.0459619,0.06966698
Algoritmos y Programación,6,anon_042,2425-2,2,Año que cursa=2|Participaciones de la semana=0|Participaciones de la semana anterior=1|Tamaño del grupo=mediano,3.8974495,6.313364761246467,1.0366049,0.03660488,3.8629658189840654,1.0361559,1.0362806,3.1029158,3.150268,0.24983072,1.1352191,0.05294013
Algoritmos y Programación,6,anon_043,2425-2,2,Año que cursa=2|Participaciones de la semana=1|Participaciones de la semana anterior=0|Tamaño del grupo=mediano,9.249615,6.575287879595067,1.032197,0.032197,2.659122265756568,1.032197,1.0277395,3.0943966,3.121995,0.075354576,1.3676367,0.0818367
Algoritmos y Programación,6,anon_044,2425-2,2,Año que cursa=2|Participaciones de la semana=0|Participaciones de la semana anterior=0|Tamaño del grupo=mediano,10.324266,2.477593007280989,1.0329456,0.032945633,4.0976948723140785,1.0329456,1.0290136,3.0897303,3.1173944,0.09690285,1.4087982,0.108145714
Algoritmos y Programación,6,anon_045,2425-2,2,Año que cursa=4|Participaciones de la semana=0|Participaciones de la semana anterior=3 o más|Tamaño del grupo=mediano,10.373251,13.085269588120738,0.99989796,-0.00010204315,4.325922184414047,1.0016623,0.99989796,3.003868,3.0496798,0.093483925,1.339941,0.14918423
Algoritmos y Programación,6,anon_046,2425-2,2,Año que cursa=2|Participaciones de la semana=0|Participaciones de la semana anterior=0|Tamaño del grupo=mediano,1.7856379,2.477593007280989,1.0325851,0.032585144,4.0976948723140785,1.0325851,1.0347829,3.0966964,3.1493773,0.3273362,1.0117843,0.06966698
Algoritmos y Programación,6,anon_047,2425-2,2,Año que cursa=1|Participaciones de la semana=0|Participaciones de la semana anterior=0|Tamaño del grupo=mediano,7.1073713,2.7777935803689013,1.0417633,0.041763306,4.010656885566319,1.0417633,1.0419378,3.1206837,3.1634989,0.23311234,1.2239075,0.06875515
Algoritmos y Programación,6,anon_048,2425-2,2,Año que cursa=2|Participaciones de la semana=1|Participaciones de la semana anterior=0|Tamaño del grupo=mediano,3.9045105,6.575287879595067,1.0323172,0.03231716,2.659122265756568,1.0323172,1.0315619,3.0938334,3.1476793,0.2583995,1.0917263,0.052403927
Algoritmos y Programación,6,anon_049,2425-2,2,Año que cursa=2|Participaciones de la semana=0|Participaciones de la semana anterior=1|Tamaño del grupo=mediano,2.8427157,6.313364761246467,1.031487,0.031486988,3.8629658189840654,1.0299895,1.0329237,3.0926557,3.145169,0.28924942,1.034812,0.0564394
Algoritmos y Programación,6,anon_050,2425-2,2,Año que cursa=2|Participaciones de la semana=0|Participaciones de la semana anterior=0|Tamaño del grupo=mediano,5.041441,2.477593007280989,1.0312252,0.031225204,4.0976948723140785,1.0312252,1.0312643,3.090886,3.139903,0.2524743,1.1661339,0.08071041
Algoritmos y Programación,6,anon_051,2425-2,2,Año que cursa=2|Participaciones de la semana=0|Participaciones de la semana anterior=0|Tamaño del grupo=mediano,1.7987785,2.477593007280989,1.0282447,0.028244734,4.0976948723140785,1.0282447,1.0316381,3.0862484,3.1421146,0.32653332,0.9650239,0.06966698
Algoritmos y Programación,6,anon_052,2425-2,2,Año que cursa=1|Participaciones de la semana=2|Participaciones de la semana anterior=1|Tamaño del grupo=mediano,14.443804,13.640709321595557,1.0298433,0.02984333,1.3550317218466805,1.0322914,1.0249271,3.1063738,3.1272612,0.057232857,1.5036278,0.07803154
Algoritmos y Programación,6,anon_053,2425-2,2,Año que cursa=1|Participaciones de la semana=0|Participaciones de la semana anterior=0|Tamaño del grupo=mediano,1.7324278,2.7777935803689013,1.0331075,0.03310752,4.010656885566319,1.0331075,1.0399089,3.105893,3.1582243,0.32915878,0.95008683,0.059511185
Algoritmos y Programación,6,anon_054,2425-2,2,Año que cursa=1|Participaciones de la semana=0|Participaciones de la semana anterior=0|Tamaño del grupo=mediano,3.89224,2.7777935803689013,1.0357165,0.035716534,4.010656885566319,1.0357165,1.0407686,3.1113477,3.164412,0.30358934,1.0753162,0.053155184
Algoritmos y Programación,6,anon_055,2425-2,2,Año que cursa=1|Participaciones de la semana=2|Participaciones de la semana anterior=0|Tamaño del grupo=mediano,9.19927,9.113681457023267,1.0364561,0.036456108,0.5359626070310188,1.0364561,1.0309086,3.1162186,3.1623535,0.16722584,1.3097334,0.04528427
Algoritmos y Programación,6,anon_056,2425-2,2,Año que cursa=2|Participaciones de la semana=0|Participaciones de la semana anterior=0|Tamaño del grupo=mediano,1.8082781,2.477593007280989,1.0244284,0.024428368,4.0976948723140785,1.0244284,1.0286541,3.076563,3.1354465,0.33518624,0.9075463,0.06966698
Algoritmos y Programación,6,anon_057,2425-2,2,Año que cursa=5 o más|Participaciones de la semana=0|Participaciones de la semana anterior=2|Tamaño del grupo=mediano,9.279332,4.762250244391554,0.99347496,-0.0065250397,1.5970359020089298,0.9957037,0.992856,2.9748259,3.0181446,0.10603428,1.0503063,0.08403587
Algoritmos y Programación,6,anon_058,2425-2,2,Año que cursa=2|Participaciones de la semana=0|Participaciones de la semana anterior=0|Tamaño del grupo=mediano,1.8103392,2.477593007280989,1.0232255,0.023225546,4.0976948723140785,1.0232255,1.0276966,3.0734975,3.1335647,0.33986115,0.8814213,0.06966698
Algoritmos y Programación,6,anon_059,2425-2,2,Año que cursa=5 o más|Participaciones de la semana=0|Participaciones de la semana anterior=0|Tamaño del grupo=mediano,5.236969,3.1911511194172246,0.99756813,-0.0024318695,0.03947146376785948,0.99756813,0.99454117,2.9842157,3.0252743,0.29563904,0.9756985,0.072966576
Algoritmos y Programación,6,anon_060,2425-2,2,Año que cursa=2|Participaciones de la semana=0|Participaciones de la semana anterior=0|Tamaño del grupo=mediano,2.8885207,2.477593007280989,1.0236659,0.023665905,4.0976948723140785,1.0236659,1.0273285,3.0739284,3.1350932,0.33635902,0.92556286,0.06844735
Algoritmos y Programación,6,anon_061,2526-1,1,Año que cursa=4|Participaciones de la semana=0|Participaciones de la semana anterior=0|Tamaño del grupo=pequeño,6.5127115,8.70208364398579,1.0086813,0.008681297,0.0,1.0086813,1.0099287,3.0291328,3.0550137,0.14205551,1.5841432,0.3462286
Algoritmos y Programación,6,anon_062,2526-1,1,Año que cursa=1|Participaciones de la semana=1|Participaciones de la semana anterior=0|Tamaño del grupo=pequeño,9.678105,11.900363365834055,1.0331287,0.03312874,-3.198279721848266,1.0331287,1.0305967,3.0978727,3.1021748,0.20307636,1.5876675,0.2772026
Algoritmos y Programación,6,anon_063,2526-1,1,Participaciones de la semana=0|Participaciones de la semana anterior=1|Tamaño del grupo=pequeño,8.629466,6.1067582016092,1.0360842,0.036084175,5.225049505110494,1.0365715,1.0347719,3.0959997,3.1065865,0.19880581,1.5341148,0.29783154
Algoritmos y Programación,6,anon_064,2526-1,1,Año que cursa=1|Participaciones de la semana=0|Participaciones de la semana anterior=0|Tamaño del grupo=pequeño,3.399345,2.8811945891663617,1.0357108,0.03571081,9.019168776667694,1.0357108,1.035492,3.0979066,3.1188102,0.11603975,1.3077927,0.38043928
Algoritmos y Programación,6,anon_065,2526-1,1,Participaciones de la semana=0|Participaciones de la semana anterior=0|Tamaño del grupo=pequeño,5.493376,4.0461999114486,1.0366344,0.036634445,6.097145839689382,1.0366344,1.0357046,3.0995398,3.1191454,0.14658737,1.4056368,0.33807945
Algoritmos y Programación,6,anon_066,2526-1,1,Año que cursa=1|Participaciones de la semana=0|Participaciones de la semana anterior=0|Tamaño del grupo=pequeño,4.4211025,2.8811945891663617,1.036016,0.036015987,9.019168776667694,1.036016,1.0357504,3.0987206,3.12319,0.11908007,1.3289442,0.351727
Algoritmos y Programación,6,anon_067,2526-1,1,Año que cursa=1|Participaciones de la semana=0|Participaciones de la semana anterior=1|Tamaño del grupo=pequeño,7.5496416,5.812539394862998,1.0365906,0.036590576,7.99502908409451,1.0366459,1.0356445,3.0980425,3.122014,0.18304443,1.4527102,0.2989092
Algoritmos y Programación,6,anon_068,2526-1,1,Año que cursa=5 o más|Participaciones de la semana=0|Participaciones de la semana anterior=0|Tamaño del grupo=pequeño,3.2386932,0.655056904936393,0.99452305,-0.0054769516,0.8479106989292968,0.99452305,0.99735355,2.9928703,3.0338154,0.10890913,1.3230244,0.29909253
Algoritmos y Programación,6,anon_069,2526-1,1,Año que cursa=1|Participaciones de la semana=0|Participaciones de la semana anterior=0|Tamaño del grupo=pequeño,9.622249,2.8811945891663617,1.0369072,0.036907196,9.019168776667694,1.0369072,1.0346432,3.0983086,3.1157475,0.22088432,1.5239925,0.24193859
Algoritmos y Programación,6,anon_070,2526-1,1,Año que cursa=1|Participaciones de la semana=0|Participaciones de la semana anterior=0|Tamaño del grupo=pequeño,7.514041,2.8811945891663617,1.0366821,0.03668213,9.019168776667694,1.0366821,1.0349026,3.0984917,3.120452,0.21011066,1.4289656,0.30322075
Algoritmos y Programación,6,anon_071,2526-1,1,Año que cursa=1|Participaciones de la semana=0|Participaciones de la semana anterior=0|Tamaño del grupo=pequeño,3.2878637,2.8811945891663617,1.0344882,0.0344882,9.019168776667694,1.0344882,1.0352287,3.096157,3.131938,0.09667921,1.2121046,0.38043928
Algoritmos y Programación,6,anon_072,2526-1,1,Año que cursa=3|Participaciones de la semana=0|Participaciones de la semana anterior=0|Tamaño del grupo=pequeño,3.243831,1.4516896287422547,1.0102918,0.010291815,2.6750147076408295,1.0102918,1.012187,3.0324476,3.0687253,0.092873335,1.2580209,0.40908837
Algoritmos y Programación,6,anon_073,2526-1,1,Año que cursa=1|Participaciones de la semana=0|Participaciones de la semana anterior=0|Tamaño del grupo=pequeño,3.25268,2.8811945891663617,1.0336702,0.033670187,9.019168776667694,1.0336702,1.034769,3.0945756,3.134652,0.08941913,1.181639,0.38043928
Algoritmos y Programación,6,anon_074,2526-1,1,Año que cursa=1|Participaciones de la semana=0|Participaciones de la semana anterior=0|Tamaño del grupo=pequeño,3.2346632,2.8811945891663617,1.0332038,0.03320384,9.019168776667694,1.0332038,1.0344782,3.0936468,3.1358135,0.0852766,1.1657333,0.38043928
Algoritmos y Programación,6,anon_075,2526-1,1,Año que cursa=5 o más|Participaciones de la semana=0|Participaciones de la semana anterior=0|Tamaño del grupo=pequeño,3.135922,0.655056904936393,0.99161386,-0.008386135,0.8479106989292968,0.99161386,0.9938965,2.9815803,3.0207858,0.08045721,1.1718985,0.29909253
Algoritmos y Programación,6,anon_076,2526-1,1,Año que cursa=3|Participaciones de la semana=0|Participaciones de la semana anterior=0|Tamaño del grupo=pequeño,5.246933,1.4516896287422547,1.0094614,0.009461403,2.6750147076408295,1.0094614,1.0111904,3.030243,3.0709658,0.15003967,1.2505507,0.38114738
Algoritmos y Programación,6,anon_077,2526-1,1,Año que cursa=1|Participaciones de la semana=0|Participaciones de la semana anterior=0|Tamaño del grupo=pequeño,3.1790397,2.8811945891663617,1.0316579,0.031657934,9.019168776667694,1.0316579,1.0334206,3.0905383,3.138592,0.06883454,1.1147947,0.38043928
Algoritmos y Programación,6,anon_078,2526-1,1,Año que cursa=1|Participaciones de la semana=0|Participaciones de la semana anterior=0|Tamaño del grupo=pequeño,4.228266,2.8811945891663617,1.0318203,0.031820297,9.019168776667694,1.0318203,1.0333652,3.0907097,3.1405087,0.08495426,1.1604614,0.351727
Algoritmos y Programación,6,anon_079,2526-1,1,Año que cursa=5 o más|Participaciones de la semana=0|Participaciones de la semana anterior=0|Tamaño del grupo=pequeño,2.0457518,0.655056904936393,0.99082756,-0.00917244,0.8479106989292968,0.99082756,0.9924917,2.976886,3.014036,0.02650237,1.0489872,0.30865777
Algoritmos y Programación,6,anon_080,2526-1,1,Año que cursa=1|Participaciones de la semana=0|Participaciones de la semana anterior=0|Tamaño del grupo=pequeño,7.392477,2.8811945891663617,1.0330162,0.033016205,9.019168776667694,1.0330162,1.0330133,3.0919132,3.1408806,0.1666832,1.3205919,0.27378273
Algoritmos y Programación,6,anon_081,2526-1,1,Año que cursa=1|Participaciones de la semana=0|Participaciones de la semana anterior=0|Tamaño del grupo=pequeño,3.101739,2.8811945891663617,1.0294266,0.029426575,9.019168776667694,1.0294266,1.031785,3.0862122,3.1406946,0.038883686,1.0382855,0.38043928
Algoritmos y Programación,6,anon_082,2526-1,1,Año que cursa=5 o más|Participaciones de la semana=0|Participaciones de la semana anterior=0|Tamaño del grupo=pequeño,2.0102687,0.655056904936393,0.9908891,-0.009110928,0.8479106989292968,0.9908891,0.9921131,2.9755282,3.0117755,0.01419425,0.9852538,0.30865777
Algoritmos y Programación,6,anon_083,2526-1,1,Año que cursa=2|Participaciones de la semana=0|Participaciones de la semana anterior=0|Tamaño del grupo=pequeño,7.3003216,8.708168832291207,1.020031,0.020030975,-0.006085188305418043,1.020031,1.0206642,3.0563707,3.1080475,0.16204834,1.253953,0.3187914
Algoritmos y Programación,6,anon_084,2526-1,1,Año que cursa=1|Participaciones de la semana=0|Participaciones de la semana anterior=0|Tamaño del grupo=pequeño,3.0428553,2.8811945891663617,1.0276213,0.02762127,9.019168776667694,1.0276213,1.0304899,3.0828924,3.140748,0.020509958,0.97496986,0.38043928
Algoritmos y Programación,6,anon_085,2526-1,1,Año que cursa=3|Participaciones de la semana=0|Participaciones de la semana anterior=0|Tamaño del grupo=pequeño,1.9431167,1.4516896287422547,1.0071268,0.007126808,2.6750147076408295,1.0071268,1.0079298,3.0216355,3.070231,0.035978913,0.8905165,0.43365228
Algoritmos y Programación,6,anon_086,2526-1,1,Año que cursa=1|Participaciones de la semana=0|Participaciones de la semana anterior=0|Tamaño del grupo=pequeño,3.004219,2.8811945891663617,1.0263352,0.02633524,9.019168776667694,1.0263352,1.0295877,3.080532,3.1399107,0.020421982,0.93084145,0.38043928
Algoritmos y Programación,6,anon_087,2526-1,1,Año que cursa=1|Participaciones de la semana=0|Participaciones de la semana anterior=0|Tamaño del grupo=pequeño,2.985303,2.8811945891663617,1.0256696,0.025669575,9.019168776667694,1.0256696,1.0291224,3.0792942,3.1392336,0.026431322,0.9084227,0.38043928
Algoritmos y Programación,6,anon_088,2526-2,1,Año que cursa=1|Participaciones de la semana=0|Participaciones de la semana anterior=0|Tamaño del grupo=mediano,1.543734,2.7777935803689013,1.0279547,0.027954698,4.010656885566319,1.0279547,1.0339241,3.1012578,3.1516862,0.66593325,1.3083982,0.09136844
Algoritmos y Programación,6,anon_089,2526-2,1,Año que cursa=1|Participaciones de la semana=0|Participaciones de la semana anterior=0|Tamaño del grupo=mediano,4.7709904,2.7777935803689013,1.0324669,0.03246689,4.010656885566319,1.0324669,1.0364046,3.1114483,3.1631784,0.5373316,1.4392748,0.15382767
Algoritmos y Programación,6,anon_090,2526-2,1,Año que cursa=1|Participaciones de la semana=0|Participaciones de la semana anterior=0|Tamaño del grupo=mediano,1.5273204,2.7777935803689013,1.0260763,0.026076317,4.010656885566319,1.0260763,1.0323815,3.0969758,3.1489062,0.6632254,1.2856071,0.09136844
Algoritmos y Programación,6,anon_091,2526-2,1,Año que cursa=1|Participaciones de la semana=3 o más|Participaciones de la semana anterior=1|Tamaño del grupo=mediano,12.123934,14.995741043442237,1.0284128,0.028412819,0.0,1.0309515,1.0226202,3.1112757,3.1417341,0.21090126,1.6885958,0.25764847
Algoritmos y Programación,6,anon_092,2526-2,1,Año que cursa=1|Participaciones de la semana=0|Participaciones de la semana anterior=0|Tamaño del grupo=mediano,1.5114148,2.7777935803689013,1.0240929,0.024092913,4.010656885566319,1.0240929,1.0306473,3.092178,3.1452978,0.6584594,1.2617769,0.09136844
Algoritmos y Programación,6,anon_093,2526-2,1,Año que cursa=1|Participaciones de la semana=0|Participaciones de la semana anterior=0|Tamaño del grupo=mediano,2.573155,2.7777935803689013,1.024998,0.02499795,4.010656885566319,1.024998,1.0312481,3.0947537,3.1499562,0.62084126,1.3031123,0.117920876
Algoritmos y Programación,6,anon_094,2526-2,1,Año que cursa=1|Participaciones de la semana=0|Participaciones de la semana anterior=0|Tamaño del grupo=mediano,5.806218,2.7777935803689013,1.0295687,0.029568672,4.010656885566319,1.0295687,1.0339193,3.1055918,3.1618462,0.49860096,1.4327216,0.15679836
Algoritmos y Programación,6,anon_095,2526-2,1,Año que cursa=1|Participaciones de la semana=0|Participaciones de la semana anterior=0|Tamaño del grupo=mediano,1.4889858,2.7777935803689013,1.0210035,0.021003485,4.010656885566319,1.0210035,1.0277557,3.084202,3.1384537,0.647913,1.2240397,0.09136844
Algoritmos y Programación,6,anon_096,2526-2,1,Año que cursa=2|Participaciones de la semana=0|Participaciones de la semana anterior=0|Tamaño del grupo=mediano,2.6926625,2.477593007280989,1.0222063,0.022206306,4.0976948723140785,1.0222063,1.026444,3.0814683,3.1491148,0.620512,1.3276367,0.18145776
Algoritmos y Programación,6,anon_097,2526-2,1,Año que cursa=1|Participaciones de la semana=0|Participaciones de la semana anterior=0|Tamaño del grupo=mediano,1.4753432,2.7777935803689013,1.0189168,0.018916845,4.010656885566319,1.0189168,1.0256872,3.0785012,3.133037,0.6388488,1.1974657,0.09136844
Algoritmos y Programación,6,anon_098,2526-2,1,Año que cursa=1|Participaciones de la semana=0|Participaciones de la semana anterior=0|Tamaño del grupo=mediano,2.5479429,2.7777935803689013,1.0193758,0.019375801,4.010656885566319,1.0193758,1.026084,3.0801923,3.1365836,0.61463094,1.2401953,0.110631466
Algoritmos y Programación,6,anon_099,2526-2,1,Año que cursa=3|Participaciones de la semana=0|Participaciones de la semana anterior=0|Tamaño del grupo=mediano,1.7708423,1.3626914732983546,1.0114133,0.011413336,0.14027613056733523,1.0114133,1.0129862,3.0426028,3.1077893,0.6282482,1.2491,0.22647119
Algoritmos y Programación,6,anon_100,2526-2,1,Año que cursa=1|Participaciones de la semana=0|Participaciones de la semana anterior=0|Tamaño del grupo=mediano,1.4575143,2.7777935803689013,1.0158148,0.015814781,4.010656885566319,1.0158148,1.02247,3.0696025,3.1238194,0.6223731,1.1551812,0.09136844
Algoritmos y Programación,6,anon_101,2526-2,1,Año que cursa=2|Participaciones de la semana=0|Participaciones de la semana anterior=0|Tamaño del grupo=mediano,2.6435223,2.477593007280989,1.0172062,0.017206192,4.0976948723140785,1.0172062,1.0224762,3.0694304,3.1374187,0.6035085,1.242496,0.18145776
Algoritmos y Programación,6,anon_102,2526-2,1,Año que cursa=1|Participaciones de la semana=0|Participaciones de la semana anterior=0|Tamaño del grupo=mediano,2.497552,2.7777935803689013,1.0155132,0.015513182,4.010656885566319,1.0155132,1.0221167,3.0692258,3.125969,0.59057474,1.1803634,0.119301796
Algoritmos y Programación,6,anon_103,2526-2,1,Año que cursa=2|Participaciones de la semana=0|Participaciones de la semana anterior=0|Tamaño del grupo=mediano,1.5389032,2.477593007280989,1.0132163,0.013216257,4.0976948723140785,1.0132163,1.0192556,3.059002,3.1238537,0.6023693,1.1500323,0.16769433
Algoritmos y Programación,6,anon_104,2526-2,1,Año que cursa=3|Participaciones de la semana=0|Participaciones de la semana anterior=0|Tamaño del grupo=mediano,1.7231772,1.3626914732983546,1.0107591,0.010759115,0.14027613056733523,1.0107591,1.0121045,3.0397065,3.104242,0.594874,1.1397165,0.22647119
Algoritmos y Programación,6,anon_105,2526-2,1,Año que cursa=1|Participaciones de la semana=0|Participaciones de la semana anterior=0|Tamaño del grupo=mediano,5.7222357,2.7777935803689013,1.0177603,0.017760277,4.010656885566319,1.0177603,1.0242357,3.076995,3.139742,0.49724483,1.3194394,0.15679836
Algoritmos y Programación,6,anon_106,2526-2,1,Año que cursa=1|Participaciones de la semana=0|Participaciones de la semana anterior=0|Tamaño del grupo=mediano,2.5065863,2.7777935803689013,1.0112288,0.0112288,4.010656885566319,1.0112288,1.0175376,3.0560324,3.109567,0.57820773,1.1248572,0.110631466
Algoritmos y Programación,6,anon_107,2526-2,1,Año que cursa=2|Participaciones de la semana=0|Participaciones de la semana anterior=0|Tamaño del grupo=mediano,6.8365507,2.477593007280989,1.019412,0.01941204,4.0976948723140785,1.019412,1.0205622,3.0714264,3.1317415,0.4484644,1.2771835,0.20025635
Algoritmos y Programación,6,anon_108,2526-2,1,Año que cursa=1|Participaciones de la semana=0|Participaciones de la semana anterior=0|Tamaño del grupo=mediano,1.4314454,2.7777935803689013,1.0081482,0.008148193,4.010656885566319,1.0081482,1.013998,3.045677,3.0947683,0.56045556,1.0236497,0.09136844
Algoritmos y Programación,6,anon_109,2526-2,1,Año que cursa=1|Participaciones de la semana=1|Participaciones de la semana anterior=0|Tamaño del grupo=mediano,6.66276,6.78845046593522,1.0233765,0.023376465,2.3252309910880467,1.0233765,1.0288382,3.0678654,3.1346111,0.45001984,1.2420368,0.17251873
Algoritmos y Programación,6,anon_110,2526-2,1,Año que cursa=1|Participaciones de la semana=0|Participaciones de la semana anterior=1|Tamaño del grupo=mediano,3.517754,5.168953904681355,1.0091872,0.0091872215,4.757977827033206,1.0076408,1.0135069,3.050014,3.0941844,0.5509019,1.1062429,0.13993883
Algoritmos y Programación,6,anon_111,2526-2,1,Año que cursa=1|Participaciones de la semana=0|Participaciones de la semana anterior=0|Tamaño del grupo=mediano,2.4683328,2.7777935803689013,1.007031,0.007030964,4.010656885566319,1.007031,1.0128088,3.0423703,3.092279,0.5306301,1.026187,0.119301796
Algoritmos y Programación,6,anon_112,2526-2,1,Año que cursa=1|Participaciones de la semana=0|Participaciones de la semana anterior=0|Tamaño del grupo=mediano,3.5753531,2.7777935803689013,1.0074234,0.007423401,4.010656885566319,1.0074234,1.0133944,3.0440373,3.0951734,0.5321927,1.0886862,0.12040281
Algoritmos y Programación,6,anon_113,2526-2,1,Año que cursa=2|Participaciones de la semana=0|Participaciones de la semana anterior=0|Tamaño del grupo=mediano,1.506402,2.477593007280989,1.0055487,0.0055487156,4.0976948723140785,1.0055487,1.0118351,3.0358639,3.0904665,0.5070951,0.932423,0.16769433
Algoritmos y Programación,6,anon_114,2526-2,1,Año que cursa=1|Participaciones de la semana=0|Participaciones de la semana anterior=0|Tamaño del grupo=mediano,5.6807632,2.7777935803689013,1.0093117,0.009311676,4.010656885566319,1.0093117,1.0157003,3.0511932,3.1094522,0.4786644,1.18437,0.15679836
Algoritmos y Programación,6,anon_115,2526-2,1,Año que cursa=1|Participaciones de la semana=0|Participaciones de la semana anterior=0|Tamaño del grupo=mediano,2.4993968,2.7777935803689013,1.0040059,0.004005909,4.010656885566319,1.0040059,1.0091476,3.031365,3.0753655,0.50693274,0.95835924,0.110631466
Algoritmos y Programación,6,anon_116,2526-2,1,Año que cursa=1|Participaciones de la semana=0|Participaciones de la semana anterior=0|Tamaño del grupo=mediano,2.5011077,2.7777935803689013,1.0034261,0.003426075,4.010656885566319,1.0034261,1.008399,3.0291057,3.0718608,0.496912,0.9380672,0.110631466
Algoritmos y Programación,6,anon_117,2526-2,1,Año que cursa=1|Participaciones de la semana=0|Participaciones de la semana anterior=0|Tamaño del grupo=mediano,1.4449725,2.7777935803689013,1.0019481,0.0019481182,4.010656885566319,1.0019481,1.006434,3.0232692,3.0618796,0.45697248,0.84368896,0.09136844
Algoritmos y Programación,6,anon_118,2526-3,1,Año que cursa=1|Participaciones de la semana=0|Participaciones de la semana anterior=0|Tamaño del grupo=mediano,5.8487234,2.7777935803689013,1.0348339,0.034833908,4.010656885566319,1.0348339,1.0370903,3.115058,3.1631165,0.49209213,1.4812307,0.16559649
Algoritmos y Programación,6,anon_119,2526-3,1,Año que cursa=1|Participaciones de la semana=0|Participaciones de la semana anterior=0|Tamaño del grupo=mediano,1.5354762,2.7777935803689013,1.027031,0.027030945,4.010656885566319,1.027031,1.0331783,3.099186,3.1504025,0.66485,1.2971325,0.09136844
Algoritmos y Programación,6,anon_120,2526-3,1,Año que cursa=3|Participaciones de la semana=0|Participaciones de la semana anterior=0|Tamaño del grupo=mediano,1.8711486,1.3626914732983546,1.0161166,0.01611662,0.14027613056733523,1.0161166,1.0176506,3.0565152,3.1186652,0.6632254,1.4211091,0.22647119
Algoritmos y Programación,6,anon_121,2526-3,1,Año que cursa=1|Participaciones de la semana=0|Participaciones de la semana anterior=0|Tamaño del grupo=mediano,1.519291,2.7777935803689013,1.0250953,0.025095344,4.010656885566319,1.0250953,1.031537,3.094637,3.1472025,0.66108596,1.2738221,0.09136844
Algoritmos y Programación,6,anon_122,2526-3,1,Año que cursa=1|Participaciones de la semana=0|Participaciones de la semana anterior=0|Tamaño del grupo=mediano,3.673778,2.7777935803689013,1.0274816,0.027481556,4.010656885566319,1.0274816,1.033268,3.1011147,3.156345,0.58870554,1.367645,0.13381648
Algoritmos y Programación,6,anon_123,2526-3,1,Año que cursa=1|Participaciones de la semana=0|Participaciones de la semana anterior=0|Tamaño del grupo=mediano,2.58185,2.7777935803689013,1.0248611,0.024861097,4.010656885566319,1.0248611,1.0311861,3.094492,3.1495895,0.62186766,1.3056533,0.11549592
Algoritmos y Programación,6,anon_124,2526-3,1,Año que cursa=1|Participaciones de la semana=0|Participaciones de la semana anterior=0|Tamaño del grupo=mediano,2.5770123,2.7777935803689013,1.0236003,0.02360034,4.010656885566319,1.0236003,1.0300951,3.0913732,3.1467283,0.62515616,1.2893238,0.110631466
Algoritmos y Programación,6,anon_125,2526-3,1,Año que cursa=1|Participaciones de la semana=0|Participaciones de la semana anterior=0|Tamaño del grupo=mediano,2.5694134,2.7777935803689013,1.0225523,0.022552252,4.010656885566319,1.0225523,1.0291338,3.0886939,3.1444547,0.62299275,1.2774534,0.110631466
Algoritmos y Programación,6,anon_126,2526-3,1,Año que cursa=1|Participaciones de la semana=0|Participaciones de la semana anterior=0|Tamaño del grupo=mediano,2.5620124,2.7777935803689013,1.021496,0.021496058,4.010656885566319,1.021496,1.028141,3.0859296,3.1420004,0.620512,1.2653179,0.110631466
Algoritmos y Programación,6,anon_127,2526-3,1,Año que cursa=1|Participaciones de la semana=0|Participaciones de la semana anterior=2|Tamaño del grupo=mediano,7.8697557,9.645698989845236,1.0303078,0.03030777,-0.46114852575172627,1.0264683,1.0314903,3.1042042,3.1574755,0.41871643,1.5036478,0.22946453
Algoritmos y Programación,6,anon_128,2526-3,1,Año que cursa=1|Participaciones de la semana=0|Participaciones de la semana anterior=0|Tamaño del grupo=mediano,3.625772,2.7777935803689013,1.0211215,0.021121502,4.010656885566319,1.0211215,1.0276918,3.085361,3.1436496,0.58461905,1.3022912,0.13381648
Algoritmos y Programación,6,anon_129,2526-3,1,Año que cursa=1|Participaciones de la semana=0|Participaciones de la semana anterior=0|Tamaño del grupo=mediano,4.668477,2.7777935803689013,1.0221071,0.022107124,4.010656885566319,1.0221071,1.0282822,3.0881538,3.148162,0.54822254,1.3415527,0.16434002
Algoritmos y Programación,6,anon_130,2526-3,1,Año que cursa=1|Participaciones de la semana=0|Participaciones de la semana anterior=0|Tamaño del grupo=mediano,2.5350893,2.7777935803689013,1.0172677,0.017267704,4.010656885566319,1.0172677,1.0239611,3.0742514,3.1305506,0.6075294,1.2138104,0.110631466
Algoritmos y Programación,6,anon_131,2526-3,1,Año que cursa=1|Participaciones de la semana=0|Participaciones de la semana anterior=0|Tamaño del grupo=mediano,4.666828,2.7777935803689013,1.0205107,0.020510674,4.010656885566319,1.0205107,1.0267992,3.0839891,3.145194,0.52526855,1.3053074,0.14314127
Algoritmos y Programación,6,anon_132,2526-3,1,Año que cursa=1|Participaciones de la semana=0|Participaciones de la semana anterior=0|Tamaño del grupo=mediano,7.864357,2.7777935803689013,1.0247984,0.024798393,4.010656885566319,1.0247984,1.0289068,3.0943756,3.153057,0.4240427,1.4602222,0.20143604
Algoritmos y Programación,6,anon_133,2526-3,1,Año que cursa=4|Participaciones de la semana=1|Participaciones de la semana anterior=0|Tamaño del grupo=mediano,9.280971,13.085269588120738,1.0004091,0.00040912628,-5.5268160651507525,1.0004091,0.9973202,3.0024185,3.048129,0.4048071,1.3781567,0.120075226
Algoritmos y Programación,6,anon_134,2526-3,1,Año que cursa=1|Participaciones de la semana=0|Participaciones de la semana anterior=0|Tamaño del grupo=mediano,5.7052546,2.7777935803689013,1.0187082,0.018708229,4.010656885566319,1.0187082,1.0249758,3.079486,3.1415405,0.5092125,1.3364105,0.18019342
Algoritmos y Programación,6,anon_135,2526-3,1,Año que cursa=4|Participaciones de la semana=0|Participaciones de la semana anterior=2|Tamaño del grupo=mediano,6.0991297,11.633316467400455,1.0034742,0.0034742355,-0.3266931631364969,1.0060306,1.002388,3.0070314,3.0730782,0.5129118,1.2328506,0.19262218
Algoritmos y Programación,6,anon_136,2526-3,1,Año que cursa=2|Participaciones de la semana=0|Participaciones de la semana anterior=0|Tamaño del grupo=mediano,1.5231348,2.477593007280989,1.0104421,0.010442138,4.0976948723140785,1.0104421,1.0167565,3.0512285,3.1135416,0.5785719,1.0878774,0.16769433
Algoritmos y Programación,6,anon_137,2526-3,1,Año que cursa=1|Participaciones de la semana=0|Participaciones de la semana anterior=0|Tamaño del grupo=mediano,5.7231855,2.7777935803689013,1.0154047,0.015404701,4.010656885566319,1.0154047,1.0220642,3.0703297,3.1323357,0.5062065,1.305027,0.15869856
Algoritmos y Programación,6,anon_138,2526-3,1,Año que cursa=1|Participaciones de la semana=0|Participaciones de la semana anterior=0|Tamaño del grupo=mediano,2.5011718,2.7777935803689013,1.0093758,0.009375811,4.010656885566319,1.0093758,1.0154781,3.0500824,3.1019318,0.56538534,1.0911968,0.110631466
Algoritmos y Programación,6,anon_139,2526-3,1,Año que cursa=4|Participaciones de la semana=0|Participaciones de la semana anterior=0|Tamaño del grupo=mediano,5.02927,8.626801548036363,1.007082,0.0070819855,4.458468040084375,1.007082,1.0027323,3.01643,3.071659,0.516706,1.1280167,0.1979146
Algoritmos y Programación,6,anon_140,2526-3,1,Año que cursa=1|Participaciones de la semana=0|Participaciones de la semana anterior=0|Tamaño del grupo=mediano,5.6835504,2.7777935803689013,1.0122762,0.012276173,4.010656885566319,1.0122762,1.0188389,3.060718,3.1208062,0.5149884,1.2574277,0.17092752
Algoritmos y Programación,6,anon_141,2526-3,1,Año que cursa=1|Participaciones de la semana=0|Participaciones de la semana anterior=0|Tamaño del grupo=mediano,8.841395,2.7777935803689013,1.0173569,0.017356873,4.010656885566319,1.0173569,1.0224695,3.075513,3.1358185,0.40373802,1.341672,0.16326141
Algoritmos y Programación,6,anon_142,2526-3,1,Año que cursa=1|Participaciones de la semana=0|Participaciones de la semana anterior=0|Tamaño del grupo=mediano,1.4322488,2.7777935803689013,1.0049427,0.0049426556,4.010656885566319,1.0049427,1.0102463,3.0347102,3.079427,0.5186659,0.9464781,0.09136844
Algoritmos y Programación,6,anon_143,2526-3,1,Año que cursa=1|Participaciones de la semana=0|Participaciones de la semana anterior=0|Tamaño del grupo=mediano,11.0535145,2.7777935803689013,1.0193434,0.019343376,4.010656885566319,1.0193434,1.0235329,3.0810022,3.1426525,0.3368101,1.5274162,0.16433334
Algoritmos y Programación,6,anon_144,2526-3,1,Año que cursa=1|Participaciones de la semana=0|Participaciones de la semana anterior=0|Tamaño del grupo=mediano,1.435952,2.7777935803689013,1.0035908,0.0035908222,4.010656885566319,1.0035908,1.0085864,3.0297682,3.0720713,0.49510872,0.90586054,0.09136844
Algoritmos y Programación,6,anon_145,2526-3,1,Año que cursa=1|Participaciones de la semana=2|Participaciones de la semana anterior=0|Tamaño del grupo=mediano,19.457735,9.113681457023267,1.0283985,0.028398514,0.5359626070310188,1.0283985,1.0187893,3.0800133,3.1044903,0.15646172,1.808918,0.073451996
Algoritmos y Programación,6,anon_146,2526-3,1,Año que cursa=1|Participaciones de la semana=0|Participaciones de la semana anterior=0|Tamaño del grupo=mediano,2.4719453,2.7777935803689013,1.003562,0.0035619736,4.010656885566319,1.003562,1.0085831,3.0297208,3.0735507,0.48159242,0.9250231,0.119301796
Algoritmos y Programación,6,anon_147,2526-3,1,Año que cursa=1|Participaciones de la semana=0|Participaciones de la semana anterior=0|Tamaño del grupo=mediano,1.4449725,2.7777935803689013,1.0019481,0.0019481182,4.010656885566319,1.0019481,1.006434,3.0232692,3.0618796,0.45697248,0.84368896,0.09136844
Algoritmos y Programación,8,anon_001,2425-2,1,Año que cursa=1|Participaciones de la semana=0|Participaciones de la semana anterior=0|Tamaño del grupo=mediano,2.7437882,2.7777935803689013,1.0132546,0.0132546425,4.010656885566319,1.0132546,1.0161667,3.0453272,3.0673661,0.31859398,0.8453636,0.046438456
Algoritmos y Programación,8,anon_002,2425-2,1,Año que cursa=1|Participaciones de la semana=0|Participaciones de la semana anterior=0|Tamaño del grupo=mediano,0.6786522,2.7777935803689013,1.0118384,0.011838436,4.010656885566319,1.0118384,1.0150757,3.0416284,3.0634427,0.35024434,0.8020526,0.03334284
Algoritmos y Programación,8,anon_003,2425-2,1,Año que cursa=1|Participaciones de la semana=3 o más|Participaciones de la semana anterior=2|Tamaño del grupo=mediano,16.061197,15.915079456380814,1.0076637,0.007663727,0.0,1.0097942,1.0066891,3.048255,3.0606318,0.1019268,1.0585585,0.1535387
Algoritmos y Programación,8,anon_004,2425-2,1,Año que cursa=1|Participaciones de la semana=0|Participaciones de la semana anterior=0|Tamaño del grupo=mediano,2.7324948,2.7777935803689013,1.0119939,0.011993885,4.010656885566319,1.0119939,1.0150046,3.0422082,3.0651498,0.31981754,0.8223419,0.041211843
Algoritmos y Programación,8,anon_005,2425-2,1,Año que cursa=1|Participaciones de la semana=0|Participaciones de la semana anterior=1|Tamaño del grupo=mediano,10.9570875,5.168953904681355,1.016798,0.01679802,4.757977827033206,1.0163317,1.016532,3.0506744,3.0738573,0.16769981,0.9652214,0.11275864
Algoritmos y Programación,8,anon_006,2425-2,1,Año que cursa=1|Participaciones de la semana=0|Participaciones de la semana anterior=0|Tamaño del grupo=mediano,0.66526544,2.7777935803689013,1.010232,0.010231972,4.010656885566319,1.010232,1.0134406,3.037405,3.060102,0.34146965,0.7756516,0.03334284
Algoritmos y Programación,8,anon_007,2425-2,1,Año que cursa=1|Participaciones de la semana=0|Participaciones de la semana anterior=0|Tamaño del grupo=mediano,0.6620781,2.7777935803689013,1.0098193,0.009819269,4.010656885566319,1.0098193,1.0129981,3.036277,3.059118,0.33897132,0.768608,0.03334284
Algoritmos y Programación,8,anon_008,2425-2,1,Año que cursa=1|Participaciones de la semana=3 o más|Participaciones de la semana anterior=2|Tamaño del grupo=mediano,15.982426,15.915079456380814,1.0046349,0.004634857,0.0,1.0058041,1.004036,3.0478,3.0630312,0.099658966,1.0103359,0.13897896
Algoritmos y Programación,8,anon_009,2425-2,1,Año que cursa=2|Participaciones de la semana=1|Participaciones de la semana anterior=1|Tamaño del grupo=mediano,6.8879523,10.176330580230532,1.0138712,0.013871193,-3.7677204807456217,1.013588,1.0132723,3.0392294,3.0728579,0.24857521,0.8696456,0.11012173
Algoritmos y Programación,8,anon_010,2425-2,1,Año que cursa=2|Participaciones de la semana=3 o más|Participaciones de la semana anterior=2|Tamaño del grupo=mediano,21.18467,17.411191772534785,1.0023689,0.002368927,0.0,1.0031452,1.002039,3.032649,3.047512,0.08808708,1.0375233,0.10239792
Algoritmos y Programación,8,anon_011,2425-2,1,Año que cursa=2|Participaciones de la semana=0|Participaciones de la semana anterior=1|Tamaño del grupo=mediano,6.895165,6.313364761246467,1.0122509,0.0122509,3.8629658189840654,1.0116415,1.0123587,3.0386577,3.0719,0.24802017,0.8685689,0.117061615
Algoritmos y Programación,8,anon_012,2425-2,1,Año que cursa=1|Participaciones de la semana=0|Participaciones de la semana anterior=0|Tamaño del grupo=mediano,0.6479683,2.7777935803689013,1.0077469,0.007746935,4.010656885566319,1.0077469,1.0106921,3.0303545,3.0534883,0.3252414,0.7307649,0.03334284
Algoritmos y Programación,8,anon_013,2425-2,1,Año que cursa=1|Participaciones de la semana=0|Participaciones de la semana anterior=0|Tamaño del grupo=mediano,0.6456877,2.7777935803689013,1.0073384,0.0073384047,4.010656885566319,1.0073384,1.0102253,3.0291328,3.0522418,0.32222462,0.7226691,0.03334284
Algoritmos y Programación,8,anon_014,2425-2,1,Año que cursa=1|Participaciones de la semana=3 o más|Participaciones de la semana anterior=1|Tamaño del grupo=mediano,23.134918,14.995741043442237,1.0098934,0.009893417,0.0,1.0108109,1.0076046,3.0480137,3.0660076,0.12186432,1.0305367,0.065200806
Algoritmos y Programación,8,anon_015,2425-2,1,Año que cursa=1|Participaciones de la semana=3 o más|Participaciones de la semana anterior=3 o más|Tamaño del grupo=mediano,23.120867,17.514695571322726,1.0034542,0.0034542084,0.0,1.0055771,1.0039101,3.0382862,3.0585842,0.08003998,1.0637188,0.10227966
Algoritmos y Programación,8,anon_016,2425-2,1,Año que cursa=5 o más|Participaciones de la semana=0|Participaciones de la semana anterior=1|Tamaño del grupo=mediano,1.9581405,3.448262236424021,0.9966196,-0.0033804178,2.9110239099764628,0.9969651,0.9961586,2.9904451,3.0162055,0.30596352,0.633062,0.110081434
Algoritmos y Programación,8,anon_017,2425-2,1,Año que cursa=1|Participaciones de la semana=0|Participaciones de la semana anterior=1|Tamaño del grupo=mediano,1.6505495,5.168953904681355,1.0064882,0.006488204,4.757977827033206,1.0057571,1.0083919,3.0268345,3.046938,0.30304945,0.707814,0.038708568
Algoritmos y Programación,8,anon_018,2425-2,1,Año que cursa=1|Participaciones de la semana=1|Participaciones de la semana anterior=3 o más|Tamaño del grupo=mediano,15.994637,15.915079456380814,1.0133743,0.013374329,-0.6034279114834149,1.0147514,1.0143166,3.037776,3.070345,0.13558769,0.94928646,0.09049988
Algoritmos y Programación,8,anon_019,2425-2,1,Año que cursa=1|Participaciones de la semana=0|Participaciones de la semana anterior=0|Tamaño del grupo=mediano,0.63797706,2.7777935803689013,1.0050101,0.005010128,4.010656885566319,1.0050101,1.0075111,3.02176,3.0441327,0.30121922,0.6693502,0.03334284
Algoritmos y Programación,8,anon_020,2425-2,1,Año que cursa=1|Participaciones de la semana=2|Participaciones de la semana anterior=3 o más|Tamaño del grupo=mediano,23.153547,15.3116515448974,1.0095577,0.009557724,2.203044026425326,1.0158882,1.0130329,3.0322475,3.0713425,0.09580612,1.049797,0.07458687
Algoritmos y Programación,8,anon_021,2425-2,1,Año que cursa=2|Participaciones de la semana=0|Participaciones de la semana anterior=0|Tamaño del grupo=mediano,4.8105574,2.477593007280989,1.0068226,0.006822586,4.0976948723140785,1.0068226,1.0094194,3.0274043,3.06219,0.28378725,0.73785114,0.092190266
Algoritmos y Programación,8,anon_022,2425-2,1,Año que cursa=1|Participaciones de la semana=0|Participaciones de la semana anterior=0|Tamaño del grupo=mediano,2.6579876,2.7777935803689013,1.0050459,0.005045891,4.010656885566319,1.0050459,1.007575,3.0219574,3.0457497,0.2966447,0.6951308,0.057540894
Algoritmos y Programación,8,anon_023,2425-2,1,Año que cursa=1|Participaciones de la semana=2|Participaciones de la semana anterior=1|Tamaño del grupo=mediano,19.053003,13.640709321595557,1.0144367,0.014436722,1.3550317218466805,1.0149841,1.0118866,3.0417957,3.0677986,0.12255478,0.98874664,0.081731796
Algoritmos y Programación,8,anon_024,2425-2,1,Año que cursa=2|Participaciones de la semana=0|Participaciones de la semana anterior=0|Tamaño del grupo=mediano,6.8488593,2.477593007280989,1.0077858,0.007785797,4.0976948723140785,1.0077858,1.0095892,3.0292506,3.0640998,0.28392458,0.7564659,0.11483765
Algoritmos y Programación,8,anon_025,2425-2,1,Año que cursa=1|Participaciones de la semana=0|Participaciones de la semana anterior=0|Tamaño del grupo=mediano,5.7634077,2.7777935803689013,1.0050445,0.0050444603,4.010656885566319,1.0050445,1.0075483,3.0224276,3.0471516,0.27006197,0.73246336,0.06413221
Algoritmos y Programación,8,anon_026,2425-2,1,Año que cursa=1|Participaciones de la semana=0|Participaciones de la semana anterior=0|Tamaño del grupo=mediano,0.6447692,2.7777935803689013,1.0027755,0.00277555,4.010656885566319,1.0027755,1.004777,3.0138078,3.0341449,0.26784182,0.5922099,0.03334284
Algoritmos y Programación,8,anon_027,2425-2,1,Año que cursa=2|Participaciones de la semana=3 o más|Participaciones de la semana anterior=0|Tamaño del grupo=mediano,9.84263,10.90545425363678,1.0087299,0.008729935,0.0,1.0087299,1.0074997,3.025579,3.063571,0.24176598,0.7227287,0.1347704
Algoritmos y Programación,8,anon_028,2425-2,1,Año que cursa=1|Participaciones de la semana=0|Participaciones de la semana anterior=3 o más|Tamaño del grupo=mediano,18.052988,10.723491927740941,1.0111828,0.011182785,5.191587528639873,1.0086803,1.0109749,3.037838,3.0639696,0.15245056,0.9634476,0.07590294
Algoritmos y Programación,8,anon_029,2425-2,1,Año que cursa=1|Participaciones de la semana=0|Participaciones de la semana anterior=0|Tamaño del grupo=mediano,0.65248907,2.7777935803689013,1.0020736,0.0020736456,4.010656885566319,1.0020736,1.0038524,3.010992,3.0302095,0.25010604,0.55553716,0.03334284
Algoritmos y Programación,8,anon_030,2425-2,1,Año que cursa=1|Participaciones de la semana=2|Participaciones de la semana anterior=1|Tamaño del grupo=mediano,13.902429,13.640709321595557,1.0123253,0.012325287,1.3550317218466805,1.011486,1.0134792,3.0294495,3.06034,0.20072365,0.85365295,0.1102314
Algoritmos y Programación,8,anon_031,2425-2,2,Año que cursa=2|Participaciones de la semana=0|Participaciones de la semana anterior=0|Tamaño del grupo=mediano,1.7871473,2.477593007280989,1.0193219,0.019321918,4.0976948723140785,1.0193219,1.0184069,3.0537093,3.0748074,0.20736682,0.6765363,0.06013167
Algoritmos y Programación,8,anon_032,2425-2,2,Año que cursa=1|Participaciones de la semana=0|Participaciones de la semana anterior=0|Tamaño del grupo=mediano,3.82024,2.7777935803689013,1.0208654,0.02086544,4.010656885566319,1.0208654,1.0207853,3.0590959,3.0841184,0.1699686,0.5967808,0.032557487
Algoritmos y Programación,8,anon_033,2425-2,2,Año que cursa=4|Participaciones de la semana=1|Participaciones de la semana anterior=3 o más|Tamaño del grupo=mediano,21.155281,17.411191772534785,1.0034218,0.0034217834,-11.051905626134301,1.0048733,1.0037003,3.01025,3.0300064,0.05294037,0.90919685,0.10627556
Algoritmos y Programación,8,anon_034,2425-2,2,Año que cursa=2|Participaciones de la semana=0|Participaciones de la semana anterior=0|Tamaño del grupo=mediano,4.8849716,2.477593007280989,1.0182672,0.018267155,4.0976948723140785,1.0182672,1.0167274,3.0501537,3.072178,0.15970421,0.72042274,0.06535196
Algoritmos y Programación,8,anon_035,2425-2,2,Año que cursa=1|Participaciones de la semana=0|Participaciones de la semana anterior=0|Tamaño del grupo=mediano,2.80346,2.7777935803689013,1.0203793,0.020379305,4.010656885566319,1.0203793,1.0205479,3.0581005,3.0843055,0.17027593,0.5951967,0.030944824
Algoritmos y Programación,8,anon_036,2425-2,2,Año que cursa=3|Participaciones de la semana=3 o más|Participaciones de la semana anterior=0|Tamaño del grupo=mediano,8.982893,8.70208364398579,1.0085888,0.008588791,0.0,1.0085888,1.0068579,3.0328007,3.0445366,0.063549995,0.8273945,0.08670902
Algoritmos y Programación,8,anon_037,2425-2,2,Año que cursa=1|Participaciones de la semana=0|Participaciones de la semana anterior=0|Tamaño del grupo=mediano,0.74585646,2.7777935803689013,1.0196192,0.019619226,4.010656885566319,1.0196192,1.0205569,3.0568054,3.0839016,0.20179617,0.56358063,0.038300097
Algoritmos y Programación,8,anon_038,2425-2,2,Año que cursa=3|Participaciones de la semana=0|Participaciones de la semana anterior=0|Tamaño del grupo=mediano,1.8474197,1.3626914732983546,1.0114965,0.011496544,0.14027613056733523,1.0114965,1.00987,3.0318575,3.0512562,0.17986393,0.73171926,0.08609772
Algoritmos y Programación,8,anon_039,2425-2,2,Año que cursa=2|Participaciones de la semana=0|Participaciones de la semana anterior=2|Tamaño del grupo=mediano,7.9779873,10.034745894848367,1.0150003,0.015000343,-0.6255563788962935,1.0165815,1.0142355,3.0389166,3.0643187,0.047724724,0.78787994,0.04625511
Algoritmos y Programación,8,anon_040,2425-2,2,Año que cursa=5 o más|Participaciones de la semana=0|Participaciones de la semana anterior=0|Tamaño del grupo=mediano,0.94918233,3.1911511194172246,0.9971475,-0.0028524995,0.03947146376785948,0.9971475,0.99596643,2.9910467,3.0114028,0.19605339,0.60185164,0.051016152
Algoritmos y Programación,8,anon_041,2425-2,2,Año que cursa=2|Participaciones de la semana=0|Participaciones de la semana anterior=0|Tamaño del grupo=mediano,0.78318703,2.477593007280989,1.0165192,0.016519189,4.0976948723140785,1.0165192,1.0157695,3.0460753,3.0719533,0.1949923,0.65562546,0.059291303
Algoritmos y Programación,8,anon_042,2425-2,2,Año que cursa=2|Participaciones de la semana=1|Participaciones de la semana anterior=3 o más|Tamaño del grupo=mediano,7.9496293,13.085269588120738,1.0123382,0.0123381615,4.383185944134951,1.0151505,1.012999,3.0366478,3.0680776,0.04726982,0.76672983,0.032834053
Algoritmos y Programación,8,anon_043,2425-2,2,Año que cursa=2|Participaciones de la semana=0|Participaciones de la semana anterior=2|Tamaño del grupo=mediano,10.044823,10.034745894848367,1.0131111,0.0131111145,-0.6255563788962935,1.0146666,1.0123768,3.0341854,3.0617132,0.043143272,0.8212929,0.053524017
Algoritmos y Programación,8,anon_044,2425-2,2,Año que cursa=2|Participaciones de la semana=2|Participaciones de la semana anterior=2|Tamaño del grupo=mediano,13.088277,10.90545425363678,1.0095034,0.009503365,6.505737518898005,1.0112801,1.0087652,3.033701,3.058361,0.016579628,0.84330654,0.050880432
Algoritmos y Programación,8,anon_045,2425-2,2,Año que cursa=4|Participaciones de la semana=1|Participaciones de la semana anterior=1|Tamaño del grupo=mediano,11.096072,14.560496007947322,0.9987469,-0.001253128,2.9079595243083673,0.99920654,0.9984236,2.9968357,3.0180836,0.060029984,0.74935913,0.124791145
Algoritmos y Programación,8,anon_046,2425-2,2,Año que cursa=2|Participaciones de la semana=0|Participaciones de la semana anterior=0|Tamaño del grupo=mediano,0.7954339,2.477593007280989,1.014583,0.014582992,4.0976948723140785,1.014583,1.0140419,3.040845,3.068295,0.19641197,0.6367578,0.059291303
Algoritmos y Programación,8,anon_047,2425-2,2,Año que cursa=1|Participaciones de la semana=0|Participaciones de la semana anterior=0|Tamaño del grupo=mediano,5.9051075,2.7777935803689013,1.0177693,0.017769337,4.010656885566319,1.0177693,1.0182962,3.051937,3.0809336,0.16778135,0.693624,0.036488533
Algoritmos y Programación,8,anon_048,2425-2,2,Año que cursa=2|Participaciones de la semana=1|Participaciones de la semana anterior=0|Tamaño del grupo=mediano,3.875575,6.575287879595067,1.0131888,0.013188839,2.659122265756568,1.0131888,1.0114546,3.0388227,3.0642529,0.15211248,0.6913471,0.044522285
Algoritmos y Programación,8,anon_049,2425-2,2,Año que cursa=2|Participaciones de la semana=0|Participaciones de la semana anterior=0|Tamaño del grupo=mediano,1.8307236,2.477593007280989,1.0136753,0.013675332,4.0976948723140785,1.0136753,1.0129485,3.0381274,3.065909,0.18912768,0.6488552,0.05400288
Algoritmos y Programación,8,anon_050,2425-2,2,Año que cursa=2|Participaciones de la semana=0|Participaciones de la semana anterior=0|Tamaño del grupo=mediano,3.9039373,2.477593007280989,1.0130777,0.013077736,4.0976948723140785,1.0130777,1.0121312,3.0364676,3.064519,0.1815877,0.68861866,0.057882786
Algoritmos y Programación,8,anon_051,2425-2,2,Año que cursa=2|Participaciones de la semana=0|Participaciones de la semana anterior=0|Tamaño del grupo=mediano,0.80722594,2.477593007280989,1.0125909,0.012590885,4.0976948723140785,1.0125909,1.0124083,3.0353367,3.0641,0.20745039,0.60950005,0.059291303
Algoritmos y Programación,8,anon_052,2425-2,2,Año que cursa=1|Participaciones de la semana=2|Participaciones de la semana anterior=1|Tamaño del grupo=mediano,16.143324,13.640709321595557,1.0128899,0.012889862,1.3550317218466805,1.0141706,1.0103054,3.0456972,3.0639734,0.029010773,0.8635063,0.043798447
Algoritmos y Programación,8,anon_053,2425-2,2,Año que cursa=1|Participaciones de la semana=0|Participaciones de la semana anterior=2|Tamaño del grupo=mediano,2.8169355,9.645698989845236,1.0162725,0.016272545,-0.46114852575172627,1.0145918,1.0168056,3.047523,3.0730367,0.17627907,0.64891124,0.024280548
Algoritmos y Programación,8,anon_054,2425-2,2,Año que cursa=1|Participaciones de la semana=1|Participaciones de la semana anterior=0|Tamaño del grupo=mediano,3.8422298,6.78845046593522,1.0155563,0.015556335,2.3252309910880467,1.0155563,1.0164127,3.0452237,3.076757,0.19304419,0.6580553,0.02637291
Algoritmos y Programación,8,anon_055,2425-2,2,Año que cursa=1|Participaciones de la semana=0|Participaciones de la semana anterior=2|Tamaño del grupo=mediano,10.024253,9.645698989845236,1.0169964,0.016996384,-0.46114852575172627,1.0168605,1.0165596,3.046505,3.0765233,0.111107826,0.78223515,0.026367188
Algoritmos y Programación,8,anon_056,2425-2,2,Año que cursa=2|Participaciones de la semana=0|Participaciones de la semana anterior=0|Tamaño del grupo=mediano,0.8179927,2.477593007280989,1.01102,0.011019945,4.0976948723140785,1.01102,1.0112071,3.0309544,3.0613146,0.22338325,0.5763023,0.059291303
Algoritmos y Programación,8,anon_057,2425-2,2,Año que cursa=5 o más|Participaciones de la semana=0|Participaciones de la semana anterior=3 o más|Tamaño del grupo=mediano,12.118781,8.690007368225041,0.9947033,-0.005296707,-2.3307212218245574,0.9957571,0.9947262,2.9848032,3.006671,0.06540775,0.6208687,0.09783077
Algoritmos y Programación,8,anon_058,2425-2,2,Año que cursa=2|Participaciones de la semana=0|Participaciones de la semana anterior=0|Tamaño del grupo=mediano,0.8212583,2.477593007280989,1.0105108,0.010510802,4.0976948723140785,1.0105108,1.0109024,3.0296886,3.060777,0.22950488,0.5613143,0.059291303
Algoritmos y Programación,8,anon_059,2425-2,2,Año que cursa=5 o más|Participaciones de la semana=0|Participaciones de la semana anterior=1|Tamaño del grupo=mediano,5.0799384,3.448262236424021,0.9962492,-0.003750801,2.9110239099764628,0.99685097,0.99552774,2.9870763,3.01048,0.20287943,0.5599847,0.08638811
Algoritmos y Programación,8,anon_060,2425-2,2,Año que cursa=2|Participaciones de la semana=0|Participaciones de la semana anterior=1|Tamaño del grupo=mediano,2.8758156,6.313364761246467,1.0105517,0.010551691,3.8629658189840654,1.0103083,1.0106616,3.029484,3.0610952,0.22058177,0.5942831,0.05047345
Algoritmos y Programación,8,anon_061,2526-1,1,Año que cursa=4|Participaciones de la semana=2|Participaciones de la semana anterior=1|Tamaño del grupo=pequeño,8.235886,8.70208364398579,1.002305,0.0023050308,-2.3427974975853054,1.002284,1.0023355,3.0071702,3.0195217,0.18738747,0.9002447,0.21410942
Algoritmos y Programación,8,anon_062,2526-1,1,Año que cursa=1|Participaciones de la semana=0|Participaciones de la semana anterior=0|Tamaño del grupo=pequeño,8.35204,2.8811945891663617,1.0165958,0.01659584,9.019168776667694,1.0165958,1.0157557,3.045847,3.0480566,0.16864872,0.9281006,0.17349815
Algoritmos y Programación,8,anon_063,2526-1,1,Participaciones de la semana=3 o más|Participaciones de la semana anterior=1|Tamaño del grupo=pequeño,11.394277,13.592972440005175,1.0107927,0.010792732,0.0,1.0111771,1.0099831,3.045041,3.0465212,0.22627735,0.9727869,0.18999958
Algoritmos y Programación,8,anon_064,2526-1,1,Año que cursa=1|Participaciones de la semana=0|Participaciones de la semana anterior=0|Tamaño del grupo=pequeño,2.230192,2.8811945891663617,1.0160568,0.016056776,9.019168776667694,1.0160568,1.0161037,3.0455792,3.0525825,0.14021063,0.8027513,0.22931266
Algoritmos y Programación,8,anon_065,2526-1,1,Participaciones de la semana=3 o más|Participaciones de la semana anterior=0|Tamaño del grupo=pequeño,7.3094044,10.04750750633578,1.0113153,0.011315346,0.0,1.0113153,1.0101919,3.045784,3.050932,0.20450068,0.88827944,0.22371244
Algoritmos y Programación,8,anon_066,2526-1,1,Año que cursa=1|Participaciones de la semana=0|Participaciones de la semana anterior=0|Tamaño del grupo=pequeño,3.2295222,2.8811945891663617,1.015832,0.015831947,9.019168776667694,1.015832,1.0160022,3.0450711,3.0539775,0.14463472,0.8041482,0.21856594
Algoritmos y Programación,8,anon_067,2526-1,1,Año que cursa=1|Participaciones de la semana=2|Participaciones de la semana anterior=1|Tamaño del grupo=pequeño,9.333189,8.690007368225041,1.0132456,0.013245583,8.721184404309744,1.013607,1.012393,3.044736,3.052452,0.22105408,0.9101076,0.19649601
Algoritmos y Programación,8,anon_068,2526-1,1,Año que cursa=5 o más|Participaciones de la semana=0|Participaciones de la semana anterior=0|Tamaño del grupo=pequeño,2.0516207,0.655056904936393,0.9975045,-0.0024955273,0.8479106989292968,0.9975045,0.99901056,2.9970863,3.015476,0.1413424,0.72242105,0.16283405
Algoritmos y Programación,8,anon_069,2526-1,1,Año que cursa=1|Participaciones de la semana=1|Participaciones de la semana anterior=1|Tamaño del grupo=pequeño,10.335391,13.807568478957508,1.0151119,0.015111923,-5.117561110732467,1.0153685,1.0143604,3.0441208,3.054428,0.21531773,0.914238,0.16906357
Algoritmos y Programación,8,anon_070,2526-1,1,Año que cursa=1|Participaciones de la semana=0|Participaciones de la semana anterior=0|Tamaño del grupo=pequeño,6.2596097,2.8811945891663617,1.0156717,0.01567173,9.019168776667694,1.0156717,1.0155964,3.0441976,3.0556502,0.18179941,0.84321547,0.1920886
Algoritmos y Programación,8,anon_071,2526-1,1,Año que cursa=1|Participaciones de la semana=0|Participaciones de la semana anterior=0|Tamaño del grupo=pequeño,2.16229,2.8811945891663617,1.0144567,0.014456749,9.019168776667694,1.0144567,1.0152578,3.041894,3.0566669,0.13716054,0.7480804,0.22931266
Algoritmos y Programación,8,anon_072,2526-1,1,Año que cursa=3|Participaciones de la semana=0|Participaciones de la semana anterior=0|Tamaño del grupo=pequeño,2.1015906,1.4516896287422547,1.0022254,0.002225399,2.6750147076408295,1.0022254,1.0031385,3.0074124,3.0222878,0.13467908,0.7374642,0.24478889
Algoritmos y Programación,8,anon_073,2526-1,1,Año que cursa=1|Participaciones de la semana=0|Participaciones de la semana anterior=0|Tamaño del grupo=pequeño,2.1410844,2.8811945891663617,1.0138061,0.013806105,9.019168776667694,1.0138061,1.0148039,3.0402772,3.0574152,0.13172174,0.7306541,0.22931266
Algoritmos y Programación,8,anon_074,2526-1,1,Año que cursa=1|Participaciones de la semana=2|Participaciones de la semana anterior=0|Tamaño del grupo=pequeño,4.1574817,8.70208364398579,1.0122762,0.012276173,2.604539660278169,1.0122762,1.0117588,3.0394254,3.058907,0.1628213,0.7490668,0.23881435
Algoritmos y Programación,8,anon_075,2526-1,1,Año que cursa=5 o más|Participaciones de la semana=0|Participaciones de la semana anterior=0|Tamaño del grupo=pequeño,1.9950103,0.655056904936393,0.9952446,-0.004755378,0.8479106989292968,0.9952446,0.99690294,2.9906216,3.00731,0.12447798,0.6386312,0.16283405
Algoritmos y Programación,8,anon_076,2526-1,1,Año que cursa=3|Participaciones de la semana=0|Participaciones de la semana anterior=0|Tamaño del grupo=pequeño,4.087537,1.4516896287422547,1.00141,0.0014100075,2.6750147076408295,1.00141,1.0023289,3.005456,3.023368,0.15043211,0.7175875,0.2268982
Algoritmos y Programación,8,anon_077,2526-1,1,Año que cursa=1|Participaciones de la semana=0|Participaciones de la semana anterior=0|Tamaño del grupo=pequeño,2.0974545,2.8811945891663617,1.0125217,0.012521744,9.019168776667694,1.0125217,1.0137401,3.036941,3.0586472,0.11547947,0.6926067,0.22931266
Algoritmos y Programación,8,anon_078,2526-1,1,Año que cursa=1|Participaciones de la semana=0|Participaciones de la semana anterior=0|Tamaño del grupo=pequeño,3.1095624,2.8811945891663617,1.0123787,0.012378693,9.019168776667694,1.0123787,1.0135283,3.036489,3.059235,0.11810064,0.7041178,0.21856594
Algoritmos y Programación,8,anon_079,2526-1,1,Año que cursa=5 o más|Participaciones de la semana=0|Participaciones de la semana anterior=0|Tamaño del grupo=pequeño,0.95618737,0.655056904936393,0.99427915,-0.005720854,0.8479106989292968,0.99427915,0.9958577,2.9874945,3.0030913,0.093524456,0.58108956,0.16706395
Algoritmos y Programación,8,anon_080,2526-1,1,Año que cursa=1|Participaciones de la semana=0|Participaciones de la semana anterior=0|Tamaño del grupo=pequeño,6.162924,2.8811945891663617,1.0125399,0.012539864,9.019168776667694,1.0125399,1.0132637,3.0365505,3.060629,0.14207077,0.75756407,0.1869173
Algoritmos y Programación,8,anon_081,2526-1,1,Año que cursa=1|Participaciones de la semana=0|Participaciones de la semana anterior=0|Tamaño del grupo=pequeño,2.0513508,2.8811945891663617,1.0115759,0.011575937,9.019168776667694,1.0115759,1.0127735,3.034434,3.0602725,0.09186125,0.64796567,0.22931266
Algoritmos y Programación,8,anon_082,2526-1,1,Año que cursa=5 o más|Participaciones de la semana=0|Participaciones de la semana anterior=0|Tamaño del grupo=pequeño,0.9396191,0.655056904936393,0.9938424,-0.006157577,0.8479106989292968,0.9938424,0.9953122,2.9859133,3.0010233,0.07363778,0.54907626,0.16706395
Algoritmos y Programación,8,anon_083,2526-1,1,Año que cursa=2|Participaciones de la semana=0|Participaciones de la semana anterior=1|Tamaño del grupo=pequeño,7.123354,8.70208364398579,1.0056858,0.0056858063,-2.3427974975853054,1.0055914,1.0061913,3.0169344,3.0419507,0.15358639,0.7282791,0.20363712
Algoritmos y Programación,8,anon_084,2526-1,1,Año que cursa=1|Participaciones de la semana=0|Participaciones de la semana anterior=0|Tamaño del grupo=pequeño,2.0153701,2.8811945891663617,1.0110519,0.011051893,9.019168776667694,1.0110519,1.0122056,3.033137,3.061516,0.06991601,0.60985136,0.22931266
Algoritmos y Programación,8,anon_085,2526-1,1,Año que cursa=3|Participaciones de la semana=0|Participaciones de la semana anterior=0|Tamaño del grupo=pequeño,0.94320625,1.4516896287422547,1.0004289,0.00042891502,2.6750147076408295,1.0004289,1.0013046,3.00312,3.0267448,0.051452875,0.5417802,0.25660962
Algoritmos y Programación,8,anon_086,2526-1,1,Año que cursa=1|Participaciones de la semana=0|Participaciones de la semana anterior=0|Tamaño del grupo=pequeño,1.9915894,2.8811945891663617,1.0107137,0.0107136965,9.019168776667694,1.0107137,1.0118694,3.0323496,3.0620718,0.05426681,0.5830953,0.22931266
Algoritmos y Programación,8,anon_087,2526-1,1,Año que cursa=1|Participaciones de la semana=0|Participaciones de la semana anterior=0|Tamaño del grupo=pequeño,1.9799519,2.8811945891663617,1.0105376,0.010537624,9.019168776667694,1.0105376,1.0117083,3.031951,3.0622392,0.04634905,0.5695213,0.22931266
Algoritmos y Programación,8,anon_088,2526-2,1,Año que cursa=1|Participaciones de la semana=0|Participaciones de la semana anterior=0|Tamaño del grupo=mediano,0.68789494,2.7777935803689013,1.0126802,0.012680173,4.010656885566319,1.0126802,1.0159063,3.04393,3.06454,0.3489983,0.81249845,0.034484506
Algoritmos y Programación,8,anon_089,2526-2,1,Año que cursa=1|Participaciones de la semana=0|Participaciones de la semana anterior=0|Tamaño del grupo=mediano,3.7791386,2.7777935803689013,1.014112,0.014111996,4.010656885566319,1.014112,1.0167713,3.0476432,3.0696716,0.29256487,0.8626151,0.059696674
Algoritmos y Programación,8,anon_090,2526-2,1,Año que cursa=1|Participaciones de la semana=0|Participaciones de la semana anterior=0|Tamaño del grupo=mediano,0.6808578,2.7777935803689013,1.0118936,0.01189363,4.010656885566319,1.0118936,1.0151539,3.041956,3.063138,0.34547555,0.8002449,0.034484506
Algoritmos y Programación,8,anon_091,2526-2,1,Año que cursa=1|Participaciones de la semana=0|Participaciones de la semana anterior=0|Tamaño del grupo=mediano,10.976509,2.7777935803689013,1.0177059,0.017705917,4.010656885566319,1.0177059,1.0160618,3.0516958,3.0684795,0.15557003,0.9789896,0.124837875
Algoritmos y Programación,8,anon_092,2526-2,1,Año que cursa=1|Participaciones de la semana=0|Participaciones de la semana anterior=0|Tamaño del grupo=mediano,0.67399275,2.7777935803689013,1.0110785,0.011078477,4.010656885566319,1.0110785,1.0143275,3.0398326,3.0614662,0.34124458,0.7872845,0.034484506
Algoritmos y Programación,8,anon_093,2526-2,1,Año que cursa=1|Participaciones de la semana=0|Participaciones de la semana anterior=0|Tamaño del grupo=mediano,1.6998543,2.7777935803689013,1.0112926,0.011292577,4.010656885566319,1.0112926,1.0143995,3.0404744,3.0629115,0.3238374,0.80356324,0.04267049
Algoritmos y Programación,8,anon_094,2526-2,1,Año que cursa=1|Participaciones de la semana=0|Participaciones de la semana anterior=0|Tamaño del grupo=mediano,4.7899,2.7777935803689013,1.0126624,0.012662411,4.010656885566319,1.0126624,1.0153031,3.0442328,3.0684018,0.2755952,0.85028696,0.06299639
Algoritmos y Programación,8,anon_095,2526-2,1,Año que cursa=1|Participaciones de la semana=0|Participaciones de la semana anterior=0|Tamaño del grupo=mediano,0.66417503,2.7777935803689013,1.0098238,0.009823799,4.010656885566319,1.0098238,1.0129895,3.0364285,3.0585194,0.33405107,0.7664781,0.034484506
Algoritmos y Programación,8,anon_096,2526-2,1,Año que cursa=2|Participaciones de la semana=0|Participaciones de la semana anterior=0|Tamaño del grupo=mediano,1.7519053,2.477593007280989,1.0098609,0.009860873,4.0976948723140785,1.0098609,1.0120997,3.0347762,3.067328,0.32266545,0.8018849,0.078309536
Algoritmos y Programación,8,anon_097,2526-2,1,Año que cursa=1|Participaciones de la semana=0|Participaciones de la semana anterior=0|Tamaño del grupo=mediano,0.65814924,2.7777935803689013,1.0089798,0.008979797,4.010656885566319,1.0089798,1.0120568,3.034048,3.0563054,0.32884848,0.7516792,0.034484506
Algoritmos y Programación,8,anon_098,2526-2,1,Año que cursa=1|Participaciones de la semana=0|Participaciones de la semana anterior=0|Tamaño del grupo=mediano,1.6838365,2.7777935803689013,1.0090108,0.009010792,4.010656885566319,1.0090108,1.0119925,3.0342264,3.0569706,0.31914616,0.7641735,0.03884363
Algoritmos y Programación,8,anon_099,2526-2,1,Año que cursa=3|Participaciones de la semana=0|Participaciones de la semana anterior=0|Tamaño del grupo=mediano,0.8163652,1.3626914732983546,1.0041335,0.004133463,0.14027613056733523,1.0041335,1.0046406,3.0148063,3.049149,0.32332194,0.7423339,0.101138175
Algoritmos y Programación,8,anon_100,2526-2,1,Año que cursa=1|Participaciones de la semana=0|Participaciones de la semana anterior=0|Tamaño del grupo=mediano,0.6503812,2.7777935803689013,1.0077254,0.007725358,4.010656885566319,1.0077254,1.0106387,3.0303674,3.052672,0.32041562,0.72805166,0.034484506
Algoritmos y Programación,8,anon_101,2526-2,1,Año que cursa=2|Participaciones de la semana=0|Participaciones de la semana anterior=0|Tamaño del grupo=mediano,1.7279232,2.477593007280989,1.0076177,0.007617712,4.0976948723140785,1.0076177,1.0104542,3.0296118,3.06297,0.3133502,0.7489171,0.078309536
Algoritmos y Programación,8,anon_102,2526-2,1,Año que cursa=1|Participaciones de la semana=0|Participaciones de la semana anterior=0|Tamaño del grupo=mediano,1.6691338,2.7777935803689013,1.0074552,0.0074552298,4.010656885566319,1.0074552,1.0102496,3.0296292,3.0527782,0.30694795,0.73810387,0.044308186
Algoritmos y Programación,8,anon_103,2526-2,1,Año que cursa=2|Participaciones de la semana=0|Participaciones de la semana anterior=0|Tamaño del grupo=mediano,0.68762255,2.477593007280989,1.0061252,0.0061252117,4.0976948723140785,1.0061252,1.0092673,3.0255804,3.0579886,0.310965,0.70688987,0.07137096
Algoritmos y Programación,8,anon_104,2526-2,1,Año que cursa=3|Participaciones de la semana=0|Participaciones de la semana anterior=0|Tamaño del grupo=mediano,0.79621714,1.3626914732983546,1.0044866,0.004486561,0.14027613056733523,1.0044866,1.0049787,3.0156643,3.0503042,0.30752248,0.67727035,0.101138175
Algoritmos y Programación,8,anon_105,2526-2,1,Año que cursa=1|Participaciones de la semana=0|Participaciones de la semana anterior=0|Tamaño del grupo=mediano,4.7513366,2.7777935803689013,1.0077362,0.007736206,4.010656885566319,1.0077362,1.0104403,3.0309095,3.0559673,0.27540112,0.7789326,0.06299639
Algoritmos y Programación,8,anon_106,2526-2,1,Año que cursa=1|Participaciones de la semana=0|Participaciones de la semana anterior=0|Tamaño del grupo=mediano,1.6675601,2.7777935803689013,1.0057302,0.005730152,4.010656885566319,1.0057302,1.0082922,3.0241942,3.0463448,0.30139577,0.69785786,0.03884363
Algoritmos y Programación,8,anon_107,2526-2,1,Año que cursa=2|Participaciones de la semana=0|Participaciones de la semana anterior=0|Tamaño del grupo=mediano,5.834427,2.477593007280989,1.0085812,0.0085811615,4.0976948723140785,1.0085812,1.010459,3.0318499,3.0669699,0.25574875,0.7552781,0.09307051
Algoritmos y Programación,8,anon_108,2526-2,1,Año que cursa=1|Participaciones de la semana=0|Participaciones de la semana anterior=0|Tamaño del grupo=mediano,0.6420037,2.7777935803689013,1.0046349,0.004634857,4.010656885566319,1.0046349,1.0070229,3.0204318,3.0416543,0.29192972,0.6539627,0.034484506
Algoritmos y Programación,8,anon_109,2526-2,1,Año que cursa=1|Participaciones de la semana=0|Participaciones de la semana anterior=0|Tamaño del grupo=mediano,5.75094,2.7777935803689013,1.0071216,0.007121563,4.010656885566319,1.0071216,1.0097904,3.0291858,3.055818,0.2575612,0.7628856,0.075930595
Algoritmos y Programación,8,anon_110,2526-2,1,Año que cursa=1|Participaciones de la semana=0|Participaciones de la semana anterior=0|Tamaño del grupo=mediano,2.6778297,2.7777935803689013,1.0047688,0.0047688484,4.010656885566319,1.0047688,1.0071921,3.0210009,3.043253,0.29337454,0.68621635,0.054339886
Algoritmos y Programación,8,anon_111,2526-2,1,Año que cursa=1|Participaciones de la semana=0|Participaciones de la semana anterior=0|Tamaño del grupo=mediano,1.6616073,2.7777935803689013,1.004024,0.004024029,4.010656885566319,1.004024,1.0062761,3.0183306,3.0396113,0.28079152,0.648955,0.044308186
Algoritmos y Programación,8,anon_112,2526-2,1,Año que cursa=1|Participaciones de la semana=0|Participaciones de la semana anterior=0|Tamaño del grupo=mediano,2.6959705,2.7777935803689013,1.004024,0.004024029,4.010656885566319,1.004024,1.0062871,3.0184374,3.0396156,0.2828002,0.6592679,0.04401779
Algoritmos y Programación,8,anon_113,2526-2,1,Año que cursa=2|Participaciones de la semana=0|Participaciones de la semana anterior=0|Tamaño del grupo=mediano,0.6845047,2.477593007280989,1.0032067,0.00320673,4.0976948723140785,1.0032067,1.0063391,3.016226,3.044657,0.26759267,0.5848891,0.07137096
Algoritmos y Programación,8,anon_114,2526-2,1,Año que cursa=1|Participaciones de la semana=0|Participaciones de la semana anterior=0|Tamaño del grupo=mediano,4.7428875,2.7777935803689013,1.0043106,0.004310608,4.010656885566319,1.0043106,1.006659,3.0196571,3.0422244,0.26618624,0.69422674,0.06299639
Algoritmos y Programación,8,anon_115,2526-2,1,Año que cursa=1|Participaciones de la semana=0|Participaciones de la semana anterior=0|Tamaño del grupo=mediano,1.6742331,2.7777935803689013,1.0028464,0.0028463602,4.010656885566319,1.0028464,1.0048008,3.013885,3.0333505,0.2679205,0.59819174,0.03884363
Algoritmos y Programación,8,anon_116,2526-2,1,Año que cursa=1|Participaciones de la semana=0|Participaciones de la semana anterior=0|Tamaño del grupo=mediano,1.6765051,2.7777935803689013,1.0026164,0.0026164055,4.010656885566319,1.0026164,1.004498,3.0129519,3.0320406,0.26303422,0.5858449,0.03884363
Algoritmos y Programación,8,anon_117,2526-2,1,Año que cursa=1|Participaciones de la semana=0|Participaciones de la semana anterior=0|Tamaño del grupo=mediano,0.65854174,2.7777935803689013,1.002162,0.0021619797,4.010656885566319,1.002162,1.00389,3.0110636,3.0293236,0.24396747,0.5467804,0.034484506
Algoritmos y Programación,8,anon_118,2526-3,1,Año que cursa=1|Participaciones de la semana=2|Participaciones de la semana anterior=0|Tamaño del grupo=mediano,6.844694,9.113681457023267,1.0174565,0.017456532,0.5359626070310188,1.0174565,1.0163975,3.0499392,3.0750837,0.2324295,0.91543436,0.087732315
Algoritmos y Programación,8,anon_119,2526-3,1,Año que cursa=1|Participaciones de la semana=0|Participaciones de la semana anterior=0|Tamaño del grupo=mediano,0.68295455,2.7777935803689013,1.0122012,0.01220119,4.010656885566319,1.0122012,1.0154629,3.0429232,3.0640175,0.34797716,0.80493397,0.0344159
Algoritmos y Programación,8,anon_120,2526-3,1,Año que cursa=3|Participaciones de la semana=0|Participaciones de la semana anterior=0|Tamaño del grupo=mediano,0.8666372,1.3626914732983546,1.0057933,0.005793333,0.14027613056733523,1.0057933,1.0062652,3.0194654,3.050416,0.3461125,0.8481106,0.10088557
Algoritmos y Programación,8,anon_121,2526-3,1,Año que cursa=1|Participaciones de la semana=0|Participaciones de la semana anterior=0|Tamaño del grupo=mediano,0.675998,2.7777935803689013,1.0113952,0.011395216,4.010656885566319,1.0113952,1.0146604,3.0408466,3.0624802,0.3440708,0.7922866,0.0344159
Algoritmos y Programación,8,anon_122,2526-3,1,Año que cursa=1|Participaciones de la semana=0|Participaciones de la semana anterior=0|Tamaño del grupo=mediano,2.7337112,2.7777935803689013,1.0120301,0.012030125,4.010656885566319,1.0120301,1.0150485,3.0426798,3.065299,0.31356764,0.8252492,0.049041033
Algoritmos y Programación,8,anon_123,2526-3,1,Año que cursa=1|Participaciones de la semana=1|Participaciones de la semana anterior=0|Tamaño del grupo=mediano,2.7107818,6.78845046593522,1.0139506,0.013950586,2.3252309910880467,1.0139506,1.0166135,3.0402198,3.0658815,0.3105805,0.81764174,0.050246477
Algoritmos y Programación,8,anon_124,2526-3,1,Año que cursa=1|Participaciones de la semana=0|Participaciones de la semana anterior=0|Tamaño del grupo=mediano,1.6954722,2.7777935803689013,1.0106134,0.0106134415,4.010656885566319,1.0106134,1.0137248,3.038846,3.061442,0.3266306,0.7908287,0.03865111
Algoritmos y Programación,8,anon_125,2526-3,1,Año que cursa=1|Participaciones de la semana=0|Participaciones de la semana anterior=0|Tamaño del grupo=mediano,1.6920571,2.7777935803689013,1.0101876,0.010187626,4.010656885566319,1.0101876,1.0132699,3.037683,3.06044,0.324996,0.7840265,0.03865111
Algoritmos y Programación,8,anon_126,2526-3,1,Año que cursa=1|Participaciones de la semana=0|Participaciones de la semana anterior=1|Tamaño del grupo=mediano,2.7046013,5.168953904681355,1.0107298,0.01072979,4.757977827033206,1.0097594,1.0128069,3.039329,3.0593853,0.31174564,0.7963128,0.049431086
Algoritmos y Programación,8,anon_127,2526-3,1,Año que cursa=1|Participaciones de la semana=0|Participaciones de la semana anterior=0|Tamaño del grupo=mediano,6.8259926,2.7777935803689013,1.0129871,0.012987137,4.010656885566319,1.0129871,1.01509,3.0450935,3.071371,0.245574,0.88601017,0.10203695
Algoritmos y Programación,8,anon_128,2526-3,1,Año que cursa=1|Participaciones de la semana=0|Participaciones de la semana anterior=0|Tamaño del grupo=mediano,2.7116292,2.7777935803689013,1.0094335,0.009433508,4.010656885566319,1.0094335,1.0123439,3.0356743,3.0593169,0.30876946,0.78640604,0.049041033
Algoritmos y Programación,8,anon_129,2526-3,1,Año que cursa=1|Participaciones de la semana=0|Participaciones de la semana anterior=0|Tamaño del grupo=mediano,3.7330236,2.7777935803689013,1.009676,0.00967598,4.010656885566319,1.009676,1.0124745,3.036416,3.061131,0.29363537,0.8061695,0.06471443
Algoritmos y Programación,8,anon_130,2526-3,1,Año que cursa=1|Participaciones de la semana=0|Participaciones de la semana anterior=0|Tamaño del grupo=mediano,1.6768333,2.7777935803689013,1.0080515,0.008051515,4.010656885566319,1.0080515,1.0109181,3.03157,3.0546927,0.31596708,0.7473998,0.03865111
Algoritmos y Programación,8,anon_131,2526-3,1,Año que cursa=1|Participaciones de la semana=0|Participaciones de la semana anterior=0|Tamaño del grupo=mediano,3.7325788,2.7777935803689013,1.0089273,0.008927345,4.010656885566319,1.0089273,1.011692,3.0343866,3.0596304,0.2845788,0.7856016,0.05587387
Algoritmos y Programación,8,anon_132,2526-3,1,Año que cursa=1|Participaciones de la semana=0|Participaciones de la semana anterior=0|Tamaño del grupo=mediano,6.8108892,2.7777935803689013,1.0102153,0.010215282,4.010656885566319,1.0102153,1.0127335,3.0382624,3.0655909,0.24979639,0.8471818,0.086915016
Algoritmos y Programación,8,anon_133,2526-3,1,Año que cursa=4|Participaciones de la semana=2|Participaciones de la semana anterior=1|Tamaño del grupo=mediano,11.076473,17.46845553225569,0.9993515,-0.00064849854,-0.057263759720903806,0.9996424,0.9993868,2.9968328,3.0243979,0.20568562,0.7629547,0.03732586
Algoritmos y Programación,8,anon_134,2526-3,1,Año que cursa=1|Participaciones de la semana=1|Participaciones de la semana anterior=0|Tamaño del grupo=mediano,5.75449,6.78845046593522,1.0109186,0.010918617,2.3252309910880467,1.0109186,1.0138168,3.0318747,3.0602093,0.26862288,0.8061404,0.08328819
Algoritmos y Programación,8,anon_135,2526-3,1,Año que cursa=4|Participaciones de la semana=0|Participaciones de la semana anterior=0|Tamaño del grupo=mediano,4.992674,8.626801548036363,1.0003104,0.000310421,4.458468040084375,1.0003104,0.9991236,3.0009494,3.0303354,0.28383398,0.6948929,0.07880545
Algoritmos y Programación,8,anon_136,2526-3,1,Año que cursa=2|Participaciones de la semana=0|Participaciones de la semana anterior=0|Tamaño del grupo=mediano,0.68180627,2.477593007280989,1.0048063,0.00480628,4.0976948723140785,1.0048063,1.0080223,3.021931,3.0541732,0.30059803,0.67031693,0.070818484
Algoritmos y Programación,8,anon_137,2526-3,1,Año que cursa=1|Participaciones de la semana=0|Participaciones de la semana anterior=0|Tamaño del grupo=mediano,4.7468295,2.7777935803689013,1.0066757,0.00667572,4.010656885566319,1.0066757,1.0092793,3.027718,3.0525184,0.28045177,0.7626877,0.06326771
Algoritmos y Programación,8,anon_138,2526-3,1,Año que cursa=1|Participaciones de la semana=0|Participaciones de la semana anterior=0|Tamaño del grupo=mediano,1.6653359,2.7777935803689013,1.0048804,0.0048804283,4.010656885566319,1.0048804,1.0072756,3.0214522,3.0436046,0.29593563,0.67712045,0.03865111
Algoritmos y Programación,8,anon_139,2526-3,1,Año que cursa=4|Participaciones de la semana=0|Participaciones de la semana anterior=0|Tamaño del grupo=mediano,3.956863,8.626801548036363,1.0015082,0.0015082359,4.458468040084375,1.0015082,1.0003109,3.0042791,3.0337038,0.2809248,0.63406324,0.080741405
Algoritmos y Programación,8,anon_140,2526-3,1,Año que cursa=1|Participaciones de la semana=3 o más|Participaciones de la semana anterior=0|Tamaño del grupo=mediano,7.7594113,9.649644064054286,1.011292,0.011291981,0.0,1.011292,1.0133953,3.0236206,3.0563798,0.252131,0.7738743,0.09827185
Algoritmos y Programación,8,anon_141,2526-3,1,Año que cursa=1|Participaciones de la semana=2|Participaciones de la semana anterior=0|Tamaño del grupo=mediano,9.826177,9.113681457023267,1.0119905,0.011990547,0.5359626070310188,1.0119905,1.0142221,3.0284333,3.0615597,0.22147751,0.8019886,0.0895977
Algoritmos y Programación,8,anon_142,2526-3,1,Año que cursa=1|Participaciones de la semana=0|Participaciones de la semana anterior=0|Tamaño del grupo=mediano,0.64498734,2.7777935803689013,1.0032593,0.0032593012,4.010656885566319,1.0032593,1.0053144,3.015577,3.036095,0.2732954,0.60771215,0.0344159
Algoritmos y Programación,8,anon_143,2526-3,1,Año que cursa=1|Participaciones de la semana=0|Participaciones de la semana anterior=2|Tamaño del grupo=mediano,11.907173,9.645698989845236,1.0088148,0.008814812,-0.46114852575172627,1.0071068,1.0097361,3.035119,3.057518,0.21896839,0.8713093,0.1002388
Algoritmos y Programación,8,anon_144,2526-3,1,Año que cursa=1|Participaciones de la semana=0|Participaciones de la semana anterior=1|Tamaño del grupo=mediano,1.656234,5.168953904681355,1.0031989,0.003198862,4.757977827033206,1.0027238,1.004631,3.0155303,3.0333385,0.26301885,0.60418534,0.040896893
Algoritmos y Programación,8,anon_145,2526-3,1,Año que cursa=1|Participaciones de la semana=1|Participaciones de la semana anterior=0|Tamaño del grupo=mediano,19.069628,6.78845046593522,1.0142784,0.014278412,2.3252309910880467,1.0142784,1.0134144,3.0406399,3.0687408,0.15596008,0.9717808,0.05866623
Algoritmos y Programación,8,anon_146,2526-3,1,Año que cursa=1|Participaciones de la semana=0|Participaciones de la semana anterior=2|Tamaño del grupo=mediano,3.686122,9.645698989845236,1.0036273,0.0036273003,-0.46114852575172627,1.0025502,1.0043998,3.0175009,3.032714,0.25589085,0.62959814,0.066403866
Algoritmos y Programación,8,anon_147,2526-3,1,Año que cursa=1|Participaciones de la semana=3 o más|Participaciones de la semana anterior=0|Tamaño del grupo=mediano,3.6681323,9.649644064054286,1.0068498,0.006849766,0.0,1.0068498,1.0100937,3.0107858,3.0371442,0.2323761,0.5780854,0.05873251
Computación Emergente,4,anon_148,2425-3,1,Año que cursa=4|Participaciones de la semana=0|Participaciones de la semana anterior=0|Tamaño del grupo=grande,2.4058223,1.2130143414927552,1.2703924,0.27039242,3.880699539141278,1.2703924,1.2731833,3.7268467,4.3672266,1.6801504,0.4557078,1.2788478
Computación Emergente,4,anon_149,2425-3,1,Año que cursa=4|Participaciones de la semana=0|Participaciones de la semana anterior=0|Tamaño del grupo=grande,2.344567,1.2130143414927552,1.2670813,0.26708126,3.880699539141278,1.2670813,1.2741222,3.7239134,4.3781414,1.7022258,0.4495747,1.2788478
Computación Emergente,4,anon_150,2425-3,1,Año que cursa=4|Participaciones de la semana=0|Participaciones de la semana anterior=0|Tamaño del grupo=grande,2.283759,1.2130143414927552,1.2634656,0.26346564,3.880699539141278,1.2634656,1.2748709,3.720223,4.387967,1.7236677,0.44286203,1.2788478
Computación Emergente,4,anon_151,2425-3,1,Año que cursa=5 o más|Participaciones de la semana=0|Participaciones de la semana anterior=0|Tamaño del grupo=grande,1.3437208,0.8308131266195484,1.1669031,0.16690314,4.000134036437623,1.1669031,1.2466092,3.5531363,4.2023735,1.744424,0.10887742,0.9503267
Computación Emergente,4,anon_152,2425-3,1,Año que cursa=5 o más|Participaciones de la semana=0|Participaciones de la semana anterior=0|Tamaño del grupo=grande,1.2897092,0.8308131266195484,1.1619543,0.16195428,4.000134036437623,1.1619543,1.2444,3.543078,4.1976795,1.764443,0.104180455,0.9503267
Computación Emergente,4,anon_153,2425-3,1,Año que cursa=5 o más|Participaciones de la semana=0|Participaciones de la semana anterior=0|Tamaño del grupo=grande,1.2372233,0.8308131266195484,1.1570064,0.15700638,4.000134036437623,1.1570064,1.2420139,3.5326905,4.191856,1.7836746,0.099312305,0.9503267
Computación Emergente,4,anon_154,2425-3,1,Año que cursa=5 o más|Participaciones de la semana=0|Participaciones de la semana anterior=0|Tamaño del grupo=grande,1.1863153,0.8308131266195484,1.1520734,0.15207338,4.000134036437623,1.1520734,1.239459,3.52201,4.1849327,1.8072941,0.09426713,0.9503267
Computación Emergente,4,anon_155,2425-3,1,Año que cursa=4|Participaciones de la semana=0|Participaciones de la semana anterior=0|Tamaño del grupo=grande,4.044657,1.2130143414927552,1.2791624,0.2791624,3.880699539141278,1.2791624,1.2619953,3.7453132,4.4017825,1.7702355,0.21530056,1.6128426
Computación Emergente,4,anon_156,2425-3,1,Año que cursa=4|Participaciones de la semana=0|Participaciones de la semana anterior=0|Tamaño del grupo=grande,1.9335053,1.2130143414927552,1.2364862,0.2364862,3.880699539141278,1.2364862,1.2749281,3.6832058,4.4220314,1.866097,0.39202476,1.2788478
Computación Emergente,4,anon_157,2425-3,1,Año que cursa=4|Participaciones de la semana=0|Participaciones de la semana anterior=0|Tamaño del grupo=grande,1.8783476,1.2130143414927552,1.2313263,0.23132634,3.880699539141278,1.2313263,1.2741432,3.6748455,4.4233694,1.894203,0.3821231,1.2788478
Computación Emergente,4,anon_158,2425-3,1,Año que cursa=4|Participaciones de la semana=0|Participaciones de la semana anterior=0|Tamaño del grupo=grande,1.8243054,1.2130143414927552,1.2260453,0.22604525,3.880699539141278,1.2260453,1.2731242,3.665969,4.423458,1.921377,0.37191963,1.2788478
Computación Emergente,4,anon_159,2425-3,1,Año que cursa=4|Participaciones de la semana=0|Participaciones de la semana anterior=0|Tamaño del grupo=grande,1.77144,1.2130143414927552,1.2206678,0.22066784,3.880699539141278,1.2206678,1.2718716,3.6566248,4.4223113,1.9475771,0.36145627,1.2788478
Computación Emergente,4,anon_160,2425-3,1,Año que cursa=5 o más|Participaciones de la semana=0|Participaciones de la semana anterior=0|Tamaño del grupo=grande,0.91602325,0.8308131266195484,1.1234732,0.12347317,4.000134036437623,1.1234732,1.2211432,3.4538107,4.1226325,1.9727683,0.06008041,0.9503267
Computación Emergente,4,anon_161,2425-3,1,Año que cursa=5 o más|Participaciones de la semana=0|Participaciones de la semana anterior=0|Tamaño del grupo=grande,0.87700456,0.8308131266195484,1.1189723,0.1189723,4.000134036437623,1.1189723,1.2176819,3.4420958,4.1093,1.996923,0.05373764,0.9503267
Computación Emergente,4,anon_162,2425-3,1,Año que cursa=3|Participaciones de la semana=0|Participaciones de la semana anterior=0|Tamaño del grupo=grande,2.393649,2.621757688350894,1.2236533,0.22365332,4.981930283296754,1.2236533,1.2658653,3.6775784,4.3383307,2.0200205,0.99678016,1.1706539
Computación Emergente,4,anon_163,2425-3,1,Año que cursa=3|Participaciones de la semana=0|Participaciones de la semana anterior=0|Tamaño del grupo=grande,2.3525667,2.621757688350894,1.2189088,0.21890879,4.981930283296754,1.2189088,1.2645297,3.6689053,4.333351,2.0420475,0.9817474,1.1706539
Computación Emergente,4,anon_164,2425-3,1,Año que cursa=4|Participaciones de la semana=0|Participaciones de la semana anterior=1|Tamaño del grupo=grande,5.059146,5.6024586044535205,1.2655001,0.26550007,-0.15486620634553017,1.243196,1.2637267,3.7207365,4.478003,1.9301789,0.15385246,1.738925
Computación Emergente,4,anon_165,2425-3,1,Año que cursa=4|Participaciones de la semana=0|Participaciones de la semana anterior=1|Tamaño del grupo=grande,2.9457393,5.6024586044535205,1.2262506,0.22625065,-0.15486620634553017,1.1877294,1.2596903,3.6627312,4.39118,2.0664139,0.26077366,1.4822519
Computación Emergente,4,anon_166,2425-3,1,Año que cursa=4|Participaciones de la semana=0|Participaciones de la semana anterior=0|Tamaño del grupo=grande,1.4382374,1.2130143414927552,1.1823211,0.18232107,3.880699539141278,1.1823211,1.2569599,3.5823953,4.3823576,2.1016693,0.28427148,1.2788478
Computación Emergente,4,anon_167,2425-3,1,Año que cursa=3|Participaciones de la semana=0|Participaciones de la semana anterior=0|Tamaño del grupo=grande,2.195193,2.621757688350894,1.1999824,0.1999824,4.981930283296754,1.1999824,1.257546,3.6323483,4.308283,2.119408,0.9155216,1.1706539
Computación Emergente,4,anon_168,2425-3,1,Año que cursa=3|Participaciones de la semana=0|Participaciones de la semana anterior=0|Tamaño del grupo=grande,4.03874,2.621757688350894,1.2306905,0.23069048,4.981930283296754,1.2306905,1.252634,3.6896195,4.30818,1.9569407,0.8995013,1.4189775
Computación Emergente,4,anon_169,2425-3,1,Año que cursa=4|Participaciones de la semana=0|Participaciones de la semana anterior=0|Tamaño del grupo=grande,1.3167949,1.2130143414927552,1.1665561,0.16655612,3.880699539141278,1.1665561,1.247818,3.5485115,4.3507676,2.1517625,0.25098264,1.2788478
Computación Emergente,4,anon_170,2425-3,1,Año que cursa=3|Participaciones de la semana=0|Participaciones de la semana anterior=0|Tamaño del grupo=grande,2.0844498,2.621757688350894,1.1861057,0.18610573,4.981930283296754,1.1861057,1.2508049,3.6037974,4.2852235,2.166418,0.8612683,1.1706539
Computación Emergente,4,anon_171,2425-3,1,Año que cursa=4|Participaciones de la semana=0|Participaciones de la semana anterior=1|Tamaño del grupo=grande,2.6582747,5.6024586044535205,1.1955962,0.19559622,-0.15486620634553017,1.156536,1.241086,3.6067057,4.3260446,2.1794298,0.2082498,1.4822519
Computación Emergente,4,anon_172,2425-3,1,Año que cursa=4|Participaciones de la semana=0|Participaciones de la semana anterior=0|Tamaño del grupo=grande,1.2086174,1.2130143414927552,1.1516969,0.15169692,3.880699539141278,1.1516969,1.2375774,3.5149267,4.312765,2.1927967,0.21855855,1.2788478
Computación Emergente,4,anon_173,2425-3,1,Año que cursa=4|Participaciones de la semana=0|Participaciones de la semana anterior=1|Tamaño del grupo=grande,4.526742,5.6024586044535205,1.2280421,0.22804213,-0.15486620634553017,1.1962583,1.2482924,3.6692114,4.450404,2.0175967,0.13858414,1.738925
Computación Emergente,4,anon_174,2425-3,1,Año que cursa=3|Participaciones de la semana=0|Participaciones de la semana anterior=1|Tamaño del grupo=grande,3.3542385,9.828901450163265,1.2006593,0.20065928,-1.6526347364853642,1.1683788,1.2402043,3.6296582,4.250387,2.2217128,0.87782574,1.3382738
Computación Emergente,4,anon_175,2425-3,1,Año que cursa=5 o más|Participaciones de la semana=0|Participaciones de la semana anterior=0|Tamaño del grupo=grande,0.4960357,0.8308131266195484,1.06929,0.06929004,4.000134036437623,1.06929,1.1641207,3.2928367,3.8875308,2.2253823,0.058997273,0.9503267
Computación Emergente,4,anon_176,2425-3,1,Año que cursa=4|Participaciones de la semana=0|Participaciones de la semana anterior=1|Tamaño del grupo=grande,4.365301,5.6024586044535205,1.213809,0.21380901,-0.15486620634553017,1.1807823,1.2400813,3.6444206,4.4215655,2.026373,0.13272381,1.738925
Computación Emergente,4,anon_177,2425-3,1,Año que cursa=5 o más|Participaciones de la semana=0|Participaciones de la semana anterior=0|Tamaño del grupo=grande,0.46245837,0.8308131266195484,1.064402,0.064401984,4.000134036437623,1.064402,1.1566739,3.276059,3.856722,2.2427008,0.075264335,0.9503267
Computación Emergente,4,anon_178,2425-3,1,Año que cursa=3|Participaciones de la semana=0|Participaciones de la semana anterior=0|Tamaño del grupo=grande,1.819454,2.621757688350894,1.1517794,0.15177941,4.981930283296754,1.1517794,1.2281442,3.5275395,4.2118797,2.2500925,0.7105732,1.1706539
Computación Emergente,4,anon_179,2425-3,1,Año que cursa=4|Participaciones de la semana=0|Participaciones de la semana anterior=0|Tamaño del grupo=grande,1.0064783,1.2130143414927552,1.1214223,0.12142229,3.880699539141278,1.1214223,1.2117352,3.4413786,4.2078714,2.256659,0.14776903,1.2788478
Computación Emergente,4,anon_180,2425-3,1,Año que cursa=4|Participaciones de la semana=0|Participaciones de la semana anterior=0|Tamaño del grupo=grande,0.98306096,1.2130143414927552,1.117639,0.117638946,3.880699539141278,1.117639,1.2080059,3.431651,4.1917896,2.2624104,0.13821965,1.2788478
Computación Emergente,4,anon_181,2425-3,1,Año que cursa=4|Participaciones de la semana=0|Participaciones de la semana anterior=0|Tamaño del grupo=grande,0.9609278,1.2130143414927552,1.1139934,0.11399341,3.880699539141278,1.1139934,1.2042971,3.42215,4.1755705,2.2673564,0.12879705,1.2788478
Computación Emergente,4,anon_182,2425-3,1,Año que cursa=4|Participaciones de la semana=0|Participaciones de la semana anterior=0|Tamaño del grupo=grande,0.9400469,1.2130143414927552,1.1104852,0.110485196,3.880699539141278,1.1104852,1.2006154,3.4128823,4.1592565,2.2715042,0.11949456,1.2788478
Computación Emergente,4,anon_183,2425-3,1,Año que cursa=4|Participaciones de la semana=0|Participaciones de la semana anterior=1|Tamaño del grupo=grande,4.0332336,5.6024586044535205,1.1809492,0.18094921,-0.15486620634553017,1.1478465,1.2182093,3.5802693,4.329026,2.104841,0.12038255,1.738925
Computación Emergente,4,anon_184,2425-3,1,Año que cursa=5 o más|Participaciones de la semana=0|Participaciones de la semana anterior=0|Tamaño del grupo=grande,0.37375855,0.8308131266195484,1.0507734,0.050773382,4.000134036437623,1.0507734,1.1333871,3.2280436,3.7599938,2.2774217,0.12659645,0.9503267
Computación Emergente,4,anon_185,2425-3,1,Año que cursa=5 o más|Participaciones de la semana=0|Participaciones de la semana anterior=0|Tamaño del grupo=grande,0.36421013,0.8308131266195484,1.0491897,0.049189687,4.000134036437623,1.0491897,1.130477,3.2224314,3.7476597,2.2791963,0.1330533,0.9503267
Computación Emergente,4,anon_185,2425-3,2,Año que cursa=5 o más|Participaciones de la semana=0|Participaciones de la semana anterior=0|Tamaño del grupo=grande,0.1027807,0.8308131266195484,1.0373702,0.037370205,4.000134036437623,1.0373702,1.0945363,3.1570587,3.5335321,2.3916593,0.22844803,0.3398595
Computación Emergente,4,anon_186,2425-3,2,Año que cursa=5 o más|Participaciones de la semana=0|Participaciones de la semana anterior=0|Tamaño del grupo=grande,0.51645505,0.8308131266195484,1.1056758,0.10567582,4.000134036437623,1.1056758,1.2150345,3.4159698,3.926601,2.5009155,0.056227803,0.3398595
Computación Emergente,4,anon_187,2425-3,2,Año que cursa=3|Participaciones de la semana=0|Participaciones de la semana anterior=1|Tamaño del grupo=grande,5.026678,9.828901450163265,1.252974,0.25297403,-1.6526347364853642,1.2463284,1.2458849,3.659687,4.3247657,2.6223152,0.24102116,0.94148684
Computación Emergente,4,anon_188,2425-3,2,Año que cursa=5 o más|Participaciones de la semana=0|Participaciones de la semana anterior=0|Tamaño del grupo=grande,0.44833362,0.8308131266195484,1.0975564,0.09755635,4.000134036437623,1.0975564,1.2068424,3.3919353,3.9016838,2.5362067,0.04310584,0.3398595
Computación Emergente,4,anon_189,2425-3,2,Año que cursa=4|Participaciones de la semana=0|Participaciones de la semana anterior=0|Tamaño del grupo=grande,0.9851133,1.2130143414927552,1.1797225,0.17972255,3.880699539141278,1.1797225,1.2680345,3.559735,4.226959,2.5517852,0.07413566,0.39319634
Computación Emergente,4,anon_190,2425-3,2,Año que cursa=5 o más|Participaciones de la semana=0|Participaciones de la semana anterior=0|Tamaño del grupo=grande,0.38661075,0.8308131266195484,1.089931,0.08993101,4.000134036437623,1.089931,1.1982765,3.3682377,3.874931,2.565963,0.030088425,0.3398595
Computación Emergente,4,anon_191,2425-3,2,Año que cursa=5 o más|Participaciones de la semana=0|Participaciones de la semana anterior=0|Tamaño del grupo=grande,0.35816514,0.8308131266195484,1.0863212,0.086321235,4.000134036437623,1.0863212,1.1938963,3.3566217,3.861032,2.5787277,0.023520947,0.3398595
Computación Emergente,4,anon_192,2425-3,2,Año que cursa=5 o más|Participaciones de la semana=0|Participaciones de la semana anterior=0|Tamaño del grupo=grande,3.3330424,0.8308131266195484,1.1643741,0.16437411,4.000134036437623,1.1643741,1.2643628,3.5923636,4.2521477,2.5447872,0.51562405,0.7165737
Computación Emergente,4,anon_193,2425-3,2,Año que cursa=4|Participaciones de la semana=0|Participaciones de la semana anterior=0|Tamaño del grupo=grande,0.87516934,1.2130143414927552,1.1636147,0.16361475,3.880699539141278,1.1636147,1.2576032,3.5238853,4.1891017,2.5999937,0.10145831,0.39319634
Computación Emergente,4,anon_194,2425-3,2,Año que cursa=5 o más|Participaciones de la semana=0|Participaciones de la semana anterior=0|Tamaño del grupo=grande,0.28242838,0.8308131266195484,1.076357,0.07635701,4.000134036437623,1.076357,1.1805806,3.3231301,3.818059,2.6084914,0.014311552,0.3398595
Computación Emergente,4,anon_195,2425-3,2,Año que cursa=5 o más|Participaciones de la semana=0|Participaciones de la semana anterior=0|Tamaño del grupo=grande,0.26033568,0.8308131266195484,1.0733291,0.07332909,4.000134036437623,1.0733291,1.1761413,3.3125117,3.80353,2.6155705,0.016885638,0.3398595
Computación Emergente,4,anon_196,2425-3,2,Año que cursa=5 o más|Participaciones de la semana=0|Participaciones de la semana anterior=0|Tamaño del grupo=grande,0.2397852,0.8308131266195484,1.0704473,0.070447326,4.000134036437623,1.0704473,1.1717281,3.3022008,3.7890034,2.6212363,0.022684693,0.3398595
Computación Emergente,4,anon_197,2425-3,2,Año que cursa=5 o más|Participaciones de la semana=0|Participaciones de la semana anterior=0|Tamaño del grupo=grande,0.2207489,0.8308131266195484,1.0677111,0.067711115,4.000134036437623,1.0677111,1.167357,3.2922142,3.7745385,2.6255,0.028591871,0.3398595
Computación Emergente,4,anon_198,2425-3,2,Año que cursa=5 o más|Participaciones de la semana=0|Participaciones de la semana anterior=0|Tamaño del grupo=grande,0.20319688,0.8308131266195484,1.065118,0.065117955,4.000134036437623,1.065118,1.1630392,3.2825637,3.7601905,2.6283727,0.034624696,0.3398595
Computación Emergente,4,anon_199,2425-3,2,Año que cursa=4|Participaciones de la semana=0|Participaciones de la semana anterior=0|Tamaño del grupo=grande,2.211607,1.2130143414927552,1.1798048,0.1798048,3.880699539141278,1.1798048,1.26017,3.5668063,4.3030553,2.723092,0.31080222,0.5872874
Computación Emergente,4,anon_200,2425-3,2,Año que cursa=4|Participaciones de la semana=0|Participaciones de la semana anterior=1|Tamaño del grupo=grande,3.561393,5.6024586044535205,1.2099073,0.2099073,-0.15486620634553017,1.1754248,1.2575607,3.6280487,4.290271,2.8196292,0.4500699,0.75882745
Computación Emergente,4,anon_201,2425-3,2,Año que cursa=4|Participaciones de la semana=0|Participaciones de la semana anterior=0|Tamaño del grupo=grande,0.714697,1.2130143414927552,1.1320491,0.13204908,3.880699539141278,1.1320491,1.2317252,3.4467149,4.086087,2.6288066,0.14244843,0.39319634
Computación Emergente,4,anon_202,2425-3,2,Año que cursa=4|Participaciones de la semana=0|Participaciones de la semana anterior=0|Tamaño del grupo=grande,0.7002045,1.2130143414927552,1.128378,0.12837803,3.880699539141278,1.128378,1.2281098,3.437076,4.0713696,2.626288,0.1463148,0.39319634
Computación Emergente,4,anon_203,2425-3,2,Año que cursa=5 o más|Participaciones de la semana=0|Participaciones de la semana anterior=0|Tamaño del grupo=grande,0.13641858,0.8308131266195484,1.0542046,0.054204583,4.000134036437623,1.0542046,1.1426446,3.23957,3.6918478,2.622475,0.0694505,0.3398595
Computación Emergente,4,anon_204,2425-3,2,Año que cursa=4|Participaciones de la semana=0|Participaciones de la semana anterior=1|Tamaño del grupo=grande,3.6276684,5.6024586044535205,1.197588,0.19758797,-0.15486620634553017,1.1637187,1.2510386,3.6092625,4.258974,2.7447634,0.49544,0.796906
Computación Emergente,4,anon_205,2425-3,2,Año que cursa=4|Participaciones de la semana=0|Participaciones de la semana anterior=0|Tamaño del grupo=grande,0.66370654,1.2130143414927552,1.1179577,0.11795771,3.880699539141278,1.1179577,1.216919,3.4088905,4.02592,2.6110764,0.15627033,0.39319634
Computación Emergente,4,anon_206,2425-3,2,Año que cursa=5 o más|Participaciones de la semana=0|Participaciones de la semana anterior=0|Tamaño del grupo=grande,1.3701192,0.8308131266195484,1.0726398,0.07263982,4.000134036437623,1.0726398,1.1659298,3.3037825,3.848333,2.7120476,0.24000406,0.4994563
Computación Emergente,4,anon_207,2425-3,2,Año que cursa=5 o más|Participaciones de la semana=0|Participaciones de la semana anterior=0|Tamaño del grupo=grande,0.10555172,0.8308131266195484,1.0477482,0.047748208,4.000134036437623,1.0477482,1.128192,3.211585,3.6433783,2.5948465,0.1071862,0.3398595
Computación Emergente,4,anon_208,2425-3,2,Año que cursa=5 o más|Participaciones de la semana=0|Participaciones de la semana anterior=0|Tamaño del grupo=grande,1.3495579,0.8308131266195484,1.0684638,0.0684638,4.000134036437623,1.0684638,1.1577187,3.287158,3.820868,2.6964521,0.2554481,0.4994563
Computación Emergente,4,anon_209,2425-3,2,Año que cursa=4|Participaciones de la semana=0|Participaciones de la semana anterior=0|Tamaño del grupo=grande,0.6301869,1.2130143414927552,1.1056371,0.10563707,3.880699539141278,1.1056371,1.201541,3.3739595,3.9641848,2.5740557,0.1658771,0.39319634
Computación Emergente,4,anon_210,2425-3,2,Año que cursa=4|Participaciones de la semana=0|Participaciones de la semana anterior=0|Tamaño del grupo=grande,0.62428916,1.2130143414927552,1.1028537,0.102853656,3.880699539141278,1.1028537,1.1976838,3.3658266,3.9488606,2.562041,0.16767669,0.39319634
Computación Emergente,4,anon_211,2425-3,2,Año que cursa=4|Participaciones de la semana=0|Participaciones de la semana anterior=0|Tamaño del grupo=grande,0.6193154,1.2130143414927552,1.100189,0.10018897,3.880699539141278,1.100189,1.1938438,3.3579588,3.9336603,2.5489979,0.16925979,0.39319634
Computación Emergente,4,anon_212,2425-3,2,Año que cursa=5 o más|Participaciones de la semana=0|Participaciones de la semana anterior=0|Tamaño del grupo=grande,0.089841485,0.8308131266195484,1.042152,0.042152047,4.000134036437623,1.042152,1.1128287,3.1844492,3.5926514,2.5349655,0.15587163,0.3398595
Computación Emergente,4,anon_213,2425-3,2,Año que cursa=5 o más|Participaciones de la semana=0|Participaciones de la semana anterior=0|Tamaño del grupo=grande,1.467112,0.8308131266195484,1.0642906,0.06429064,4.000134036437623,1.0642906,1.145637,3.269877,3.793159,2.580144,0.36406302,0.52885234
Computación Emergente,4,anon_214,2425-3,2,Año que cursa=5 o más|Participaciones de la semana=0|Participaciones de la semana anterior=0|Tamaño del grupo=grande,0.089318275,0.8308131266195484,1.0405624,0.04056239,4.000134036437623,1.0405624,1.1075468,3.1759067,3.5755162,2.5040855,0.17499554,0.3398595
Computación Emergente,4,anon_215,2425-3,2,Año que cursa=5 o más|Participaciones de la semana=0|Participaciones de la semana anterior=0|Tamaño del grupo=grande,0.09009564,0.8308131266195484,1.0398823,0.039882302,4.000134036437623,1.0398823,1.1050887,3.1720943,3.5675883,2.4873152,0.18436646,0.3398595
Computación Emergente,4,anon_216,2425-3,2,Año que cursa=4|Participaciones de la semana=0|Participaciones de la semana anterior=0|Tamaño del grupo=grande,1.9510483,1.2130143414927552,1.1153499,0.11534989,3.880699539141278,1.1153499,1.2041631,3.4063773,4.029148,2.5867429,0.2747724,0.5872874
Computación Emergente,4,anon_217,2425-3,2,Año que cursa=5 o más|Participaciones de la semana=0|Participaciones de la semana anterior=0|Tamaño del grupo=grande,0.093517065,0.8308131266195484,1.0387194,0.038719416,4.000134036437623,1.0387194,1.1005287,3.1653204,3.5529187,2.451303,0.20260608,0.3398595
Computación Emergente,4,anon_218,2425-3,2,Año que cursa=5 o más|Participaciones de la semana=0|Participaciones de la semana anterior=0|Tamaño del grupo=grande,1.3113806,0.8308131266195484,1.0542135,0.054213524,4.000134036437623,1.0542135,1.1240306,3.2253692,3.703881,2.5491655,0.3348701,0.4994563
Computación Emergente,4,anon_219,2425-3,2,Año que cursa=5 o más|Participaciones de la semana=0|Participaciones de la semana anterior=0|Tamaño del grupo=grande,0.099184155,0.8308131266195484,1.0377755,0.037775517,4.000134036437623,1.0377755,1.096425,3.1595812,3.539679,2.4122415,0.22005403,0.3398595
Computación Emergente,4,anon_174,2526-1,1,Año que cursa=3|Participaciones de la semana=0|Participaciones de la semana anterior=0|Tamaño del grupo=pequeño,2.7108293,3.6375044359717554,1.2934957,0.29349566,4.509899048152687,1.2934957,1.3032126,3.8294625,4.633871,4.281713,0.8465439,1.946088
Computación Emergente,4,anon_205,2526-1,1,Año que cursa=4|Participaciones de la semana=0|Participaciones de la semana anterior=0|Tamaño del grupo=pequeño,0.8151586,0.5365097457199435,1.1672161,0.16721606,0.6856790863723685,1.1672161,1.3191833,3.5937302,4.5006456,4.26896,0.15529174,1.5801138
Computación Emergente,4,anon_212,2526-1,1,Año que cursa=5 o más|Participaciones de la semana=0|Participaciones de la semana anterior=1|Tamaño del grupo=pequeño,0.96405935,2.6763684369887115,1.0297481,0.029748082,1.2282905203214214,1.016782,1.0853889,3.1577063,3.4762,4.2643647,0.17040706,0.94907284
Computación Emergente,4,anon_220,2526-1,1,Año que cursa=5 o más|Participaciones de la semana=0|Participaciones de la semana anterior=0|Tamaño del grupo=pequeño,2.5219407,1.4453365605907258,1.2001488,0.20014882,1.4454581151845078,1.2001488,1.3252635,3.6801095,4.4219227,4.06956,0.109061,1.1060549
Computación Emergente,4,anon_221,2526-1,1,Año que cursa=3|Participaciones de la semana=1|Participaciones de la semana anterior=2|Tamaño del grupo=pequeño,11.386503,16.755077786552146,1.1566753,0.15667534,1.2499512669830075,1.2079926,1.1438694,3.482561,3.8703766,3.4374027,0.82112885,1.4008522
Computación Emergente,4,anon_222,2526-1,1,Año que cursa=5 o más|Participaciones de la semana=0|Participaciones de la semana anterior=1|Tamaño del grupo=pequeño,1.9059753,2.6763684369887115,1.1602035,0.16020346,1.2282905203214214,1.1135428,1.2613931,3.578864,4.0614657,4.3397803,0.08664262,0.94907284
Computación Emergente,4,anon_223,2526-1,1,Año que cursa=5 o más|Participaciones de la semana=0|Participaciones de la semana anterior=0|Tamaño del grupo=pequeño,2.0210342,1.4453365605907258,1.1578157,0.1578157,1.4454581151845078,1.1578157,1.3017397,3.584599,4.30937,4.2832766,0.07886076,1.0432923
Computación Emergente,4,anon_224,2526-1,1,Año que cursa=3|Participaciones de la semana=0|Participaciones de la semana anterior=3 o más|Tamaño del grupo=pequeño,11.540413,7.668606369676288,1.1984787,0.1984787,10.336422683858865,1.2705941,1.1984787,3.4463444,3.9604945,3.3557034,0.8988228,1.293932
Computación Emergente,4,anon_225,2526-1,1,Año que cursa=4|Participaciones de la semana=0|Participaciones de la semana anterior=0|Tamaño del grupo=pequeño,3.911604,0.5365097457199435,1.3482366,0.34823656,0.6856790863723685,1.3482366,1.3210754,3.9020944,4.768585,4.2496653,0.5862565,2.0559149
Computación Emergente,4,anon_226,2526-1,1,Año que cursa=5 o más|Participaciones de la semana=1|Participaciones de la semana anterior=1|Tamaño del grupo=pequeño,2.7297692,3.904658957310133,1.1740901,0.17409015,2.265948374974066,1.129978,1.2599335,3.4826207,4.0733986,4.5498915,0.05850339,1.0801475
Computación Emergente,4,anon_227,2526-1,1,Año que cursa=5 o más|Participaciones de la semana=1|Participaciones de la semana anterior=2|Tamaño del grupo=pequeño,4.0238085,3.916339103572886,1.2135668,0.21356678,2.2542682287113127,1.1214365,1.2532086,3.5894012,4.037743,4.558259,0.13025475,1.3268635
Computación Emergente,4,anon_228,2526-1,1,Año que cursa=3|Participaciones de la semana=1|Participaciones de la semana anterior=2|Tamaño del grupo=pequeño,12.813278,16.755077786552146,1.1489792,0.14897919,1.2499512669830075,1.2011204,1.1358395,3.4577637,3.7897167,3.2606583,0.90631294,1.1173477
Computación Emergente,4,anon_229,2526-1,1,Año que cursa=5 o más|Participaciones de la semana=0|Participaciones de la semana anterior=0|Tamaño del grupo=pequeño,0.24583197,1.4453365605907258,1.0624638,0.06246376,1.4454581151845078,1.0624638,1.1937251,3.3059568,3.835607,4.32416,0.03687477,0.75557125
Computación Emergente,4,anon_230,2526-1,1,Año que cursa=5 o más|Participaciones de la semana=0|Participaciones de la semana anterior=0|Tamaño del grupo=pequeño,1.747555,1.4453365605907258,1.1007698,0.10076976,1.4454581151845078,1.1007698,1.2499166,3.4404104,4.1364546,4.2807856,0.14405882,1.1060549
Computación Emergente,4,anon_231,2526-1,1,Año que cursa=3|Participaciones de la semana=1|Participaciones de la semana anterior=1|Tamaño del grupo=pequeño,7.9180284,14.414586006338116,1.2493072,0.24930716,2.153400350063965,1.2788472,1.1955357,3.732717,4.356828,4.6369853,1.4273605,1.9178429
Computación Emergente,4,anon_232,2526-1,1,Año que cursa=3|Participaciones de la semana=1|Participaciones de la semana anterior=1|Tamaño del grupo=pequeño,9.835775,14.414586006338116,1.2168941,0.21689415,2.153400350063965,1.2513828,1.1676617,3.6446304,4.1073723,4.433243,1.4211617,1.6316576
Computación Emergente,4,anon_233,2526-1,1,Año que cursa=4|Participaciones de la semana=0|Participaciones de la semana anterior=0|Tamaño del grupo=pequeño,1.0056438,0.5365097457199435,1.2009978,0.20099783,0.6856790863723685,1.2009978,1.3375072,3.6679788,4.596965,4.3028154,0.23024058,1.5801138
Computación Emergente,4,anon_234,2526-1,1,Año que cursa=5 o más|Participaciones de la semana=0|Participaciones de la semana anterior=3 o más|Tamaño del grupo=pequeño,7.101609,3.916339103572886,1.2600765,0.26007652,2.2542682287113127,1.116631,1.2600765,3.7983027,4.2783747,4.02934,0.4996791,1.9627686
Computación Emergente,4,anon_235,2526-1,1,Año que cursa=3|Participaciones de la semana=1|Participaciones de la semana anterior=2|Tamaño del grupo=pequeño,7.0320067,16.755077786552146,1.2767415,0.2767415,1.2499512669830075,1.2895617,1.2549562,3.7981906,4.6647334,4.654003,1.2360797,1.9043403
Computación Emergente,4,anon_236,2526-1,1,Año que cursa=4|Participaciones de la semana=0|Participaciones de la semana anterior=0|Tamaño del grupo=pequeño,0.7098402,0.5365097457199435,1.1466914,0.14669144,0.6856790863723685,1.1466914,1.3035555,3.5434442,4.4271564,4.2394185,0.11272466,1.5801138
Computación Emergente,4,anon_237,2526-1,1,Año que cursa=3|Participaciones de la semana=1|Participaciones de la semana anterior=3 o más|Tamaño del grupo=pequeño,10.089457,18.005029053535154,1.2326012,0.23260117,-11.834421721250955,1.2934303,1.2326012,3.68919,4.5607333,4.495131,1.2808247,1.5027008
Computación Emergente,4,anon_238,2526-1,1,Año que cursa=5 o más|Participaciones de la semana=0|Participaciones de la semana anterior=0|Tamaño del grupo=pequeño,-0.061130285,1.4453365605907258,1.0251353,0.025135279,1.4454581151845078,1.0251353,1.109782,3.1473405,3.559801,4.204859,0.08685422,0.75557125
Computación Emergente,4,anon_239,2526-1,1,Año que cursa=4|Participaciones de la semana=0|Participaciones de la semana anterior=1|Tamaño del grupo=pequeño,1.9117999,1.2196168890048937,1.1730757,0.17307568,4.950990443279305,1.1199476,1.2766786,3.6078,4.3111773,4.353129,0.12147808,1.9032118
Computación Emergente,4,anon_240,2526-1,1,Año que cursa=5 o más|Participaciones de la semana=0|Participaciones de la semana anterior=0|Tamaño del grupo=pequeño,-0.0887295,1.4453365605907258,1.0213511,0.021351099,1.4454581151845078,1.0213511,1.0991526,3.1284504,3.5234447,4.1656556,0.100907445,0.75557125
Computación Emergente,4,anon_241,2526-1,1,Año que cursa=4|Participaciones de la semana=0|Participaciones de la semana anterior=0|Tamaño del grupo=pequeño,0.51109934,0.5365097457199435,1.1049675,0.104967475,0.6856790863723685,1.1049675,1.2575841,3.426629,4.234279,4.1444283,0.039294958,1.5801138
Computación Emergente,4,anon_242,2526-1,1,Año que cursa=4|Participaciones de la semana=0|Participaciones de la semana anterior=1|Tamaño del grupo=pequeño,1.7695007,1.2196168890048937,1.1443565,0.14435649,4.950990443279305,1.098294,1.2479758,3.53477,4.1968346,4.2882977,0.061644673,1.9032118
Computación Emergente,4,anon_243,2526-1,1,Año que cursa=4|Participaciones de la semana=0|Participaciones de la semana anterior=0|Tamaño del grupo=pequeño,0.42717433,0.5365097457199435,1.0864356,0.08643556,0.6856790863723685,1.0864356,1.2290883,3.367494,4.124956,4.074788,0.058764577,1.5801138
Computación Emergente,4,anon_244,2526-1,1,Año que cursa=5 o más|Participaciones de la semana=0|Participaciones de la semana anterior=0|Tamaño del grupo=pequeño,-0.13260388,1.4453365605907258,1.0143867,0.014386654,1.4454581151845078,1.0143867,1.0774996,3.0920842,3.4494147,4.04972,0.13031709,0.75557125
Computación Emergente,4,anon_174,2526-2,1,Año que cursa=4|Participaciones de la semana=0|Participaciones de la semana anterior=0|Tamaño del grupo=grande,0.43836606,1.2130143414927552,1.1286826,0.12868261,3.880699539141278,1.1286826,1.3049698,3.5529184,4.278834,3.3526654,0.14084291,0.77395165
Computación Emergente,4,anon_222,2526-2,1,Año que cursa=5 o más|Participaciones de la semana=0|Participaciones de la semana anterior=0|Tamaño del grupo=grande,0.26065516,0.8308131266195484,1.1130843,0.113084316,4.000134036437623,1.1130843,1.2871733,3.4928172,4.261385,3.121969,0.20530689,0.40350246
Computación Emergente,4,anon_244,2526-2,1,Año que cursa=5 o más|Participaciones de la semana=0|Participaciones de la semana anterior=0|Tamaño del grupo=grande,-0.17722797,0.8308131266195484,1.0250971,0.025097132,4.000134036437623,1.0250971,1.1193376,3.1850572,3.6386461,3.3457422,0.058202267,0.40350246
Computación Emergente,4,anon_245,2526-2,1,Año que cursa=4|Participaciones de la semana=0|Participaciones de la semana anterior=0|Tamaño del grupo=grande,3.093966,1.2130143414927552,1.3538241,0.35382414,3.880699539141278,1.3538241,1.3699541,4.033494,4.963304,2.8412292,0.5891321,1.2264504
Computación Emergente,4,anon_246,2526-2,1,Año que cursa=5 o más|Participaciones de la semana=0|Participaciones de la semana anterior=0|Tamaño del grupo=grande,0.29549026,0.8308131266195484,1.1189694,0.11896944,4.000134036437623,1.1189694,1.2927556,3.5083568,4.287072,3.1001725,0.21669841,0.40350246
Computación Emergente,4,anon_247,2526-2,1,Año que cursa=5 o más|Participaciones de la semana=2|Participaciones de la semana anterior=1|Tamaño del grupo=grande,3.9066353,14.576660269406919,1.2412844,0.24128437,-3.621816263984277,1.1996074,1.278439,3.6273797,4.5594234,3.081334,0.15113115,0.85120964
Computación Emergente,4,anon_248,2526-2,1,Año que cursa=5 o más|Participaciones de la semana=0|Participaciones de la semana anterior=0|Tamaño del grupo=grande,0.19603562,0.8308131266195484,1.1018975,0.10189748,4.000134036437623,1.1018975,1.2752733,3.4621313,4.2091904,3.1621811,0.18300378,0.40350246
Computación Emergente,4,anon_249,2526-2,1,Año que cursa=5 o más|Participaciones de la semana=0|Participaciones de la semana anterior=0|Tamaño del grupo=grande,0.16620493,0.8308131266195484,1.0966072,0.09660721,4.000134036437623,1.0966072,1.2690268,3.4470682,4.18288,3.1806297,0.17208624,0.40350246
Computación Emergente,4,anon_250,2526-2,1,Año que cursa=4|Participaciones de la semana=2|Participaciones de la semana anterior=2|Tamaño del grupo=grande,8.854492,9.753237940618604,1.2514935,0.25149345,8.25179111291655,1.3157048,1.2097416,4.0114408,4.9767146,2.57196,0.40670013,2.1652036
Computación Emergente,4,anon_251,2526-2,1,Año que cursa=4|Participaciones de la semana=0|Participaciones de la semana anterior=1|Tamaño del grupo=grande,4.300371,5.6024586044535205,1.3700242,0.3700242,-0.15486620634553017,1.3093157,1.389297,4.0568953,4.9486513,2.9082432,0.54026794,1.6084356
Computación Emergente,4,anon_252,2526-2,1,Año que cursa=4|Participaciones de la semana=2|Participaciones de la semana anterior=2|Tamaño del grupo=grande,10.729134,9.753237940618604,1.2084408,0.20844078,8.25179111291655,1.3058815,1.1723175,3.9034061,4.804775,2.2005978,0.32151604,2.2225237
Computación Emergente,4,anon_253,2526-2,1,Año que cursa=5 o más|Participaciones de la semana=0|Participaciones de la semana anterior=0|Tamaño del grupo=grande,0.062663555,0.8308131266195484,1.077549,0.07754898,4.000134036437623,1.077549,1.2428589,3.389502,4.0783134,3.2438633,0.12982893,0.40350246
Computación Emergente,4,anon_254,2526-2,1,Año que cursa=4|Participaciones de la semana=0|Participaciones de la semana anterior=0|Tamaño del grupo=grande,0.78660464,1.2130143414927552,1.2038019,0.20380187,3.880699539141278,1.2038019,1.3836241,3.7607815,4.6299133,3.257154,0.390014,0.77395165
Computación Emergente,4,anon_255,2526-2,1,Año que cursa=4|Participaciones de la semana=0|Participaciones de la semana anterior=0|Tamaño del grupo=grande,0.75136304,1.2130143414927552,1.1970289,0.19702888,3.880699539141278,1.1970289,1.3795753,3.744631,4.6048985,3.2694912,0.36806118,0.77395165
Computación Emergente,4,anon_256,2526-2,1,Año que cursa=5 o más|Participaciones de la semana=0|Participaciones de la semana anterior=0|Tamaño del grupo=grande,0.00040853024,0.8308131266195484,1.065495,0.065495014,4.000134036437623,1.065495,1.2228723,3.349944,4.0027604,3.2809033,0.09947288,0.40350246
Computación Emergente,4,anon_257,2526-2,1,Año que cursa=4|Participaciones de la semana=0|Participaciones de la semana anterior=1|Tamaño del grupo=grande,3.905698,5.6024586044535205,1.3287189,0.3287189,-0.15486620634553017,1.2625728,1.3898215,4.0220556,4.8572407,3.0826607,0.50111437,1.6084356
Computación Emergente,4,anon_258,2526-2,1,Año que cursa=4|Participaciones de la semana=0|Participaciones de la semana anterior=0|Tamaño del grupo=grande,0.6543627,1.2130143414927552,1.1775328,0.17753279,3.880699539141278,1.1775328,1.3649092,3.695363,4.5260086,3.301068,0.3038715,0.77395165
Computación Emergente,4,anon_259,2526-2,1,Participaciones de la semana=0|Participaciones de la semana anterior=0|Tamaño del grupo=grande,0.62490535,1.291335143821128,1.1713536,0.17135358,4.110977066035449,1.1713536,1.3592615,3.6788743,4.498805,3.309876,0.28330034,0.77395165
Computación Emergente,4,anon_260,2526-2,1,Año que cursa=5 o más|Participaciones de la semana=2|Participaciones de la semana anterior=0|Tamaño del grupo=grande,5.467153,13.317248764867022,1.2673273,0.2673273,4.718519046385664,1.2673273,1.2881527,3.6751776,4.8413014,2.832934,0.28209972,1.5545483
Computación Emergente,4,anon_261,2526-2,1,Año que cursa=5 o más|Participaciones de la semana=0|Participaciones de la semana anterior=0|Tamaño del grupo=grande,-0.07801783,0.8308131266195484,1.049537,0.049536943,4.000134036437623,1.049537,1.1909113,3.2925262,3.8870974,3.3250709,0.056269646,0.40350246
Computación Emergente,4,anon_262,2526-2,1,Año que cursa=5 o más|Participaciones de la semana=0|Participaciones de la semana anterior=0|Tamaño del grupo=grande,1.2502141,0.8308131266195484,1.0867743,0.08677435,4.000134036437623,1.0867743,1.2422686,3.429504,4.1731024,3.247294,0.040488005,0.68736064
Computación Emergente,4,anon_263,2526-2,1,Año que cursa=5 o más|Participaciones de la semana=0|Participaciones de la semana anterior=0|Tamaño del grupo=grande,-0.10174978,0.8308131266195484,1.0444858,0.044485807,4.000134036437623,1.0444858,1.1790321,3.2727766,3.8453174,3.337185,0.040853143,0.40350246
Computación Emergente,4,anon_264,2526-2,1,Año que cursa=5 o más|Participaciones de la semana=0|Participaciones de la semana anterior=0|Tamaño del grupo=grande,-0.11217725,0.8308131266195484,1.0422179,0.04221785,4.000134036437623,1.0422179,1.1733398,3.2635956,3.8254685,3.3421302,0.033548117,0.40350246
Computación Emergente,4,anon_265,2526-2,1,Año que cursa=5 o más|Participaciones de la semana=0|Participaciones de la semana anterior=1|Tamaño del grupo=grande,1.0359589,5.0455738174294655,1.0681919,0.068191886,3.6840781065636587,1.0401098,1.1678228,3.3613915,3.8063204,3.3790665,0.025836468,0.5862663
Computación Emergente,4,anon_266,2526-2,1,Año que cursa=4|Participaciones de la semana=0|Participaciones de la semana anterior=0|Tamaño del grupo=grande,2.2164962,1.2130143414927552,1.2046516,0.2046516,3.880699539141278,1.2046516,1.3625216,3.7843816,4.6690607,3.1861224,0.29630995,1.3505893
Computación Emergente,4,anon_267,2526-2,1,Año que cursa=4|Participaciones de la semana=0|Participaciones de la semana anterior=0|Tamaño del grupo=grande,0.42082393,1.2130143414927552,1.1242218,0.1242218,3.880699539141278,1.1242218,1.2975559,3.5384526,4.252194,3.3547645,0.12605512,0.77395165
Computación Emergente,4,anon_268,2526-2,1,Año que cursa=5 o más|Participaciones de la semana=0|Participaciones de la semana anterior=0|Tamaño del grupo=grande,1.1359786,0.8308131266195484,1.0636896,0.06368959,4.000134036437623,1.0636896,1.1986055,3.3458781,3.9984102,3.30868,0.09262538,0.68736064
Computación Emergente,4,anon_269,2526-2,1,Año que cursa=4|Participaciones de la semana=0|Participaciones de la semana anterior=0|Tamaño del grupo=grande,0.38928545,1.2130143414927552,1.1158656,0.11586559,3.880699539141278,1.1158656,1.2826657,3.5106306,4.2001085,3.3568482,0.098374724,0.77395165
Computación Emergente,4,anon_270,2526-2,1,Año que cursa=4|Participaciones de la semana=0|Participaciones de la semana anterior=0|Tamaño del grupo=grande,0.3752296,1.2130143414927552,1.111962,0.11196196,3.880699539141278,1.111962,1.2752447,3.4972985,4.174739,3.3568263,0.08542073,0.77395165
Computación Emergente,4,anon_271,2526-2,1,Año que cursa=5 o más|Participaciones de la semana=0|Participaciones de la semana anterior=0|Tamaño del grupo=grande,-0.16638494,0.8308131266195484,1.029122,0.029121995,4.000134036437623,1.029122,1.1344337,3.2055037,3.6912005,3.3560855,0.03507805,0.40350246
Computación Emergente,4,anon_272,2526-2,1,Año que cursa=4|Participaciones de la semana=0|Participaciones de la semana anterior=0|Tamaño del grupo=grande,0.35039365,1.2130143414927552,1.1046816,0.10468161,3.880699539141278,1.1046816,1.2605758,3.4718308,4.1254973,3.3546188,0.06110573,0.77395165
Computación Emergente,4,anon_273,2526-2,1,Año que cursa=5 o más|Participaciones de la semana=0|Participaciones de la semana anterior=0|Tamaño del grupo=grande,-0.1729945,0.8308131266195484,1.0269479,0.026947856,4.000134036437623,1.0269479,1.1265497,3.1946807,3.663858,3.3524137,0.04720545,0.40350246
Computación Emergente,4,anon_274,2526-2,1,Año que cursa=5 o más|Participaciones de la semana=0|Participaciones de la semana anterior=0|Tamaño del grupo=grande,-0.17539835,0.8308131266195484,1.0259855,0.02598548,4.000134036437623,1.0259855,1.1228628,3.1897278,3.650998,3.3494596,0.05284047,0.40350246
Computación Emergente,4,anon_275,2526-2,1,Año que cursa=4|Participaciones de la semana=0|Participaciones de la semana anterior=1|Tamaño del grupo=grande,3.237923,5.6024586044535205,1.1819589,0.18195891,-0.15486620634553017,1.1395721,1.2893047,3.7216241,4.3408785,3.2372618,0.2233069,1.7322571
Computación Emergente,4,anon_276,2526-2,1,Año que cursa=5 o más|Participaciones de la semana=0|Participaciones de la semana anterior=1|Tamaño del grupo=grande,3.8486533,5.0455738174294655,1.1197915,0.11979151,3.6840781065636587,1.084959,1.2017536,3.5164018,4.1086707,3.0389104,0.35352898,1.5343637
Computación Emergente,4,anon_277,2526-2,1,Año que cursa=5 o más|Participaciones de la semana=0|Participaciones de la semana anterior=0|Tamaño del grupo=grande,1.0562589,0.8308131266195484,1.0441141,0.044114113,4.000134036437623,1.0441141,1.1497684,3.2643192,3.807392,3.3249066,0.14978778,0.68736064
Computación Emergente,4,anon_278,2526-2,1,Año que cursa=4|Participaciones de la semana=0|Participaciones de la semana anterior=0|Tamaño del grupo=grande,0.29467237,1.2130143414927552,1.084163,0.08416295,3.880699539141278,1.084163,1.2130289,3.395403,3.970673,3.3229446,0.036231518,0.77395165
Computación Emergente,4,anon_279,2526-2,1,Año que cursa=5 o más|Participaciones de la semana=0|Participaciones de la semana anterior=2|Tamaño del grupo=grande,6.8701553,15.327594339390618,1.1940746,0.19407463,2.6774347141445354,1.1230025,1.2204914,3.6889648,4.282264,2.4605923,0.5183201,2.1928673
Computación Emergente,4,anon_280,2526-2,1,Año que cursa=4|Participaciones de la semana=0|Participaciones de la semana anterior=1|Tamaño del grupo=grande,1.4948176,5.6024586044535205,1.1082879,0.10828793,-0.15486620634553017,1.0795319,1.2009487,3.4812799,3.9316773,3.373713,0.052101254,1.0810498
Computación Emergente,4,anon_281,2526-2,1,Año que cursa=3|Participaciones de la semana=0|Participaciones de la semana anterior=0|Tamaño del grupo=grande,1.2679522,2.621757688350894,1.1575248,0.15752482,4.981930283296754,1.1575248,1.2279129,3.5569541,4.0820484,3.297082,0.25443876,1.0391344
Computación Emergente,4,anon_282,2526-2,1,Año que cursa=4|Participaciones de la semana=0|Participaciones de la semana anterior=0|Tamaño del grupo=grande,0.2817843,1.2130143414927552,1.0753658,0.07536578,3.880699539141278,1.0753658,1.1896396,3.3602173,3.8949926,3.2867088,0.076482415,0.77395165
Computación Emergente,4,anon_174,2526-3,1,Año que cursa=4|Participaciones de la semana=0|Participaciones de la semana anterior=0|Tamaño del grupo=grande,0.5782583,1.2130143414927552,1.1520176,0.1520176,3.880699539141278,1.1520176,1.3384047,3.6229222,4.426529,3.4045696,0.16929758,0.92583704
Computación Emergente,4,anon_283,2526-3,1,Año que cursa=5 o más|Participaciones de la semana=1|Participaciones de la semana anterior=1|Tamaño del grupo=grande,3.0399275,8.729651923993124,1.2592778,0.25927782,5.847008345413794,1.2041764,1.324079,3.7126265,4.5554132,2.9861512,0.16839385,0.833472
Computación Emergente,4,anon_284,2526-3,1,Año que cursa=4|Participaciones de la semana=3 o más|Participaciones de la semana anterior=2|Tamaño del grupo=grande,17.061684,18.005029053535154,1.0637589,0.06375885,0.0,1.0916424,1.0579987,3.4432144,3.7037334,0.7963524,0.14712143,1.3374386
Computación Emergente,4,anon_285,2526-3,1,Año que cursa=5 o más|Participaciones de la semana=3 o más|Participaciones de la semana anterior=3 o más|Tamaño del grupo=grande,18.075531,18.052913996915937,1.0557766,0.055776596,0.0,1.1131077,1.0624065,3.5945797,4.391165,0.8969803,0.1770153,1.4731636
Computación Emergente,4,anon_286,2526-3,1,Año que cursa=4|Participaciones de la semana=3 o más|Participaciones de la semana anterior=2|Tamaño del grupo=grande,15.801519,18.005029053535154,1.0722866,0.072286606,0.0,1.1083031,1.0646591,3.5099907,3.8551807,1.0633373,0.16861725,1.606741
Computación Emergente,4,anon_287,2526-3,1,Año que cursa=5 o más|Participaciones de la semana=3 o más|Participaciones de la semana anterior=3 o más|Tamaño del grupo=grande,21.388517,18.052913996915937,1.0361023,0.036102295,0.0,1.069191,1.0392399,3.3950005,3.8134995,0.48509026,0.09870529,1.1128769
Computación Emergente,4,anon_288,2526-3,1,Año que cursa=3|Participaciones de la semana=2|Participaciones de la semana anterior=2|Tamaño del grupo=grande,14.7843075,14.591228818691363,1.1196823,0.11968231,-8.420621486407164,1.1832314,1.1048317,3.5277958,3.8270817,1.1690941,0.48264503,1.3059902
Computación Emergente,4,anon_289,2526-3,1,Año que cursa=5 o más|Participaciones de la semana=0|Participaciones de la semana anterior=0|Tamaño del grupo=grande,0.25328946,0.8308131266195484,1.1043425,0.10434246,4.000134036437623,1.1043425,1.2796493,3.4671934,4.224231,3.235387,0.12726283,0.49232996
Computación Emergente,4,anon_290,2526-3,1,Año que cursa=5 o más|Participaciones de la semana=1|Participaciones de la semana anterior=0|Tamaño del grupo=grande,8.94483,4.830947163057171,1.3518505,0.3518505,8.486301601809851,1.3518505,1.2262077,3.9797,4.711897,1.841299,0.56056976,2.165544
Computación Emergente,4,anon_291,2526-3,1,Año que cursa=3|Participaciones de la semana=0|Participaciones de la semana anterior=0|Tamaño del grupo=grande,2.3945236,2.621757688350894,1.2730701,0.2730701,4.981930283296754,1.2730701,1.3245358,3.8236437,4.4897723,3.27206,0.97051597,1.1562873
Computación Emergente,4,anon_292,2526-3,1,Año que cursa=4|Participaciones de la semana=0|Participaciones de la semana anterior=2|Tamaño del grupo=grande,8.269188,8.992867046043754,1.3714962,0.3714962,9.0121620074914,1.3868599,1.3318615,3.8551826,4.9315734,2.357946,0.37086868,2.2484617
Computación Emergente,4,anon_293,2526-3,1,Año que cursa=4|Participaciones de la semana=0|Participaciones de la semana anterior=0|Tamaño del grupo=grande,0.9480492,1.2130143414927552,1.2281207,0.22812068,3.880699539141278,1.2281207,1.3919678,3.809585,4.7320304,3.303853,0.3964008,0.92583704
Computación Emergente,4,anon_294,2526-3,1,Año que cursa=4|Participaciones de la semana=0|Participaciones de la semana anterior=0|Tamaño del grupo=grande,0.90590924,1.2130143414927552,1.2204521,0.22045207,3.880699539141278,1.2204521,1.3893971,3.7934577,4.7081556,3.3180056,0.3736753,0.92583704
Computación Emergente,4,anon_295,2526-3,1,Año que cursa=3|Participaciones de la semana=0|Participaciones de la semana anterior=0|Tamaño del grupo=grande,2.231122,2.621757688350894,1.261657,0.261657,4.981930283296754,1.261657,1.317761,3.798473,4.4591584,3.3310468,0.9025552,1.1562873
Computación Emergente,4,anon_296,2526-3,1,Año que cursa=4|Participaciones de la semana=0|Participaciones de la semana anterior=0|Tamaño del grupo=grande,0.82684714,1.2130143414927552,1.2053986,0.20539856,3.880699539141278,1.2053986,1.38271,3.760087,4.656953,3.3430147,0.32880557,0.92583704
Computación Emergente,4,anon_297,2526-3,1,Año que cursa=3|Participaciones de la semana=1|Participaciones de la semana anterior=2|Tamaño del grupo=grande,14.559824,14.591228818691363,1.1789627,0.17896271,0.0,1.2577076,1.1539879,3.5389347,3.927248,1.1825008,0.61318016,1.182188
Computación Emergente,4,anon_298,2526-3,1,Año que cursa=4|Participaciones de la semana=0|Participaciones de la semana anterior=1|Tamaño del grupo=grande,10.235329,5.6024586044535205,1.3398132,0.33981323,-0.15486620634553017,1.3799915,1.2490978,3.7841053,4.4916744,1.9277029,0.38884926,2.166748
Computación Emergente,4,anon_299,2526-3,1,Año que cursa=4|Participaciones de la semana=0|Participaciones de la semana anterior=0|Tamaño del grupo=grande,0.7211968,1.2130143414927552,1.1838971,0.18389714,3.880699539141278,1.1838971,1.3690443,3.708447,4.5736504,3.3728724,0.26439935,0.92583704
Computación Emergente,4,anon_300,2526-3,1,Año que cursa=5 o más|Participaciones de la semana=3 o más|Participaciones de la semana anterior=3 o más|Tamaño del grupo=grande,19.943083,18.052913996915937,1.0530014,0.053001404,0.0,1.1018772,1.0530014,3.55204,4.066206,0.5686512,0.1397667,1.2876167
Computación Emergente,4,anon_301,2526-3,1,Año que cursa=5 o más|Participaciones de la semana=2|Participaciones de la semana anterior=1|Tamaño del grupo=grande,8.822613,14.576660269406919,1.2975636,0.29756355,-3.621816263984277,1.297019,1.2466125,3.905363,4.908883,2.3555984,0.5386257,2.1131563
Computación Emergente,4,anon_302,2526-3,1,Año que cursa=5 o más|Participaciones de la semana=0|Participaciones de la semana anterior=0|Tamaño del grupo=grande,-0.030942082,0.8308131266195484,1.0496663,0.049666286,4.000134036437623,1.0496663,1.1917715,3.291129,3.8867874,3.3944201,0.015746832,0.49232996
Computación Emergente,4,anon_303,2526-3,1,Año que cursa=3|Participaciones de la semana=2|Participaciones de la semana anterior=3 o más|Tamaño del grupo=grande,10.620333,16.3186391990617,1.2291012,0.22910118,1.686389854473454,1.2592587,1.2291012,3.8249645,4.4995894,2.8059177,1.0395279,1.6352825
Computación Emergente,4,anon_304,2526-3,1,Año que cursa=3|Participaciones de la semana=0|Participaciones de la semana anterior=0|Tamaño del grupo=grande,1.8484102,2.621757688350894,1.2280883,0.22808826,4.981930283296754,1.2280883,1.292572,3.722249,4.3602877,3.408445,0.6832684,1.1562873
Computación Emergente,4,anon_305,2526-3,1,Año que cursa=3|Participaciones de la semana=2|Participaciones de la semana anterior=2|Tamaño del grupo=grande,15.8527565,14.591228818691363,1.132431,0.13243103,-8.420621486407164,1.1988525,1.1151466,3.5511398,3.81703,1.040245,0.6747818,1.0113506
Computación Emergente,4,anon_306,2526-3,1,Año que cursa=3|Participaciones de la semana=1|Participaciones de la semana anterior=0|Tamaño del grupo=grande,6.388474,7.603687971647648,1.2827411,0.28274107,1.0184605360464811,1.2827411,1.2704277,3.8138533,4.459522,3.1491203,1.1663265,1.631083
Computación Emergente,4,anon_307,2526-3,1,Año que cursa=4|Participaciones de la semana=0|Participaciones de la semana anterior=0|Tamaño del grupo=grande,0.4914503,1.2130143414927552,1.1305685,0.1305685,3.880699539141278,1.1305685,1.3094378,3.5588598,4.3094945,3.4154162,0.10605049,0.92583704
Computación Emergente,4,anon_308,2526-3,1,Año que cursa=4|Participaciones de la semana=1|Participaciones de la semana anterior=3 o más|Tamaño del grupo=grande,11.761438,10.269151269899304,1.2713776,0.27137756,7.77278346467925,1.3653936,1.2713776,3.7940636,4.862506,2.1262703,0.44894218,1.7637272
Computación Emergente,4,anon_309,2526-3,1,Año que cursa=4|Participaciones de la semana=0|Participaciones de la semana anterior=0|Tamaño del grupo=grande,0.45639265,1.2130143414927552,1.1211944,0.12119436,3.880699539141278,1.1211944,1.2943082,3.5290442,4.2530227,3.4162264,0.07842636,0.92583704
Computación Emergente,4,anon_310,2526-3,1,Año que cursa=4|Participaciones de la semana=1|Participaciones de la semana anterior=3 o más|Tamaño del grupo=grande,13.592926,10.269151269899304,1.22966,0.22966003,7.77278346467925,1.36162,1.22966,3.6826267,4.6380253,1.7763519,0.5250797,1.5969543
Computación Emergente,4,anon_311,2526-3,1,Año que cursa=4|Participaciones de la semana=0|Participaciones de la semana anterior=0|Tamaño del grupo=grande,0.42646778,1.2130143414927552,1.1126766,0.11267662,3.880699539141278,1.1126766,1.2791162,3.500906,4.19851,3.413939,0.053095102,0.92583704
Computación Emergente,4,anon_312,2526-3,1,Año que cursa=3|Participaciones de la semana=2|Participaciones de la semana anterior=1|Tamaño del grupo=grande,7.0912194,7.668606369676288,1.251596,0.25159597,5.18941708067414,1.2433329,1.2494221,3.7585273,4.4406986,3.4269156,1.1741405,1.6955767
Computación Emergente,4,anon_313,2526-3,1,Año que cursa=4|Participaciones de la semana=0|Participaciones de la semana anterior=0|Tamaño del grupo=grande,1.8556765,1.2130143414927552,1.1543385,0.15433848,3.880699539141278,1.1543385,1.3143687,3.6355333,4.435912,3.3863173,0.111034155,1.425246
Computación Emergente,4,anon_314,2526-3,1,Año que cursa=5 o más|Participaciones de la semana=1|Participaciones de la semana anterior=0|Tamaño del grupo=grande,0.8990512,4.830947163057171,1.0641621,0.064162135,8.486301601809851,1.0641621,1.1889219,3.1928556,3.761324,3.5052676,0.09493339,0.5907446
Computación Emergente,4,anon_315,2526-3,1,Año que cursa=4|Participaciones de la semana=1|Participaciones de la semana anterior=0|Tamaño del grupo=grande,1.4787309,5.093713880634033,1.1547167,0.15471673,3.3672346893598233,1.1547167,1.3115926,3.4499137,4.2479067,3.500599,0.03675866,1.1154487
Computación Emergente,4,anon_316,2526-3,1,Año que cursa=3|Participaciones de la semana=1|Participaciones de la semana anterior=1|Tamaño del grupo=grande,12.335667,8.1762667136779,1.2600193,0.2600193,-0.5076603440016125,1.274929,1.1914864,3.7285786,4.1610546,1.9945545,1.0058517,1.3473053
Computación Emergente,4,anon_317,2526-3,1,Año que cursa=3|Participaciones de la semana=0|Participaciones de la semana anterior=0|Tamaño del grupo=grande,1.4465419,2.621757688350894,1.1790093,0.17900932,4.981930283296754,1.1790093,1.2510357,3.6096678,4.1914062,3.3876054,0.3678218,1.1562873
Computación Emergente,4,anon_318,2526-3,1,Año que cursa=5 o más|Participaciones de la semana=0|Participaciones de la semana anterior=0|Tamaño del grupo=grande,-0.13448727,0.8308131266195484,1.0232756,0.023275614,4.000134036437623,1.0232756,1.112854,3.1746807,3.6136336,3.3802156,0.098533034,0.49232996
Computación Emergente,4,anon_319,2526-3,1,Año que cursa=4|Participaciones de la semana=2|Participaciones de la semana anterior=0|Tamaño del grupo=grande,7.5880184,8.460948569993857,1.305481,0.30548096,6.9859470608077014,1.305481,1.2255459,3.8522253,4.757328,2.9480772,0.33662796,2.1312633
Computación Emergente,4,anon_320,2526-3,1,Año que cursa=5 o más|Participaciones de la semana=0|Participaciones de la semana anterior=1|Tamaño del grupo=grande,0.9747844,5.0455738174294655,1.038554,0.038553953,3.6840781065636587,1.0218493,1.1068902,3.2377758,3.592381,3.4305177,0.15557623,0.69764864
Computación Emergente,4,anon_321,2526-3,1,Año que cursa=4|Participaciones de la semana=0|Participaciones de la semana anterior=0|Tamaño del grupo=grande,5.1359425,1.2130143414927552,1.2252436,0.22524357,3.880699539141278,1.2252436,1.3141117,3.8269253,4.6453724,2.917653,0.3443656,2.3234644
Computación Emergente,6,anon_148,2425-3,1,Año que cursa=4|Participaciones de la semana=1|Participaciones de la semana anterior=0|Tamaño del grupo=grande,2.6201644,5.093713880634033,1.2021685,0.20216846,3.3672346893598233,1.2021685,1.1928043,3.5611167,4.0213895,0.94895697,0.2688241,0.5164962
Computación Emergente,6,anon_149,2425-3,1,Año que cursa=4|Participaciones de la semana=1|Participaciones de la semana anterior=0|Tamaño del grupo=grande,2.5853891,5.093713880634033,1.2020302,0.20203018,3.3672346893598233,1.2020302,1.1947536,3.5597053,4.028323,0.9962237,0.25266528,0.5164962
Computación Emergente,6,anon_150,2425-3,1,Año que cursa=4|Participaciones de la semana=1|Participaciones de la semana anterior=0|Tamaño del grupo=grande,2.5516615,5.093713880634033,1.2017653,0.2017653,3.3672346893598233,1.2017653,1.1966324,3.5579696,4.0346165,1.0421991,0.23594499,0.5164962
Computación Emergente,6,anon_151,2425-3,1,Año que cursa=5 o más|Participaciones de la semana=0|Participaciones de la semana anterior=0|Tamaño del grupo=grande,0.89132506,0.8308131266195484,1.1097887,0.109788656,4.000134036437623,1.1097887,1.173048,3.3556585,3.7434692,1.043668,0.03143108,0.43557888
Computación Emergente,6,anon_152,2425-3,1,Año que cursa=5 o más|Participaciones de la semana=1|Participaciones de la semana anterior=0|Tamaño del grupo=grande,1.9621288,4.830947163057171,1.1278394,0.12783945,8.486301601809851,1.1278394,1.1657763,3.3498912,3.8032818,1.1300033,0.033507586,0.49533224
Computación Emergente,6,anon_153,2425-3,1,Año que cursa=5 o más|Participaciones de la semana=0|Participaciones de la semana anterior=0|Tamaño del grupo=grande,0.82132655,0.8308131266195484,1.1034951,0.10349512,4.000134036437623,1.1034951,1.1710758,3.3440588,3.731695,1.1264582,0.016153455,0.43557888
Computación Emergente,6,anon_154,2425-3,1,Año que cursa=5 o más|Participaciones de la semana=0|Participaciones de la semana anterior=0|Tamaño del grupo=grande,0.7888456,0.8308131266195484,1.1003907,0.10039067,4.000134036437623,1.1003907,1.1699395,3.3381906,3.7252083,1.1655362,0.007918596,0.43557888
Computación Emergente,6,anon_155,2425-3,1,Año que cursa=4|Participaciones de la semana=1|Participaciones de la semana anterior=0|Tamaño del grupo=grande,4.2731676,5.093713880634033,1.2302146,0.2302146,3.3672346893598233,1.2302146,1.1990862,3.639326,4.1231127,1.1581378,0.34806252,0.74617314
Computación Emergente,6,anon_156,2425-3,1,Año que cursa=4|Participaciones de la semana=0|Participaciones de la semana anterior=0|Tamaño del grupo=grande,1.1925969,1.2130143414927552,1.181025,0.18102503,3.880699539141278,1.181025,1.2441263,3.541726,3.9954758,1.238911,0.17093027,0.44750255
Computación Emergente,6,anon_157,2425-3,1,Año que cursa=4|Participaciones de la semana=0|Participaciones de la semana anterior=0|Tamaño del grupo=grande,1.1695188,1.2130143414927552,1.178641,0.17864096,3.880699539141278,1.178641,1.2446756,3.538241,3.9942746,1.2731705,0.15284038,0.44750255
Computación Emergente,6,anon_158,2425-3,1,Año que cursa=4|Participaciones de la semana=0|Participaciones de la semana anterior=0|Tamaño del grupo=grande,1.1476384,1.2130143414927552,1.1762427,0.17624271,3.880699539141278,1.1762427,1.2450795,3.5345936,3.9925947,1.3057977,0.13502347,0.44750255
Computación Emergente,6,anon_159,2425-3,1,Año que cursa=4|Participaciones de la semana=1|Participaciones de la semana anterior=0|Tamaño del grupo=grande,2.3007574,5.093713880634033,1.1946197,0.19461966,3.3672346893598233,1.1946197,1.2093806,3.530805,4.061964,1.3887035,0.075417995,0.5164962
Computación Emergente,6,anon_160,2425-3,1,Año que cursa=5 o más|Participaciones de la semana=1|Participaciones de la semana anterior=0|Tamaño del grupo=grande,1.7133311,4.830947163057171,1.1113714,0.1113714,8.486301601809851,1.1113714,1.1662879,3.3036392,3.7596793,1.4191176,0.09465575,0.49533224
Computación Emergente,6,anon_161,2425-3,1,Año que cursa=5 o más|Participaciones de la semana=0|Participaciones de la semana anterior=0|Tamaño del grupo=grande,0.6099432,0.8308131266195484,1.0803995,0.08039951,4.000134036437623,1.0803995,1.1602707,3.298189,3.6731055,1.3939192,0.06778169,0.43557888
Computación Emergente,6,anon_162,2425-3,1,Año que cursa=3|Participaciones de la semana=0|Participaciones de la semana anterior=0|Tamaño del grupo=grande,1.546378,2.621757688350894,1.191744,0.19174397,4.981930283296754,1.191744,1.2648468,3.6072178,4.0142384,1.420094,0.41436064,0.19333184
Computación Emergente,6,anon_163,2425-3,1,Año que cursa=3|Participaciones de la semana=0|Participaciones de la semana anterior=0|Tamaño del grupo=grande,1.5405452,2.621757688350894,1.1894555,0.18945551,4.981930283296754,1.1894555,1.2636228,3.6022284,4.007578,1.4447186,0.39962208,0.19333184
Computación Emergente,6,anon_164,2425-3,1,Año que cursa=4|Participaciones de la semana=1|Participaciones de la semana anterior=0|Tamaño del grupo=grande,5.779681,5.093713880634033,1.2433357,0.24333572,3.3672346893598233,1.2433357,1.1927443,3.6783257,4.147894,1.4883204,0.87747526,0.86412144
Computación Emergente,6,anon_165,2425-3,1,Año que cursa=4|Participaciones de la semana=1|Participaciones de la semana anterior=0|Tamaño del grupo=grande,3.8003652,5.093713880634033,1.2204173,0.22041726,3.3672346893598233,1.2204173,1.2070341,3.6038556,4.1454287,1.4171624,0.39904618,0.69317555
Computación Emergente,6,anon_166,2425-3,1,Año que cursa=4|Participaciones de la semana=0|Participaciones de la semana anterior=0|Tamaño del grupo=grande,1.0106819,1.2130143414927552,1.1572614,0.15726137,3.880699539141278,1.1572614,1.2431602,3.501797,3.9650433,1.509773,0.059019446,0.44750255
Computación Emergente,6,anon_167,2425-3,1,Año que cursa=3|Participaciones de la semana=0|Participaciones de la semana anterior=0|Tamaño del grupo=grande,1.5178418,2.621757688350894,1.180222,0.18022203,4.981930283296754,1.180222,1.2579908,3.581469,3.979455,1.5287197,0.34763074,0.19333184
Computación Emergente,6,anon_168,2425-3,1,Año que cursa=3|Participaciones de la semana=1|Participaciones de la semana anterior=0|Tamaño del grupo=grande,4.4306765,7.603687971647648,1.2404633,0.24046326,1.0184605360464811,1.2404633,1.2199421,3.6547694,4.1075706,1.4308043,0.27486706,0.48243904
Computación Emergente,6,anon_169,2425-3,1,Año que cursa=4|Participaciones de la semana=0|Participaciones de la semana anterior=0|Tamaño del grupo=grande,0.97391796,1.2130143414927552,1.1504004,0.1504004,3.880699539141278,1.1504004,1.2402563,3.4886541,3.9494934,1.5629354,0.09095985,0.44750255
Computación Emergente,6,anon_170,2425-3,1,Año que cursa=3|Participaciones de la semana=0|Participaciones de la semana anterior=0|Tamaño del grupo=grande,1.5009264,2.621757688350894,1.173288,0.17328799,4.981930283296754,1.173288,1.2530932,3.5653157,3.9572983,1.5783584,0.31504774,0.19333184
Computación Emergente,6,anon_171,2425-3,1,Año que cursa=4|Participaciones de la semana=1|Participaciones de la semana anterior=0|Tamaño del grupo=grande,3.6748924,5.093713880634033,1.2134247,0.21342468,3.3672346893598233,1.2134247,1.2093825,3.5802743,4.1373763,1.5333183,0.4643588,0.69317555
Computación Emergente,6,anon_172,2425-3,1,Año que cursa=4|Participaciones de la semana=0|Participaciones de la semana anterior=0|Tamaño del grupo=grande,0.94364494,1.2130143414927552,1.1436772,0.14367723,3.880699539141278,1.1436772,1.2363391,3.4752917,3.931583,1.6062171,0.12869549,0.44750255
Computación Emergente,6,anon_173,2425-3,1,Año que cursa=4|Participaciones de la semana=1|Participaciones de la semana anterior=0|Tamaño del grupo=grande,5.5239916,5.093713880634033,1.2389183,0.2389183,3.3672346893598233,1.2389183,1.2000332,3.6569328,4.168438,1.4901147,0.9320588,0.86412144
Computación Emergente,6,anon_174,2425-3,1,Año que cursa=3|Participaciones de la semana=1|Participaciones de la semana anterior=0|Tamaño del grupo=grande,4.1595006,7.603687971647648,1.2258682,0.22586823,1.0184605360464811,1.2258682,1.2180977,3.6143882,4.0758853,1.5746169,0.32692957,0.45448637
Computación Emergente,6,anon_175,2425-3,1,Año que cursa=5 o más|Participaciones de la semana=0|Participaciones de la semana anterior=0|Tamaño del grupo=grande,0.4707548,0.8308131266195484,1.0554075,0.055407524,4.000134036437623,1.0554075,1.1407013,3.2418594,3.580168,1.6415489,0.2544045,0.43557888
Computación Emergente,6,anon_176,2425-3,1,Año que cursa=4|Participaciones de la semana=1|Participaciones de la semana anterior=0|Tamaño del grupo=grande,5.440748,5.093713880634033,1.2352247,0.23522472,3.3672346893598233,1.2352247,1.2008495,3.644013,4.1626225,1.4578962,0.9250126,0.86412144
Computación Emergente,6,anon_177,2425-3,1,Año que cursa=5 o más|Participaciones de la semana=0|Participaciones de la semana anterior=0|Tamaño del grupo=grande,0.46611315,0.8308131266195484,1.0535643,0.05356431,4.000134036437623,1.0535643,1.1383457,3.2373655,3.5713415,1.6614325,0.27774143,0.43557888
Computación Emergente,6,anon_178,2425-3,1,Año que cursa=3|Participaciones de la semana=1|Participaciones de la semana anterior=0|Tamaño del grupo=grande,2.6087112,7.603687971647648,1.1904442,0.19044423,1.0184605360464811,1.1904442,1.227809,3.521318,3.9788356,1.7305722,0.280483,0.26083326
Computación Emergente,6,anon_179,2425-3,1,Año que cursa=4|Participaciones de la semana=0|Participaciones de la semana anterior=0|Tamaño del grupo=grande,0.89489436,1.2130143414927552,1.128444,0.12844396,3.880699539141278,1.128444,1.2241025,3.4435055,3.8819115,1.6787281,0.19144738,0.44750255
Computación Emergente,6,anon_180,2425-3,1,Año que cursa=4|Participaciones de la semana=0|Participaciones de la semana anterior=0|Tamaño del grupo=grande,0.8901712,1.2130143414927552,1.1263222,0.12632215,3.880699539141278,1.1263222,1.222084,3.438921,3.874064,1.6864641,0.19827706,0.44750255
Computación Emergente,6,anon_181,2425-3,1,Año que cursa=4|Participaciones de la semana=0|Participaciones de la semana anterior=0|Tamaño del grupo=grande,0.8859595,1.2130143414927552,1.1242167,0.124216676,3.880699539141278,1.1242167,1.2200136,3.4343338,3.866066,1.6936119,0.20477706,0.44750255
Computación Emergente,6,anon_182,2425-3,1,Año que cursa=4|Participaciones de la semana=0|Participaciones de la semana anterior=0|Tamaño del grupo=grande,0.88224363,1.2130143414927552,1.1221294,0.12212944,3.880699539141278,1.1221294,1.2178969,3.429747,3.8579316,1.7001808,0.21101165,0.44750255
Computación Emergente,6,anon_183,2425-3,1,Año que cursa=4|Participaciones de la semana=1|Participaciones de la semana anterior=0|Tamaño del grupo=grande,5.2557125,5.093713880634033,1.2237735,0.22377348,3.3672346893598233,1.2237735,1.2005558,3.6070309,4.1314297,1.3964086,0.8682132,0.86412144
Computación Emergente,6,anon_184,2425-3,1,Año que cursa=5 o más|Participaciones de la semana=1|Participaciones de la semana anterior=0|Tamaño del grupo=grande,1.514477,4.830947163057171,1.0821128,0.08211279,8.486301601809851,1.0821128,1.1532307,3.2267752,3.628895,1.76949,0.3784783,0.49533224
Computación Emergente,6,anon_185,2425-3,1,Año que cursa=5 o más|Participaciones de la semana=0|Participaciones de la semana anterior=0|Tamaño del grupo=grande,0.4666074,0.8308131266195484,1.0488663,0.048866272,4.000134036437623,1.0488663,1.1299314,3.2257297,3.5444162,1.7164538,0.34647232,0.43557888
Computación Emergente,6,anon_185,2425-3,2,Año que cursa=5 o más|Participaciones de la semana=0|Participaciones de la semana anterior=0|Tamaño del grupo=grande,0.29154444,0.8308131266195484,1.0443429,0.044342875,4.000134036437623,1.0443429,1.1069224,3.1798067,3.4277918,1.798764,0.5131208,0.13915038
Computación Emergente,6,anon_186,2425-3,2,Año que cursa=5 o más|Participaciones de la semana=0|Participaciones de la semana anterior=0|Tamaño del grupo=grande,0.259143,0.8308131266195484,1.0825675,0.08256745,4.000134036437623,1.0825675,1.1531656,3.3009963,3.5370631,1.7490836,0.11082709,0.13915038
Computación Emergente,6,anon_187,2425-3,2,Año que cursa=3|Participaciones de la semana=1|Participaciones de la semana anterior=1|Tamaño del grupo=grande,6.640322,8.1762667136779,1.2449708,0.2449708,-0.5076603440016125,1.2450428,1.223628,3.6961703,4.0668154,2.0312967,1.1869454,0.2058196
Computación Emergente,6,anon_188,2425-3,2,Año que cursa=5 o más|Participaciones de la semana=0|Participaciones de la semana anterior=0|Tamaño del grupo=grande,0.21932316,0.8308131266195484,1.0768803,0.076880336,4.000134036437623,1.0768803,1.149337,3.2863553,3.5234468,1.8067794,0.08662248,0.13915038
Computación Emergente,6,anon_189,2425-3,2,Año que cursa=4|Participaciones de la semana=1|Participaciones de la semana anterior=0|Tamaño del grupo=grande,1.5868979,5.093713880634033,1.1482837,0.14828372,3.3672346893598233,1.1482837,1.220603,3.4157712,3.7996564,1.945735,0.18117762,0.16855788
Computación Emergente,6,anon_190,2425-3,2,Año que cursa=5 o más|Participaciones de la semana=0|Participaciones de la semana anterior=0|Tamaño del grupo=grande,0.1847291,0.8308131266195484,1.071373,0.071372986,4.000134036437623,1.071373,1.1452551,3.2716415,3.5093656,1.8575099,0.06102693,0.13915038
Computación Emergente,6,anon_191,2425-3,2,Año que cursa=5 o más|Participaciones de la semana=0|Participaciones de la semana anterior=0|Tamaño del grupo=grande,0.16946375,0.8308131266195484,1.0687268,0.06872678,4.000134036437623,1.0687268,1.1431432,3.264369,3.5022593,1.8802022,0.047563195,0.13915038
Computación Emergente,6,anon_192,2425-3,2,Año que cursa=5 o más|Participaciones de la semana=1|Participaciones de la semana anterior=0|Tamaño del grupo=grande,4.0264034,4.830947163057171,1.1512127,0.15121269,8.486301601809851,1.1512127,1.2043209,3.4243813,3.83387,2.002636,0.6778097,0.25087023
Computación Emergente,6,anon_193,2425-3,2,Año que cursa=4|Participaciones de la semana=0|Participaciones de la semana anterior=0|Tamaño del grupo=grande,0.4468335,1.2130143414927552,1.113399,0.11339903,3.880699539141278,1.113399,1.2066841,3.4034905,3.7025337,1.920162,0.18347722,0.18345898
Computación Emergente,6,anon_194,2425-3,2,Año que cursa=5 o más|Participaciones de la semana=0|Participaciones de la semana anterior=0|Tamaño del grupo=grande,0.13203442,0.8308131266195484,1.0613939,0.061393857,4.000134036437623,1.0613939,1.1366706,3.2434416,3.481276,1.9374117,0.024692178,0.13915038
Computación Emergente,6,anon_195,2425-3,2,Año que cursa=5 o más|Participaciones de la semana=0|Participaciones de la semana anterior=0|Tamaño del grupo=grande,0.12238765,0.8308131266195484,1.0591915,0.059191465,4.000134036437623,1.0591915,1.1345146,3.2369056,3.474568,1.9528346,0.03388858,0.13915038
Computación Emergente,6,anon_196,2425-3,2,Año que cursa=5 o más|Participaciones de la semana=1|Participaciones de la semana anterior=0|Tamaño del grupo=grande,1.171292,4.830947163057171,1.0807301,0.08073008,8.486301601809851,1.0807301,1.1569066,3.2306514,3.5433478,2.084662,0.07793462,0.14300895
Computación Emergente,6,anon_197,2425-3,2,Año que cursa=5 o más|Participaciones de la semana=0|Participaciones de la semana anterior=0|Tamaño del grupo=grande,0.107378125,0.8308131266195484,1.055196,0.055196047,4.000134036437623,1.055196,1.1302953,3.2247086,3.4618812,1.9781975,0.061763644,0.13915038
Computación Emergente,6,anon_198,2425-3,2,Año que cursa=5 o más|Participaciones de la semana=0|Participaciones de la semana anterior=0|Tamaño del grupo=grande,0.102018714,0.8308131266195484,1.0534106,0.05341065,4.000134036437623,1.0534106,1.1282623,3.219101,3.4559903,1.9881402,0.07665157,0.13915038
Computación Emergente,6,anon_199,2425-3,2,Año que cursa=4|Participaciones de la semana=0|Participaciones de la semana anterior=0|Tamaño del grupo=grande,1.817565,1.2130143414927552,1.1362553,0.13625526,3.880699539141278,1.1362553,1.2284131,3.4737177,3.8333578,2.0597947,0.54565,0.15078008
Computación Emergente,6,anon_200,2425-3,2,Año que cursa=4|Participaciones de la semana=0|Participaciones de la semana anterior=1|Tamaño del grupo=grande,4.5286093,5.6024586044535205,1.2014079,0.20140791,-0.15486620634553017,1.1685123,1.2469254,3.6235619,3.9601655,2.1715155,1.0943117,0.07391834
Computación Emergente,6,anon_201,2425-3,2,Año que cursa=4|Participaciones de la semana=0|Participaciones de la semana anterior=0|Tamaño del grupo=grande,0.466574,1.2130143414927552,1.1046627,0.10466266,3.880699539141278,1.1046627,1.197537,3.378307,3.6849077,2.0070517,0.30185217,0.18345898
Computación Emergente,6,anon_202,2425-3,2,Año que cursa=4|Participaciones de la semana=0|Participaciones de la semana anterior=1|Tamaño del grupo=grande,1.6629608,5.6024586044535205,1.1329865,0.13298655,-0.15486620634553017,1.1037829,1.1960812,3.4558241,3.6822515,2.1382575,0.44152546,0.16862643
Computación Emergente,6,anon_203,2425-3,2,Año que cursa=5 o más|Participaciones de la semana=0|Participaciones de la semana anterior=0|Tamaño del grupo=grande,0.09659457,0.8308131266195484,1.0465641,0.046564102,4.000134036437623,1.0465641,1.1193683,3.1964695,3.4322944,2.0106206,0.16484821,0.13915038
Computación Emergente,6,anon_204,2425-3,2,Año que cursa=4|Participaciones de la semana=0|Participaciones de la semana anterior=0|Tamaño del grupo=grande,3.293753,1.2130143414927552,1.1625392,0.16253924,3.880699539141278,1.1625392,1.2415504,3.545077,3.9473722,2.0726302,0.9421015,0.10388327
Computación Emergente,6,anon_205,2425-3,2,Año que cursa=4|Participaciones de la semana=0|Participaciones de la semana anterior=0|Tamaño del grupo=grande,0.503217,1.2130143414927552,1.1014607,0.101460695,3.880699539141278,1.1014607,1.1913557,3.366114,3.6739213,2.0070739,0.35425597,0.18345898
Computación Emergente,6,anon_206,2425-3,2,Año que cursa=5 o más|Participaciones de la semana=0|Participaciones de la semana anterior=0|Tamaño del grupo=grande,1.355032,0.8308131266195484,1.0636058,0.063605785,4.000134036437623,1.0636058,1.1455784,3.256579,3.552063,2.0629961,0.45325267,0.16885936
Computación Emergente,6,anon_207,2425-3,2,Año que cursa=5 o más|Participaciones de la semana=0|Participaciones de la semana anterior=0|Tamaño del grupo=grande,0.117179155,0.8308131266195484,1.0433545,0.04335451,4.000134036437623,1.0433545,1.1141927,3.1847777,3.4211035,1.9966278,0.25424826,0.13915038
Computación Emergente,6,anon_208,2425-3,2,Año que cursa=5 o más|Participaciones de la semana=0|Participaciones de la semana anterior=0|Tamaño del grupo=grande,1.3671467,0.8308131266195484,1.0619409,0.06194091,4.000134036437623,1.0619409,1.1427789,3.2505558,3.5468428,2.04719,0.4997964,0.16885936
Computación Emergente,6,anon_209,2425-3,2,Año que cursa=4|Participaciones de la semana=0|Participaciones de la semana anterior=0|Tamaño del grupo=grande,0.5510507,1.2130143414927552,1.0989809,0.0989809,3.880699539141278,1.0989809,1.184432,3.3548932,3.6620946,1.9796587,0.39230663,0.18345898
Computación Emergente,6,anon_210,2425-3,2,Año que cursa=4|Participaciones de la semana=0|Participaciones de la semana anterior=0|Tamaño del grupo=grande,0.56416756,1.2130143414927552,1.098429,0.098428965,3.880699539141278,1.098429,1.1826282,3.3522348,3.6589746,1.9688972,0.3992076,0.18345898
Computación Emergente,6,anon_211,2425-3,2,Año que cursa=4|Participaciones de la semana=0|Participaciones de la semana anterior=0|Tamaño del grupo=grande,0.5776236,1.2130143414927552,1.0978887,0.09788871,3.880699539141278,1.0978887,1.1808062,3.349621,3.6557682,1.9567276,0.40502268,0.18345898
Computación Emergente,6,anon_212,2425-3,2,Año que cursa=5 o más|Participaciones de la semana=0|Participaciones de la semana anterior=0|Tamaño del grupo=grande,0.16977203,0.8308131266195484,1.0418936,0.0418936,4.000134036437623,1.0418936,1.110075,3.1775098,3.4170246,1.9432422,0.36564934,0.13915038
Computación Emergente,6,anon_213,2425-3,2,Año que cursa=5 o más|Participaciones de la semana=0|Participaciones de la semana anterior=0|Tamaño del grupo=grande,1.4738268,0.8308131266195484,1.0608402,0.06084025,4.000134036437623,1.0608402,1.1384645,3.2452416,3.5461092,1.9613951,0.6504171,0.17198813
Computación Emergente,6,anon_214,2425-3,2,Año que cursa=5 o más|Participaciones de la semana=0|Participaciones de la semana anterior=0|Tamaño del grupo=grande,0.19711554,0.8308131266195484,1.042055,0.04205501,4.000134036437623,1.042055,1.1090045,3.176725,3.4182343,1.9127051,0.40725315,0.13915038
Computación Emergente,6,anon_215,2425-3,2,Año que cursa=5 o más|Participaciones de la semana=0|Participaciones de la semana anterior=0|Tamaño del grupo=grande,0.2117598,0.8308131266195484,1.0422745,0.042274475,4.000134036437623,1.0422745,1.1085618,3.1767368,3.4193377,1.8958411,0.427046,0.13915038
Computación Emergente,6,anon_216,2425-3,2,Año que cursa=4|Participaciones de la semana=0|Participaciones de la semana anterior=0|Tamaño del grupo=grande,1.9808339,1.2130143414927552,1.1175488,0.11754882,3.880699539141278,1.1175488,1.19626,3.41048,3.7552214,1.9209864,0.64522886,0.15078008
Computación Emergente,6,anon_217,2425-3,2,Año que cursa=5 o más|Participaciones de la semana=0|Participaciones de la semana anterior=0|Tamaño del grupo=grande,0.2425648,0.8308131266195484,1.042943,0.042943,4.000134036437623,1.042943,1.1078186,3.1774535,3.4223046,1.859351,0.46423334,0.13915038
Computación Emergente,6,anon_218,2425-3,2,Año que cursa=5 o más|Participaciones de la semana=0|Participaciones de la semana anterior=0|Tamaño del grupo=grande,1.4991846,0.8308131266195484,1.0602567,0.06025672,4.000134036437623,1.0602567,1.1324067,3.2382622,3.5389462,1.8775921,0.71259797,0.16885936
Computación Emergente,6,anon_219,2425-3,2,Año que cursa=5 o más|Participaciones de la semana=0|Participaciones de la semana anterior=0|Tamaño del grupo=grande,0.27492332,0.8308131266195484,1.0438392,0.043839216,4.000134036437623,1.0438392,1.1072042,3.178895,3.425903,1.8196597,0.4978068,0.13915038
Computación Emergente,6,anon_174,2526-1,1,Año que cursa=3|Participaciones de la semana=0|Participaciones de la semana anterior=0|Tamaño del grupo=pequeño,1.1875451,3.6375044359717554,1.1901851,0.19018507,4.509899048152687,1.1901851,1.2829342,3.6060803,4.028302,3.292612,0.1743964,0.5115763
Computación Emergente,6,anon_205,2526-1,1,Año que cursa=4|Participaciones de la semana=0|Participaciones de la semana anterior=0|Tamaño del grupo=pequeño,0.1090101,0.5365097457199435,1.0583277,0.058327675,0.6856790863723685,1.0583277,1.1776607,3.2622552,3.569213,3.2988253,0.05994332,0.43650913
Computación Emergente,6,anon_212,2526-1,1,Año que cursa=5 o más|Participaciones de la semana=0|Participaciones de la semana anterior=0|Tamaño del grupo=pequeño,0.8742149,1.4453365605907258,1.0076278,0.007627845,1.4454581151845078,1.0076278,1.0521727,3.0611672,3.2356327,3.4267852,0.30639625,0.34086287
Computación Emergente,6,anon_220,2526-1,1,Año que cursa=5 o más|Participaciones de la semana=0|Participaciones de la semana anterior=0|Tamaño del grupo=pequeño,1.4135809,1.4453365605907258,1.066567,0.066566944,1.4454581151845078,1.066567,1.1506071,3.2625175,3.542821,3.112554,0.09485316,0.36713743
Computación Emergente,6,anon_221,2526-1,1,Año que cursa=3|Participaciones de la semana=1|Participaciones de la semana anterior=1|Tamaño del grupo=pequeño,12.455944,14.414586006338116,1.1817789,0.18177891,2.153400350063965,1.2136784,1.141119,3.5400076,3.707181,3.1496286,0.3138275,0.5506258
Computación Emergente,6,anon_222,2526-1,1,Año que cursa=5 o más|Participaciones de la semana=0|Participaciones de la semana anterior=0|Tamaño del grupo=pequeño,1.1994796,1.4453365605907258,1.0522935,0.05229354,1.4454581151845078,1.0522935,1.1325984,3.2216663,3.4859953,3.222239,0.10405278,0.34086287
Computación Emergente,6,anon_223,2526-1,1,Año que cursa=5 o más|Participaciones de la semana=0|Participaciones de la semana anterior=2|Tamaño del grupo=pequeño,3.5002322,3.916339103572886,1.1015358,0.1015358,0.0,1.0478355,1.127945,3.357759,3.4711614,3.5398097,0.11776471,0.5348971
Computación Emergente,6,anon_224,2526-1,1,Año que cursa=3|Participaciones de la semana=1|Participaciones de la semana anterior=0|Tamaño del grupo=pequeño,11.167681,8.147403484124442,1.2247515,0.22475147,9.878100347475154,1.2247515,1.1468363,3.6397495,3.7653704,3.4568686,0.41897392,0.61257076
Computación Emergente,6,anon_225,2526-1,1,Año que cursa=4|Participaciones de la semana=0|Participaciones de la semana anterior=0|Tamaño del grupo=pequeño,1.9138483,0.5365097457199435,1.1649705,0.16497052,0.6856790863723685,1.1649705,1.2784953,3.5275064,3.9542246,3.3162413,0.13027453,0.65376604
Computación Emergente,6,anon_226,2526-1,1,Año que cursa=5 o más|Participaciones de la semana=1|Participaciones de la semana anterior=0|Tamaño del grupo=pequeño,3.2580526,2.8907946757752336,1.0854709,0.085470915,1.009943955626639,1.0854709,1.1626401,3.234484,3.6201274,3.6465185,0.13835168,0.5125418
Computación Emergente,6,anon_227,2526-1,1,Año que cursa=5 o más|Participaciones de la semana=0|Participaciones de la semana anterior=0|Tamaño del grupo=pequeño,3.4538023,1.4453365605907258,1.0764368,0.07643676,1.4454581151845078,1.0764368,1.1680045,3.3053396,3.6712248,3.6665905,0.3744166,0.588681
Computación Emergente,6,anon_228,2526-1,1,Año que cursa=3|Participaciones de la semana=1|Participaciones de la semana anterior=2|Tamaño del grupo=pequeño,15.242991,16.755077786552146,1.1385965,0.13859653,1.2499512669830075,1.1941214,1.123682,3.4211836,3.5958862,2.9913454,0.3260603,0.3556671
Computación Emergente,6,anon_229,2526-1,1,Año que cursa=5 o más|Participaciones de la semana=1|Participaciones de la semana anterior=0|Tamaño del grupo=pequeño,0.85152614,2.8907946757752336,1.02868,0.028679967,1.009943955626639,1.02868,1.1015706,3.088766,3.326614,3.3715057,0.0572834,0.27778327
Computación Emergente,6,anon_230,2526-1,1,Año que cursa=5 o más|Participaciones de la semana=0|Participaciones de la semana anterior=0|Tamaño del grupo=pequeño,1.0533503,1.4453365605907258,1.0234967,0.023496747,1.4454581151845078,1.0234967,1.0913124,3.1344013,3.3580627,3.4290133,0.12963498,0.36713743
Computación Emergente,6,anon_231,2526-1,1,Año que cursa=3|Participaciones de la semana=0|Participaciones de la semana anterior=0|Tamaño del grupo=pequeño,6.3231487,3.6375044359717554,1.2882352,0.2882352,4.509899048152687,1.2882352,1.2641888,3.7619858,4.127782,3.7245665,0.7012863,0.81377983
Computación Emergente,6,anon_232,2526-1,1,Año que cursa=3|Participaciones de la semana=1|Participaciones de la semana anterior=2|Tamaño del grupo=pequeño,12.285479,16.755077786552146,1.1922579,0.19225788,1.2499512669830075,1.2545643,1.1692934,3.569706,3.9435768,4.0654993,0.84998226,0.6596565
Computación Emergente,6,anon_233,2526-1,1,Año que cursa=4|Participaciones de la semana=0|Participaciones de la semana anterior=0|Tamaño del grupo=pequeño,0.14024675,0.5365097457199435,1.0695285,0.06952846,0.6856790863723685,1.0695285,1.1926491,3.293179,3.6133132,3.2740803,0.035711646,0.43650913
Computación Emergente,6,anon_234,2526-1,1,Año que cursa=5 o más|Participaciones de la semana=0|Participaciones de la semana anterior=0|Tamaño del grupo=pequeño,6.1827374,1.4453365605907258,1.1092162,0.10921621,1.4454581151845078,1.1092162,1.2070189,3.417656,3.9032822,3.74185,1.283174,0.89974403
Computación Emergente,6,anon_235,2526-1,1,Año que cursa=3|Participaciones de la semana=1|Participaciones de la semana anterior=1|Tamaño del grupo=pequeño,8.717252,14.414586006338116,1.2575026,0.25750256,2.153400350063965,1.2721777,1.204917,3.7275152,4.1491165,3.9670267,0.8488703,0.80052567
Computación Emergente,6,anon_236,2526-1,1,Año que cursa=4|Participaciones de la semana=0|Participaciones de la semana anterior=0|Tamaño del grupo=pequeño,0.10096681,0.5365097457199435,1.0527121,0.052712083,0.6856790863723685,1.0527121,1.1681623,3.2450018,3.543448,3.3049433,0.08412886,0.43650913
Computación Emergente,6,anon_237,2526-1,1,Año que cursa=3|Participaciones de la semana=0|Participaciones de la semana anterior=2|Tamaño del grupo=pequeño,12.016839,17.94402687971427,1.2444038,0.24440384,-1.1889490931621225,1.2740164,1.2250271,3.5523863,3.9630957,3.8977146,0.758729,0.5179291
Computación Emergente,6,anon_238,2526-1,1,Año que cursa=5 o más|Participaciones de la semana=0|Participaciones de la semana anterior=0|Tamaño del grupo=pequeño,-0.24264503,1.4453365605907258,1.0024227,0.0024226904,1.4454581151845078,1.0024227,1.0413156,3.0389075,3.1864698,3.3024786,0.14215577,0.24432313
Computación Emergente,6,anon_239,2526-1,1,Año que cursa=4|Participaciones de la semana=0|Participaciones de la semana anterior=0|Tamaño del grupo=pequeño,1.3386676,0.5365097457199435,1.0772555,0.07725549,0.6856790863723685,1.0772555,1.1976056,3.317345,3.6845648,3.4745557,0.20306373,0.6206746
Computación Emergente,6,anon_240,2526-1,1,Año que cursa=5 o más|Participaciones de la semana=0|Participaciones de la semana anterior=0|Tamaño del grupo=pequeño,-0.2334063,1.4453365605907258,1.0016013,0.0016013384,1.4454581151845078,1.0016013,1.0389767,3.0345213,3.1787317,3.2916715,0.1651721,0.24432313
Computación Emergente,6,anon_241,2526-1,1,Año que cursa=4|Participaciones de la semana=0|Participaciones de la semana anterior=0|Tamaño del grupo=pequeño,0.1063,0.5365097457199435,1.0437495,0.04374945,0.6856790863723685,1.0437495,1.1467834,3.213832,3.4933357,3.2834105,0.1326865,0.43650913
Computación Emergente,6,anon_242,2526-1,1,Año que cursa=4|Participaciones de la semana=0|Participaciones de la semana anterior=0|Tamaño del grupo=pequeño,1.3370643,0.5365097457199435,1.0699644,0.06996441,0.6856790863723685,1.0699644,1.1827979,3.2945666,3.6450148,3.4412062,0.22048461,0.6206746
Computación Emergente,6,anon_243,2526-1,1,Año que cursa=4|Participaciones de la semana=0|Participaciones de la semana anterior=0|Tamaño del grupo=pequeño,0.11846101,0.5365097457199435,1.0403699,0.04036987,0.6856790863723685,1.0403699,1.135776,3.2013159,3.4704757,3.2493417,0.16249967,0.43650913
Computación Emergente,6,anon_244,2526-1,1,Año que cursa=5 o más|Participaciones de la semana=0|Participaciones de la semana anterior=0|Tamaño del grupo=pequeño,-0.19054627,1.4453365605907258,1.0007855,0.00078547,1.4454581151845078,1.0007855,1.0351071,3.0288002,3.1690567,3.2355115,0.20121193,0.24432313
Computación Emergente,6,anon_174,2526-2,1,Año que cursa=4|Participaciones de la semana=0|Participaciones de la semana anterior=0|Tamaño del grupo=grande,0.0575608,1.2130143414927552,1.0456176,0.04561758,3.880699539141278,1.0456176,1.1227441,3.2355542,3.428196,2.5403223,0.036985278,0.11015856
Computación Emergente,6,anon_222,2526-2,1,Año que cursa=5 o más|Participaciones de la semana=0|Participaciones de la semana anterior=0|Tamaño del grupo=grande,-0.28361988,0.8308131266195484,1.0330658,0.033065796,4.000134036437623,1.0330658,1.1023357,3.1780558,3.4085371,2.4155393,0.25442898,0.1839037
Computación Emergente,6,anon_244,2526-2,1,Año que cursa=5 o más|Participaciones de la semana=0|Participaciones de la semana anterior=0|Tamaño del grupo=grande,-0.15346837,0.8308131266195484,1.0089486,0.0089485645,4.000134036437623,1.0089486,1.0575786,3.1003401,3.244962,2.5134304,0.1282947,0.1839037
Computación Emergente,6,anon_245,2526-2,1,Año que cursa=4|Participaciones de la semana=0|Participaciones de la semana anterior=0|Tamaño del grupo=grande,1.623108,1.2130143414927552,1.1419228,0.14192283,3.880699539141278,1.1419228,1.2817035,3.558856,4.0129128,2.2743716,0.34386432,0.12660944
Computación Emergente,6,anon_246,2526-2,1,Año que cursa=5 o más|Participaciones de la semana=0|Participaciones de la semana anterior=0|Tamaño del grupo=grande,-0.27469492,0.8308131266195484,1.0346497,0.03464973,4.000134036437623,1.0346497,1.105135,3.1826453,3.417719,2.3998842,0.2677524,0.1839037
Computación Emergente,6,anon_247,2526-2,1,Año que cursa=5 o más|Participaciones de la semana=1|Participaciones de la semana anterior=0|Tamaño del grupo=grande,4.770815,4.830947163057171,1.1638241,0.16382408,8.486301601809851,1.1638241,1.2155476,3.463133,3.9690437,2.1417623,0.17203236,0.21501875
Computación Emergente,6,anon_248,2526-2,1,Año que cursa=5 o más|Participaciones de la semana=0|Participaciones de la semana anterior=0|Tamaño del grupo=grande,-0.29803264,0.8308131266195484,1.0301162,0.0301162,4.000134036437623,1.0301162,1.0970905,3.1693945,3.391029,2.443873,0.2280178,0.1839037
Computación Emergente,6,anon_249,2526-2,1,Año que cursa=5 o más|Participaciones de la semana=0|Participaciones de la semana anterior=0|Tamaño del grupo=grande,-0.30353463,0.8308131266195484,1.0287372,0.028737187,4.000134036437623,1.0287372,1.0946386,3.1652927,3.3826718,2.456552,0.21484101,0.1839037
Computación Emergente,6,anon_250,2526-2,1,Año que cursa=4|Participaciones de la semana=1|Participaciones de la semana anterior=0|Tamaño del grupo=grande,9.788318,5.093713880634033,1.2943125,0.29431248,3.3672346893598233,1.2943125,1.1614227,3.799017,4.151106,1.7496691,0.76231,1.4907122
Computación Emergente,6,anon_251,2526-2,1,Año que cursa=4|Participaciones de la semana=0|Participaciones de la semana anterior=0|Tamaño del grupo=grande,3.1158695,1.2130143414927552,1.167583,0.16758299,3.880699539141278,1.167583,1.2919049,3.640419,4.1582046,2.2221694,0.17817664,0.3844571
Computación Emergente,6,anon_252,2526-2,1,Año que cursa=4|Participaciones de la semana=1|Participaciones de la semana anterior=0|Tamaño del grupo=grande,11.826321,5.093713880634033,1.249651,0.24965096,3.3672346893598233,1.249651,1.1256247,3.6922235,3.8815699,1.4509087,0.9038906,1.5871239
Computación Emergente,6,anon_253,2526-2,1,Año que cursa=5 o más|Participaciones de la semana=0|Participaciones de la semana anterior=0|Tamaño del grupo=grande,-0.31452572,0.8308131266195484,1.0237325,0.023732543,4.000134036437623,1.0237325,1.085855,3.1501136,3.3516016,2.4975095,0.16138172,0.1839037
Computación Emergente,6,anon_254,2526-2,1,Año que cursa=4|Participaciones de la semana=0|Participaciones de la semana anterior=0|Tamaño del grupo=grande,0.035751343,1.2130143414927552,1.0660602,0.066060185,3.880699539141278,1.0660602,1.1768751,3.3114283,3.573563,2.5053873,0.19024026,0.11015856
Computación Emergente,6,anon_255,2526-2,1,Año que cursa=4|Participaciones de la semana=0|Participaciones de la semana anterior=0|Tamaño del grupo=grande,0.034613967,1.2130143414927552,1.0640427,0.06404269,3.880699539141278,1.0640427,1.1721406,3.3042216,3.560058,2.5123696,0.16810775,0.11015856
Computación Emergente,6,anon_256,2526-2,1,Año que cursa=5 o más|Participaciones de la semana=0|Participaciones de la semana anterior=0|Tamaño del grupo=grande,-0.31198275,0.8308131266195484,1.0204397,0.020439744,4.000134036437623,1.0204397,1.0801973,3.1398206,3.3306365,2.5184898,0.11972535,0.1839037
Computación Emergente,6,anon_257,2526-2,1,Año que cursa=4|Participaciones de la semana=0|Participaciones de la semana anterior=1|Tamaño del grupo=grande,4.255271,5.6024586044535205,1.1771903,0.1771903,-0.15486620634553017,1.1391916,1.2652159,3.6630893,4.0303917,2.232037,0.24893141,0.5843351
Computación Emergente,6,anon_258,2526-2,1,Año que cursa=4|Participaciones de la semana=1|Participaciones de la semana anterior=0|Tamaño del grupo=grande,1.0926114,5.093713880634033,1.0979797,0.097979665,3.3672346893598233,1.0979797,1.2178173,3.283957,3.6216788,2.5978274,0.13350797,0.09573841
Computación Emergente,6,anon_259,2526-2,1,Participaciones de la semana=0|Participaciones de la semana anterior=0|Tamaño del grupo=grande,0.03494692,1.291335143821128,1.0567483,0.05674827,4.110977066035449,1.0567483,1.1539271,3.2776663,3.5098126,2.5320745,0.09592497,0.11015856
Computación Emergente,6,anon_260,2526-2,1,Año que cursa=5 o más|Participaciones de la semana=0|Participaciones de la semana anterior=0|Tamaño del grupo=grande,5.353093,0.8308131266195484,1.1478739,0.14787388,4.000134036437623,1.1478739,1.1922798,3.4954977,3.92068,1.8656664,0.76540947,0.48719883
Computación Emergente,6,anon_261,2526-2,1,Año que cursa=5 o más|Participaciones de la semana=0|Participaciones de la semana anterior=0|Tamaño del grupo=grande,-0.29076076,0.8308131266195484,1.0158368,0.015836835,4.000134036437623,1.0158368,1.0722032,3.12483,3.3004434,2.5375726,0.047564983,0.1839037
Computación Emergente,6,anon_262,2526-2,1,Año que cursa=5 o más|Participaciones de la semana=0|Participaciones de la semana anterior=0|Tamaño del grupo=grande,0.99562407,0.8308131266195484,1.0376973,0.037697315,4.000134036437623,1.0376973,1.1036582,3.1974497,3.4346557,2.469606,0.10158539,0.13031161
Computación Emergente,6,anon_263,2526-2,1,Año que cursa=5 o más|Participaciones de la semana=0|Participaciones de la semana anterior=0|Tamaño del grupo=grande,-0.27758408,0.8308131266195484,1.0143293,0.014329314,4.000134036437623,1.0143293,1.0694585,3.1197329,3.2901626,2.5406063,0.022036552,0.1839037
Computación Emergente,6,anon_264,2526-2,1,Año que cursa=5 o más|Participaciones de la semana=0|Participaciones de la semana anterior=0|Tamaño del grupo=grande,-0.2701969,0.8308131266195484,1.0136477,0.0136476755,4.000134036437623,1.0136477,1.0681791,3.117398,3.28541,2.541288,0.011147618,0.1839037
Computación Emergente,6,anon_265,2526-2,1,Año que cursa=5 o más|Participaciones de la semana=0|Participaciones de la semana anterior=0|Tamaño del grupo=grande,0.93613243,0.8308131266195484,1.0325541,0.03255415,4.000134036437623,1.0325541,1.0955038,3.1804662,3.4027796,2.516253,0.11273193,0.13892472
Computación Emergente,6,anon_266,2526-2,1,Año que cursa=4|Participaciones de la semana=0|Participaciones de la semana anterior=0|Tamaño del grupo=grande,1.5368183,1.2130143414927552,1.0753791,0.07537913,3.880699539141278,1.0753791,1.1731858,3.348523,3.6265843,2.4527044,0.16535747,0.1414324
Computación Emergente,6,anon_267,2526-2,1,Año que cursa=4|Participaciones de la semana=0|Participaciones de la semana anterior=0|Tamaño del grupo=grande,0.062405705,1.2130143414927552,1.0445168,0.0445168,3.880699539141278,1.0445168,1.119426,3.2312508,3.4196563,2.5390635,0.03962207,0.11015856
Computación Emergente,6,anon_268,2526-2,1,Año que cursa=5 o más|Participaciones de la semana=0|Participaciones de la semana anterior=0|Tamaño del grupo=grande,1.0347415,0.8308131266195484,1.0308279,0.03082788,4.000134036437623,1.0308279,1.0925083,3.1756754,3.3892722,2.4783425,0.1969521,0.13031161
Computación Emergente,6,anon_269,2526-2,1,Año que cursa=4|Participaciones de la semana=0|Participaciones de la semana anterior=0|Tamaño del grupo=grande,0.073444724,1.2130143414927552,1.0424888,0.042488813,3.880699539141278,1.0424888,1.1131837,3.2232165,3.403566,2.5352201,0.043931484,0.11015856
Computación Emergente,6,anon_270,2526-2,1,Año que cursa=4|Participaciones de la semana=0|Participaciones de la semana anterior=0|Tamaño del grupo=grande,0.07963896,1.2130143414927552,1.041559,0.04155898,3.880699539141278,1.041559,1.1102569,3.2194743,3.3959901,2.532652,0.050107837,0.11015856
Computación Emergente,6,anon_271,2526-2,1,Año que cursa=5 o más|Participaciones de la semana=0|Participaciones de la semana anterior=0|Tamaño del grupo=grande,-0.1968906,0.8308131266195484,1.0098338,0.009833813,4.000134036437623,1.0098338,1.0601764,3.103894,3.2555425,2.5296576,0.09397781,0.1839037
Computación Emergente,6,anon_272,2526-2,1,Año que cursa=4|Participaciones de la semana=0|Participaciones de la semana anterior=0|Tamaño del grupo=grande,0.093373656,1.2130143414927552,1.0398612,0.039861202,3.880699539141278,1.0398612,1.1047778,3.2125068,3.3817177,2.5262399,0.06391823,0.11015856
Computación Emergente,6,anon_273,2526-2,1,Año que cursa=5 o más|Participaciones de la semana=0|Participaciones de la semana anterior=0|Tamaño del grupo=grande,-0.17561197,0.8308131266195484,1.0093101,0.009310126,4.000134036437623,1.0093101,1.0587687,3.1018724,3.249949,2.522397,0.1125412,0.1839037
Computación Emergente,6,anon_274,2526-2,1,Año que cursa=5 o más|Participaciones de la semana=0|Participaciones de la semana anterior=0|Tamaño del grupo=grande,-0.1646409,0.8308131266195484,1.0091097,0.0091097355,4.000134036437623,1.0091097,1.0581479,3.101047,3.2473826,2.518129,0.120765805,0.1839037
Computación Emergente,6,anon_275,2526-2,1,Año que cursa=4|Participaciones de la semana=0|Participaciones de la semana anterior=0|Tamaño del grupo=grande,2.9043627,1.2130143414927552,1.0780971,0.078097105,3.880699539141278,1.0780971,1.1597743,3.3570867,3.6395955,2.3367724,0.32039022,0.4222815
Computación Emergente,6,anon_276,2526-2,1,Año que cursa=5 o más|Participaciones de la semana=0|Participaciones de la semana anterior=0|Tamaño del grupo=grande,3.930464,0.8308131266195484,1.0819776,0.081977606,4.000134036437623,1.0819776,1.1374321,3.3212392,3.6238668,2.0629766,0.72648144,0.36539626
Computación Emergente,6,anon_277,2526-2,1,Año que cursa=5 o más|Participaciones de la semana=0|Participaciones de la semana anterior=0|Tamaño del grupo=grande,1.1229063,0.8308131266195484,1.0251573,0.025157332,4.000134036437623,1.0251573,1.0820885,3.157126,3.3446136,2.455257,0.28457975,0.13031161
Computación Emergente,6,anon_278,2526-2,1,Año que cursa=4|Participaciones de la semana=0|Participaciones de la semana anterior=0|Tamaño del grupo=grande,0.15532637,1.2130143414927552,1.0354918,0.035491824,3.880699539141278,1.0354918,1.089231,3.1929545,3.339818,2.4902015,0.109732985,0.11015856
Computación Emergente,6,anon_279,2526-2,1,Año que cursa=5 o más|Participaciones de la semana=0|Participaciones de la semana anterior=1|Tamaño del grupo=grande,8.473145,5.0455738174294655,1.1543484,0.15434837,3.6840781065636587,1.1434321,1.1582642,3.46313,3.7984023,1.2000942,1.3572369,1.1308241
Computación Emergente,6,anon_280,2526-2,1,Año que cursa=4|Participaciones de la semana=0|Participaciones de la semana anterior=0|Tamaño del grupo=grande,1.419108,1.2130143414927552,1.0493187,0.04931867,3.880699539141278,1.0493187,1.1093593,3.2446094,3.4334373,2.471519,0.19754672,0.1061157
Computación Emergente,6,anon_281,2526-2,1,Año que cursa=3|Participaciones de la semana=0|Participaciones de la semana anterior=0|Tamaño del grupo=grande,0.9001164,2.621757688350894,1.073288,0.073287964,4.981930283296754,1.073288,1.1177897,3.2954373,3.4442744,2.467846,0.10242921,0.08267373
Computación Emergente,6,anon_282,2526-2,1,Año que cursa=4|Participaciones de la semana=0|Participaciones de la semana anterior=0|Tamaño del grupo=grande,0.19993806,1.2130143414927552,1.0340099,0.034009933,3.880699539141278,1.0340099,1.0825701,3.1847103,3.3206022,2.4593859,0.1387291,0.11015856
Computación Emergente,6,anon_174,2526-3,1,Año que cursa=4|Participaciones de la semana=0|Participaciones de la semana anterior=0|Tamaño del grupo=grande,0.067525625,1.2130143414927552,1.0391363,0.03913629,3.880699539141278,1.0391363,1.1256065,3.2170584,3.5961616,2.6136265,0.031135798,0.10311055
Computación Emergente,6,anon_283,2526-3,1,Año que cursa=5 o más|Participaciones de la semana=0|Participaciones de la semana anterior=0|Tamaño del grupo=grande,2.3873625,0.8308131266195484,1.0943794,0.094379425,4.000134036437623,1.0943794,1.1759081,3.3482075,3.8889217,2.279996,0.09999442,0.14544201
Computación Emergente,6,anon_284,2526-3,1,Año que cursa=4|Participaciones de la semana=0|Participaciones de la semana anterior=1|Tamaño del grupo=grande,17.803707,5.6024586044535205,1.1204109,0.12041092,-0.15486620634553017,1.1485405,1.0889091,3.2422638,3.3518906,1.26754,0.61663055,0.77310944
Computación Emergente,6,anon_285,2526-3,1,Año que cursa=5 o más|Participaciones de la semana=0|Participaciones de la semana anterior=2|Tamaño del grupo=grande,20.58001,15.327594339390618,1.0995064,0.09950638,2.6774347141445354,1.1429558,1.0884666,3.2109337,3.4520874,0.8648224,0.83164215,0.7033539
Computación Emergente,6,anon_286,2526-3,1,Año que cursa=4|Participaciones de la semana=0|Participaciones de la semana anterior=0|Tamaño del grupo=grande,15.428342,1.2130143414927552,1.1637716,0.16377163,3.880699539141278,1.1637716,1.0973015,3.3458471,3.4101973,1.4103775,0.79361534,1.0000134
Computación Emergente,6,anon_287,2526-3,1,Año que cursa=5 o más|Participaciones de la semana=0|Participaciones de la semana anterior=2|Tamaño del grupo=grande,23.26762,15.327594339390618,1.0672035,0.06720352,2.6774347141445354,1.0968742,1.0602303,3.1368675,3.2559319,1.009716,0.5818634,0.5005264
Computación Emergente,6,anon_288,2526-3,1,Año que cursa=3|Participaciones de la semana=0|Participaciones de la semana anterior=1|Tamaño del grupo=grande,15.273394,9.828901450163265,1.174551,0.17455101,-1.6526347364853642,1.1870956,1.1397018,3.4080257,3.5353212,1.5805225,0.1565094,0.84909725
Computación Emergente,6,anon_289,2526-3,1,Año que cursa=5 o más|Participaciones de la semana=0|Participaciones de la semana anterior=0|Tamaño del grupo=grande,-0.2629943,0.8308131266195484,1.0256989,0.0256989,4.000134036437623,1.0256989,1.0934193,3.143733,3.4583976,2.5249171,0.19581461,0.15098667
Computación Emergente,6,anon_290,2526-3,1,Año que cursa=5 o más|Participaciones de la semana=0|Participaciones de la semana anterior=0|Tamaño del grupo=grande,7.9615707,0.8308131266195484,1.1993771,0.19937706,4.000134036437623,1.1993771,1.2046604,3.6132355,4.297765,1.5937653,1.2341337,0.9263277
Computación Emergente,6,anon_291,2526-3,1,Año que cursa=3|Participaciones de la semana=0|Participaciones de la semana anterior=0|Tamaño del grupo=grande,1.0607178,2.621757688350894,1.1235313,0.12353134,4.981930283296754,1.1235313,1.2013116,3.4690454,3.8629105,2.5493436,0.19958282,0.12736213
Computación Emergente,6,anon_292,2526-3,1,Año que cursa=4|Participaciones de la semana=0|Participaciones de la semana anterior=1|Tamaño del grupo=grande,8.836972,5.6024586044535205,1.2717075,0.27170753,-0.15486620634553017,1.253521,1.2442818,3.7479305,4.372699,1.8474584,0.8759384,1.466464
Computación Emergente,6,anon_293,2526-3,1,Año que cursa=4|Participaciones de la semana=0|Participaciones de la semana anterior=0|Tamaño del grupo=grande,0.06451404,1.2130143414927552,1.0599548,0.059954762,3.880699539141278,1.0599548,1.1750197,3.2974348,3.7350688,2.569366,0.18688107,0.10311055
Computación Emergente,6,anon_294,2526-3,1,Año que cursa=4|Participaciones de la semana=0|Participaciones de la semana anterior=0|Tamaño del grupo=grande,0.061708927,1.2130143414927552,1.0575095,0.05750954,3.880699539141278,1.0575095,1.1700718,3.2885358,3.721059,2.5777786,0.1645335,0.10311055
Computación Emergente,6,anon_295,2526-3,1,Año que cursa=3|Participaciones de la semana=0|Participaciones de la semana anterior=0|Tamaño del grupo=grande,1.0424807,2.621757688350894,1.1123431,0.11234307,4.981930283296754,1.1123431,1.1882601,3.4384573,3.8247426,2.5851665,0.15724897,0.12736213
Computación Emergente,6,anon_296,2526-3,1,Año que cursa=4|Participaciones de la semana=0|Participaciones de la semana anterior=0|Tamaño del grupo=grande,0.05809486,1.2130143414927552,1.0529687,0.05296874,3.880699539141278,1.0529687,1.160357,3.2716684,3.6936984,2.5915716,0.12308514,0.10311055
Computación Emergente,6,anon_297,2526-3,1,Año que cursa=3|Participaciones de la semana=0|Participaciones de la semana anterior=1|Tamaño del grupo=grande,15.0563345,9.828901450163265,1.1809473,0.1809473,-1.6526347364853642,1.1842775,1.1544838,3.4734926,3.6453,1.5204382,0.2195673,0.8266411
Computación Emergente,6,anon_298,2526-3,1,Año que cursa=4|Participaciones de la semana=0|Participaciones de la semana anterior=0|Tamaño del grupo=grande,9.274622,1.2130143414927552,1.2330027,0.23300266,3.880699539141278,1.2330027,1.21241,3.727748,4.1970835,1.5943604,1.0141478,1.4438477
Computación Emergente,6,anon_299,2526-3,1,Año que cursa=4|Participaciones de la semana=0|Participaciones de la semana anterior=0|Tamaño del grupo=grande,0.057335734,1.2130143414927552,1.0470074,0.04700744,3.880699539141278,1.0470074,1.1464317,3.2487907,3.6547065,2.6053805,0.08116138,0.10311055
Computación Emergente,6,anon_300,2526-3,1,Año que cursa=5 o más|Participaciones de la semana=0|Participaciones de la semana anterior=2|Tamaño del grupo=grande,22.08387,15.327594339390618,1.0795479,0.07954788,2.6774347141445354,1.1103516,1.0711517,3.1792145,3.3560715,1.1263695,0.6953659,0.5958252
Computación Emergente,6,anon_301,2526-3,1,Año que cursa=5 o más|Participaciones de la semana=0|Participaciones de la semana anterior=0|Tamaño del grupo=grande,8.956856,0.8308131266195484,1.1795044,0.1795044,4.000134036437623,1.1795044,1.1734428,3.5448399,4.159091,1.5996981,1.4865031,1.0243521
Computación Emergente,6,anon_302,2526-3,1,Año que cursa=5 o más|Participaciones de la semana=0|Participaciones de la semana anterior=0|Tamaño del grupo=grande,-0.2500348,0.8308131266195484,1.011888,0.011888027,4.000134036437623,1.011888,1.070487,3.100021,3.3679934,2.6122289,0.016834378,0.15098667
Computación Emergente,6,anon_303,2526-3,1,Año que cursa=3|Participaciones de la semana=0|Participaciones de la semana anterior=0|Tamaño del grupo=grande,10.24022,2.621757688350894,1.1974754,0.19747543,4.981930283296754,1.1974754,1.197465,3.6380577,3.9618168,1.7263069,0.54091454,1.0184536
Computación Emergente,6,anon_304,2526-3,1,Año que cursa=3|Participaciones de la semana=0|Participaciones de la semana anterior=0|Tamaño del grupo=grande,0.9971534,2.621757688350894,1.0877241,0.08772409,4.981930283296754,1.0877241,1.1537046,3.3608317,3.7238445,2.613505,0.095440626,0.12736213
Computación Emergente,6,anon_305,2526-3,1,Año que cursa=3|Participaciones de la semana=0|Participaciones de la semana anterior=1|Tamaño del grupo=grande,16.372593,9.828901450163265,1.1601295,0.16012955,-1.6526347364853642,1.1652079,1.1301117,3.4109612,3.5303736,1.6408024,0.25249672,0.65782166
Computación Emergente,6,anon_306,2526-3,1,Año que cursa=3|Participaciones de la semana=0|Participaciones de la semana anterior=1|Tamaño del grupo=grande,6.859562,9.828901450163265,1.1603699,0.16036987,-1.6526347364853642,1.1435461,1.1933937,3.5713654,3.9723244,2.1109571,0.61176586,0.8456702
Computación Emergente,6,anon_307,2526-3,1,Año que cursa=4|Participaciones de la semana=0|Participaciones de la semana anterior=0|Tamaño del grupo=grande,0.08537686,1.2130143414927552,1.0344323,0.034432292,3.880699539141278,1.0344323,1.1114721,3.1969032,3.5553012,2.6102247,0.04088545,0.10311055
Computación Emergente,6,anon_308,2526-3,1,Año que cursa=4|Participaciones de la semana=0|Participaciones de la semana anterior=0|Tamaño del grupo=grande,11.748975,1.2130143414927552,1.2151613,0.21516132,3.880699539141278,1.2151613,1.1663351,3.632619,3.9526405,1.2931385,0.7156191,1.2116385
Computación Emergente,6,anon_309,2526-3,1,Año que cursa=4|Participaciones de la semana=0|Participaciones de la semana anterior=0|Tamaño del grupo=grande,0.09740627,1.2130143414927552,1.0325338,0.032533765,3.880699539141278,1.0325338,1.105267,3.1883411,3.5367465,2.6057978,0.057258487,0.10311055
Computación Emergente,6,anon_310,2526-3,1,Año que cursa=4|Participaciones de la semana=0|Participaciones de la semana anterior=0|Tamaño del grupo=grande,13.441945,1.2130143414927552,1.1967182,0.19671822,3.880699539141278,1.1967182,1.1398201,3.553712,3.7717543,1.0544538,0.5258398,1.1217356
Computación Emergente,6,anon_311,2526-3,1,Año que cursa=4|Participaciones de la semana=0|Participaciones de la semana anterior=0|Tamaño del grupo=grande,0.111439705,1.2130143414927552,1.0309049,0.03090489,3.880699539141278,1.0309049,1.0996163,3.180675,3.5193508,2.5996637,0.072604775,0.10311055
Computación Emergente,6,anon_312,2526-3,1,Año que cursa=3|Participaciones de la semana=0|Participaciones de la semana anterior=0|Tamaño del grupo=grande,6.694221,2.621757688350894,1.1388245,0.13882446,4.981930283296754,1.1388245,1.1841145,3.516582,3.9611592,2.1320076,0.6352277,0.8434057
Computación Emergente,6,anon_313,2526-3,1,Año que cursa=4|Participaciones de la semana=0|Participaciones de la semana anterior=0|Tamaño del grupo=grande,1.500114,1.2130143414927552,1.0481193,0.048119307,3.880699539141278,1.0481193,1.126215,3.2476563,3.6677551,2.549278,0.21231437,0.17258668
Computación Emergente,6,anon_314,2526-3,1,Año que cursa=5 o más|Participaciones de la semana=0|Participaciones de la semana anterior=0|Tamaño del grupo=grande,0.992277,0.8308131266195484,1.0217887,0.021788716,4.000134036437623,1.0217887,1.080967,3.1309133,3.4276123,2.607779,0.20845175,0.13302624
Computación Emergente,6,anon_315,2526-3,1,Año que cursa=4|Participaciones de la semana=0|Participaciones de la semana anterior=0|Tamaño del grupo=grande,1.3431292,1.2130143414927552,1.0441988,0.04419875,3.880699539141278,1.0441988,1.1177268,3.2314935,3.6310577,2.6033616,0.16572583,0.12475681
Computación Emergente,6,anon_316,2526-3,1,Año que cursa=3|Participaciones de la semana=0|Participaciones de la semana anterior=0|Tamaño del grupo=grande,11.668186,2.621757688350894,1.1458435,0.1458435,4.981930283296754,1.1458435,1.1705742,3.531828,3.8469658,1.1893892,0.54762936,0.9548521
Computación Emergente,6,anon_317,2526-3,1,Año que cursa=3|Participaciones de la semana=0|Participaciones de la semana anterior=0|Tamaño del grupo=grande,0.9552935,2.621757688350894,1.0646479,0.06464791,4.981930283296754,1.0646479,1.1137929,3.275617,3.6016934,2.570734,0.1074698,0.12736207
Computación Emergente,6,anon_318,2526-3,1,Año que cursa=5 o más|Participaciones de la semana=0|Participaciones de la semana anterior=0|Tamaño del grupo=grande,-0.08790374,0.8308131266195484,1.006553,0.006553054,4.000134036437623,1.006553,1.0578396,3.08121,3.308021,2.56426,0.15516663,0.15098667
Computación Emergente,6,anon_319,2526-3,1,Año que cursa=4|Participaciones de la semana=0|Participaciones de la semana anterior=1|Tamaño del grupo=grande,9.030835,5.6024586044535205,1.1694517,0.16945171,-0.15486620634553017,1.1440091,1.1978197,3.6123114,4.1497188,1.5659094,0.5527582,1.3878231
Computación Emergente,6,anon_320,2526-3,1,Año que cursa=5 o más|Participaciones de la semana=0|Participaciones de la semana anterior=0|Tamaño del grupo=grande,1.1137445,0.8308131266195484,1.021414,0.021414042,4.000134036437623,1.021414,1.0795245,3.1295168,3.413932,2.5477545,0.2744969,0.12618637
Computación Emergente,6,anon_321,2526-3,1,Año que cursa=4|Participaciones de la semana=0|Participaciones de la semana anterior=0|Tamaño del grupo=grande,4.7490196,1.2130143414927552,1.0848079,0.08480787,3.880699539141278,1.0848079,1.1621141,3.3790264,3.9177027,2.0486374,0.4862795,1.0373845
Computación Emergente,8,anon_148,2425-3,1,Año que cursa=4|Participaciones de la semana=0|Participaciones de la semana anterior=0|Tamaño del grupo=grande,2.2911377,1.2130143414927552,1.1293731,0.12937307,3.880699539141278,1.1293731,1.1155381,3.321054,3.4853497,0.7611375,0.3568952,0.18685555
Computación Emergente,8,anon_149,2425-3,1,Año que cursa=4|Participaciones de la semana=0|Participaciones de la semana anterior=1|Tamaño del grupo=grande,3.4794064,5.6024586044535205,1.1280966,0.12809658,-0.15486620634553017,1.1295526,1.1165519,3.3058062,3.491609,0.83974123,0.4766984,0.19764495
Computación Emergente,8,anon_150,2425-3,1,Año que cursa=4|Participaciones de la semana=0|Participaciones de la semana anterior=0|Tamaño del grupo=grande,2.2555637,1.2130143414927552,1.1296344,0.12963438,3.880699539141278,1.1296344,1.1174984,3.3238955,3.4975686,0.71715784,0.3871621,0.18685555
Computación Emergente,8,anon_151,2425-3,1,Año que cursa=5 o más|Participaciones de la semana=0|Participaciones de la semana anterior=1|Tamaño del grupo=grande,2.0139847,5.0455738174294655,1.090267,0.09026694,3.6840781065636587,1.0818375,1.0974131,3.238573,3.3917859,0.63833094,0.48515093,0.2668575
Computación Emergente,8,anon_152,2425-3,1,Año que cursa=5 o más|Participaciones de la semana=0|Participaciones de la semana anterior=0|Tamaño del grupo=grande,2.0483208,0.8308131266195484,1.0909858,0.090985775,4.000134036437623,1.0909858,1.0993629,3.242146,3.409513,0.6761949,0.5315895,0.28068113
Computación Emergente,8,anon_153,2425-3,1,Año que cursa=5 o más|Participaciones de la semana=0|Participaciones de la semana anterior=0|Tamaño del grupo=grande,0.82317394,0.8308131266195484,1.078927,0.07892704,4.000134036437623,1.078927,1.0968728,3.2223544,3.3916764,0.4791752,0.39616975,0.23724735
Computación Emergente,8,anon_154,2425-3,1,Año que cursa=5 o más|Participaciones de la semana=0|Participaciones de la semana anterior=0|Tamaño del grupo=grande,0.8010312,0.8308131266195484,1.0774715,0.077471495,4.000134036437623,1.0774715,1.0965304,3.2199383,3.3912601,0.4591931,0.39888787,0.23724735
Computación Emergente,8,anon_155,2425-3,1,Año que cursa=4|Participaciones de la semana=0|Participaciones de la semana anterior=0|Tamaño del grupo=grande,3.6935802,1.2130143414927552,1.1371751,0.13717508,3.880699539141278,1.1371751,1.115006,3.3345342,3.5020247,0.95582986,0.82221484,0.2590723
Computación Emergente,8,anon_156,2425-3,1,Año que cursa=4|Participaciones de la semana=0|Participaciones de la semana anterior=0|Tamaño del grupo=grande,0.8943754,1.2130143414927552,1.1135476,0.11354756,3.880699539141278,1.1135476,1.127378,3.3107462,3.5271425,0.42261535,0.31636268,0.1454367
Computación Emergente,8,anon_157,2425-3,1,Año que cursa=4|Participaciones de la semana=0|Participaciones de la semana anterior=0|Tamaño del grupo=grande,0.8844756,1.2130143414927552,1.1124913,0.11249125,3.880699539141278,1.1124913,1.1275172,3.3091335,3.5281615,0.40599343,0.3330691,0.1454367
Computación Emergente,8,anon_158,2425-3,1,Año que cursa=4|Participaciones de la semana=0|Participaciones de la semana anterior=0|Tamaño del grupo=grande,0.8757073,1.2130143414927552,1.1114187,0.111418724,3.880699539141278,1.1114187,1.1275692,3.3073947,3.5288866,0.3904394,0.34986472,0.1454367
Computación Emergente,8,anon_159,2425-3,1,Año que cursa=4|Participaciones de la semana=0|Participaciones de la semana anterior=0|Tamaño del grupo=grande,2.1437783,1.2130143414927552,1.126379,0.12637901,3.880699539141278,1.126379,1.1224694,3.3249555,3.534916,0.5609925,0.54358244,0.18685555
Computación Emergente,8,anon_160,2425-3,1,Año que cursa=5 o más|Participaciones de la semana=0|Participaciones de la semana anterior=0|Tamaño del grupo=grande,1.8819182,0.8308131266195484,1.0823708,0.08237076,4.000134036437623,1.0823708,1.098515,3.2294657,3.4207838,0.5480491,0.56455517,0.28068113
Computación Emergente,8,anon_161,2425-3,1,Año que cursa=5 o más|Participaciones de la semana=0|Participaciones de la semana anterior=0|Tamaño del grupo=grande,0.68264735,0.8308131266195484,1.0679661,0.0679661,4.000134036437623,1.0679661,1.0934238,3.2032404,3.3840795,0.34959966,0.43390706,0.23724735
Computación Emergente,8,anon_162,2425-3,1,Año que cursa=3|Participaciones de la semana=0|Participaciones de la semana anterior=0|Tamaño del grupo=grande,0.69977754,2.621757688350894,1.0883555,0.08835554,4.981930283296754,1.0883555,1.1377573,3.2959034,3.5329866,0.33767784,0.0626626,0.043702483
Computación Emergente,8,anon_163,2425-3,1,Año que cursa=3|Participaciones de la semana=0|Participaciones de la semana anterior=0|Tamaño del grupo=grande,0.70197684,2.621757688350894,1.0871863,0.08718634,4.981930283296754,1.0871863,1.1368403,3.2930171,3.5297146,0.32645857,0.052049875,0.043702483
Computación Emergente,8,anon_164,2425-3,1,Año que cursa=4|Participaciones de la semana=0|Participaciones de la semana anterior=1|Tamaño del grupo=grande,6.301621,5.6024586044535205,1.1247988,0.124798775,-0.15486620634553017,1.1341405,1.1069031,3.2903457,3.4799156,1.2989569,1.381607,0.24323702
Computación Emergente,8,anon_165,2425-3,1,Año que cursa=4|Participaciones de la semana=0|Participaciones de la semana anterior=1|Tamaño del grupo=grande,4.7884455,5.6024586044535205,1.1304998,0.13049984,-0.15486620634553017,1.1329057,1.1167283,3.3103094,3.5317318,0.9663565,1.088476,0.23664093
Computación Emergente,8,anon_166,2425-3,1,Año que cursa=4|Participaciones de la semana=0|Participaciones de la semana anterior=1|Tamaño del grupo=grande,2.02907,5.6024586044535205,1.1182501,0.11825013,-0.15486620634553017,1.1025598,1.1252437,3.3090038,3.5262685,0.41863966,0.59793985,0.17608464
Computación Emergente,8,anon_167,2425-3,1,Año que cursa=3|Participaciones de la semana=0|Participaciones de la semana anterior=0|Tamaño del grupo=grande,0.712101,2.621757688350894,1.0826195,0.08261955,4.981930283296754,1.0826195,1.1328764,3.2814236,3.5155888,0.28685158,0.066759765,0.043702483
Computación Emergente,8,anon_168,2425-3,1,Año que cursa=3|Participaciones de la semana=0|Participaciones de la semana anterior=1|Tamaño del grupo=grande,4.5933394,9.828901450163265,1.1368127,0.13681269,-1.6526347364853642,1.1220226,1.1337795,3.3646746,3.5920186,0.95300055,0.41600943,0.19628525
Computación Emergente,8,anon_169,2425-3,1,Año que cursa=4|Participaciones de la semana=0|Participaciones de la semana anterior=0|Tamaño del grupo=grande,0.83238506,1.2130143414927552,1.099114,0.09911394,3.880699539141278,1.099114,1.1234026,3.283445,3.5223656,0.2690969,0.5085815,0.1454367
Computación Emergente,8,anon_170,2425-3,1,Año que cursa=3|Participaciones de la semana=0|Participaciones de la semana anterior=0|Tamaño del grupo=grande,0.72020185,2.621757688350894,1.0792807,0.079280734,4.981930283296754,1.0792807,1.1296158,3.2726555,3.5040593,0.26050162,0.08055961,0.043702483
Computación Emergente,8,anon_171,2425-3,1,Año que cursa=4|Participaciones de la semana=0|Participaciones de la semana anterior=0|Tamaño del grupo=grande,3.5271993,1.2130143414927552,1.1272931,0.12729311,3.880699539141278,1.1272931,1.1154671,3.321538,3.5374866,0.76669383,1.0301628,0.24673772
Computación Emergente,8,anon_172,2425-3,1,Año que cursa=4|Participaciones de la semana=0|Participaciones de la semana anterior=0|Tamaño del grupo=grande,0.8289653,1.2130143414927552,1.0955665,0.09556651,3.880699539141278,1.0955665,1.1212173,3.2761898,3.517199,0.2436338,0.53381866,0.1454367
Computación Emergente,8,anon_173,2425-3,1,Año que cursa=4|Participaciones de la semana=0|Participaciones de la semana anterior=1|Tamaño del grupo=grande,6.231835,5.6024586044535205,1.122529,0.12252903,-0.15486620634553017,1.12847,1.1068611,3.2901397,3.4974418,1.2248979,1.4918246,0.24323702
Computación Emergente,8,anon_174,2425-3,1,Año que cursa=3|Participaciones de la semana=0|Participaciones de la semana anterior=1|Tamaño del grupo=grande,4.512491,9.828901450163265,1.1289883,0.12898827,-1.6526347364853642,1.113059,1.1303883,3.3524709,3.5759587,0.8776972,0.3720646,0.20502806
Computación Emergente,8,anon_175,2425-3,1,Año que cursa=5 o más|Participaciones de la semana=0|Participaciones de la semana anterior=0|Tamaño del grupo=grande,0.62646514,0.8308131266195484,1.0555966,0.05559659,4.000134036437623,1.0555966,1.0870528,3.1798847,3.3686478,0.21863836,0.5734534,0.23724735
Computación Emergente,8,anon_176,2425-3,1,Año que cursa=4|Participaciones de la semana=0|Participaciones de la semana anterior=1|Tamaño del grupo=grande,6.198538,5.6024586044535205,1.1209493,0.12094927,-0.15486620634553017,1.1257162,1.1061125,3.2885075,3.5000367,1.18539,1.4931498,0.24323702
Computación Emergente,8,anon_177,2425-3,1,Año que cursa=5 o más|Participaciones de la semana=0|Participaciones de la semana anterior=0|Tamaño del grupo=grande,0.6300934,0.8308131266195484,1.0544546,0.054454565,4.000134036437623,1.0544546,1.0861516,3.1777506,3.3673618,0.2019397,0.5921034,0.23724735
Computación Emergente,8,anon_178,2425-3,1,Año que cursa=3|Participaciones de la semana=0|Participaciones de la semana anterior=1|Tamaño del grupo=grande,3.1050427,9.828901450163265,1.1072295,0.10722947,-1.6526347364853642,1.0880557,1.1275339,3.3244274,3.5323305,0.50330806,0.2087276,0.08045578
Computación Emergente,8,anon_179,2425-3,1,Año que cursa=4|Participaciones de la semana=0|Participaciones de la semana anterior=0|Tamaño del grupo=grande,0.8221472,1.2130143414927552,1.0869222,0.08692217,3.880699539141278,1.0869222,1.1153636,3.2589695,3.5007079,0.18743902,0.55555975,0.1454367
Computación Emergente,8,anon_180,2425-3,1,Año que cursa=4|Participaciones de la semana=0|Participaciones de la semana anterior=0|Tamaño del grupo=grande,0.8210204,1.2130143414927552,1.0856583,0.08565831,3.880699539141278,1.0856583,1.1144862,3.2565029,3.4978774,0.18374556,0.5553387,0.1454367
Computación Emergente,8,anon_181,2425-3,1,Año que cursa=4|Participaciones de la semana=0|Participaciones de la semana anterior=0|Tamaño del grupo=grande,0.81983376,1.2130143414927552,1.0843912,0.08439124,3.880699539141278,1.0843912,1.1136045,3.2540383,3.4949336,0.17986298,0.55458456,0.1454367
Computación Emergente,8,anon_182,2425-3,1,Año que cursa=4|Participaciones de la semana=0|Participaciones de la semana anterior=1|Tamaño del grupo=grande,1.986588,5.6024586044535205,1.099721,0.099720955,-0.15486620634553017,1.0831223,1.1127195,3.2771215,3.4918792,0.26887834,0.66689754,0.17608464
Computación Emergente,8,anon_183,2425-3,1,Año que cursa=4|Participaciones de la semana=0|Participaciones de la semana anterior=1|Tamaño del grupo=grande,6.1019025,5.6024586044535205,1.1165085,0.116508484,-0.15486620634553017,1.1184454,1.1036072,3.2835345,3.5030198,1.0674915,1.430624,0.24323702
Computación Emergente,8,anon_184,2425-3,1,Año que cursa=5 o más|Participaciones de la semana=0|Participaciones de la semana anterior=0|Tamaño del grupo=grande,1.8048917,0.8308131266195484,1.0640241,0.06402409,4.000134036437623,1.0640241,1.0878811,3.1992526,3.410942,0.3034438,0.77351844,0.28068113
Computación Emergente,8,anon_185,2425-3,1,Año que cursa=5 o más|Participaciones de la semana=0|Participaciones de la semana anterior=0|Tamaño del grupo=grande,0.6515929,0.8308131266195484,1.0507326,0.050732613,4.000134036437623,1.0507326,1.0823002,3.1706367,3.361441,0.16292298,0.64033246,0.23724735
Computación Emergente,8,anon_185,2425-3,2,Año que cursa=5 o más|Participaciones de la semana=0|Participaciones de la semana anterior=0|Tamaño del grupo=grande,0.2469145,0.8308131266195484,1.0350349,0.035034895,4.000134036437623,1.0350349,1.0665569,3.1215181,3.2676015,0.36953104,0.7088876,0.12959236
Computación Emergente,8,anon_186,2425-3,2,Año que cursa=5 o más|Participaciones de la semana=0|Participaciones de la semana anterior=0|Tamaño del grupo=grande,0.16730344,0.8308131266195484,1.0528916,0.052891612,4.000134036437623,1.0528916,1.0839269,3.1779084,3.295782,0.38575843,0.13029754,0.12959236
Computación Emergente,8,anon_187,2425-3,2,Año que cursa=3|Participaciones de la semana=0|Participaciones de la semana anterior=1|Tamaño del grupo=grande,6.5578637,9.828901450163265,1.1339326,0.13393259,-1.6526347364853642,1.1353674,1.1239414,3.333593,3.527585,0.52619886,1.3093677,0.05177021
Computación Emergente,8,anon_188,2425-3,2,Año que cursa=5 o más|Participaciones de la semana=0|Participaciones de la semana anterior=0|Tamaño del grupo=grande,0.14060283,0.8308131266195484,1.0499771,0.049977064,4.000134036437623,1.0499771,1.082428,3.170953,3.2909763,0.4177968,0.14349255,0.12959236
Computación Emergente,8,anon_189,2425-3,2,Año que cursa=4|Participaciones de la semana=0|Participaciones de la semana anterior=1|Tamaño del grupo=grande,2.3462467,5.6024586044535205,1.0889208,0.08892083,-0.15486620634553017,1.0726328,1.1103802,3.2607045,3.395553,0.46314836,0.44636965,0.23361659
Computación Emergente,8,anon_190,2425-3,2,Año que cursa=5 o más|Participaciones de la semana=0|Participaciones de la semana anterior=0|Tamaño del grupo=grande,0.117133796,0.8308131266195484,1.0470793,0.047079325,4.000134036437623,1.0470793,1.0808241,3.1637294,3.2857904,0.44498086,0.15820882,0.12959236
Computación Emergente,8,anon_191,2425-3,2,Año que cursa=5 o más|Participaciones de la semana=0|Participaciones de la semana anterior=0|Tamaño del grupo=grande,0.10665953,0.8308131266195484,1.0456504,0.045650363,4.000134036437623,1.0456504,1.0799859,3.1600485,3.283081,0.4566592,0.16622534,0.12959236
Computación Emergente,8,anon_192,2425-3,2,Año que cursa=5 o más|Participaciones de la semana=0|Participaciones de la semana anterior=0|Tamaño del grupo=grande,3.7509515,0.8308131266195484,1.0878808,0.08788085,4.000134036437623,1.0878808,1.1107321,3.2670524,3.4138796,0.4613011,0.91646147,0.12997293
Computación Emergente,8,anon_193,2425-3,2,Año que cursa=4|Participaciones de la semana=0|Participaciones de la semana anterior=0|Tamaño del grupo=grande,0.07551861,1.2130143414927552,1.0533724,0.053372383,3.880699539141278,1.0533724,1.0969303,3.1818938,3.331556,0.47600645,0.25438538,0.23367837
Computación Emergente,8,anon_194,2425-3,2,Año que cursa=5 o más|Participaciones de la semana=0|Participaciones de la semana anterior=0|Tamaño del grupo=grande,0.080539525,0.8308131266195484,1.0415397,0.04153967,4.000134036437623,1.0415397,1.077354,3.14897,3.274689,0.48360264,0.19453639,0.12959236
Computación Emergente,8,anon_195,2425-3,2,Año que cursa=5 o más|Participaciones de la semana=0|Participaciones de la semana anterior=0|Tamaño del grupo=grande,0.073672414,0.8308131266195484,1.0402629,0.040262938,4.000134036437623,1.0402629,1.0764508,3.1453557,3.271885,0.49084008,0.20630622,0.12959236
Computación Emergente,8,anon_196,2425-3,2,Año que cursa=5 o más|Participaciones de la semana=0|Participaciones de la semana anterior=0|Tamaño del grupo=grande,1.1784532,0.8308131266195484,1.0525644,0.052564383,4.000134036437623,1.0525644,1.0872107,3.1788452,3.3203652,0.52642465,0.34538376,0.13136935
Computación Emergente,8,anon_197,2425-3,2,Año que cursa=5 o más|Participaciones de la semana=0|Participaciones de la semana anterior=0|Tamaño del grupo=grande,0.06281245,0.8308131266195484,1.0379177,0.037917733,4.000134036437623,1.0379177,1.07464,3.1384387,3.2664618,0.5133795,0.23216558,0.12959236
Computación Emergente,8,anon_198,2425-3,2,Año que cursa=5 o más|Participaciones de la semana=0|Participaciones de la semana anterior=1|Tamaño del grupo=grande,1.1342517,5.0455738174294655,1.0495218,0.049521804,3.6840781065636587,1.0368701,1.0737495,3.1693382,3.2639184,0.5549561,0.33157802,0.13174558
Computación Emergente,8,anon_199,2425-3,2,Año que cursa=4|Participaciones de la semana=0|Participaciones de la semana anterior=0|Tamaño del grupo=grande,1.2865059,1.2130143414927552,1.0663345,0.066334486,3.880699539141278,1.0663345,1.1090331,3.21747,3.4046295,0.5107186,0.57531154,0.21825218
Computación Emergente,8,anon_200,2425-3,2,Año que cursa=4|Participaciones de la semana=0|Participaciones de la semana anterior=0|Tamaño del grupo=grande,3.8109274,1.2130143414927552,1.1034508,0.103450775,3.880699539141278,1.1034508,1.1262803,3.304244,3.5322938,0.55631995,1.1651907,0.17314029
Computación Emergente,8,anon_201,2425-3,2,Año que cursa=4|Participaciones de la semana=0|Participaciones de la semana anterior=0|Tamaño del grupo=grande,0.10060364,1.2130143414927552,1.0501599,0.05015993,3.880699539141278,1.0501599,1.0933344,3.1716905,3.3316567,0.5425365,0.3607661,0.23367837
Computación Emergente,8,anon_202,2425-3,2,Año que cursa=4|Participaciones de la semana=0|Participaciones de la semana anterior=0|Tamaño del grupo=grande,1.2627667,1.2130143414927552,1.0658358,0.06583583,3.880699539141278,1.0658358,1.1060691,3.2138548,3.4060493,0.5558207,0.56372726,0.2349962
Computación Emergente,8,anon_203,2425-3,2,Año que cursa=5 o más|Participaciones de la semana=0|Participaciones de la semana anterior=0|Tamaño del grupo=grande,0.05431491,0.8308131266195484,1.0331421,0.03314209,4.000134036437623,1.0331421,1.069804,3.1223595,3.2543182,0.5489078,0.33117598,0.12959236
Computación Emergente,8,anon_204,2425-3,2,Año que cursa=4|Participaciones de la semana=0|Participaciones de la semana anterior=0|Tamaño del grupo=grande,2.5840564,1.2130143414927552,1.0817809,0.08178091,3.880699539141278,1.0817809,1.1182008,3.2569785,3.4771523,0.50324607,0.95483446,0.19229674
Computación Emergente,8,anon_205,2425-3,2,Año que cursa=4|Participaciones de la semana=0|Participaciones de la semana anterior=0|Tamaño del grupo=grande,0.14204395,1.2130143414927552,1.0497882,0.049788237,3.880699539141278,1.0497882,1.0916679,3.1690435,3.3335037,0.54961556,0.42559233,0.23367837
Computación Emergente,8,anon_206,2425-3,2,Año que cursa=5 o más|Participaciones de la semana=0|Participaciones de la semana anterior=0|Tamaño del grupo=grande,1.2372769,0.8308131266195484,1.0447432,0.04474318,4.000134036437623,1.0447432,1.0829172,3.1574173,3.3166656,0.52575195,0.6408207,0.119523644
Computación Emergente,8,anon_207,2425-3,2,Año que cursa=5 o más|Participaciones de la semana=0|Participaciones de la semana anterior=0|Tamaño del grupo=grande,0.07007891,0.8308131266195484,1.031992,0.03199196,4.000134036437623,1.031992,1.0676961,3.1168437,3.2517095,0.54447496,0.41556463,0.12959236
Computación Emergente,8,anon_208,2425-3,2,Año que cursa=5 o más|Participaciones de la semana=0|Participaciones de la semana anterior=0|Tamaño del grupo=grande,1.2475295,0.8308131266195484,1.0440876,0.04408765,4.000134036437623,1.0440876,1.0816712,3.1545444,3.3163676,0.5163158,0.6853234,0.119523644
Computación Emergente,8,anon_209,2425-3,2,Año que cursa=4|Participaciones de la semana=0|Participaciones de la semana anterior=1|Tamaño del grupo=grande,1.296087,5.6024586044535205,1.0637825,0.06378245,-0.15486620634553017,1.0500562,1.090122,3.2037575,3.3356776,0.559425,0.5845138,0.23549962
Computación Emergente,8,anon_210,2425-3,2,Año que cursa=4|Participaciones de la semana=0|Participaciones de la semana anterior=0|Tamaño del grupo=grande,0.21556771,1.2130143414927552,1.0501953,0.050195336,3.880699539141278,1.0501953,1.0897555,3.1679392,3.3361902,0.52538306,0.49847496,0.23367837
Computación Emergente,8,anon_211,2425-3,2,Año que cursa=4|Participaciones de la semana=0|Participaciones de la semana anterior=0|Tamaño del grupo=grande,0.23210305,1.2130143414927552,1.0503509,0.050350904,3.880699539141278,1.0503509,1.0893967,3.1679766,3.3366556,0.515923,0.5107454,0.23367837
Computación Emergente,8,anon_212,2425-3,2,Año que cursa=5 o más|Participaciones de la semana=0|Participaciones de la semana anterior=0|Tamaño del grupo=grande,0.11642456,0.8308131266195484,1.0323311,0.03233111,4.000134036437623,1.0323311,1.0665147,3.1154096,3.2546747,0.50492007,0.5342191,0.12959236
Computación Emergente,8,anon_213,2425-3,2,Año que cursa=5 o más|Participaciones de la semana=0|Participaciones de la semana anterior=0|Tamaño del grupo=grande,1.3088237,0.8308131266195484,1.0436612,0.043661237,4.000134036437623,1.0436612,1.079349,3.151184,3.3185692,0.46170032,0.8164423,0.117690325
Computación Emergente,8,anon_214,2425-3,2,Año que cursa=5 o más|Participaciones de la semana=0|Participaciones de la semana anterior=0|Tamaño del grupo=grande,0.14342815,0.8308131266195484,1.0328469,0.032846928,4.000134036437623,1.0328469,1.0663815,3.1161687,3.2573006,0.4784211,0.58195233,0.12959236
Computación Emergente,8,anon_215,2425-3,2,Año que cursa=5 o más|Participaciones de la semana=0|Participaciones de la semana anterior=0|Tamaño del grupo=grande,0.15859717,0.8308131266195484,1.0331612,0.033161163,4.000134036437623,1.0331612,1.0663638,3.116776,3.2588274,0.46305132,0.60517305,0.12959236
Computación Emergente,8,anon_216,2425-3,2,Año que cursa=4|Participaciones de la semana=0|Participaciones de la semana anterior=0|Tamaño del grupo=grande,1.5135497,1.2130143414927552,1.0629689,0.06296885,3.880699539141278,1.0629689,1.0995879,3.2042398,3.3960505,0.41366935,0.7788819,0.21825218
Computación Emergente,8,anon_217,2425-3,2,Año que cursa=5 o más|Participaciones de la semana=0|Participaciones de la semana anterior=0|Tamaño del grupo=grande,0.19181097,0.8308131266195484,1.0338725,0.033872485,4.000134036437623,1.0338725,1.0663991,3.1183796,3.2621922,0.428567,0.6495264,0.12959236
Computación Emergente,8,anon_218,2425-3,2,Año que cursa=5 o más|Participaciones de la semana=0|Participaciones de la semana anterior=0|Tamaño del grupo=grande,1.3785114,0.8308131266195484,1.0445776,0.0445776,4.000134036437623,1.0445776,1.0775466,3.1521397,3.323217,0.37316597,0.9124168,0.119523644
Computación Emergente,8,anon_219,2425-3,2,Año que cursa=5 o más|Participaciones de la semana=0|Participaciones de la semana anterior=1|Tamaño del grupo=grande,1.3033177,5.0455738174294655,1.0451483,0.045148253,3.6840781065636587,1.0346457,1.0664961,3.1513085,3.2657933,0.40005147,0.78922355,0.13174558
Computación Emergente,8,anon_174,2526-1,1,Año que cursa=3|Participaciones de la semana=0|Participaciones de la semana anterior=0|Tamaño del grupo=pequeño,0.07897955,3.6375044359717554,1.0317261,0.031726122,4.509899048152687,1.0317261,1.0853522,3.1510682,3.2991025,0.88144255,0.08154428,0.047878385
Computación Emergente,8,anon_205,2526-1,1,Año que cursa=4|Participaciones de la semana=0|Participaciones de la semana anterior=0|Tamaño del grupo=pequeño,-0.12027669,0.5365097457199435,1.0050124,0.005012393,0.6856790863723685,1.0050124,1.0410626,3.052993,3.1501622,0.8914952,0.080566406,0.08519167
Computación Emergente,8,anon_212,2526-1,1,Año que cursa=5 o más|Participaciones de la semana=0|Participaciones de la semana anterior=0|Tamaño del grupo=pequeño,0.91370296,1.4453365605907258,1.0010736,0.0010735989,1.4454581151845078,1.0010736,1.0161598,3.0158255,3.0833514,0.9791411,0.32349497,0.10113263
Computación Emergente,8,anon_220,2526-1,1,Año que cursa=5 o más|Participaciones de la semana=0|Participaciones de la semana anterior=0|Tamaño del grupo=pequeño,1.0034821,1.4453365605907258,1.0165968,0.016596794,1.4454581151845078,1.0165968,1.0438528,3.0761917,3.165869,0.6448648,0.019857347,0.102577984
Computación Emergente,8,anon_221,2526-1,1,Año que cursa=3|Participaciones de la semana=1|Participaciones de la semana anterior=2|Tamaño del grupo=pequeño,12.584976,16.755077786552146,1.1339741,0.13397408,1.2499512669830075,1.1530724,1.1208229,3.3799973,3.579502,1.2969742,0.25524712,0.29779816
Computación Emergente,8,anon_222,2526-1,1,Año que cursa=5 o más|Participaciones de la semana=0|Participaciones de la semana anterior=0|Tamaño del grupo=pequeño,0.94432735,1.4453365605907258,1.0125978,0.012597799,1.4454581151845078,1.0125978,1.0381217,3.06353,3.1494932,0.69384265,0.025401294,0.10113263
Computación Emergente,8,anon_223,2526-1,1,Año que cursa=5 o más|Participaciones de la semana=0|Participaciones de la semana anterior=0|Tamaño del grupo=pequeño,3.0962715,1.4453365605907258,1.0251637,0.02516365,1.4454581151845078,1.0251637,1.055306,3.1062589,3.2220163,0.832983,0.20602512,0.16387773
Computación Emergente,8,anon_224,2526-1,1,Año que cursa=3|Participaciones de la semana=0|Participaciones de la semana anterior=1|Tamaño del grupo=pequeño,8.799582,11.073814797987637,1.1427307,0.14273071,3.3407712083504784,1.1261749,1.1594105,3.4288292,3.6191168,1.1941872,0.30016136,0.2417469
Computación Emergente,8,anon_225,2526-1,1,Año que cursa=4|Participaciones de la semana=0|Participaciones de la semana anterior=0|Tamaño del grupo=pequeño,1.0165652,0.5365097457199435,1.0255772,0.025577188,0.6856790863723685,1.0255772,1.0732718,3.1196046,3.2465463,0.78332645,0.062683344,0.12707841
Computación Emergente,8,anon_226,2526-1,1,Año que cursa=5 o más|Participaciones de la semana=0|Participaciones de la semana anterior=1|Tamaño del grupo=pequeño,4.058672,2.6763684369887115,1.0262351,0.026235104,1.2282905203214214,1.0180054,1.0463896,3.1095352,3.1929116,0.9612131,0.3025217,0.19067597
Computación Emergente,8,anon_227,2526-1,1,Año que cursa=5 o más|Participaciones de la semana=0|Participaciones de la semana anterior=1|Tamaño del grupo=pequeño,4.091156,2.6763684369887115,1.023694,0.023694038,1.2282905203214214,1.0161037,1.0437751,3.1034975,3.1846037,1.0097113,0.39941263,0.19279623
Computación Emergente,8,anon_228,2526-1,1,Año que cursa=3|Participaciones de la semana=1|Participaciones de la semana anterior=2|Tamaño del grupo=pequeño,15.155298,16.755077786552146,1.1111603,0.11116028,1.2499512669830075,1.1415234,1.0978165,3.3203182,3.47888,1.5697746,0.21310616,0.20122337
Computación Emergente,8,anon_229,2526-1,1,Año que cursa=5 o más|Participaciones de la semana=0|Participaciones de la semana anterior=0|Tamaño del grupo=pequeño,0.8421488,1.4453365605907258,1.0047134,0.004713416,1.4454581151845078,1.0047134,1.0258522,3.0361214,3.1157146,0.8468163,0.08653885,0.0952211
Computación Emergente,8,anon_230,2526-1,1,Año que cursa=5 o más|Participaciones de la semana=0|Participaciones de la semana anterior=0|Tamaño del grupo=pequeño,0.8802222,1.4453365605907258,1.0038849,0.0038849115,1.4454581151845078,1.0038849,1.022687,3.0307016,3.1048384,0.88980997,0.16125846,0.102577984
Computación Emergente,8,anon_231,2526-1,1,Año que cursa=3|Participaciones de la semana=0|Participaciones de la semana anterior=1|Tamaño del grupo=pequeño,4.7611303,11.073814797987637,1.0938187,0.093818665,3.3407712083504784,1.0754249,1.1383586,3.3378916,3.5062692,1.0752645,0.15605879,0.16430616
Computación Emergente,8,anon_232,2526-1,1,Año que cursa=3|Participaciones de la semana=1|Participaciones de la semana anterior=0|Tamaño del grupo=pequeño,9.954144,8.147403484124442,1.1546059,0.15460587,9.878100347475154,1.1546059,1.127264,3.4235516,3.6511269,1.4382305,0.25383377,0.36386108
Computación Emergente,8,anon_233,2526-1,1,Año que cursa=4|Participaciones de la semana=0|Participaciones de la semana anterior=0|Tamaño del grupo=pequeño,-0.13775206,0.5365097457199435,1.0064192,0.006419182,0.6856790863723685,1.0064192,1.0435553,3.0583544,3.1565204,0.85666776,0.06625342,0.08519167
Computación Emergente,8,anon_234,2526-1,1,Año que cursa=5 o más|Participaciones de la semana=0|Participaciones de la semana anterior=0|Tamaño del grupo=pequeño,5.268198,1.4453365605907258,1.0211558,0.021155834,1.4454581151845078,1.0211558,1.0511742,3.100793,3.2314758,1.2565517,0.88819313,0.23239326
Computación Emergente,8,anon_235,2526-1,1,Año que cursa=3|Participaciones de la semana=3 o más|Participaciones de la semana anterior=2|Tamaño del grupo=pequeño,11.866262,17.94402687971427,1.0823002,0.082300186,0.0,1.0960922,1.0723209,3.4105062,3.66263,1.5867405,0.32847214,0.3233776
Computación Emergente,8,anon_236,2526-1,1,Año que cursa=4|Participaciones de la semana=0|Participaciones de la semana anterior=1|Tamaño del grupo=pequeño,0.92432034,1.2196168890048937,1.0125574,0.012557387,4.950990443279305,1.0047612,1.0400434,3.0807724,3.1493003,0.96851486,0.11319041,0.10997695
Computación Emergente,8,anon_237,2526-1,1,Año que cursa=3|Participaciones de la semana=1|Participaciones de la semana anterior=2|Tamaño del grupo=pequeño,12.364367,16.755077786552146,1.1449032,0.14490318,1.2499512669830075,1.1453953,1.1321297,3.39987,3.657219,1.6434269,0.27877235,0.26225471
Computación Emergente,8,anon_238,2526-1,1,Año que cursa=5 o más|Participaciones de la semana=0|Participaciones de la semana anterior=0|Tamaño del grupo=pequeño,-0.16964942,1.4453365605907258,0.99938905,-0.0006109476,1.4454581151845078,0.99938905,1.011785,3.0067313,3.0649445,0.9144918,0.2057848,0.07593936
Computación Emergente,8,anon_239,2526-1,1,Año que cursa=4|Participaciones de la semana=0|Participaciones de la semana anterior=0|Tamaño del grupo=pequeño,0.98797804,0.5365097457199435,1.0101886,0.01018858,0.6856790863723685,1.0101886,1.0493922,3.0710835,3.1893377,0.98758054,0.17295706,0.1270613
Computación Emergente,8,anon_240,2526-1,1,Año que cursa=5 o más|Participaciones de la semana=0|Participaciones de la semana anterior=0|Tamaño del grupo=pequeño,-0.15137029,1.4453365605907258,0.99925387,-0.00074613094,1.4454581151845078,0.99925387,1.0117767,3.006439,3.0643303,0.91620064,0.21889937,0.07593936
Computación Emergente,8,anon_241,2526-1,1,Año que cursa=4|Participaciones de la semana=0|Participaciones de la semana anterior=0|Tamaño del grupo=pequeño,-0.062468767,0.5365097457199435,1.0053755,0.0053755045,0.6856790863723685,1.0053755,1.0387337,3.0518653,3.1550684,0.9151699,0.10893649,0.08519167
Computación Emergente,8,anon_242,2526-1,1,Año que cursa=4|Participaciones de la semana=0|Participaciones de la semana anterior=0|Tamaño del grupo=pequeño,1.0139122,0.5365097457199435,1.0104718,0.010471821,0.6856790863723685,1.0104718,1.0481639,3.0713525,3.1928744,0.9828251,0.1832996,0.1270613
Computación Emergente,8,anon_243,2526-1,1,Año que cursa=4|Participaciones de la semana=0|Participaciones de la semana anterior=0|Tamaño del grupo=pequeño,-0.037851393,0.5365097457199435,1.0059266,0.005926609,0.6856790863723685,1.0059266,1.0381594,3.0533671,3.1601067,0.90719295,0.12799537,0.08519167
Computación Emergente,8,anon_244,2526-1,1,Año que cursa=5 o más|Participaciones de la semana=0|Participaciones de la semana anterior=0|Tamaño del grupo=pequeño,-0.100109816,1.4453365605907258,0.99953526,-0.00046473742,1.4454581151845078,0.99953526,1.0126066,3.0087688,3.0696766,0.90344167,0.23633683,0.07593936
Computación Emergente,8,anon_174,2526-2,1,Año que cursa=4|Participaciones de la semana=0|Participaciones de la semana anterior=0|Tamaño del grupo=grande,-0.05039817,1.2130143414927552,1.0146927,0.014692664,3.880699539141278,1.0146927,1.0479345,3.081391,3.2262037,0.62315345,0.076260746,0.18021816
Computación Emergente,8,anon_222,2526-2,1,Año que cursa=5 o más|Participaciones de la semana=0|Participaciones de la semana anterior=0|Tamaño del grupo=grande,-0.16761976,0.8308131266195484,1.0104694,0.010469437,4.000134036437623,1.0104694,1.0437913,3.0658176,3.2098584,0.57652915,0.0489465,0.2576846
Computación Emergente,8,anon_244,2526-2,1,Año que cursa=5 o más|Participaciones de la semana=0|Participaciones de la semana anterior=0|Tamaño del grupo=grande,0.049585044,0.8308131266195484,1.0092592,0.009259224,4.000134036437623,1.0092592,1.0383015,3.0587351,3.1971476,0.6291537,0.21324438,0.2576846
Computación Emergente,8,anon_245,2526-2,1,Año que cursa=4|Participaciones de la semana=0|Participaciones de la semana anterior=0|Tamaño del grupo=grande,1.0598924,1.2130143414927552,1.0386188,0.038618803,3.880699539141278,1.0386188,1.1007557,3.1732252,3.3687437,0.47707033,0.058521748,0.13356066
Computación Emergente,8,anon_246,2526-2,1,Año que cursa=5 o más|Participaciones de la semana=0|Participaciones de la semana anterior=0|Tamaño del grupo=grande,-0.16665286,0.8308131266195484,1.010857,0.010856986,4.000134036437623,1.010857,1.0445023,3.0670793,3.211404,0.5685338,0.056656003,0.2576846
Computación Emergente,8,anon_247,2526-2,1,Año que cursa=5 o más|Participaciones de la semana=1|Participaciones de la semana anterior=0|Tamaño del grupo=grande,5.632358,4.830947163057171,1.0826912,0.08269119,8.486301601809851,1.0826912,1.1079311,3.23423,3.5327783,0.30143785,0.36395788,0.10306072
Computación Emergente,8,anon_248,2526-2,1,Año que cursa=5 o más|Participaciones de la semana=0|Participaciones de la semana anterior=0|Tamaño del grupo=grande,-0.16730899,0.8308131266195484,1.0098306,0.009830594,4.000134036437623,1.0098306,1.0425718,3.0636756,3.207189,0.59055346,0.03317076,0.2576846
Computación Emergente,8,anon_249,2526-2,1,Año que cursa=5 o más|Participaciones de la semana=0|Participaciones de la semana anterior=0|Tamaño del grupo=grande,-0.16603857,0.8308131266195484,1.0095696,0.009569645,4.000134036437623,1.0095696,1.0420542,3.0627704,3.2060351,0.5965853,0.025035143,0.2576846
Computación Emergente,8,anon_250,2526-2,1,Año que cursa=4|Participaciones de la semana=1|Participaciones de la semana anterior=0|Tamaño del grupo=grande,8.9783535,5.093713880634033,1.1606007,0.16060066,3.3672346893598233,1.1606007,1.1172276,3.4323745,3.6918373,0.9556942,0.94360924,0.7018137
Computación Emergente,8,anon_251,2526-2,1,Año que cursa=4|Participaciones de la semana=0|Participaciones de la semana anterior=0|Tamaño del grupo=grande,2.2922266,1.2130143414927552,1.0492992,0.04929924,3.880699539141278,1.0492992,1.111484,3.2109487,3.4493902,0.41214895,0.16936302,0.061928272
Computación Emergente,8,anon_252,2526-2,1,Año que cursa=4|Participaciones de la semana=1|Participaciones de la semana anterior=0|Tamaño del grupo=grande,10.547644,5.093713880634033,1.1505375,0.15053749,3.3672346893598233,1.1505375,1.0974712,3.4061623,3.5738525,1.3608932,1.1386166,0.80667496
Computación Emergente,8,anon_253,2526-2,1,Año que cursa=5 o más|Participaciones de la semana=0|Participaciones de la semana anterior=0|Tamaño del grupo=grande,-0.15376902,0.8308131266195484,1.0088193,0.008819342,4.000134036437623,1.0088193,1.040482,3.0599961,3.202311,0.61435974,0.009880483,0.2576846
Computación Emergente,8,anon_254,2526-2,1,Año que cursa=4|Participaciones de la semana=0|Participaciones de la semana anterior=0|Tamaño del grupo=grande,-0.113157034,1.2130143414927552,1.0185685,0.018568516,3.880699539141278,1.0185685,1.0621431,3.0974574,3.2490897,0.6172955,0.004154265,0.18021816
Computación Emergente,8,anon_255,2526-2,1,Año que cursa=4|Participaciones de la semana=0|Participaciones de la semana anterior=0|Tamaño del grupo=grande,-0.109491825,1.2130143414927552,1.0181849,0.0181849,3.880699539141278,1.0181849,1.0608449,3.0958178,3.2469835,0.6196754,0.007076144,0.18021816
Computación Emergente,8,anon_256,2526-2,1,Año que cursa=5 o más|Participaciones de la semana=0|Participaciones de la semana anterior=0|Tamaño del grupo=grande,-0.13762176,0.8308131266195484,1.0084813,0.008481264,4.000134036437623,1.0084813,1.0396972,3.0585709,3.200179,0.6215296,0.039053857,0.2576846
Computación Emergente,8,anon_257,2526-2,1,Año que cursa=4|Participaciones de la semana=0|Participaciones de la semana anterior=0|Tamaño del grupo=grande,3.425053,1.2130143414927552,1.0550258,0.055025816,3.880699539141278,1.0550258,1.1148677,3.2301714,3.4925616,0.35742092,0.29481816,0.076906204
Computación Emergente,8,anon_258,2526-2,1,Año que cursa=4|Participaciones de la semana=0|Participaciones de la semana anterior=0|Tamaño del grupo=grande,0.9712709,1.2130143414927552,1.0260898,0.026089787,3.880699539141278,1.0260898,1.0738225,3.125667,3.307382,0.60101223,0.054498553,0.15554076
Computación Emergente,8,anon_259,2526-2,1,Participaciones de la semana=0|Participaciones de la semana anterior=0|Tamaño del grupo=grande,-0.09285563,1.291335143821128,1.0168095,0.016809464,4.110977066035449,1.0168095,1.0559754,3.0899909,3.239155,0.62426984,0.041306794,0.18021816
Computación Emergente,8,anon_260,2526-2,1,Año que cursa=5 o más|Participaciones de la semana=0|Participaciones de la semana anterior=0|Tamaño del grupo=grande,4.7838736,0.8308131266195484,1.0626707,0.06267071,4.000134036437623,1.0626707,1.0922451,3.2167273,3.4925947,0.21314383,0.6236501,0.07917404
Computación Emergente,8,anon_261,2526-2,1,Año que cursa=5 o más|Participaciones de la semana=0|Participaciones de la semana anterior=0|Tamaño del grupo=grande,-0.100183845,0.8308131266195484,1.0081948,0.008194804,4.000134036437623,1.0081948,1.0388355,3.0570602,3.197537,0.62408745,0.092225194,0.2576846
Computación Emergente,8,anon_262,2526-2,1,Año que cursa=5 o más|Participaciones de la semana=0|Participaciones de la semana anterior=0|Tamaño del grupo=grande,1.0567138,0.8308131266195484,1.0170653,0.017065287,4.000134036437623,1.0170653,1.0514035,3.086192,3.2580836,0.5536921,0.19236457,0.23611993
Computación Emergente,8,anon_263,2526-2,1,Año que cursa=5 o más|Participaciones de la semana=0|Participaciones de la semana anterior=0|Tamaño del grupo=grande,-0.082442105,0.8308131266195484,1.0081551,0.0081551075,4.000134036437623,1.0081551,1.0385907,3.0567162,3.1967945,0.6225997,0.113850236,0.2576846
Computación Emergente,8,anon_264,2526-2,1,Año que cursa=5 o más|Participaciones de la semana=0|Participaciones de la semana anterior=0|Tamaño del grupo=grande,-0.07312864,0.8308131266195484,1.0081508,0.008150816,4.000134036437623,1.0081508,1.038485,3.0565996,3.196496,0.6214381,0.124439895,0.2576846
Computación Emergente,8,anon_265,2526-2,1,Año que cursa=5 o más|Participaciones de la semana=0|Participaciones de la semana anterior=0|Tamaño del grupo=grande,1.0625131,0.8308131266195484,1.0164526,0.01645255,4.000134036437623,1.0164526,1.0500207,3.0837023,3.2526524,0.56136227,0.21577454,0.2371363
Computación Emergente,8,anon_266,2526-2,1,Año que cursa=4|Participaciones de la semana=0|Participaciones de la semana anterior=0|Tamaño del grupo=grande,1.12359,1.2130143414927552,1.023356,0.02335596,3.880699539141278,1.023356,1.0627713,3.1145806,3.2901464,0.54572165,0.17831248,0.13227081
Computación Emergente,8,anon_267,2526-2,1,Año que cursa=4|Participaciones de la semana=0|Participaciones de la semana anterior=0|Tamaño del grupo=grande,-0.04417008,1.2130143414927552,1.0144814,0.014481425,3.880699539141278,1.0144814,1.0470891,3.0805583,3.2248118,0.62503636,0.07832503,0.18021816
Computación Emergente,8,anon_268,2526-2,1,Año que cursa=5 o más|Participaciones de la semana=0|Participaciones de la semana anterior=0|Tamaño del grupo=grande,1.1223388,0.8308131266195484,1.0165658,0.0165658,4.000134036437623,1.0165658,1.0497594,3.0837908,3.2517633,0.55071306,0.26810122,0.23611993
Computación Emergente,8,anon_269,2526-2,1,Año que cursa=4|Participaciones de la semana=0|Participaciones de la semana anterior=0|Tamaño del grupo=grande,-0.03103888,1.2130143414927552,1.0140934,0.014093399,3.880699539141278,1.0140934,1.0454977,3.0790305,3.2221613,0.62800276,0.08185518,0.18021816
Computación Emergente,8,anon_270,2526-2,1,Año que cursa=4|Participaciones de la semana=0|Participaciones de la semana anterior=0|Tamaño del grupo=grande,-0.024124324,1.2130143414927552,1.0139172,0.013917208,3.880699539141278,1.0139172,1.0447507,3.078332,3.2208993,0.6290494,0.08350837,0.18021816
Computación Emergente,8,anon_271,2526-2,1,Año que cursa=5 o más|Participaciones de la semana=0|Participaciones de la semana anterior=0|Tamaño del grupo=grande,0.0077272058,0.8308131266195484,1.0086277,0.008627653,4.000134036437623,1.0086277,1.038095,3.0572329,3.1960878,0.6297797,0.19380295,0.2576846
Computación Emergente,8,anon_272,2526-2,1,Año que cursa=4|Participaciones de la semana=0|Participaciones de la semana anterior=0|Tamaño del grupo=grande,-0.009570241,1.2130143414927552,1.0135998,0.013599753,3.880699539141278,1.0135998,1.0433481,3.077057,3.2184944,0.63017464,0.08699787,0.18021816
Computación Emergente,8,anon_273,2526-2,1,Año que cursa=5 o más|Participaciones de la semana=0|Participaciones de la semana anterior=0|Tamaño del grupo=grande,0.02868104,0.8308131266195484,1.0089152,0.008915186,4.000134036437623,1.0089152,1.038161,3.0578895,3.1965375,0.63021463,0.2048896,0.2576846
Computación Emergente,8,anon_274,2526-2,1,Año que cursa=5 o más|Participaciones de la semana=0|Participaciones de la semana anterior=0|Tamaño del grupo=grande,0.039146483,0.8308131266195484,1.0090811,0.009081125,4.000134036437623,1.0090811,1.0382223,3.0582905,3.1968265,0.6298807,0.20939273,0.2576846
Computación Emergente,8,anon_275,2526-2,1,Año que cursa=4|Participaciones de la semana=0|Participaciones de la semana anterior=0|Tamaño del grupo=grande,2.3546069,1.2130143414927552,1.0265646,0.026564598,3.880699539141278,1.0265646,1.0613179,3.1256478,3.3152902,0.4643209,0.2871952,0.060302496
Computación Emergente,8,anon_276,2526-2,1,Año que cursa=5 o más|Participaciones de la semana=0|Participaciones de la semana anterior=0|Tamaño del grupo=grande,3.6605341,0.8308131266195484,1.0399158,0.0399158,4.000134036437623,1.0399158,1.0709205,3.1506917,3.369324,0.29888844,0.6329179,0.112930536
Computación Emergente,8,anon_277,2526-2,1,Año que cursa=5 o más|Participaciones de la semana=0|Participaciones de la semana anterior=0|Tamaño del grupo=grande,1.2233819,0.8308131266195484,1.0171732,0.017173171,4.000134036437623,1.0171732,1.0488343,3.0844593,3.2472925,0.5630611,0.32497734,0.23611993
Computación Emergente,8,anon_278,2526-2,1,Año que cursa=4|Participaciones de la semana=0|Participaciones de la semana anterior=0|Tamaño del grupo=grande,0.049334526,1.2130143414927552,1.0128937,0.012893677,3.880699539141278,1.0128937,1.0393102,3.0737548,3.2112124,0.6219549,0.10589343,0.18021816
Computación Emergente,8,anon_279,2526-2,1,Año que cursa=5 o más|Participaciones de la semana=1|Participaciones de la semana anterior=2|Tamaño del grupo=grande,10.923048,18.005029053535154,1.0779724,0.07797241,0.03690568104340031,1.0801697,1.0791683,3.2335854,3.4663162,0.62337303,1.3410606,0.38900948
Computación Emergente,8,anon_280,2526-2,1,Año que cursa=4|Participaciones de la semana=0|Participaciones de la semana anterior=0|Tamaño del grupo=grande,1.1866834,1.2130143414927552,1.0178487,0.01784873,3.880699539141278,1.0178487,1.0458798,3.091779,3.2474968,0.56895435,0.17866325,0.13823795
Computación Emergente,8,anon_281,2526-2,1,Año que cursa=3|Participaciones de la semana=3 o más|Participaciones de la semana anterior=0|Tamaño del grupo=grande,3.3207288,13.317248764867022,1.0437727,0.043772697,0.0,1.0437727,1.0662456,3.105028,3.2958622,0.64236236,0.08686757,0.069865465
Computación Emergente,8,anon_282,2526-2,1,Año que cursa=4|Participaciones de la semana=0|Participaciones de la semana anterior=0|Tamaño del grupo=grande,0.08852953,1.2130143414927552,1.0128253,0.012825251,3.880699539141278,1.0128253,1.03754,3.0726461,3.2078247,0.60712564,0.12230039,0.18021816
Computación Emergente,8,anon_174,2526-3,1,Año que cursa=4|Participaciones de la semana=0|Participaciones de la semana anterior=0|Tamaño del grupo=grande,-0.048107803,1.2130143414927552,1.0198345,0.019834518,3.880699539141278,1.0198345,1.0673342,3.1034317,3.2466047,0.66556275,0.08417469,0.17488545
Computación Emergente,8,anon_283,2526-3,1,Año que cursa=5 o más|Participaciones de la semana=0|Participaciones de la semana anterior=1|Tamaño del grupo=grande,3.2687948,5.0455738174294655,1.0542433,0.054243326,3.6840781065636587,1.0396636,1.0847759,3.19398,3.3695734,0.4202218,0.1447165,0.17503381
Computación Emergente,8,anon_284,2526-3,1,Año que cursa=4|Participaciones de la semana=3 o más|Participaciones de la semana anterior=1|Tamaño del grupo=grande,18.859488,13.897586337598579,1.028841,0.028841019,0.0,1.0357952,1.0218105,3.21834,3.1833534,1.2582607,0.7186241,0.35317993
Computación Emergente,8,anon_285,2526-3,1,Año que cursa=5 o más|Participaciones de la semana=3 o más|Participaciones de la semana anterior=3 o más|Tamaño del grupo=grande,25.96825,18.052913996915937,1.0107212,0.010721207,0.0,1.0165291,1.0111389,3.1190872,3.1567955,0.5543003,0.6384258,0.1883583
Computación Emergente,8,anon_286,2526-3,1,Año que cursa=4|Participaciones de la semana=3 o más|Participaciones de la semana anterior=3 o más|Tamaño del grupo=grande,18.79826,14.591228818691363,1.0267467,0.02674675,0.0,1.0480194,1.0267467,3.2019615,3.2770786,1.3347893,0.7690506,0.36297607
Computación Emergente,8,anon_287,2526-3,1,Año que cursa=5 o más|Participaciones de la semana=2|Participaciones de la semana anterior=2|Tamaño del grupo=grande,24.076017,18.041934734578554,1.0251312,0.025131226,-0.03690568104340031,1.0362225,1.0226517,3.1178875,3.1252632,0.7675705,0.63690186,0.2345295
Computación Emergente,8,anon_288,2526-3,1,Año que cursa=3|Participaciones de la semana=3 o más|Participaciones de la semana anterior=3 o más|Tamaño del grupo=grande,19.729004,18.005029053535154,1.0342293,0.03422928,0.0,1.0678883,1.0382595,3.2324963,3.3334446,1.3505573,0.308115,0.37736702
Computación Emergente,8,anon_289,2526-3,1,Año que cursa=5 o más|Participaciones de la semana=0|Participaciones de la semana anterior=0|Tamaño del grupo=grande,-0.1557982,0.8308131266195484,1.0115266,0.011526585,4.000134036437623,1.0115266,1.0451012,3.0654132,3.2044299,0.6308427,0.0077953935,0.23608029
Computación Emergente,8,anon_290,2526-3,1,Año que cursa=5 o más|Participaciones de la semana=0|Participaciones de la semana anterior=0|Tamaño del grupo=grande,6.2679763,0.8308131266195484,1.0939775,0.09397745,4.000134036437623,1.0939775,1.125309,3.314837,3.620194,0.6279807,0.80048084,0.09639788
Computación Emergente,8,anon_291,2526-3,1,Año que cursa=3|Participaciones de la semana=0|Participaciones de la semana anterior=0|Tamaño del grupo=grande,0.13171595,2.621757688350894,1.0462427,0.046242714,4.981930283296754,1.0462427,1.0853484,3.1722586,3.3089547,0.6430466,0.06053227,0.1133945
Computación Emergente,8,anon_292,2526-3,1,Año que cursa=4|Participaciones de la semana=1|Participaciones de la semana anterior=0|Tamaño del grupo=grande,7.720903,5.093713880634033,1.1606259,0.16062593,3.3672346893598233,1.1606259,1.1305008,3.4348884,3.7531095,0.6707392,0.92771673,0.5565486
Computación Emergente,8,anon_293,2526-3,1,Año que cursa=4|Participaciones de la semana=0|Participaciones de la semana anterior=0|Tamaño del grupo=grande,-0.09986621,1.2130143414927552,1.0217422,0.021742225,3.880699539141278,1.0217422,1.079258,3.113065,3.266837,0.6523624,0.014447749,0.17488545
Computación Emergente,8,anon_294,2526-3,1,Año que cursa=4|Participaciones de la semana=0|Participaciones de la semana anterior=0|Tamaño del grupo=grande,-0.09636891,1.2130143414927552,1.0214634,0.021463394,3.880699539141278,1.0214634,1.0780973,3.1118584,3.2646337,0.6559943,0.024389267,0.17488545
Computación Emergente,8,anon_295,2526-3,1,Año que cursa=3|Participaciones de la semana=2|Participaciones de la semana anterior=0|Tamaño del grupo=grande,2.2488627,8.62214850769413,1.0639317,0.0639317,4.695100257172893,1.0639317,1.1031971,3.1674237,3.3806443,0.7102946,0.09232998,0.09122825
Computación Emergente,8,anon_296,2526-3,1,Año que cursa=4|Participaciones de la semana=0|Participaciones de la semana anterior=0|Tamaño del grupo=grande,-0.08859742,1.2130143414927552,1.0209882,0.020988226,3.880699539141278,1.0209882,1.0758097,3.1096768,3.2604685,0.6613904,0.042146146,0.17488545
Computación Emergente,8,anon_297,2526-3,1,Año que cursa=3|Participaciones de la semana=2|Participaciones de la semana anterior=3 o más|Tamaño del grupo=grande,17.490465,16.3186391990617,1.0724621,0.07246208,1.686389854473454,1.105978,1.0724621,3.2869568,3.428543,1.5512543,0.2599697,0.45794868
Computación Emergente,8,anon_298,2526-3,1,Año que cursa=4|Participaciones de la semana=0|Participaciones de la semana anterior=1|Tamaño del grupo=grande,7.877682,5.6024586044535205,1.1385131,0.13851309,-0.15486620634553017,1.1222448,1.153429,3.4273467,3.693046,0.6869683,1.0644927,0.5531225
Computación Emergente,8,anon_299,2526-3,1,Año que cursa=4|Participaciones de la semana=0|Participaciones de la semana anterior=0|Tamaño del grupo=grande,-0.07513672,1.2130143414927552,1.0204422,0.020442247,3.880699539141278,1.0204422,1.0724871,3.10692,3.2547834,0.6655543,0.06319332,0.17488545
Computación Emergente,8,anon_300,2526-3,1,Año que cursa=5 o más|Participaciones de la semana=3 o más|Participaciones de la semana anterior=0|Tamaño del grupo=grande,22.93723,18.035767811252686,1.0168228,0.016822815,0.0,1.0168228,1.0100193,3.2115955,3.1489582,0.9116287,0.90052605,0.2788334
Computación Emergente,8,anon_301,2526-3,1,Año que cursa=5 o más|Participaciones de la semana=1|Participaciones de la semana anterior=1|Tamaño del grupo=grande,9.811083,8.729651923993124,1.114521,0.11452103,5.847008345413794,1.1122303,1.1123962,3.3208294,3.6059036,0.9658356,1.2709446,0.27705574
Computación Emergente,8,anon_302,2526-3,1,Año que cursa=5 o más|Participaciones de la semana=0|Participaciones de la semana anterior=0|Tamaño del grupo=grande,-0.07680774,0.8308131266195484,1.0104506,0.010450602,4.000134036437623,1.0104506,1.0428047,3.062073,3.1960957,0.6663048,0.12618393,0.23608029
Computación Emergente,8,anon_303,2526-3,1,Año que cursa=3|Participaciones de la semana=1|Participaciones de la semana anterior=2|Tamaño del grupo=grande,11.176525,14.591228818691363,1.1278248,0.12782478,0.0,1.1174755,1.133421,3.3600636,3.5560398,1.0049572,0.2706356,0.5521374
Computación Emergente,8,anon_304,2526-3,1,Año que cursa=3|Participaciones de la semana=0|Participaciones de la semana anterior=0|Tamaño del grupo=grande,0.17916238,2.621757688350894,1.0415891,0.04158914,4.981930283296754,1.0415891,1.0727034,3.1554112,3.2827945,0.6649311,0.109568,0.1133945
Computación Emergente,8,anon_305,2526-3,1,Año que cursa=3|Participaciones de la semana=0|Participaciones de la semana anterior=2|Tamaño del grupo=grande,15.354429,9.801178082806437,1.0995026,0.09950256,4.790050735884925,1.0974636,1.0995903,3.281948,3.3788433,1.5500832,0.21004486,0.38923836
Computación Emergente,8,anon_306,2526-3,1,Año que cursa=3|Participaciones de la semana=2|Participaciones de la semana anterior=2|Tamaño del grupo=grande,9.455477,14.591228818691363,1.1063175,0.10631752,-8.420621486407164,1.093019,1.1156216,3.3094182,3.501676,0.269001,0.22011948,0.3807602
Computación Emergente,8,anon_307,2526-3,1,Año que cursa=4|Participaciones de la semana=0|Participaciones de la semana anterior=0|Tamaño del grupo=grande,-0.022257507,1.2130143414927552,1.0195229,0.019522905,3.880699539141278,1.0195229,1.0636332,3.1014156,3.2410092,0.6658602,0.09267557,0.17488545
Computación Emergente,8,anon_308,2526-3,1,Año que cursa=4|Participaciones de la semana=0|Participaciones de la semana anterior=2|Tamaño del grupo=grande,11.613728,8.992867046043754,1.1362019,0.13620186,9.0121620074914,1.1211681,1.1316204,3.36623,3.6170387,1.0579586,1.1076298,0.5987873
Computación Emergente,8,anon_309,2526-3,1,Año que cursa=4|Participaciones de la semana=2|Participaciones de la semana anterior=0|Tamaño del grupo=grande,2.0464127,8.460948569993857,1.0463445,0.04634452,6.9859470608077014,1.0463445,1.0915132,3.100624,3.3355162,0.7036152,0.13023174,0.15923834
Computación Emergente,8,anon_310,2526-3,1,Año que cursa=4|Participaciones de la semana=0|Participaciones de la semana anterior=0|Tamaño del grupo=grande,10.550138,1.2130143414927552,1.1195164,0.11951637,3.880699539141278,1.1195164,1.1199474,3.3734245,3.5523376,0.9794636,1.0457191,0.57414246
Computación Emergente,8,anon_311,2526-3,1,Año que cursa=4|Participaciones de la semana=0|Participaciones de la semana anterior=0|Tamaño del grupo=grande,0.0075159073,1.2130143414927552,1.0193384,0.01933837,3.880699539141278,1.0193384,1.0603416,3.099969,3.2360947,0.6707478,0.10028511,0.17488545
Computación Emergente,8,anon_312,2526-3,1,Año que cursa=3|Participaciones de la semana=1|Participaciones de la semana anterior=1|Tamaño del grupo=grande,7.138127,8.1762667136779,1.0927081,0.09270811,-0.5076603440016125,1.0869069,1.1103592,3.2635465,3.4449034,0.2107892,0.19323587,0.27810526
Computación Emergente,8,anon_313,2526-3,1,Año que cursa=4|Participaciones de la semana=0|Participaciones de la semana anterior=0|Tamaño del grupo=grande,1.1752127,1.2130143414927552,1.0279974,0.027997375,3.880699539141278,1.0279974,1.0724082,3.1313334,3.288865,0.605191,0.19342756,0.12672329
Computación Emergente,8,anon_314,2526-3,1,Año que cursa=5 o más|Participaciones de la semana=0|Participaciones de la semana anterior=0|Tamaño del grupo=grande,1.1533177,0.8308131266195484,1.021364,0.021363974,4.000134036437623,1.021364,1.0546007,3.0964096,3.2519834,0.6250895,0.29353756,0.2211569
Computación Emergente,8,anon_315,2526-3,1,Año que cursa=4|Participaciones de la semana=0|Participaciones de la semana anterior=0|Tamaño del grupo=grande,1.1478355,1.2130143414927552,1.0267897,0.026789665,3.880699539141278,1.0267897,1.0694909,3.1267412,3.2819102,0.6252165,0.17106652,0.13818681
Computación Emergente,8,anon_316,2526-3,1,Año que cursa=3|Participaciones de la semana=0|Participaciones de la semana anterior=2|Tamaño del grupo=grande,11.226503,9.801178082806437,1.0946102,0.094610214,4.790050735884925,1.0864391,1.1000767,3.308298,3.453312,0.8090973,0.21659279,0.5111275
Computación Emergente,8,anon_317,2526-3,1,Año que cursa=3|Participaciones de la semana=0|Participaciones de la semana anterior=0|Tamaño del grupo=grande,0.22828615,2.621757688350894,1.03751,0.037510037,4.981930283296754,1.03751,1.0628202,3.1430926,3.2624216,0.66593343,0.12357992,0.11339456
Computación Emergente,8,anon_318,2526-3,1,Año que cursa=5 o más|Participaciones de la semana=0|Participaciones de la semana anterior=0|Tamaño del grupo=grande,0.08933109,0.8308131266195484,1.0149665,0.014966488,4.000134036437623,1.0149665,1.0455167,3.075255,3.205757,0.6635166,0.22451532,0.23608029
Computación Emergente,8,anon_319,2526-3,1,Año que cursa=4|Participaciones de la semana=3 o más|Participaciones de la semana anterior=3 o más|Tamaño del grupo=grande,16.594593,14.591228818691363,1.038971,0.038970947,0.0,1.0625896,1.0440598,3.3368187,3.5868225,0.79536057,0.7907276,0.5108681
Computación Emergente,8,anon_320,2526-3,1,Año que cursa=5 o más|Participaciones de la semana=1|Participaciones de la semana anterior=0|Tamaño del grupo=grande,2.2518888,4.830947163057171,1.0362871,0.03628707,8.486301601809851,1.0362871,1.0677018,3.100905,3.2854285,0.6206012,0.3411535,0.21834278
Computación Emergente,8,anon_321,2526-3,1,Año que cursa=4|Participaciones de la semana=0|Participaciones de la semana anterior=0|Tamaño del grupo=grande,3.738598,1.2130143414927552,1.0489318,0.048931837,3.880699539141278,1.0489318,1.0923948,3.2019436,3.3987072,0.32621694,0.45926857,0.13009143
Estructura de Datos,4,anon_011,2425-3,2,Año que cursa=2|Participaciones de la semana=0|Participaciones de la semana anterior=0|Tamaño del grupo=mediano,2.2726307,2.250833165112304,1.2464163,0.24641633,2.8867962075387514,1.2464163,1.3443232,3.8411465,4.5643435,0.4351337,1.1105611,1.6177651
Estructura de Datos,4,anon_037,2425-3,2,Año que cursa=1|Participaciones de la semana=0|Participaciones de la semana anterior=1|Tamaño del grupo=mediano,8.266633,9.997974409021905,1.3464451,0.34644508,-0.9369700800175753,1.3344326,1.3286982,3.949832,4.5469522,0.7171993,2.6291537,2.3464222
Estructura de Datos,4,anon_050,2425-3,2,Año que cursa=2|Participaciones de la semana=0|Participaciones de la semana anterior=0|Tamaño del grupo=mediano,3.170588,2.250833165112304,1.1776004,0.17760038,2.8867962075387514,1.1776004,1.2854328,3.6912088,4.3352056,0.29962897,0.7459867,2.0687115
Estructura de Datos,4,anon_052,2425-3,2,Año que cursa=1|Participaciones de la semana=1|Participaciones de la semana anterior=0|Tamaño del grupo=mediano,11.121798,10.79907238838318,1.316164,0.31616402,2.1850488237380308,1.316164,1.2899408,3.8966465,4.459647,0.7569065,2.0139751,2.392108
Estructura de Datos,4,anon_055,2425-3,2,Año que cursa=1|Participaciones de la semana=0|Participaciones de la semana anterior=0|Tamaño del grupo=mediano,3.1753612,4.137415600304203,1.1466107,0.14661074,6.661656788078978,1.1466107,1.2271233,3.5762734,4.057471,0.29844904,0.55226684,1.8259029
Estructura de Datos,4,anon_301,2425-3,2,Año que cursa=4|Participaciones de la semana=3 o más|Participaciones de la semana anterior=2|Tamaño del grupo=mediano,14.894868,20.993195164075992,1.1785955,0.17859554,0.0,1.2180424,1.1604595,3.7980337,4.5262136,0.5776081,2.2740974,2.0345993
Estructura de Datos,4,anon_322,2425-3,2,Año que cursa=2|Participaciones de la semana=3 o más|Participaciones de la semana anterior=1|Tamaño del grupo=mediano,12.73225,21.037186417186415,1.1664114,0.1664114,0.0,1.189888,1.1312933,3.8737469,4.3202906,0.9818258,2.7953691,2.7352886
Estructura de Datos,4,anon_323,2425-3,2,Año que cursa=2|Participaciones de la semana=0|Participaciones de la semana anterior=2|Tamaño del grupo=mediano,13.965153,8.845521827117665,1.2752457,0.27524567,-2.9928291864250243,1.3381615,1.25,3.6537132,4.258892,0.7138834,2.6081839,2.5485888
Estructura de Datos,4,anon_324,2425-3,2,Año que cursa=4|Participaciones de la semana=0|Participaciones de la semana anterior=0|Tamaño del grupo=mediano,2.817061,1.5143201468869973,1.2491899,0.24918985,0.17040880351669352,1.2491899,1.2988777,3.7724996,4.571816,0.46782684,1.5670294,1.3951782
Estructura de Datos,4,anon_325,2425-3,2,Año que cursa=2|Participaciones de la semana=0|Participaciones de la semana anterior=0|Tamaño del grupo=mediano,8.866204,2.250833165112304,1.3654337,0.3654337,2.8867962075387514,1.3654337,1.2923765,3.9524698,4.517725,0.6362219,2.7937365,2.6486073
Estructura de Datos,4,anon_326,2425-3,2,Año que cursa=2|Participaciones de la semana=0|Participaciones de la semana anterior=0|Tamaño del grupo=mediano,2.8176734,2.250833165112304,1.2956746,0.29567456,2.8867962075387514,1.2956746,1.3543854,3.9195917,4.6607685,0.4322009,1.5486242,1.6177651
Estructura de Datos,4,anon_327,2425-3,2,Año que cursa=2|Participaciones de la semana=1|Participaciones de la semana anterior=2|Tamaño del grupo=mediano,9.262282,5.8526926406926405,1.3313637,0.33136368,2.333767840407014,1.3495655,1.3056011,3.956153,4.7535295,0.69826984,2.662508,2.6206226
Estructura de Datos,4,anon_328,2425-3,2,Año que cursa=1|Participaciones de la semana=1|Participaciones de la semana anterior=2|Tamaño del grupo=mediano,14.375984,14.593195164075993,1.279911,0.27991104,0.0,1.3364143,1.2503014,3.8213243,4.3939476,0.75857925,2.9627304,2.4657402
Estructura de Datos,4,anon_329,2425-3,2,Año que cursa=2|Participaciones de la semana=2|Participaciones de la semana anterior=3 o más|Tamaño del grupo=mediano,20.01861,20.920481099656357,1.1433449,0.14334488,0.10935439817914272,1.2374096,1.1567116,3.5755177,4.158867,0.5386238,2.291441,1.8074932
Estructura de Datos,4,anon_330,2425-3,2,Año que cursa=1|Participaciones de la semana=3 o más|Participaciones de la semana anterior=3 o más|Tamaño del grupo=mediano,20.663097,20.993195164075992,1.1102543,0.11025429,0.0,1.1560612,1.1102543,3.7148561,4.081566,0.5220318,2.4802723,1.8520832
Estructura de Datos,4,anon_331,2425-3,2,Año que cursa=3|Participaciones de la semana=0|Participaciones de la semana anterior=0|Tamaño del grupo=mediano,2.186967,1.037267447868229,1.2444458,0.2444458,4.818103882010872,1.2444458,1.3377857,3.8228626,4.640295,0.4367156,1.190803,1.5771295
Estructura de Datos,4,anon_332,2425-3,2,Año que cursa=4|Participaciones de la semana=0|Participaciones de la semana anterior=0|Tamaño del grupo=mediano,2.0148396,1.5143201468869973,1.1945329,0.19453287,0.17040880351669352,1.1945329,1.2801371,3.677791,4.484219,0.43268633,1.041835,1.3951782
Estructura de Datos,4,anon_333,2425-3,2,Año que cursa=5 o más|Participaciones de la semana=0|Participaciones de la semana anterior=1|Tamaño del grupo=mediano,3.475003,6.853402633402633,1.1732857,0.17328572,14.067078466253724,1.152636,1.2064376,3.569402,4.256063,0.38328934,1.0412326,1.2917747
Estructura de Datos,4,anon_334,2425-3,2,Año que cursa=2|Participaciones de la semana=0|Participaciones de la semana anterior=0|Tamaño del grupo=mediano,3.7736619,2.250833165112304,1.2580807,0.25808072,2.8867962075387514,1.2580807,1.3454266,3.8829286,4.6208134,0.21763468,1.3156419,2.0687115
Estructura de Datos,4,anon_335,2425-3,2,Año que cursa=5 o más|Participaciones de la semana=0|Participaciones de la semana anterior=0|Tamaño del grupo=mediano,1.956188,1.772642962608245,1.1463082,0.14630818,7.648743038777756,1.1463082,1.2017908,3.509967,4.228529,0.43318915,0.8059586,1.1821992
Estructura de Datos,4,anon_336,2425-3,2,Año que cursa=1|Participaciones de la semana=0|Participaciones de la semana anterior=1|Tamaño del grupo=mediano,6.96369,9.997974409021905,1.2782888,0.27828884,-0.9369700800175753,1.2505646,1.3214312,3.913436,4.455784,0.2267971,1.7637157,2.3054295
Estructura de Datos,4,anon_337,2425-3,2,Año que cursa=4|Participaciones de la semana=0|Participaciones de la semana anterior=1|Tamaño del grupo=mediano,4.751063,8.13117273252455,1.2336688,0.2336688,-6.410691632868193,1.2022705,1.2721767,3.7584338,4.510535,0.21563244,1.2297287,1.8797436
Estructura de Datos,4,anon_338,2425-3,2,Año que cursa=3|Participaciones de la semana=0|Participaciones de la semana anterior=0|Tamaño del grupo=mediano,1.611779,1.037267447868229,1.1691377,0.16913772,4.818103882010872,1.1691377,1.2886143,3.655553,4.37881,0.4254272,0.63773143,1.5771295
Estructura de Datos,4,anon_339,2425-3,2,Año que cursa=2|Participaciones de la semana=0|Participaciones de la semana anterior=0|Tamaño del grupo=mediano,3.3968847,2.250833165112304,1.2111762,0.21117616,2.8867962075387514,1.2111762,1.3161144,3.7786458,4.470083,0.2678995,0.9770758,2.0687115
Estructura de Datos,4,anon_340,2425-3,2,Año que cursa=2|Participaciones de la semana=0|Participaciones de la semana anterior=0|Tamaño del grupo=mediano,1.6700195,2.250833165112304,1.1628135,0.16281354,2.8867962075387514,1.1628135,1.2768049,3.6404576,4.2563634,0.41392064,0.5276903,1.6177651
Estructura de Datos,4,anon_341,2425-3,2,Año que cursa=3|Participaciones de la semana=0|Participaciones de la semana anterior=0|Tamaño del grupo=mediano,1.4956135,1.037267447868229,1.1484553,0.14845526,4.818103882010872,1.1484553,1.2659721,3.5984406,4.278894,0.4068277,0.4894842,1.5771295
Estructura de Datos,4,anon_342,2425-3,2,Año que cursa=4|Participaciones de la semana=0|Participaciones de la semana anterior=0|Tamaño del grupo=mediano,1.5002835,1.5143201468869973,1.1367674,0.13676739,0.17040880351669352,1.1367674,1.2323675,3.5362003,4.2308044,0.39908862,0.4750172,1.3951782
Estructura de Datos,4,anon_343,2425-3,2,Año que cursa=2|Participaciones de la semana=0|Participaciones de la semana anterior=0|Tamaño del grupo=mediano,6.433691,2.250833165112304,1.2397957,0.23979568,2.8867962075387514,1.2397957,1.3113279,3.8527927,4.533601,0.5126934,1.446598,2.6486073
Estructura de Datos,4,anon_344,2425-3,2,Año que cursa=5 o más|Participaciones de la semana=0|Participaciones de la semana anterior=0|Tamaño del grupo=mediano,1.5612484,1.772642962608245,1.1208266,0.1208266,7.648743038777756,1.1208266,1.1861014,3.4530005,4.0925474,0.3649894,0.27516603,1.1821992
Estructura de Datos,4,anon_345,2425-3,2,Año que cursa=2|Participaciones de la semana=0|Participaciones de la semana anterior=0|Tamaño del grupo=mediano,4.6628942,2.250833165112304,1.1789722,0.17897224,2.8867962075387514,1.1789722,1.2765169,3.7014494,4.3381605,0.42266607,0.87885904,2.3865113
Estructura de Datos,4,anon_012,2526-1,2,Año que cursa=1|Participaciones de la semana=0|Participaciones de la semana anterior=0|Tamaño del grupo=mediano,2.447526,4.137415600304203,1.2224486,0.22244859,6.661656788078978,1.2224486,1.311944,3.7764158,4.3467884,0.43268633,0.9840323,1.476108
Estructura de Datos,4,anon_060,2526-1,2,Año que cursa=2|Participaciones de la semana=0|Participaciones de la semana anterior=1|Tamaño del grupo=mediano,2.6922395,4.009363741530326,1.1403167,0.14031672,9.694776922164575,1.1153898,1.2119532,3.5770361,4.0086555,0.31893873,0.3529544,1.9085875
Estructura de Datos,4,anon_324,2526-1,2,Año que cursa=4|Participaciones de la semana=0|Participaciones de la semana anterior=0|Tamaño del grupo=mediano,2.6347375,1.5143201468869973,1.239392,0.23939204,0.17040880351669352,1.239392,1.2981625,3.759622,4.5705066,0.43307948,1.4656564,1.3951782
Estructura de Datos,4,anon_333,2526-1,2,Año que cursa=5 o más|Participaciones de la semana=0|Participaciones de la semana anterior=0|Tamaño del grupo=mediano,2.1008587,1.772642962608245,1.152636,0.15263605,7.648743038777756,1.152636,1.2064376,3.5246277,4.256063,0.42938423,0.934345,1.1821992
Estructura de Datos,4,anon_336,2526-1,2,Año que cursa=1|Participaciones de la semana=2|Participaciones de la semana anterior=0|Tamaño del grupo=mediano,4.7094088,12.984121212121211,1.2722692,0.27226925,3.7594312676942447,1.2722692,1.2952633,3.7259645,4.4379044,0.47207546,1.0959892,1.7642784
Estructura de Datos,4,anon_342,2526-1,2,Año que cursa=4|Participaciones de la semana=3 o más|Participaciones de la semana anterior=0|Tamaño del grupo=mediano,6.290103,16.649575757575757,1.1831799,0.18317986,0.0,1.1831799,1.1756964,3.548652,4.4680195,0.45265675,0.8095732,1.672677
Estructura de Datos,4,anon_346,2526-1,2,Año que cursa=1|Participaciones de la semana=0|Participaciones de la semana anterior=0|Tamaño del grupo=mediano,3.4176102,4.137415600304203,1.2988143,0.2988143,6.661656788078978,1.2988143,1.3427811,3.9148722,4.5205774,0.50014305,1.747237,1.476108
Estructura de Datos,4,anon_347,2526-1,2,Año que cursa=2|Participaciones de la semana=0|Participaciones de la semana anterior=0|Tamaño del grupo=mediano,3.2322474,2.250833165112304,1.3187923,0.31879234,2.8867962075387514,1.3187923,1.3468494,3.9364023,4.6595364,0.48437524,1.8327997,1.6177651
Estructura de Datos,4,anon_348,2526-1,2,Año que cursa=2|Participaciones de la semana=0|Participaciones de la semana anterior=0|Tamaño del grupo=mediano,3.126403,2.250833165112304,1.3140094,0.31400943,2.8867962075387514,1.3140094,1.3495884,3.9349916,4.6648417,0.46782684,1.7644342,1.6177651
Estructura de Datos,4,anon_349,2526-1,2,Año que cursa=1|Participaciones de la semana=0|Participaciones de la semana anterior=0|Tamaño del grupo=mediano,3.1500278,4.137415600304203,1.2824521,0.2824521,6.661656788078978,1.2824521,1.3428717,3.895183,4.5022397,0.45067143,1.5508642,1.476108
Estructura de Datos,4,anon_350,2526-1,2,Año que cursa=3|Participaciones de la semana=0|Participaciones de la semana anterior=0|Tamaño del grupo=mediano,4.7255297,1.037267447868229,1.3311234,0.33112335,4.818103882010872,1.3311234,1.3367796,3.9587364,4.773819,0.33052063,2.0188954,2.0358412
Estructura de Datos,4,anon_351,2526-1,2,Año que cursa=2|Participaciones de la semana=0|Participaciones de la semana anterior=0|Tamaño del grupo=mediano,2.7190335,2.250833165112304,1.2883918,0.28839183,2.8867962075387514,1.2883918,1.3546486,3.91069,4.6525536,0.43465805,1.4746506,1.6177651
Estructura de Datos,4,anon_352,2526-1,2,Año que cursa=5 o más|Participaciones de la semana=0|Participaciones de la semana anterior=0|Tamaño del grupo=mediano,2.4369588,1.772642962608245,1.1673017,0.16730165,7.648743038777756,1.1673017,1.2189393,3.5605617,4.303788,0.4363761,1.1646041,1.1821992
Estructura de Datos,4,anon_353,2526-1,2,Año que cursa=1|Participaciones de la semana=1|Participaciones de la semana anterior=0|Tamaño del grupo=mediano,5.7886753,10.79907238838318,1.3204479,0.32044792,2.1850488237380308,1.3204479,1.325222,3.911808,4.5826855,0.3211832,1.8317394,1.9846196
Estructura de Datos,4,anon_354,2526-1,2,Año que cursa=2|Participaciones de la semana=0|Participaciones de la semana anterior=0|Tamaño del grupo=mediano,2.4407902,2.250833165112304,1.263994,0.26399398,2.8867962075387514,1.263994,1.3508272,3.8734627,4.6082716,0.43743658,1.2532923,1.6177651
Estructura de Datos,4,anon_355,2526-1,2,Año que cursa=2|Participaciones de la semana=0|Participaciones de la semana anterior=0|Tamaño del grupo=mediano,2.3548393,2.250833165112304,1.2552817,0.2552817,2.8867962075387514,1.2552817,1.3479662,3.8579502,4.5875797,0.4367156,1.1811826,1.6177651
Estructura de Datos,4,anon_356,2526-1,2,Año que cursa=2|Participaciones de la semana=0|Participaciones de la semana anterior=0|Tamaño del grupo=mediano,2.2726307,2.250833165112304,1.2464163,0.24641633,2.8867962075387514,1.2464163,1.3443232,3.8411465,4.5643435,0.4351337,1.1105611,1.6177651
Estructura de Datos,4,anon_357,2526-1,2,Año que cursa=3|Participaciones de la semana=0|Participaciones de la semana anterior=0|Tamaño del grupo=mediano,1.886958,1.037267447868229,1.2095937,0.20959365,4.818103882010872,1.2095937,1.3214617,3.753645,4.53971,0.4301082,0.9262178,1.5771295
Estructura de Datos,4,anon_358,2526-1,2,Año que cursa=2|Participaciones de la semana=0|Participaciones de la semana anterior=1|Tamaño del grupo=mediano,5.1631374,4.009363741530326,1.2882051,0.28820515,9.694776922164575,1.2485044,1.3407402,3.9384136,4.593712,0.1173749,1.557847,2.3494463
Estructura de Datos,4,anon_359,2526-1,2,Año que cursa=3|Participaciones de la semana=0|Participaciones de la semana anterior=0|Tamaño del grupo=mediano,1.7088931,1.037267447868229,1.1845386,0.1845386,4.818103882010872,1.1845386,1.3028998,3.6950405,4.4454145,0.43210602,0.7467656,1.5771295
Estructura de Datos,4,anon_360,2526-1,2,Año que cursa=2|Participaciones de la semana=0|Participaciones de la semana anterior=0|Tamaño del grupo=mediano,1.8091246,2.250833165112304,1.1856757,0.18567574,2.8867962075387514,1.1856757,1.301075,3.702444,4.3556275,0.42946255,0.676973,1.6177651
Estructura de Datos,4,anon_361,2526-1,2,Año que cursa=3|Participaciones de la semana=0|Participaciones de la semana anterior=0|Tamaño del grupo=mediano,1.611779,1.037267447868229,1.1691377,0.16913772,4.818103882010872,1.1691377,1.2886143,3.655553,4.37881,0.4254272,0.63773143,1.5771295
Estructura de Datos,4,anon_362,2526-1,2,Año que cursa=4|Participaciones de la semana=0|Participaciones de la semana anterior=0|Tamaño del grupo=mediano,1.6028199,1.5143201468869973,1.1509123,0.15091228,0.17040880351669352,1.1509123,1.2466259,3.5741982,4.306165,0.42018402,0.6232455,1.3951782
Estructura de Datos,4,anon_363,2526-1,2,Año que cursa=2|Participaciones de la semana=0|Participaciones de la semana anterior=0|Tamaño del grupo=mediano,3.334241,2.250833165112304,1.2023454,0.20234537,2.8867962075387514,1.2023454,1.3088379,3.756669,4.4368143,0.27977896,0.91597366,2.0687115
Estructura de Datos,4,anon_364,2526-1,2,Año que cursa=5 o más|Participaciones de la semana=0|Participaciones de la semana anterior=1|Tamaño del grupo=mediano,6.8274045,6.853402633402633,1.2003741,0.20037413,14.067078466253724,1.1920729,1.2037516,3.6186166,4.3449554,0.38242579,1.1511297,1.5238218
Estructura de Datos,4,anon_365,2526-1,2,Año que cursa=3|Participaciones de la semana=0|Participaciones de la semana anterior=0|Tamaño del grupo=mediano,1.4357191,1.037267447868229,1.1363286,0.13632858,4.818103882010872,1.1363286,1.2508688,3.5627656,4.214474,0.3908801,0.3997171,1.5771295
Estructura de Datos,4,anon_366,2526-1,2,Año que cursa=2|Participaciones de la semana=0|Participaciones de la semana anterior=0|Tamaño del grupo=mediano,6.6847267,2.250833165112304,1.2499113,0.24991131,2.8867962075387514,1.2499113,1.317152,3.8773289,4.5619717,0.5611801,1.449832,2.493528
Estructura de Datos,4,anon_367,2526-1,2,Año que cursa=1|Participaciones de la semana=0|Participaciones de la semana anterior=1|Tamaño del grupo=mediano,6.225834,9.997974409021905,1.2105341,0.2105341,-0.9369700800175753,1.1857195,1.2687426,3.766427,4.2436113,0.4306326,1.1987786,2.3054295
Estructura de Datos,4,anon_368,2526-1,2,Año que cursa=2|Participaciones de la semana=0|Participaciones de la semana anterior=0|Tamaño del grupo=mediano,4.766482,2.250833165112304,1.1943884,0.19438839,2.8867962075387514,1.1943884,1.2911797,3.7433362,4.40196,0.41493177,0.9901266,2.3865113
Estructura de Datos,4,anon_369,2526-1,2,Año que cursa=1|Participaciones de la semana=0|Participaciones de la semana anterior=0|Tamaño del grupo=mediano,3.1753612,4.137415600304203,1.1466107,0.14661074,6.661656788078978,1.1466107,1.2271233,3.5762734,4.057471,0.29844904,0.55226684,1.8259029
Estructura de Datos,4,anon_031,2526-2,2,Año que cursa=3|Participaciones de la semana=0|Participaciones de la semana anterior=1|Tamaño del grupo=pequeño,9.160732,4.46396770472895,1.2864609,0.28646088,-2.743486605072593,1.2796955,1.2833328,3.7947474,4.280018,1.8527288,2.476923,2.4321613
Estructura de Datos,4,anon_064,2526-2,2,Año que cursa=2|Participaciones de la semana=0|Participaciones de la semana anterior=0|Tamaño del grupo=pequeño,4.5208955,2.693005009175222,1.2906909,0.2906909,8.072247936077725,1.2906909,1.3082438,3.841333,4.400643,1.5891962,1.6218967,2.5401573
Estructura de Datos,4,anon_067,2526-2,2,Año que cursa=2|Participaciones de la semana=0|Participaciones de la semana anterior=1|Tamaño del grupo=pequeño,7.5528564,10.23295238095238,1.3141212,0.31412125,-2.0464918998527253,1.3073435,1.3078537,3.8641539,4.422242,1.9082885,2.2449784,2.6869812
Estructura de Datos,4,anon_077,2526-2,2,Año que cursa=2|Participaciones de la semana=0|Participaciones de la semana anterior=0|Tamaño del grupo=pequeño,2.5037026,2.693005009175222,1.22576,0.22575998,8.072247936077725,1.22576,1.3190327,3.7686095,4.4562535,0.84343624,0.46789098,2.5401573
Estructura de Datos,4,anon_080,2526-2,2,Año que cursa=2|Participaciones de la semana=0|Participaciones de la semana anterior=1|Tamaño del grupo=pequeño,10.931822,10.23295238095238,1.346283,0.34628296,-2.0464918998527253,1.3386889,1.3334169,3.986188,4.652478,1.4477863,2.137929,2.1380825
Estructura de Datos,4,anon_087,2526-2,2,Año que cursa=2|Participaciones de la semana=0|Participaciones de la semana anterior=0|Tamaño del grupo=pequeño,1.9787443,2.693005009175222,1.1779718,0.17797184,8.072247936077725,1.1779718,1.2798481,3.6504872,4.2720747,0.6299056,0.21723771,2.5401573
Estructura de Datos,4,anon_205,2526-2,2,Año que cursa=5 o más|Participaciones de la semana=0|Participaciones de la semana anterior=0|Tamaño del grupo=pequeño,2.2637553,1.5777650529238247,1.116473,0.11647296,19.342716046732534,1.116473,1.178504,3.434546,3.9993548,1.0730174,0.7457539,1.6741828
Estructura de Datos,4,anon_347,2526-2,2,Año que cursa=3|Participaciones de la semana=0|Participaciones de la semana anterior=1|Tamaño del grupo=pequeño,9.373305,4.46396770472895,1.2888479,0.28884792,-2.743486605072593,1.2802238,1.2890282,3.8136253,4.3260355,1.8005924,2.5876803,2.3699188
Estructura de Datos,4,anon_355,2526-2,2,Año que cursa=3|Participaciones de la semana=0|Participaciones de la semana anterior=0|Tamaño del grupo=pequeño,3.0182042,2.570381138352499,1.2206969,0.22069693,3.4548322411169345,1.2206969,1.2944221,3.7255306,4.398686,1.2384598,0.9262178,2.3460035
Estructura de Datos,4,anon_360,2526-2,2,Año que cursa=3|Participaciones de la semana=0|Participaciones de la semana anterior=0|Tamaño del grupo=pequeño,2.5299323,2.570381138352499,1.1987302,0.19873023,3.4548322411169345,1.1987302,1.2834997,3.6800277,4.3648252,0.9919703,0.63773143,2.3460035
Estructura de Datos,4,anon_370,2526-2,2,Año que cursa=5 o más|Participaciones de la semana=3 o más|Participaciones de la semana anterior=3 o más|Tamaño del grupo=pequeño,33.14224,21.037186417186415,1.0278435,0.027843475,0.0,1.0484505,1.0309753,3.478716,3.669918,0.1819458,0.83654404,0.32264328
Estructura de Datos,4,anon_371,2526-2,2,Año que cursa=2|Participaciones de la semana=0|Participaciones de la semana anterior=0|Tamaño del grupo=pequeño,3.9632862,2.693005009175222,1.2871773,0.28717732,8.072247936077725,1.2871773,1.3227587,3.8600237,4.4889994,1.4568818,1.2532923,2.5401573
Estructura de Datos,4,anon_372,2526-2,2,Año que cursa=5 o más|Participaciones de la semana=0|Participaciones de la semana anterior=0|Tamaño del grupo=pequeño,2.7232704,1.5777650529238247,1.141984,0.14198399,19.342716046732534,1.141984,1.1970682,3.4910393,4.067381,1.391366,1.027587,1.6741828
Estructura de Datos,4,anon_373,2526-2,2,Año que cursa=3|Participaciones de la semana=0|Participaciones de la semana anterior=0|Tamaño del grupo=pequeño,3.1916206,2.570381138352499,1.2268965,0.22689652,3.4548322411169345,1.2268965,1.2962666,3.7368786,4.400091,1.3177838,1.0335228,2.3460035
Estructura de Datos,4,anon_374,2526-2,2,Año que cursa=2|Participaciones de la semana=0|Participaciones de la semana anterior=0|Tamaño del grupo=pequeño,3.1964831,2.693005009175222,1.2664437,0.26644373,8.072247936077725,1.2664437,1.3318443,3.8451667,4.5364137,1.1559925,0.80831146,2.5401573
Estructura de Datos,4,anon_375,2526-2,2,Año que cursa=2|Participaciones de la semana=0|Participaciones de la semana anterior=0|Tamaño del grupo=pequeño,2.6635127,2.693005009175222,1.2373409,0.23734093,8.072247936077725,1.2373409,1.3248768,3.7933693,4.4890075,0.91491103,0.5432435,2.5401573
Estructura de Datos,4,anon_376,2526-2,2,Año que cursa=2|Participaciones de la semana=0|Participaciones de la semana anterior=1|Tamaño del grupo=pequeño,7.002199,10.23295238095238,1.3054228,0.30542278,-2.0464918998527253,1.2767205,1.3401012,3.9523487,4.6352315,1.235148,1.2055798,2.5759058
Estructura de Datos,4,anon_377,2526-2,2,Año que cursa=3|Participaciones de la semana=0|Participaciones de la semana anterior=0|Tamaño del grupo=pequeño,1.8685198,2.570381138352499,1.1548557,0.15485573,3.4548322411169345,1.1548557,1.2493014,3.574728,4.2154174,0.67172515,0.26317096,2.3460035
Estructura de Datos,4,anon_004,2526-3,2,Año que cursa=2|Participaciones de la semana=0|Participaciones de la semana anterior=0|Tamaño del grupo=mediano,3.3388643,2.250833165112304,1.3228669,0.32286692,2.8867962075387514,1.3228669,1.343647,3.9360552,4.6511335,0.50014305,1.8986828,1.6177651
Estructura de Datos,4,anon_007,2526-3,2,Año que cursa=2|Participaciones de la semana=0|Participaciones de la semana anterior=0|Tamaño del grupo=mediano,2.6231375,2.250833165112304,1.2806315,0.28063154,2.8867962075387514,1.2806315,1.3541613,3.8999681,4.6409693,0.4363761,1.4004583,1.6177651
Estructura de Datos,4,anon_081,2526-3,2,Año que cursa=2|Participaciones de la semana=0|Participaciones de la semana anterior=0|Tamaño del grupo=mediano,4.5635195,2.250833165112304,1.2084103,0.20841026,2.8867962075387514,1.2084103,1.301404,3.7718525,4.4494247,0.2514119,0.96851134,2.275094
Estructura de Datos,4,anon_087,2526-3,2,Año que cursa=2|Participaciones de la semana=2|Participaciones de la semana anterior=0|Tamaño del grupo=mediano,3.7594407,7.5260006937218185,1.2163036,0.21630359,2.711303164102195,1.2163036,1.285222,3.5101867,4.2389345,0.36634302,0.40867114,1.9449112
Estructura de Datos,4,anon_324,2526-3,2,Año que cursa=5 o más|Participaciones de la semana=0|Participaciones de la semana anterior=0|Tamaño del grupo=mediano,2.770053,1.772642962608245,1.1830311,0.18303108,7.648743038777756,1.1830311,1.2312975,3.5973682,4.332676,0.46782684,1.3402832,1.1821992
Estructura de Datos,4,anon_326,2526-3,2,Año que cursa=3|Participaciones de la semana=0|Participaciones de la semana anterior=2|Tamaño del grupo=mediano,5.920333,10.44120502817512,1.3408365,0.34083652,-2.248009864099126,1.2898543,1.3407898,3.9186487,4.7003174,0.55929947,2.0722928,2.0632768
Estructura de Datos,4,anon_339,2526-3,2,Año que cursa=3|Participaciones de la semana=0|Participaciones de la semana anterior=0|Tamaño del grupo=mediano,1.6582583,1.037267447868229,1.1766864,0.1766864,4.818103882010872,1.1766864,1.2958918,3.675233,4.4122763,0.42946255,0.6911844,1.5771295
Estructura de Datos,4,anon_341,2526-3,2,Año que cursa=4|Participaciones de la semana=0|Participaciones de la semana anterior=0|Tamaño del grupo=mediano,1.6028199,1.5143201468869973,1.1509123,0.15091228,0.17040880351669352,1.1509123,1.2466259,3.5741982,4.306165,0.42018402,0.6232455,1.3951782
Estructura de Datos,4,anon_349,2526-3,2,Año que cursa=2|Participaciones de la semana=2|Participaciones de la semana anterior=2|Tamaño del grupo=mediano,9.062003,8.186460481099655,1.2518415,0.25184155,12.734020618556702,1.2871828,1.2284212,3.924952,4.655574,0.87853336,2.4522076,2.3429642
Estructura de Datos,4,anon_356,2526-3,2,Año que cursa=3|Participaciones de la semana=0|Participaciones de la semana anterior=0|Tamaño del grupo=mediano,2.3624039,1.037267447868229,1.2611408,0.26114082,4.818103882010872,1.2611408,1.341608,3.8502712,4.6739197,0.43731427,1.3295572,1.5771295
Estructura de Datos,4,anon_362,2526-3,2,Año que cursa=5 o más|Participaciones de la semana=1|Participaciones de la semana anterior=0|Tamaño del grupo=mediano,11.040608,9.421386001386,1.2266588,0.22665882,5.171809162689993,1.2266588,1.2023993,3.6641722,4.3113976,0.26345348,1.2622156,1.4332247
Estructura de Datos,4,anon_363,2526-3,2,Año que cursa=3|Participaciones de la semana=1|Participaciones de la semana anterior=0|Tamaño del grupo=mediano,2.5720477,5.855371329879102,1.1951394,0.19513941,5.5759610128648305,1.1951394,1.2924395,3.5627656,4.3290143,0.40098214,0.47396493,1.7525382
Estructura de Datos,4,anon_365,2526-3,2,Año que cursa=4|Participaciones de la semana=3 o más|Participaciones de la semana anterior=2|Tamaño del grupo=mediano,15.424905,20.993195164075992,1.1313314,0.13133144,0.0,1.1484985,1.1214237,3.7578392,4.4234543,0.26415825,1.7491703,1.8401899
Estructura de Datos,4,anon_372,2526-3,2,Año que cursa=5 o más|Participaciones de la semana=2|Participaciones de la semana anterior=3 o más|Tamaño del grupo=mediano,9.493362,8.186460481099655,1.2184343,0.21843433,12.806734682976337,1.2063847,1.2184343,3.6842756,4.4106035,0.8562794,1.6457758,1.4870892
Estructura de Datos,4,anon_375,2526-3,2,Año que cursa=2|Participaciones de la semana=3 o más|Participaciones de la semana anterior=0|Tamaño del grupo=mediano,7.6565905,10.237303857824013,1.2656326,0.26563263,0.0,1.2656326,1.2159109,3.8829286,4.7047253,0.28003216,1.7869835,2.4023008
Estructura de Datos,4,anon_378,2526-3,2,Año que cursa=4|Participaciones de la semana=0|Participaciones de la semana anterior=0|Tamaño del grupo=mediano,4.5800815,1.5143201468869973,1.2762237,0.27622366,0.17040880351669352,1.2762237,1.3011341,3.8355727,4.6590066,0.33052063,1.7633328,1.7396364
Estructura de Datos,4,anon_379,2526-3,2,Año que cursa=4|Participaciones de la semana=3 o más|Participaciones de la semana anterior=1|Tamaño del grupo=mediano,17.908487,21.01760092272203,1.0983047,0.09830475,0.0,1.1124573,1.0779533,3.7091064,4.076332,0.6948433,1.9928284,1.803957
Estructura de Datos,4,anon_380,2526-3,2,Año que cursa=2|Participaciones de la semana=0|Participaciones de la semana anterior=0|Tamaño del grupo=mediano,2.4407902,2.250833165112304,1.263994,0.26399398,2.8867962075387514,1.263994,1.3508272,3.8734627,4.6082716,0.43743658,1.2532923,1.6177651
Estructura de Datos,4,anon_381,2526-3,2,Año que cursa=3|Participaciones de la semana=2|Participaciones de la semana anterior=2|Tamaño del grupo=mediano,7.919875,14.963173943173944,1.2838459,0.2838459,-8.076507276507277,1.2859473,1.2656927,3.9369292,4.7649035,0.6091566,1.9935532,2.2611055
Estructura de Datos,4,anon_382,2526-3,2,Año que cursa=3|Participaciones de la semana=0|Participaciones de la semana anterior=2|Tamaño del grupo=mediano,5.163593,10.44120502817512,1.3170795,0.31707954,-2.248009864099126,1.2357905,1.3347626,3.9335961,4.618891,0.36661005,1.6666636,2.0632768
Estructura de Datos,4,anon_383,2526-3,2,Año que cursa=5 o más|Participaciones de la semana=3 o más|Participaciones de la semana anterior=0|Tamaño del grupo=mediano,5.682336,15.978659734257654,1.1829772,0.1829772,0.0,1.1829772,1.1881762,3.5298965,4.378457,0.54160595,1.0995712,1.3206353
Estructura de Datos,4,anon_384,2526-3,2,Año que cursa=1|Participaciones de la semana=0|Participaciones de la semana anterior=0|Tamaño del grupo=mediano,2.381021,4.137415600304203,1.2155895,0.21558952,6.661656788078978,1.2155895,1.3062038,3.7599049,4.3237042,0.42938423,0.92838943,1.476108
Estructura de Datos,4,anon_385,2526-3,2,Año que cursa=4|Participaciones de la semana=0|Participaciones de la semana anterior=0|Tamaño del grupo=mediano,1.8918123,1.5143201468869973,1.1830702,0.18307018,0.17040880351669352,1.1830702,1.2727747,3.6526299,4.4457846,0.4301082,0.9352025,1.3951782
Estructura de Datos,4,anon_386,2526-3,2,Año que cursa=2|Participaciones de la semana=0|Participaciones de la semana anterior=2|Tamaño del grupo=mediano,4.8170257,8.845521827117665,1.2847962,0.28479624,-2.9928291864250243,1.2022544,1.3159504,3.9156728,4.4205613,0.30855942,1.3366084,2.1191378
Estructura de Datos,4,anon_387,2526-3,2,Año que cursa=3|Participaciones de la semana=2|Participaciones de la semana anterior=0|Tamaño del grupo=mediano,8.188743,11.431332342743932,1.314065,0.31406498,-4.5446656760772655,1.314065,1.25636,3.9375124,4.7898884,0.11455536,2.0242853,2.5440598
Estructura de Datos,4,anon_388,2526-3,2,Año que cursa=1|Participaciones de la semana=2|Participaciones de la semana anterior=2|Tamaño del grupo=mediano,9.026876,14.593195164075993,1.3048258,0.30482578,6.327285935580363,1.2799134,1.2970781,3.8766823,4.4531884,0.12986183,1.838501,2.4248781
Estructura de Datos,4,anon_389,2526-3,2,Año que cursa=5 o más|Participaciones de la semana=0|Participaciones de la semana anterior=0|Tamaño del grupo=mediano,1.7131381,1.772642962608245,1.1331196,0.13311958,7.648743038777756,1.1331196,1.1938977,3.4810514,4.161825,0.40682757,0.5226418,1.1821992
Estructura de Datos,4,anon_390,2526-3,2,Año que cursa=3|Participaciones de la semana=0|Participaciones de la semana anterior=0|Tamaño del grupo=mediano,1.464039,1.037267447868229,1.1422285,0.14222848,4.818103882010872,1.1422285,1.2583838,3.580326,4.246375,0.39908874,0.44377387,1.5771295
Estructura de Datos,4,anon_391,2526-3,2,Año que cursa=3|Participaciones de la semana=0|Participaciones de la semana anterior=0|Tamaño del grupo=mediano,2.995185,1.037267447868229,1.1575956,0.15759563,4.818103882010872,1.1575956,1.2631006,3.6312199,4.319277,0.30100083,0.60895395,2.0358412
Estructura de Datos,4,anon_392,2526-3,2,Año que cursa=3|Participaciones de la semana=0|Participaciones de la semana anterior=0|Tamaño del grupo=mediano,1.3364017,1.037267447868229,1.1113181,0.11131811,4.818103882010872,1.1113181,1.2155166,3.483936,4.066552,0.3479643,0.19983804,1.5771295
Estructura de Datos,6,anon_011,2425-3,2,Año que cursa=2|Participaciones de la semana=0|Participaciones de la semana anterior=0|Tamaño del grupo=mediano,1.4799558,2.250833165112304,1.0935827,0.09358275,2.8867962075387514,1.0935827,1.1253519,3.3290558,3.6490316,0.6317538,0.9556471,1.3364011
Estructura de Datos,6,anon_037,2425-3,2,Año que cursa=1|Participaciones de la semana=0|Participaciones de la semana anterior=0|Tamaño del grupo=mediano,6.2051935,4.137415600304203,1.1316252,0.13162518,6.661656788078978,1.1316252,1.1446991,3.415781,3.628458,0.61224604,1.7556896,1.4377785
Estructura de Datos,6,anon_050,2425-3,2,Año que cursa=2|Participaciones de la semana=0|Participaciones de la semana anterior=0|Tamaño del grupo=mediano,2.1568463,2.250833165112304,1.0542021,0.05420208,2.8867962075387514,1.0542021,1.0858383,3.2186277,3.530111,0.4262991,0.60615706,1.4895189
Estructura de Datos,6,anon_052,2425-3,2,Año que cursa=1|Participaciones de la semana=0|Participaciones de la semana anterior=1|Tamaño del grupo=mediano,9.96482,9.997974409021905,1.0900412,0.09004116,-0.9369700800175753,1.0822477,1.1082039,3.3345747,3.5838575,0.32758427,1.5051394,1.4566889
Estructura de Datos,6,anon_055,2425-3,2,Año que cursa=1|Participaciones de la semana=0|Participaciones de la semana anterior=0|Tamaño del grupo=mediano,2.287368,4.137415600304203,1.0453446,0.04534459,6.661656788078978,1.0453446,1.065731,3.1820524,3.417936,0.3860129,0.45648384,1.242605
Estructura de Datos,6,anon_301,2425-3,2,Año que cursa=4|Participaciones de la semana=2|Participaciones de la semana anterior=1|Tamaño del grupo=mediano,15.531486,20.920481099656357,1.0817995,0.08179951,0.0971198230656718,1.0870419,1.0730362,3.2690668,3.4946938,0.645524,1.831171,1.1777
Estructura de Datos,6,anon_322,2425-3,2,Año que cursa=2|Participaciones de la semana=3 o más|Participaciones de la semana anterior=1|Tamaño del grupo=mediano,15.966871,21.037186417186415,1.0533619,0.053361893,0.0,1.0590477,1.0454407,3.347581,3.3950386,0.8702011,1.9625359,1.6953688
Estructura de Datos,6,anon_323,2425-3,2,Año que cursa=2|Participaciones de la semana=3 o más|Participaciones de la semana anterior=1|Tamaño del grupo=mediano,16.22871,21.037186417186415,1.0580482,0.05804825,0.0,1.0644865,1.0486755,3.3700304,3.4389658,0.75890446,2.0302706,1.6174088
Estructura de Datos,6,anon_324,2425-3,2,Año que cursa=4|Participaciones de la semana=0|Participaciones de la semana anterior=0|Tamaño del grupo=mediano,1.7542751,1.5143201468869973,1.093864,0.093863964,0.17040880351669352,1.093864,1.1078358,3.295778,3.5914023,0.5802218,1.3538058,1.163702
Estructura de Datos,6,anon_325,2425-3,2,Año que cursa=2|Participaciones de la semana=0|Participaciones de la semana anterior=0|Tamaño del grupo=mediano,6.3315744,2.250833165112304,1.1452942,0.14529419,2.8867962075387514,1.1452942,1.1452646,3.4312181,3.685419,0.5311279,1.9392118,1.6856213
Estructura de Datos,6,anon_326,2425-3,2,Año que cursa=2|Participaciones de la semana=0|Participaciones de la semana anterior=0|Tamaño del grupo=mediano,1.9041167,2.250833165112304,1.1177782,0.11777818,2.8867962075387514,1.1177782,1.1405725,3.3820763,3.6802454,0.5918219,1.2547795,1.3364011
Estructura de Datos,6,anon_327,2425-3,2,Año que cursa=2|Participaciones de la semana=0|Participaciones de la semana anterior=1|Tamaño del grupo=mediano,8.639388,4.009363741530326,1.1474342,0.14743423,9.694776922164575,1.1465702,1.1390896,3.4114847,3.6586828,0.7118654,2.124486,1.8182201
Estructura de Datos,6,anon_328,2425-3,2,Año que cursa=1|Participaciones de la semana=0|Participaciones de la semana anterior=1|Tamaño del grupo=mediano,12.447764,9.997974409021905,1.142046,0.14204597,-0.9369700800175753,1.1399803,1.1361179,3.4083824,3.5699892,0.70123386,2.233879,1.4992561
Estructura de Datos,6,anon_329,2425-3,2,Año que cursa=2|Participaciones de la semana=3 o más|Participaciones de la semana anterior=0|Tamaño del grupo=mediano,20.76514,10.237303857824013,1.0526466,0.052646637,0.0,1.0526466,1.0395164,3.3369236,3.313118,0.59716415,1.930563,1.0903072
Estructura de Datos,6,anon_330,2425-3,2,Año que cursa=1|Participaciones de la semana=0|Participaciones de la semana anterior=1|Tamaño del grupo=mediano,18.297232,9.997974409021905,1.1265507,0.12655067,-0.9369700800175753,1.132906,1.1105003,3.3340206,3.4135838,0.52161026,2.0249386,1.0439987
Estructura de Datos,6,anon_331,2425-3,2,Año que cursa=3|Participaciones de la semana=0|Participaciones de la semana anterior=0|Tamaño del grupo=mediano,1.3048481,1.037267447868229,1.092065,0.09206498,4.818103882010872,1.092065,1.1194282,3.3112388,3.6658812,0.62502134,1.0473189,1.3317643
Estructura de Datos,6,anon_332,2425-3,2,Año que cursa=4|Participaciones de la semana=0|Participaciones de la semana anterior=0|Tamaño del grupo=mediano,1.0751681,1.5143201468869973,1.0689917,0.06899166,0.17040880351669352,1.0689917,1.0899839,3.232511,3.5681586,0.6360254,0.97318673,1.163702
Estructura de Datos,6,anon_333,2425-3,2,Año que cursa=5 o más|Participaciones de la semana=0|Participaciones de la semana anterior=0|Tamaño del grupo=mediano,2.4032977,1.772642962608245,1.057296,0.057296038,7.648743038777756,1.057296,1.0644274,3.1785753,3.4760892,0.5559337,1.0014027,1.0013814
Estructura de Datos,6,anon_334,2425-3,2,Año que cursa=2|Participaciones de la semana=0|Participaciones de la semana anterior=0|Tamaño del grupo=mediano,2.6234035,2.250833165112304,1.0879388,0.087938786,2.8867962075387514,1.0879388,1.1202965,3.317875,3.6516485,0.4894135,1.0077183,1.4895189
Estructura de Datos,6,anon_335,2425-3,2,Año que cursa=5 o más|Participaciones de la semana=0|Participaciones de la semana anterior=1|Tamaño del grupo=mediano,2.125501,6.853402633402633,1.0553143,0.055314302,14.067078466253724,1.0503383,1.0624385,3.1720188,3.4523873,0.620872,0.87825537,0.995085
Estructura de Datos,6,anon_336,2425-3,2,Año que cursa=1|Participaciones de la semana=0|Participaciones de la semana anterior=0|Tamaño del grupo=mediano,5.3684206,4.137415600304203,1.088028,0.088027954,6.661656788078978,1.088028,1.1156578,3.323101,3.5812588,0.1804676,1.2236118,1.4001789
Estructura de Datos,6,anon_337,2425-3,2,Año que cursa=4|Participaciones de la semana=0|Participaciones de la semana anterior=0|Tamaño del grupo=mediano,3.537539,1.5143201468869973,1.0774255,0.07742548,0.17040880351669352,1.0774255,1.0913877,3.250256,3.6115365,0.4011054,1.0947402,1.3466694
Estructura de Datos,6,anon_338,2425-3,2,Año que cursa=3|Participaciones de la semana=0|Participaciones de la semana anterior=0|Tamaño del grupo=mediano,0.8041084,1.037267447868229,1.0572798,0.057279825,4.818103882010872,1.0572798,1.0907383,3.220341,3.5592844,0.6046475,0.6295881,1.3317643
Estructura de Datos,6,anon_339,2425-3,2,Año que cursa=2|Participaciones de la semana=0|Participaciones de la semana anterior=0|Tamaño del grupo=mediano,2.334672,2.250833165112304,1.0678508,0.06785083,2.8867962075387514,1.0678508,1.101192,3.2611084,3.5881324,0.45432162,0.77116966,1.4895189
Estructura de Datos,6,anon_340,2425-3,2,Año que cursa=2|Participaciones de la semana=0|Participaciones de la semana anterior=0|Tamaño del grupo=mediano,0.9456943,2.250833165112304,1.0548908,0.05489075,2.8867962075387514,1.0548908,1.0871029,3.2191377,3.523069,0.5814239,0.5153645,1.3364011
Estructura de Datos,6,anon_341,2425-3,2,Año que cursa=3|Participaciones de la semana=0|Participaciones de la semana anterior=0|Tamaño del grupo=mediano,0.7025076,1.037267447868229,1.0480261,0.048026085,4.818103882010872,1.0480261,1.0812969,3.1935744,3.5168338,0.56857836,0.51768994,1.3317643
Estructura de Datos,6,anon_342,2425-3,2,Año que cursa=4|Participaciones de la semana=0|Participaciones de la semana anterior=0|Tamaño del grupo=mediano,0.6536448,1.5143201468869973,1.0456537,0.0456537,0.17040880351669352,1.0456537,1.0725303,3.1730845,3.4838083,0.55521655,0.55343115,1.163702
Estructura de Datos,6,anon_343,2425-3,2,Año que cursa=2|Participaciones de la semana=0|Participaciones de la semana anterior=0|Tamaño del grupo=mediano,4.782077,2.250833165112304,1.0671663,0.06716633,2.8867962075387514,1.0671663,1.0991154,3.2623138,3.6015978,0.20740557,0.98647165,1.6856213
Estructura de Datos,6,anon_344,2425-3,2,Año que cursa=5 o más|Participaciones de la semana=0|Participaciones de la semana anterior=0|Tamaño del grupo=mediano,0.67619026,1.772642962608245,1.0428753,0.04287529,7.648743038777756,1.0428753,1.0627522,3.1523056,3.4286318,0.50058115,0.41800857,0.9686068
Estructura de Datos,6,anon_345,2425-3,2,Año que cursa=2|Participaciones de la semana=3 o más|Participaciones de la semana anterior=0|Tamaño del grupo=mediano,6.5427017,10.237303857824013,1.0929565,0.09295654,0.0,1.0929565,1.1103964,3.2033148,3.602542,0.23875904,0.78296185,1.7780285
Estructura de Datos,6,anon_012,2526-1,2,Año que cursa=1|Participaciones de la semana=0|Participaciones de la semana anterior=0|Tamaño del grupo=mediano,1.7111936,4.137415600304203,1.0832825,0.08328247,6.661656788078978,1.0832825,1.112556,3.3032312,3.5471706,0.6360254,0.83040035,1.1409113
Estructura de Datos,6,anon_060,2526-1,2,Año que cursa=2|Participaciones de la semana=1|Participaciones de la semana anterior=0|Tamaño del grupo=mediano,2.9632964,5.137629372651055,1.0582824,0.058282375,2.388371321070763,1.0582824,1.0904675,3.1731312,3.4854112,0.41590977,0.42384338,1.5785043
Estructura de Datos,6,anon_324,2526-1,2,Año que cursa=4|Participaciones de la semana=0|Participaciones de la semana anterior=0|Tamaño del grupo=mediano,1.6008914,1.5143201468869973,1.0887945,0.08879447,0.17040880351669352,1.0887945,1.1044168,3.283241,3.593252,0.58978724,1.2810977,1.163702
Estructura de Datos,6,anon_333,2526-1,2,Año que cursa=5 o más|Participaciones de la semana=0|Participaciones de la semana anterior=0|Tamaño del grupo=mediano,1.1055332,1.772642962608245,1.0513569,0.05135691,7.648743038777756,1.0513569,1.0623469,3.1655936,3.454134,0.63786554,0.93158376,0.9686068
Estructura de Datos,6,anon_336,2526-1,2,Año que cursa=1|Participaciones de la semana=1|Participaciones de la semana anterior=0|Tamaño del grupo=mediano,5.0981007,10.79907238838318,1.112464,0.11246395,2.1850488237380308,1.112464,1.1351337,3.3268418,3.614975,0.5435648,1.0990047,1.3937483
Estructura de Datos,6,anon_342,2526-1,2,Año que cursa=4|Participaciones de la semana=0|Participaciones de la semana anterior=0|Tamaño del grupo=mediano,5.7134395,1.5143201468869973,1.0849786,0.08497858,0.17040880351669352,1.0849786,1.088645,3.261685,3.6054387,0.37211752,1.0327454,1.2759151
Estructura de Datos,6,anon_346,2526-1,2,Año que cursa=1|Participaciones de la semana=0|Participaciones de la semana anterior=0|Tamaño del grupo=mediano,2.3530161,4.137415600304203,1.1203249,0.12032485,6.661656788078978,1.1203249,1.1421208,3.3891237,3.6111567,0.5629692,1.2872326,1.1409113
Estructura de Datos,6,anon_347,2526-1,2,Año que cursa=2|Participaciones de la semana=0|Participaciones de la semana anterior=0|Tamaño del grupo=mediano,2.195613,2.250833165112304,1.1304212,0.13042116,2.8867962075387514,1.1304212,1.1451597,3.4021006,3.673337,0.57257485,1.4290557,1.3364011
Estructura de Datos,6,anon_348,2526-1,2,Año que cursa=2|Participaciones de la semana=0|Participaciones de la semana anterior=0|Tamaño del grupo=mediano,2.1235294,2.250833165112304,1.1276298,0.12762976,2.8867962075387514,1.1276298,1.1444063,3.3983412,3.6770144,0.5802218,1.3886319,1.3364011
Estructura de Datos,6,anon_349,2526-1,2,Año que cursa=1|Participaciones de la semana=0|Participaciones de la semana anterior=0|Tamaño del grupo=mediano,2.1913822,4.137415600304203,1.1119893,0.11198926,6.661656788078978,1.1119893,1.1374102,3.373625,3.6045086,0.5859425,1.1798346,1.1409113
Estructura de Datos,6,anon_350,2526-1,2,Año que cursa=3|Participaciones de la semana=0|Participaciones de la semana anterior=0|Tamaño del grupo=mediano,3.194436,1.037267447868229,1.1241331,0.12413311,4.818103882010872,1.1241331,1.1353407,3.381135,3.7092056,0.5159588,1.5341802,1.4908729
Estructura de Datos,6,anon_351,2526-1,2,Año que cursa=2|Participaciones de la semana=0|Participaciones de la semana anterior=0|Tamaño del grupo=mediano,1.8309786,2.250833165112304,1.1140642,0.11406422,2.8867962075387514,1.1140642,1.1387339,3.3749926,3.6785114,0.59212756,1.2067604,1.3364011
Estructura de Datos,6,anon_352,2526-1,2,Año que cursa=5 o más|Participaciones de la semana=0|Participaciones de la semana anterior=0|Tamaño del grupo=mediano,1.3840003,1.772642962608245,1.0544767,0.054476738,7.648743038777756,1.0544767,1.064724,3.1770797,3.457747,0.59079576,1.0898402,0.9686068
Estructura de Datos,6,anon_353,2526-1,2,Año que cursa=1|Participaciones de la semana=0|Participaciones de la semana anterior=0|Tamaño del grupo=mediano,4.5081415,4.137415600304203,1.1115208,0.11152077,6.661656788078978,1.1115208,1.1359711,3.3785315,3.6204662,0.5022063,1.3556364,1.3388634
Estructura de Datos,6,anon_354,2526-1,2,Año que cursa=2|Participaciones de la semana=0|Participaciones de la semana anterior=0|Tamaño del grupo=mediano,1.6161927,2.250833165112304,1.1020223,0.10202229,2.8867962075387514,1.1020223,1.131496,3.3492432,3.66476,0.6158409,1.0568589,1.3364011
Estructura de Datos,6,anon_355,2526-1,2,Año que cursa=2|Participaciones de la semana=0|Participaciones de la semana anterior=0|Tamaño del grupo=mediano,1.547189,2.250833165112304,1.097821,0.097821,2.8867962075387514,1.097821,1.1285429,3.339393,3.6574943,0.62502134,1.0061399,1.3364011
Estructura de Datos,6,anon_356,2526-1,2,Año que cursa=2|Participaciones de la semana=0|Participaciones de la semana anterior=0|Tamaño del grupo=mediano,1.4799558,2.250833165112304,1.0935827,0.09358275,2.8867962075387514,1.0935827,1.1253519,3.3290558,3.6490316,0.6317538,0.9556471,1.3364011
Estructura de Datos,6,anon_357,2526-1,2,Año que cursa=3|Participaciones de la semana=0|Participaciones de la semana anterior=0|Tamaño del grupo=mediano,1.0450429,1.037267447868229,1.0756935,0.07569349,4.818103882010872,1.0756935,1.1072907,3.2704725,3.6262903,0.6373478,0.84798217,1.3317643
Estructura de Datos,6,anon_358,2526-1,2,Año que cursa=2|Participaciones de la semana=0|Participaciones de la semana anterior=3 o más|Tamaño del grupo=mediano,7.5721436,10.011198458574182,1.1249313,0.124931335,11.030892818144476,1.0952237,1.1249313,3.3914366,3.6789916,0.40541363,1.6082029,1.7565413
Estructura de Datos,6,anon_359,2526-1,2,Año que cursa=3|Participaciones de la semana=0|Participaciones de la semana anterior=0|Tamaño del grupo=mediano,0.88916206,1.037267447868229,1.0642399,0.06423986,4.818103882010872,1.0642399,1.0973425,3.2397747,3.587266,0.6229888,0.7120024,1.3317643
Estructura de Datos,6,anon_360,2526-1,2,Año que cursa=2|Participaciones de la semana=0|Participaciones de la semana anterior=0|Tamaño del grupo=mediano,1.0761532,2.250833165112304,1.0652646,0.06526458,2.8867962075387514,1.0652646,1.0989127,3.2511296,3.5657763,0.61454844,0.6312226,1.3364011
Estructura de Datos,6,anon_361,2526-1,2,Año que cursa=3|Participaciones de la semana=0|Participaciones de la semana anterior=0|Tamaño del grupo=mediano,0.8041084,1.037267447868229,1.0572798,0.057279825,4.818103882010872,1.0572798,1.0907383,3.220341,3.5592844,0.6046475,0.6295881,1.3317643
Estructura de Datos,6,anon_362,2526-1,2,Año que cursa=4|Participaciones de la semana=0|Participaciones de la semana anterior=0|Tamaño del grupo=mediano,0.73624885,1.5143201468869973,1.051349,0.051349044,0.17040880351669352,1.051349,1.0768113,3.1874962,3.5088582,0.5935255,0.6656983,1.163702
Estructura de Datos,6,anon_363,2526-1,2,Año que cursa=2|Participaciones de la semana=0|Participaciones de la semana anterior=0|Tamaño del grupo=mediano,2.2856894,2.250833165112304,1.0642037,0.06420374,2.8867962075387514,1.0642037,1.0972834,3.250071,3.573947,0.44825578,0.7278323,1.4895189
Estructura de Datos,6,anon_364,2526-1,2,Año que cursa=5 o más|Participaciones de la semana=0|Participaciones de la semana anterior=3 o más|Tamaño del grupo=mediano,14.046525,16.649575757575757,1.0668907,0.06689072,4.270905342080599,1.069066,1.0691252,3.1858454,3.5140858,0.14347744,0.9692335,0.8305588
Estructura de Datos,6,anon_365,2526-1,2,Año que cursa=3|Participaciones de la semana=0|Participaciones de la semana anterior=0|Tamaño del grupo=mediano,0.650082,1.037267447868229,1.0426786,0.042678595,4.818103882010872,1.0426786,1.0754566,3.1775446,3.489118,0.54155064,0.44967926,1.3317643
Estructura de Datos,6,anon_366,2526-1,2,Año que cursa=2|Participaciones de la semana=0|Participaciones de la semana anterior=3 o más|Tamaño del grupo=mediano,8.478823,10.011198458574182,1.1024952,0.10249519,11.030892818144476,1.0703487,1.1024952,3.351159,3.6147976,0.08697033,1.4052114,1.6712065
Estructura de Datos,6,anon_367,2526-1,2,Año que cursa=1|Participaciones de la semana=1|Participaciones de la semana anterior=3 o más|Tamaño del grupo=mediano,11.817008,18.901363373772387,1.1218348,0.121834755,2.0191177258839694,1.0801482,1.1086206,3.3494291,3.5229707,0.0557127,1.4464273,1.4923782
Estructura de Datos,6,anon_368,2526-1,2,Año que cursa=2|Participaciones de la semana=0|Participaciones de la semana anterior=0|Tamaño del grupo=mediano,3.4086776,2.250833165112304,1.0546165,0.05461645,2.8867962075387514,1.0546165,1.0858126,3.22148,3.540196,0.27323437,0.71072245,1.5826337
Estructura de Datos,6,anon_369,2526-1,2,Año que cursa=1|Participaciones de la semana=0|Participaciones de la semana anterior=0|Tamaño del grupo=mediano,2.287368,4.137415600304203,1.0453446,0.04534459,6.661656788078978,1.0453446,1.065731,3.1820524,3.417936,0.3860129,0.45648384,1.242605
Estructura de Datos,6,anon_031,2526-2,2,Año que cursa=3|Participaciones de la semana=0|Participaciones de la semana anterior=0|Tamaño del grupo=pequeño,6.834852,2.570381138352499,1.1250954,0.12509537,3.4548322411169345,1.1250954,1.1246319,3.3456774,3.4869385,1.3790002,1.9038715,1.6271152
Estructura de Datos,6,anon_064,2526-2,2,Año que cursa=2|Participaciones de la semana=0|Participaciones de la semana anterior=0|Tamaño del grupo=pequeño,3.1037507,2.693005009175222,1.1329684,0.13296843,8.072247936077725,1.1329684,1.1344967,3.3683352,3.5517879,1.2561059,1.3012763,1.7474995
Estructura de Datos,6,anon_067,2526-2,2,Año que cursa=2|Participaciones de la semana=0|Participaciones de la semana anterior=1|Tamaño del grupo=pequeño,6.80544,10.23295238095238,1.1385965,0.13859653,-2.0464918998527253,1.1388493,1.1341238,3.3716145,3.5652342,1.5634952,1.8234243,1.7142639
Estructura de Datos,6,anon_077,2526-2,2,Año que cursa=2|Participaciones de la semana=0|Participaciones de la semana anterior=0|Tamaño del grupo=pequeño,1.7299515,2.693005009175222,1.099013,0.09901297,8.072247936077725,1.099013,1.1247978,3.3157058,3.5854354,0.98019123,0.46856356,1.7474995
Estructura de Datos,6,anon_080,2526-2,2,Año que cursa=2|Participaciones de la semana=2|Participaciones de la semana anterior=2|Tamaño del grupo=pequeño,13.175152,14.593195164075993,1.1170502,0.11705017,-7.706528497409327,1.1241026,1.1116819,3.3918133,3.687478,1.7452087,2.0127344,1.243742
Estructura de Datos,6,anon_087,2526-2,2,Año que cursa=2|Participaciones de la semana=0|Participaciones de la semana anterior=0|Tamaño del grupo=pequeño,1.3193884,2.693005009175222,1.075892,0.07589197,8.072247936077725,1.075892,1.1049619,3.259283,3.5212789,0.80330074,0.27007496,1.7474995
Estructura de Datos,6,anon_205,2526-2,2,Año que cursa=5 o más|Participaciones de la semana=0|Participaciones de la semana anterior=0|Tamaño del grupo=pequeño,1.3112159,1.5777650529238247,1.0354648,0.035464764,19.342716046732534,1.0354648,1.0480275,3.1304412,3.3037395,1.1247668,0.79043627,1.3077035
Estructura de Datos,6,anon_347,2526-2,2,Año que cursa=3|Participaciones de la semana=2|Participaciones de la semana anterior=2|Tamaño del grupo=pequeño,11.374287,8.186460481099655,1.1008902,0.10089016,-1.299793814432988,1.1052408,1.0981436,3.3452654,3.4994707,1.5971432,2.0534153,1.6095715
Estructura de Datos,6,anon_355,2526-2,2,Año que cursa=3|Participaciones de la semana=0|Participaciones de la semana anterior=0|Tamaño del grupo=pequeño,1.9994687,2.570381138352499,1.0936455,0.09364545,3.4548322411169345,1.0936455,1.1140947,3.2924666,3.5047617,1.205033,0.84798217,1.7111752
Estructura de Datos,6,anon_360,2526-2,2,Año que cursa=3|Participaciones de la semana=0|Participaciones de la semana anterior=0|Tamaño del grupo=pequeño,1.6434704,2.570381138352499,1.0812253,0.081225276,3.4548322411169345,1.0812253,1.1032572,3.2625947,3.4905868,1.0779316,0.6295881,1.7111752
Estructura de Datos,6,anon_370,2526-2,2,Año que cursa=5 o más|Participaciones de la semana=0|Participaciones de la semana anterior=3 o más|Tamaño del grupo=pequeño,36.87521,15.18230680507497,1.0777931,0.07779312,5.738174294581386,1.1074829,1.0943718,3.1921425,3.334797,0.24954987,0.726017,0.19000244
Estructura de Datos,6,anon_371,2526-2,2,Año que cursa=2|Participaciones de la semana=0|Participaciones de la semana anterior=3 o más|Tamaño del grupo=pequeño,7.4910774,8.195455594002306,1.1380587,0.13805866,12.72502550565405,1.1317463,1.1389456,3.3668442,3.588544,1.5989666,1.4683537,1.6737251
Estructura de Datos,6,anon_372,2526-2,2,Año que cursa=5 o más|Participaciones de la semana=3 o más|Participaciones de la semana anterior=0|Tamaño del grupo=pequeño,5.8985605,12.255371329879102,1.0546236,0.054623604,0.0,1.0546236,1.0564117,3.1604505,3.3642902,1.5362968,1.051012,1.4283872
Estructura de Datos,6,anon_373,2526-2,2,Año que cursa=3|Participaciones de la semana=0|Participaciones de la semana anterior=0|Tamaño del grupo=pequeño,2.1252599,2.570381138352499,1.0978494,0.09784937,3.4548322411169345,1.0978494,1.117301,3.3018975,3.507547,1.2350253,0.92918134,1.7111752
Estructura de Datos,6,anon_374,2526-2,2,Año que cursa=2|Participaciones de la semana=0|Participaciones de la semana anterior=0|Tamaño del grupo=pequeño,2.2312267,2.693005009175222,1.1198261,0.11982608,8.072247936077725,1.1198261,1.1371121,3.3584015,3.609473,1.1677618,0.73169935,1.7474995
Estructura de Datos,6,anon_375,2526-2,2,Año que cursa=2|Participaciones de la semana=0|Participaciones de la semana anterior=0|Tamaño del grupo=pequeño,1.8497311,2.693005009175222,1.10475,0.10475004,8.072247936077725,1.10475,1.1287842,3.3283772,3.5961032,1.029177,0.5275035,1.7474995
Estructura de Datos,6,anon_376,2526-2,2,Año que cursa=2|Participaciones de la semana=0|Participaciones de la semana anterior=0|Tamaño del grupo=pequeño,5.5072427,2.693005009175222,1.116818,0.11681795,8.072247936077725,1.116818,1.1348953,3.3599734,3.662271,1.2084427,0.9665785,1.6345716
Estructura de Datos,6,anon_377,2526-2,2,Año que cursa=3|Participaciones de la semana=2|Participaciones de la semana anterior=0|Tamaño del grupo=pequeño,3.2804804,7.024640692640692,1.0775371,0.07753706,-0.13797402597402542,1.0775371,1.09266,3.212577,3.4921932,0.9910753,0.4074967,1.7991719
Estructura de Datos,6,anon_004,2526-3,2,Año que cursa=2|Participaciones de la semana=0|Participaciones de la semana anterior=2|Tamaño del grupo=mediano,4.731595,8.845521827117665,1.1450005,0.14500046,-2.9928291864250243,1.1329467,1.1456761,3.409648,3.668511,0.66395473,1.6645417,1.5332713
Estructura de Datos,6,anon_007,2526-3,2,Año que cursa=2|Participaciones de la semana=0|Participaciones de la semana anterior=0|Tamaño del grupo=mediano,1.7583942,2.250833165112304,1.110179,0.11017895,2.8867962075387514,1.110179,1.1366043,3.3671207,3.675333,0.59079576,1.1575345,1.3364011
Estructura de Datos,6,anon_081,2526-3,2,Año que cursa=2|Participaciones de la semana=0|Participaciones de la semana anterior=0|Tamaño del grupo=mediano,3.426574,2.250833165112304,1.0610988,0.061098814,2.8867962075387514,1.0610988,1.0931635,3.2419527,3.5705583,0.32309127,0.7811134,1.5924995
Estructura de Datos,6,anon_087,2526-3,2,Año que cursa=2|Participaciones de la semana=0|Participaciones de la semana anterior=0|Tamaño del grupo=mediano,3.1169295,2.250833165112304,1.0524936,0.052493572,2.8867962075387514,1.0524936,1.0829897,3.2136073,3.5306363,0.39897466,0.54651165,1.5710492
Estructura de Datos,6,anon_324,2526-3,2,Año que cursa=5 o más|Participaciones de la semana=0|Participaciones de la semana anterior=0|Tamaño del grupo=mediano,1.6653308,1.772642962608245,1.0596939,0.059693933,7.648743038777756,1.0596939,1.0702887,3.1962175,3.4616785,0.5802218,1.2002418,0.9686068
Estructura de Datos,6,anon_326,2526-3,2,Año que cursa=3|Participaciones de la semana=0|Participaciones de la semana anterior=2|Tamaño del grupo=mediano,7.081932,10.44120502817512,1.1371937,0.13719368,-2.248009864099126,1.1349154,1.134304,3.377102,3.6900911,0.7211075,1.8340559,1.6896429
Estructura de Datos,6,anon_339,2526-3,2,Año que cursa=3|Participaciones de la semana=0|Participaciones de la semana anterior=0|Tamaño del grupo=mediano,0.8448043,1.037267447868229,1.0606846,0.06068456,4.818103882010872,1.0606846,1.0940213,3.22992,3.5733767,0.61454844,0.66996515,1.3317643
Estructura de Datos,6,anon_341,2526-3,2,Año que cursa=4|Participaciones de la semana=0|Participaciones de la semana anterior=0|Tamaño del grupo=mediano,0.73624885,1.5143201468869973,1.051349,0.051349044,0.17040880351669352,1.051349,1.0768113,3.1874962,3.5088582,0.5935255,0.6656983,1.163702
Estructura de Datos,6,anon_349,2526-3,2,Año que cursa=2|Participaciones de la semana=0|Participaciones de la semana anterior=1|Tamaño del grupo=mediano,8.80351,4.009363741530326,1.1450157,0.14501572,9.694776922164575,1.1487265,1.1319914,3.3830538,3.5815601,0.8065157,2.001566,1.7613068
Estructura de Datos,6,anon_356,2526-3,2,Año que cursa=3|Participaciones de la semana=0|Participaciones de la semana anterior=0|Tamaño del grupo=mediano,1.4536257,1.037267447868229,1.100214,0.100214005,4.818103882010872,1.100214,1.1245227,3.329935,3.6775527,0.60426617,1.1500267,1.3317643
Estructura de Datos,6,anon_362,2526-3,2,Año que cursa=5 o más|Participaciones de la semana=0|Participaciones de la semana anterior=2|Tamaño del grupo=mediano,11.254056,17.82152380952381,1.0687675,0.06876755,-9.635063328424156,1.0748043,1.066411,3.1896715,3.5002728,0.17148113,1.090188,0.839715
Estructura de Datos,6,anon_363,2526-3,2,Año que cursa=3|Participaciones de la semana=1|Participaciones de la semana anterior=2|Tamaño del grupo=mediano,5.2626333,8.193195164075993,1.0929995,0.09299946,6.769978779097951,1.0723,1.1000528,3.266903,3.582202,0.4551773,0.8558445,1.7022114
Estructura de Datos,6,anon_365,2526-3,2,Año que cursa=4|Participaciones de la semana=0|Participaciones de la semana anterior=3 o más|Tamaño del grupo=mediano,17.229963,16.649575757575757,1.0750713,0.075071335,4.368025165146271,1.092144,1.0750713,3.2071857,3.4842358,0.32206535,1.5547028,0.9551182
Estructura de Datos,6,anon_372,2526-3,2,Año que cursa=5 o más|Participaciones de la semana=1|Participaciones de la semana anterior=2|Tamaño del grupo=mediano,11.433559,8.186460481099655,1.0802841,0.08028412,0.0,1.081994,1.0795412,3.2391624,3.4758043,0.8833895,1.4150639,0.9513626
Estructura de Datos,6,anon_375,2526-3,2,Año que cursa=2|Participaciones de la semana=0|Participaciones de la semana anterior=0|Tamaño del grupo=mediano,6.530205,2.250833165112304,1.1214075,0.12140751,2.8867962075387514,1.1214075,1.133153,3.3933926,3.6996546,0.38293839,1.5689259,1.6833658
Estructura de Datos,6,anon_378,2526-3,2,Año que cursa=4|Participaciones de la semana=0|Participaciones de la semana anterior=1|Tamaño del grupo=mediano,4.220707,8.13117273252455,1.1028028,0.10280275,-6.410691632868193,1.0970714,1.1084929,3.3112917,3.6225774,0.5532813,1.4780152,1.3269281
Estructura de Datos,6,anon_379,2526-3,2,Año que cursa=4|Participaciones de la semana=0|Participaciones de la semana anterior=2|Tamaño del grupo=mediano,17.2169,20.993195164075992,1.0928612,0.092861176,0.024405758646036446,1.1061802,1.087574,3.2473602,3.4315948,0.61566544,1.5861444,0.97777176
Estructura de Datos,6,anon_380,2526-3,2,Año que cursa=2|Participaciones de la semana=0|Participaciones de la semana anterior=0|Tamaño del grupo=mediano,1.6161927,2.250833165112304,1.1020223,0.10202229,2.8867962075387514,1.1020223,1.131496,3.3492432,3.66476,0.6158409,1.0568589,1.3364011
Estructura de Datos,6,anon_381,2526-3,2,Año que cursa=3|Participaciones de la semana=0|Participaciones de la semana anterior=0|Tamaño del grupo=mediano,6.808773,1.037267447868229,1.1318865,0.13188648,4.818103882010872,1.1318865,1.124464,3.3830357,3.680069,0.5617018,1.7856989,1.6771951
Estructura de Datos,6,anon_382,2526-3,2,Año que cursa=3|Participaciones de la semana=0|Participaciones de la semana anterior=0|Tamaño del grupo=mediano,4.0222206,1.037267447868229,1.1143875,0.11438751,4.818103882010872,1.1143875,1.1275663,3.3612108,3.7235422,0.5037999,1.4273038,1.579277
Estructura de Datos,6,anon_383,2526-3,2,Año que cursa=5 o más|Participaciones de la semana=0|Participaciones de la semana anterior=0|Tamaño del grupo=mediano,4.869318,1.772642962608245,1.0657325,0.06573248,7.648743038777756,1.0657325,1.0660667,3.1968126,3.4879732,0.56583786,1.0877647,0.9914694
Estructura de Datos,6,anon_384,2526-3,2,Año que cursa=1|Participaciones de la semana=0|Participaciones de la semana anterior=0|Tamaño del grupo=mediano,1.6601682,4.137415600304203,1.0801291,0.08012915,6.661656788078978,1.0801291,1.109169,3.2942238,3.538712,0.63786554,0.7932036,1.1409113
Estructura de Datos,6,anon_385,2526-3,2,Año que cursa=4|Participaciones de la semana=0|Participaciones de la semana anterior=0|Tamaño del grupo=mediano,0.97254384,1.5143201468869973,1.0642852,0.06428516,0.17040880351669352,1.0642852,1.0865154,3.2204685,3.5552988,0.6373478,0.8956268,1.163702
Estructura de Datos,6,anon_386,2526-3,2,Año que cursa=2|Participaciones de la semana=0|Participaciones de la semana anterior=0|Tamaño del grupo=mediano,3.8334775,2.250833165112304,1.0963159,0.09631586,2.8867962075387514,1.0963159,1.1249695,3.3401551,3.679316,0.44929504,1.1598206,1.5859883
Estructura de Datos,6,anon_387,2526-3,2,Año que cursa=3|Participaciones de la semana=0|Participaciones de la semana anterior=0|Tamaño del grupo=mediano,6.4835587,1.037267447868229,1.1142778,0.11427784,4.818103882010872,1.1142778,1.1209221,3.3584156,3.719698,0.19768333,1.6165152,1.6893063
Estructura de Datos,6,anon_388,2526-3,2,Año que cursa=1|Participaciones de la semana=0|Participaciones de la semana anterior=1|Tamaño del grupo=mediano,8.876047,9.997974409021905,1.107955,0.10795498,-0.9369700800175753,1.0992975,1.1226683,3.3736095,3.610384,0.2519045,1.6255102,1.5823345
Estructura de Datos,6,anon_389,2526-3,2,Año que cursa=5 o más|Participaciones de la semana=0|Participaciones de la semana anterior=0|Tamaño del grupo=mediano,0.79439914,1.772642962608245,1.0472617,0.047261715,7.648743038777756,1.0472617,1.0631704,3.158999,3.443799,0.56857836,0.6154543,0.9686067
Estructura de Datos,6,anon_390,2526-3,2,Año que cursa=3|Participaciones de la semana=0|Participaciones de la semana anterior=0|Tamaño del grupo=mediano,0.6748879,1.037267447868229,1.0452703,0.045270324,4.818103882010872,1.0452703,1.0783267,3.185372,3.5028822,0.55521655,0.48310947,1.3317643
Estructura de Datos,6,anon_391,2526-3,2,Año que cursa=3|Participaciones de la semana=0|Participaciones de la semana anterior=0|Tamaño del grupo=mediano,1.9250097,1.037267447868229,1.0459251,0.04592514,4.818103882010872,1.0459251,1.0791311,3.189599,3.5141068,0.39653063,0.54770625,1.4908729
Estructura de Datos,6,anon_392,2526-3,2,Año que cursa=3|Participaciones de la semana=0|Participaciones de la semana anterior=0|Tamaño del grupo=mediano,0.56203043,1.037267447868229,1.0320252,0.032025218,4.818103882010872,1.0320252,1.0627046,3.1438756,3.4239426,0.4747839,0.29544592,1.3317643
Estructura de Datos,8,anon_011,2425-3,2,Año que cursa=2|Participaciones de la semana=0|Participaciones de la semana anterior=0|Tamaño del grupo=mediano,1.1367002,2.250833165112304,1.0780053,0.078005314,2.8867962075387514,1.0780053,1.1004219,3.264316,3.3985305,0.7001696,1.0685663,1.1415583
Estructura de Datos,8,anon_037,2425-3,2,Año que cursa=1|Participaciones de la semana=0|Participaciones de la semana anterior=0|Tamaño del grupo=mediano,5.4121966,4.137415600304203,1.0982976,0.098297596,6.661656788078978,1.0982976,1.1080332,3.308622,3.4131799,0.6248927,1.5683475,1.0899372
Estructura de Datos,8,anon_050,2425-3,2,Año que cursa=2|Participaciones de la semana=0|Participaciones de la semana anterior=0|Tamaño del grupo=mediano,1.7771754,2.250833165112304,1.0453458,0.045345783,2.8867962075387514,1.0453458,1.0688443,3.1789813,3.2815762,0.504267,0.6973684,1.2319561
Estructura de Datos,8,anon_052,2425-3,2,Año que cursa=1|Participaciones de la semana=0|Participaciones de la semana anterior=0|Tamaño del grupo=mediano,9.096412,4.137415600304203,1.0675945,0.06759453,6.661656788078978,1.0675945,1.0837183,3.2421837,3.3352165,0.1663742,1.2865534,1.1172457
Estructura de Datos,8,anon_055,2425-3,2,Año que cursa=1|Participaciones de la semana=0|Participaciones de la semana anterior=0|Tamaño del grupo=mediano,1.9788629,4.137415600304203,1.0438551,0.04385507,6.661656788078978,1.0438551,1.0581946,3.1618147,3.2226396,0.45051658,0.54152894,0.9754236
Estructura de Datos,8,anon_301,2425-3,2,Año que cursa=4|Participaciones de la semana=0|Participaciones de la semana anterior=1|Tamaño del grupo=mediano,15.525928,8.13117273252455,1.0647917,0.06479168,-6.410691632868193,1.0686646,1.0581188,3.1836824,3.3259668,0.60147095,1.8399315,0.80878544
Estructura de Datos,8,anon_322,2425-3,2,Año que cursa=2|Participaciones de la semana=3 o más|Participaciones de la semana anterior=1|Tamaño del grupo=mediano,19.287405,21.037186417186415,1.0385876,0.03858757,0.0,1.0434666,1.0320988,3.1995373,3.1984997,0.84199905,1.7782822,1.1424313
Estructura de Datos,8,anon_323,2425-3,2,Año que cursa=2|Participaciones de la semana=2|Participaciones de la semana anterior=1|Tamaño del grupo=mediano,18.307981,16.649575757575757,1.054081,0.054080963,4.387610659610658,1.0615196,1.0437126,3.2104855,3.232626,0.7929592,1.9089699,1.1481266
Estructura de Datos,8,anon_324,2425-3,2,Año que cursa=4|Participaciones de la semana=0|Participaciones de la semana anterior=0|Tamaño del grupo=mediano,1.2750118,1.5143201468869973,1.06159,0.061589956,0.17040880351669352,1.06159,1.070971,3.191901,3.3733218,0.60672665,1.5191953,0.94466364
Estructura de Datos,8,anon_325,2425-3,2,Año que cursa=2|Participaciones de la semana=0|Participaciones de la semana anterior=0|Tamaño del grupo=mediano,5.411826,2.250833165112304,1.1088486,0.10884857,2.8867962075387514,1.1088486,1.1102314,3.3221626,3.4658728,0.5594039,1.8228407,1.3529377
Estructura de Datos,8,anon_326,2425-3,2,Año que cursa=2|Participaciones de la semana=0|Participaciones de la semana anterior=0|Tamaño del grupo=mediano,1.4926972,2.250833165112304,1.093905,0.09390497,2.8867962075387514,1.093905,1.1083503,3.2946959,3.4399924,0.6360347,1.3267148,1.1415583
Estructura de Datos,8,anon_327,2425-3,2,Año que cursa=2|Participaciones de la semana=1|Participaciones de la semana anterior=1|Tamaño del grupo=mediano,10.067949,13.7041406636949,1.1071758,0.10717583,2.9454350938808567,1.112359,1.0910149,3.3081932,3.444602,0.85034084,2.2114668,1.585062
Estructura de Datos,8,anon_328,2425-3,2,Año que cursa=1|Participaciones de la semana=0|Participaciones de la semana anterior=0|Tamaño del grupo=mediano,11.239244,4.137415600304203,1.1034002,0.10340023,6.661656788078978,1.1034002,1.1023254,3.3134727,3.407011,0.6765318,1.9629488,1.1525679
Estructura de Datos,8,anon_329,2425-3,2,Año que cursa=2|Participaciones de la semana=0|Participaciones de la semana anterior=0|Tamaño del grupo=mediano,19.332966,2.250833165112304,1.0917835,0.09178352,2.8867962075387514,1.0917835,1.0665455,3.2303581,3.2710972,0.5714073,1.9131927,0.8504791
Estructura de Datos,8,anon_330,2425-3,2,Año que cursa=1|Participaciones de la semana=0|Participaciones de la semana anterior=0|Tamaño del grupo=mediano,16.802105,4.137415600304203,1.1026821,0.10268211,6.661656788078978,1.1026821,1.0915585,3.2977123,3.3684826,0.5374775,1.8849411,0.8689308
Estructura de Datos,8,anon_331,2425-3,2,Año que cursa=3|Participaciones de la semana=0|Participaciones de la semana anterior=0|Tamaño del grupo=mediano,0.92084426,1.037267447868229,1.0700889,0.07008886,4.818103882010872,1.0700889,1.0897031,3.233886,3.4040024,0.6924403,1.1940862,1.1323344
Estructura de Datos,8,anon_332,2425-3,2,Año que cursa=4|Participaciones de la semana=0|Participaciones de la semana anterior=0|Tamaño del grupo=mediano,0.6994665,1.5143201468869973,1.0452454,0.04524541,0.17040880351669352,1.0452454,1.0590372,3.1570585,3.334037,0.70472306,1.157221,0.94466364
Estructura de Datos,8,anon_333,2425-3,2,Año que cursa=5 o más|Participaciones de la semana=0|Participaciones de la semana anterior=1|Tamaño del grupo=mediano,3.052919,6.853402633402633,1.0337319,0.033731937,14.067078466253724,1.0321522,1.036376,3.109076,3.2741332,0.61135006,1.2308741,0.75788784
Estructura de Datos,8,anon_334,2425-3,2,Año que cursa=2|Participaciones de la semana=0|Participaciones de la semana anterior=1|Tamaño del grupo=mediano,3.2749891,4.009363741530326,1.0800562,0.08005619,9.694776922164575,1.071888,1.0958929,3.2723136,3.3825626,0.5776131,1.1564417,1.3193479
Estructura de Datos,8,anon_335,2425-3,2,Año que cursa=5 o más|Participaciones de la semana=0|Participaciones de la semana anterior=0|Tamaño del grupo=mediano,1.8110551,1.772642962608245,1.0333544,0.0333544,7.648743038777756,1.0333544,1.0375566,3.110269,3.2707524,0.65089965,1.105585,0.76237714
Estructura de Datos,8,anon_336,2425-3,2,Año que cursa=1|Participaciones de la semana=0|Participaciones de la semana anterior=0|Tamaño del grupo=mediano,4.774296,4.137415600304203,1.0719967,0.07199669,6.661656788078978,1.0719967,1.089592,3.2519407,3.3368454,0.35055685,1.1253695,1.062252
Estructura de Datos,8,anon_337,2425-3,2,Año que cursa=4|Participaciones de la semana=0|Participaciones de la semana anterior=0|Tamaño del grupo=mediano,3.026393,1.5143201468869973,1.0517526,0.051752567,0.17040880351669352,1.0517526,1.062285,3.174461,3.3487468,0.49090672,1.2405345,1.0257559
Estructura de Datos,8,anon_338,2425-3,2,Año que cursa=3|Participaciones de la semana=0|Participaciones de la semana anterior=0|Tamaño del grupo=mediano,0.49333692,1.037267447868229,1.044659,0.04465902,4.818103882010872,1.044659,1.0691023,3.1728175,3.3129642,0.6597247,0.80667514,1.1323344
Estructura de Datos,8,anon_339,2425-3,2,Año que cursa=2|Participaciones de la semana=0|Participaciones de la semana anterior=1|Tamaño del grupo=mediano,3.009741,4.009363741530326,1.0636032,0.06360316,9.694776922164575,1.0562367,1.0812392,3.2325199,3.326461,0.5255301,0.9233625,1.3193479
Estructura de Datos,8,anon_340,2425-3,2,Año que cursa=2|Participaciones de la semana=0|Participaciones de la semana anterior=0|Tamaño del grupo=mediano,0.66627234,2.250833165112304,1.0478444,0.04784441,2.8867962075387514,1.0478444,1.0721369,3.1850173,3.2900798,0.62997925,0.6624783,1.1415583
Estructura de Datos,8,anon_341,2425-3,2,Año que cursa=3|Participaciones de la semana=0|Participaciones de la semana anterior=0|Tamaño del grupo=mediano,0.41194904,1.037267447868229,1.038019,0.038018942,4.818103882010872,1.038019,1.0621748,3.1537023,3.28231,0.61382234,0.7051298,1.1323344
Estructura de Datos,8,anon_342,2425-3,2,Año que cursa=4|Participaciones de la semana=0|Participaciones de la semana anterior=0|Tamaño del grupo=mediano,0.37661564,1.5143201468869973,1.0348754,0.034875393,0.17040880351669352,1.0348754,1.0521569,3.131456,3.270307,0.59719574,0.78056693,0.94466364
Estructura de Datos,8,anon_343,2425-3,2,Año que cursa=2|Participaciones de la semana=0|Participaciones de la semana anterior=0|Tamaño del grupo=mediano,4.1690664,2.250833165112304,1.0513687,0.051368713,2.8867962075387514,1.0513687,1.075305,3.2008367,3.3127737,0.29719734,0.93797493,1.3529377
Estructura de Datos,8,anon_344,2425-3,2,Año que cursa=5 o más|Participaciones de la semana=0|Participaciones de la semana anterior=0|Tamaño del grupo=mediano,0.42035556,1.772642962608245,1.0306737,0.030673742,7.648743038777756,1.0306737,1.0422592,3.1093752,3.2430298,0.53092414,0.6700541,0.75994635
Estructura de Datos,8,anon_345,2425-3,2,Año que cursa=2|Participaciones de la semana=0|Participaciones de la semana anterior=0|Tamaño del grupo=mediano,6.2198534,2.250833165112304,1.0585909,0.05859089,2.8867962075387514,1.0585909,1.0811272,3.221426,3.3532562,0.24288177,0.9684086,1.4592853
Estructura de Datos,8,anon_012,2526-1,2,Año que cursa=1|Participaciones de la semana=0|Participaciones de la semana anterior=0|Tamaño del grupo=mediano,1.4041896,4.137415600304203,1.0725856,0.07258558,6.661656788078978,1.0725856,1.0917683,3.2509308,3.335288,0.70472306,0.89249474,0.92465806
Estructura de Datos,8,anon_060,2526-1,2,Año que cursa=2|Participaciones de la semana=0|Participaciones de la semana anterior=0|Tamaño del grupo=mediano,2.7058716,2.250833165112304,1.0394855,0.039485455,2.8867962075387514,1.0394855,1.0609937,3.1597118,3.2590814,0.42874384,0.6027398,1.353651
Estructura de Datos,8,anon_324,2526-1,2,Año que cursa=4|Participaciones de la semana=0|Participaciones de la semana anterior=0|Tamaño del grupo=mediano,1.14206,1.5143201468869973,1.0578158,0.05781579,0.17040880351669352,1.0578158,1.06845,3.1843798,3.3679554,0.6284938,1.4493041,0.94466364
Estructura de Datos,8,anon_333,2526-1,2,Año que cursa=5 o más|Participaciones de la semana=0|Participaciones de la semana anterior=0|Tamaño del grupo=mediano,0.7405347,1.772642962608245,1.0290484,0.029048443,7.648743038777756,1.0290484,1.034864,3.099492,3.2614665,0.7061564,1.1403344,0.75994635
Estructura de Datos,8,anon_336,2526-1,2,Año que cursa=1|Participaciones de la semana=2|Participaciones de la semana anterior=0|Tamaño del grupo=mediano,6.926939,12.984121212121211,1.0969839,0.09698391,3.7594312676942447,1.0969839,1.0949421,3.2695212,3.3972912,0.62209845,1.2987428,1.2131724
Estructura de Datos,8,anon_342,2526-1,2,Año que cursa=4|Participaciones de la semana=0|Participaciones de la semana anterior=0|Tamaño del grupo=mediano,5.2984605,1.5143201468869973,1.0590873,0.059087276,0.17040880351669352,1.0590873,1.0647001,3.1922164,3.36342,0.35784674,1.2417746,0.9590907
Estructura de Datos,8,anon_346,2526-1,2,Año que cursa=1|Participaciones de la semana=0|Participaciones de la semana anterior=0|Tamaño del grupo=mediano,1.876114,4.137415600304203,1.0941983,0.094198346,6.661656788078978,1.0941983,1.1076856,3.297526,3.4037766,0.5760766,1.2457118,0.92465806
Estructura de Datos,8,anon_347,2526-1,2,Año que cursa=2|Participaciones de la semana=1|Participaciones de la semana anterior=0|Tamaño del grupo=mediano,2.8263645,5.137629372651055,1.1062875,0.10628748,2.388371321070763,1.1062875,1.100625,3.302649,3.457108,0.6537719,1.5281558,1.2046753
Estructura de Datos,8,anon_348,2526-1,2,Año que cursa=2|Participaciones de la semana=0|Participaciones de la semana anterior=0|Tamaño del grupo=mediano,1.668907,2.250833165112304,1.0993553,0.09935534,2.8867962075387514,1.0993553,1.1091027,3.3015132,3.4480782,0.60672665,1.436307,1.1415583
Estructura de Datos,8,anon_349,2526-1,2,Año que cursa=1|Participaciones de la semana=0|Participaciones de la semana anterior=0|Tamaño del grupo=mediano,1.7639979,4.137415600304203,1.0898086,0.08980858,6.661656788078978,1.0898086,1.1056647,3.2905807,3.3926268,0.61872685,1.1652164,0.92465806
Estructura de Datos,8,anon_350,2526-1,2,Año que cursa=3|Participaciones de la semana=0|Participaciones de la semana anterior=0|Tamaño del grupo=mediano,2.5772152,1.037267447868229,1.0909309,0.09093094,4.818103882010872,1.0909309,1.0994854,3.2753668,3.4555368,0.5912051,1.5948414,1.2259724
Estructura de Datos,8,anon_351,2526-1,2,Año que cursa=2|Participaciones de la semana=0|Participaciones de la semana anterior=0|Tamaño del grupo=mediano,1.4327328,2.250833165112304,1.091677,0.09167695,2.8867962075387514,1.091677,1.1076584,3.291187,3.435346,0.6413759,1.2865776,1.1415583
Estructura de Datos,8,anon_352,2526-1,2,Año que cursa=5 o más|Participaciones de la semana=0|Participaciones de la semana anterior=0|Tamaño del grupo=mediano,0.96248657,1.772642962608245,1.0277355,0.027735472,7.648743038777756,1.0277355,1.0334678,3.096072,3.2676485,0.6505559,1.2925665,0.75994635
Estructura de Datos,8,anon_353,2526-1,2,Año que cursa=1|Participaciones de la semana=0|Participaciones de la semana anterior=0|Tamaño del grupo=mediano,3.9650197,4.137415600304203,1.0877314,0.08773136,6.661656788078978,1.0877314,1.1035914,3.2895966,3.3882055,0.57974505,1.2869797,1.0423317
Estructura de Datos,8,anon_354,2526-1,2,Año que cursa=2|Participaciones de la semana=0|Participaciones de la semana anterior=0|Tamaño del grupo=mediano,1.2531583,2.250833165112304,1.083899,0.08389902,2.8867962075387514,1.083899,1.1040816,3.2768319,3.4157407,0.68154186,1.1580591,1.1415583
Estructura de Datos,8,anon_355,2526-1,2,Año que cursa=2|Participaciones de la semana=0|Participaciones de la semana anterior=0|Tamaño del grupo=mediano,1.1944087,2.250833165112304,1.0810063,0.08100629,2.8867962075387514,1.0810063,1.102376,3.2708395,3.4074967,0.6924403,1.1134713,1.1415583
Estructura de Datos,8,anon_356,2526-1,2,Año que cursa=2|Participaciones de la semana=0|Participaciones de la semana anterior=0|Tamaño del grupo=mediano,1.1367002,2.250833165112304,1.0780053,0.078005314,2.8867962075387514,1.0780053,1.1004219,3.264316,3.3985305,0.7001696,1.0685663,1.1415583
Estructura de Datos,8,anon_357,2526-1,2,Año que cursa=3|Participaciones de la semana=0|Participaciones de la semana anterior=0|Tamaño del grupo=mediano,0.6958164,1.037267447868229,1.0581443,0.05814433,4.818103882010872,1.0581443,1.0811868,3.2074804,3.3658066,0.704592,1.0079542,1.1323344
Estructura de Datos,8,anon_358,2526-1,2,Año que cursa=2|Participaciones de la semana=0|Participaciones de la semana anterior=0|Tamaño del grupo=mediano,7.02545,2.250833165112304,1.0958838,0.09588385,2.8867962075387514,1.0958838,1.1051197,3.3071656,3.4564958,0.4174223,1.6597342,1.4371095
Estructura de Datos,8,anon_359,2526-1,2,Año que cursa=3|Participaciones de la semana=0|Participaciones de la semana anterior=0|Tamaño del grupo=mediano,0.56364393,1.037267447868229,1.0497295,0.049729466,4.818103882010872,1.0497295,1.0739446,3.1864738,3.3341403,0.6839756,0.8820679,1.1323344
Estructura de Datos,8,anon_360,2526-1,2,Año que cursa=2|Participaciones de la semana=0|Participaciones de la semana anterior=0|Tamaño del grupo=mediano,0.78222585,2.250833165112304,1.0562823,0.056282282,2.8867962075387514,1.0562823,1.0815096,3.2095497,3.3237274,0.67269623,0.7708726,1.1415583
Estructura de Datos,8,anon_361,2526-1,2,Año que cursa=3|Participaciones de la semana=0|Participaciones de la semana anterior=0|Tamaño del grupo=mediano,0.49333692,1.037267447868229,1.044659,0.04465902,4.818103882010872,1.044659,1.0691023,3.1728175,3.3129642,0.6597247,0.80667514,1.1323344
Estructura de Datos,8,anon_362,2526-1,2,Año que cursa=4|Participaciones de la semana=0|Participaciones de la semana anterior=0|Tamaño del grupo=mediano,0.43752325,1.5143201468869973,1.0375606,0.037560582,0.17040880351669352,1.0375606,1.053637,3.137815,3.2872815,0.6453811,0.8808336,0.94466364
Estructura de Datos,8,anon_363,2526-1,2,Año que cursa=2|Participaciones de la semana=0|Participaciones de la semana anterior=0|Tamaño del grupo=mediano,1.8840222,2.250833165112304,1.0533361,0.053336143,2.8867962075387514,1.0533361,1.0781121,3.2032218,3.315031,0.53662705,0.8073859,1.2319561
Estructura de Datos,8,anon_364,2526-1,2,Año que cursa=5 o más|Participaciones de la semana=3 o más|Participaciones de la semana anterior=0|Tamaño del grupo=mediano,16.54474,15.978659734257654,1.0432358,0.04323578,0.0,1.0432358,1.0390549,3.1417503,3.2576237,0.23217964,1.0800858,0.47850037
Estructura de Datos,8,anon_365,2526-1,2,Año que cursa=3|Participaciones de la semana=0|Participaciones de la semana anterior=0|Tamaño del grupo=mediano,0.37143934,1.037267447868229,1.0342232,0.0342232,4.818103882010872,1.0342232,1.0578794,3.1420984,3.263061,0.5803649,0.64340425,1.1323344
Estructura de Datos,8,anon_366,2526-1,2,Año que cursa=2|Participaciones de la semana=0|Participaciones de la semana anterior=0|Tamaño del grupo=mediano,7.806864,2.250833165112304,1.0740347,0.07403469,2.8867962075387514,1.0740347,1.0936031,3.2648249,3.4085035,0.09705639,1.3760066,1.3569441
Estructura de Datos,8,anon_367,2526-1,2,Año que cursa=1|Participaciones de la semana=1|Participaciones de la semana anterior=0|Tamaño del grupo=mediano,12.33332,10.79907238838318,1.0916195,0.09161949,2.1850488237380308,1.0916195,1.0972862,3.2645483,3.396758,0.07614231,1.4742908,1.1564598
Estructura de Datos,8,anon_368,2526-1,2,Año que cursa=2|Participaciones de la semana=0|Participaciones de la semana anterior=0|Tamaño del grupo=mediano,2.9173982,2.250833165112304,1.0436189,0.043618917,2.8867962075387514,1.0436189,1.0663843,3.1750143,3.2760942,0.37967086,0.7388389,1.2840095
Estructura de Datos,8,anon_369,2526-1,2,Año que cursa=1|Participaciones de la semana=0|Participaciones de la semana anterior=0|Tamaño del grupo=mediano,1.9788629,4.137415600304203,1.0438551,0.04385507,6.661656788078978,1.0438551,1.0581946,3.1618147,3.2226396,0.45051658,0.54152894,0.9754236
Estructura de Datos,8,anon_031,2526-2,2,Año que cursa=3|Participaciones de la semana=0|Participaciones de la semana anterior=0|Tamaño del grupo=pequeño,6.3175387,2.570381138352499,1.0719733,0.071973324,3.4548322411169345,1.0719733,1.0756826,3.2149653,3.2890544,1.211874,1.9347806,1.3169274
Estructura de Datos,8,anon_064,2526-2,2,Año que cursa=2|Participaciones de la semana=0|Participaciones de la semana anterior=0|Tamaño del grupo=pequeño,2.9500015,2.693005009175222,1.0873458,0.08734584,8.072247936077725,1.0873458,1.0872431,3.2491696,3.336167,1.1681341,1.3651379,1.4449182
Estructura de Datos,8,anon_067,2526-2,2,Año que cursa=2|Participaciones de la semana=0|Participaciones de la semana anterior=0|Tamaño del grupo=pequeño,6.421611,2.693005009175222,1.0902009,0.0902009,8.072247936077725,1.0902009,1.0864811,3.2530088,3.3281279,1.4203696,1.8148227,1.2922034
Estructura de Datos,8,anon_077,2526-2,2,Año que cursa=2|Participaciones de la semana=0|Participaciones de la semana anterior=0|Tamaño del grupo=pequeño,1.8356544,2.693005009175222,1.0776974,0.0776974,8.072247936077725,1.0776974,1.0878596,3.234766,3.40654,1.1239535,0.6186576,1.4449182
Estructura de Datos,8,anon_080,2526-2,2,Año que cursa=2|Participaciones de la semana=0|Participaciones de la semana anterior=0|Tamaño del grupo=pequeño,12.68084,2.693005009175222,1.0944576,0.09445763,8.072247936077725,1.0944576,1.087347,3.2670975,3.3790588,1.6020555,1.948081,0.77398586
Estructura de Datos,8,anon_087,2526-2,2,Año que cursa=2|Participaciones de la semana=0|Participaciones de la semana anterior=0|Tamaño del grupo=pequeño,1.4136242,2.693005009175222,1.067947,0.06794703,8.072247936077725,1.067947,1.0807924,3.2123861,3.3774176,0.9227221,0.4331621,1.4449182
Estructura de Datos,8,anon_205,2526-2,2,Año que cursa=5 o más|Participaciones de la semana=0|Participaciones de la semana anterior=0|Tamaño del grupo=pequeño,1.2353617,1.5777650529238247,1.0177368,0.017736793,19.342716046732534,1.0177368,1.0254898,3.0667858,3.1873908,1.2476047,1.0107491,1.1948671
Estructura de Datos,8,anon_347,2526-2,2,Año que cursa=3|Participaciones de la semana=0|Participaciones de la semana anterior=0|Tamaño del grupo=pequeño,10.766537,2.570381138352499,1.0774431,0.07744312,3.4548322411169345,1.0774431,1.0765657,3.2244854,3.2788305,1.372942,2.0960035,1.1194811
Estructura de Datos,8,anon_355,2526-2,2,Año que cursa=3|Participaciones de la semana=0|Participaciones de la semana anterior=0|Tamaño del grupo=pequeño,1.9962982,2.570381138352499,1.0558196,0.05581963,3.4548322411169345,1.0558196,1.0682826,3.1745548,3.3373275,1.2883365,1.0079542,1.4862393
Estructura de Datos,8,anon_360,2526-2,2,Año que cursa=3|Participaciones de la semana=0|Participaciones de la semana anterior=0|Tamaño del grupo=pequeño,1.6840608,2.570381138352499,1.0515924,0.05159235,3.4548322411169345,1.0515924,1.0631256,3.1614187,3.3328707,1.2126282,0.80667514,1.4862393
Estructura de Datos,8,anon_370,2526-2,2,Año que cursa=5 o más|Participaciones de la semana=3 o más|Participaciones de la semana anterior=1|Tamaño del grupo=pequeño,40.159386,20.920481099656357,1.0346756,0.0346756,0.0,1.038063,1.0274734,3.167286,3.2579155,0.4408493,0.75216293,0.2189827
Estructura de Datos,8,anon_371,2526-2,2,Año que cursa=2|Participaciones de la semana=0|Participaciones de la semana anterior=0|Tamaño del grupo=pequeño,7.320132,2.693005009175222,1.0926938,0.092693806,8.072247936077725,1.0926938,1.0879803,3.2582583,3.3426433,1.4972315,1.6317058,1.1968904
Estructura de Datos,8,anon_372,2526-2,2,Año que cursa=5 o más|Participaciones de la semana=0|Participaciones de la semana anterior=0|Tamaño del grupo=pequeño,5.939792,1.5777650529238247,1.0289826,0.02898264,19.342716046732534,1.0289826,1.0359726,3.094215,3.224708,1.4672289,1.3332229,1.1947842
Estructura de Datos,8,anon_373,2526-2,2,Año que cursa=3|Participaciones de la semana=1|Participaciones de la semana anterior=0|Tamaño del grupo=pequeño,3.1635077,6.025213379469434,1.061764,0.061764,0.9994273131712585,1.061764,1.072721,3.1802735,3.3500645,1.3747091,1.128024,1.5046415
Estructura de Datos,8,anon_374,2526-2,2,Año que cursa=2|Participaciones de la semana=0|Participaciones de la semana anterior=0|Tamaño del grupo=pequeño,2.2898903,2.693005009175222,1.0845325,0.0845325,8.072247936077725,1.0845325,1.0908456,3.24866,3.4033585,1.2733434,0.8643497,1.4449182
Estructura de Datos,8,anon_375,2526-2,2,Año que cursa=2|Participaciones de la semana=0|Participaciones de la semana anterior=0|Tamaño del grupo=pequeño,1.950616,2.693005009175222,1.0796403,0.07964027,8.072247936077725,1.0796403,1.0889401,3.2388277,3.4087095,1.1706328,0.6738461,1.4449182
Estructura de Datos,8,anon_376,2526-2,2,Año que cursa=2|Participaciones de la semana=0|Participaciones de la semana anterior=0|Tamaño del grupo=pequeño,5.3181715,2.693005009175222,1.0838323,0.083832264,8.072247936077725,1.0838323,1.0912418,3.253131,3.426117,1.2214565,0.96427155,1.2614703
Estructura de Datos,8,anon_377,2526-2,2,Año que cursa=3|Participaciones de la semana=0|Participaciones de la semana anterior=0|Tamaño del grupo=pequeño,3.5028996,2.570381138352499,1.0562234,0.056223392,3.4548322411169345,1.0562234,1.0644455,3.1741738,3.346964,1.1498404,0.71098614,1.4563847
Estructura de Datos,8,anon_004,2526-3,2,Año que cursa=2|Participaciones de la semana=0|Participaciones de la semana anterior=0|Tamaño del grupo=mediano,4.2462163,2.250833165112304,1.109767,0.10976696,2.8867962075387514,1.109767,1.1047602,3.3094091,3.4462075,0.641628,1.7258544,1.3203068
Estructura de Datos,8,anon_007,2526-3,2,Año que cursa=2|Participaciones de la semana=0|Participaciones de la semana anterior=0|Tamaño del grupo=mediano,1.3726209,2.250833165112304,1.0892559,0.08925593,2.8867962075387514,1.0892559,1.1067224,3.2870345,3.4297285,0.6505559,1.2449199,1.1415583
Estructura de Datos,8,anon_081,2526-3,2,Año que cursa=2|Participaciones de la semana=0|Participaciones de la semana anterior=0|Tamaño del grupo=mediano,2.969212,2.250833165112304,1.0487571,0.048757076,2.8867962075387514,1.0487571,1.0725245,3.1911492,3.2999306,0.41201258,0.8243978,1.301502
Estructura de Datos,8,anon_087,2526-3,2,Año que cursa=2|Participaciones de la semana=0|Participaciones de la semana anterior=0|Tamaño del grupo=mediano,2.8141084,2.250833165112304,1.0421801,0.04218006,2.8867962075387514,1.0421801,1.0643592,3.1695518,3.272962,0.41785526,0.6918719,1.3237028
Estructura de Datos,8,anon_324,2526-3,2,Año que cursa=5 o más|Participaciones de la semana=0|Participaciones de la semana anterior=0|Tamaño del grupo=mediano,1.1953069,1.772642962608245,1.0304536,0.030453563,7.648743038777756,1.0304536,1.0368028,3.1043253,3.275354,0.60672665,1.3997765,0.75994635
Estructura de Datos,8,anon_326,2526-3,2,Año que cursa=3|Participaciones de la semana=2|Participaciones de la semana anterior=2|Tamaño del grupo=mediano,10.948542,14.963173943173944,1.0710659,0.0710659,-8.076507276507277,1.0839777,1.0649462,3.2597094,3.4197788,0.9623966,2.0842867,1.4801245
Estructura de Datos,8,anon_339,2526-3,2,Año que cursa=3|Participaciones de la semana=0|Participaciones de la semana anterior=0|Tamaño del grupo=mediano,0.526772,1.037267447868229,1.0471324,0.047132373,4.818103882010872,1.0471324,1.0715103,3.1795769,3.323512,0.67269623,0.8435255,1.1323344
Estructura de Datos,8,anon_341,2526-3,2,Año que cursa=4|Participaciones de la semana=0|Participaciones de la semana anterior=0|Tamaño del grupo=mediano,0.43752325,1.5143201468869973,1.0375606,0.037560582,0.17040880351669352,1.0375606,1.053637,3.137815,3.2872815,0.6453811,0.8808336,0.94466364
Estructura de Datos,8,anon_349,2526-3,2,Año que cursa=2|Participaciones de la semana=0|Participaciones de la semana anterior=1|Tamaño del grupo=mediano,9.171511,4.009363741530326,1.108674,0.10867405,9.694776922164575,1.1119795,1.0964775,3.2829676,3.4147835,0.8683882,2.0700412,1.5171709
Estructura de Datos,8,anon_356,2526-3,2,Año que cursa=3|Participaciones de la semana=0|Participaciones de la semana anterior=0|Tamaño del grupo=mediano,1.0505679,1.037267447868229,1.0758941,0.07589412,4.818103882010872,1.0758941,1.0929985,3.2452557,3.4194233,0.6675423,1.2897424,1.1323344
Estructura de Datos,8,anon_362,2526-3,2,Año que cursa=5 o más|Participaciones de la semana=0|Participaciones de la semana anterior=2|Tamaño del grupo=mediano,12.536324,17.82152380952381,1.0409918,0.040991783,-9.635063328424156,1.0457535,1.0395823,3.123351,3.2801733,0.20826817,1.188715,0.51399326
Estructura de Datos,8,anon_363,2526-3,2,Año que cursa=3|Participaciones de la semana=2|Participaciones de la semana anterior=0|Tamaño del grupo=mediano,7.222695,11.431332342743932,1.0814033,0.081403255,-4.5446656760772655,1.0814033,1.0765848,3.225144,3.4068418,0.37472248,1.2770214,1.5098486
Estructura de Datos,8,anon_365,2526-3,2,Año que cursa=4|Participaciones de la semana=3 o más|Participaciones de la semana anterior=0|Tamaño del grupo=mediano,19.420704,16.649575757575757,1.0512791,0.051279068,0.0,1.0512791,1.043827,3.184719,3.2601604,0.33817482,1.5430832,0.66316986
Estructura de Datos,8,anon_372,2526-3,2,Año que cursa=5 o más|Participaciones de la semana=0|Participaciones de la semana anterior=0|Tamaño del grupo=mediano,10.616832,1.772642962608245,1.0462303,0.046230316,7.648743038777756,1.0462303,1.0452108,3.1467571,3.3111095,0.8718195,1.4435644,0.5575142
Estructura de Datos,8,anon_375,2526-3,2,Año que cursa=2|Participaciones de la semana=0|Participaciones de la semana anterior=0|Tamaño del grupo=mediano,5.9045086,2.250833165112304,1.0927472,0.09274721,2.8867962075387514,1.0927472,1.1064577,3.3030605,3.4516296,0.43545437,1.5670662,1.3809896
Estructura de Datos,8,anon_378,2526-3,2,Año que cursa=4|Participaciones de la semana=0|Participaciones de la semana anterior=0|Tamaño del grupo=mediano,3.597996,1.5143201468869973,1.0665872,0.06658721,0.17040880351669352,1.0665872,1.0726647,3.206002,3.395054,0.6058645,1.6114779,1.0277357
Estructura de Datos,8,anon_379,2526-3,2,Año que cursa=4|Participaciones de la semana=2|Participaciones de la semana anterior=0|Tamaño del grupo=mediano,17.932285,21.01760092272203,1.0619946,0.061994553,-4.368025165146271,1.0619946,1.0471287,3.2147007,3.310627,0.72945595,1.6324902,0.6969433
Estructura de Datos,8,anon_380,2526-3,2,Año que cursa=2|Participaciones de la semana=0|Participaciones de la semana anterior=0|Tamaño del grupo=mediano,1.2531583,2.250833165112304,1.083899,0.08389902,2.8867962075387514,1.083899,1.1040816,3.2768319,3.4157407,0.68154186,1.1580591,1.1415583
Estructura de Datos,8,anon_381,2526-3,2,Año que cursa=3|Participaciones de la semana=0|Participaciones de la semana anterior=0|Tamaño del grupo=mediano,6.11408,1.037267447868229,1.099163,0.099163055,4.818103882010872,1.099163,1.0982761,3.2928834,3.4695668,0.5718851,1.8568916,1.3671002
Estructura de Datos,8,anon_382,2526-3,2,Año que cursa=3|Participaciones de la semana=0|Participaciones de la semana anterior=0|Tamaño del grupo=mediano,3.4526825,1.037267447868229,1.0842762,0.0842762,4.818103882010872,1.0842762,1.0966511,3.2683907,3.4492326,0.5688052,1.5111632,1.2999287
Estructura de Datos,8,anon_383,2526-3,2,Año que cursa=5 o más|Participaciones de la semana=0|Participaciones de la semana anterior=0|Tamaño del grupo=mediano,4.381302,1.772642962608245,1.0370765,0.037076473,7.648743038777756,1.0370765,1.0383625,3.119638,3.2946281,0.57936287,1.2597079,0.69835997
Estructura de Datos,8,anon_384,2526-3,2,Año que cursa=1|Participaciones de la semana=2|Participaciones de la semana anterior=0|Tamaño del grupo=mediano,3.5181541,12.984121212121211,1.0902491,0.09024906,3.7594312676942447,1.0902491,1.0977807,3.2451882,3.3638182,0.76322985,0.97162914,1.0185637
Estructura de Datos,8,anon_385,2526-3,2,Año que cursa=4|Participaciones de la semana=0|Participaciones de la semana anterior=0|Tamaño del grupo=mediano,0.61766315,1.5143201468869973,1.0429714,0.042971373,0.17040880351669352,1.0429714,1.0573168,3.1514494,3.3227131,0.704592,1.0864719,0.94466364
Estructura de Datos,8,anon_386,2526-3,2,Año que cursa=2|Participaciones de la semana=0|Participaciones de la semana anterior=0|Tamaño del grupo=mediano,3.3571262,2.250833165112304,1.0764456,0.07644558,2.8867962075387514,1.0764456,1.098773,3.2659168,3.40271,0.52422667,1.209424,1.3130083
Estructura de Datos,8,anon_387,2526-3,2,Año que cursa=3|Participaciones de la semana=0|Participaciones de la semana anterior=0|Tamaño del grupo=mediano,5.7178435,1.037267447868229,1.0822926,0.08229256,4.818103882010872,1.0822926,1.0935841,3.2692342,3.445434,0.31180334,1.6115713,1.3543715
Estructura de Datos,8,anon_388,2526-3,2,Año que cursa=1|Participaciones de la semana=3 o más|Participaciones de la semana anterior=0|Tamaño del grupo=mediano,11.486529,16.743552479815456,1.0896902,0.08969021,0.0,1.0896902,1.0752535,3.274478,3.397871,0.38660336,1.6871624,1.295166
Estructura de Datos,8,anon_389,2526-3,2,Año que cursa=5 o más|Participaciones de la semana=0|Participaciones de la semana anterior=0|Tamaño del grupo=mediano,0.5065278,1.772642962608245,1.03151,0.031509995,7.648743038777756,1.03151,1.0404062,3.109304,3.2528682,0.61382234,0.85126036,0.7599462
Estructura de Datos,8,anon_390,2526-3,2,Año que cursa=3|Participaciones de la semana=0|Participaciones de la semana anterior=0|Tamaño del grupo=mediano,0.39045858,1.037267447868229,1.0360616,0.036061645,4.818103882010872,1.0360616,1.0599928,3.1477823,3.2725492,0.59719574,0.67377865,1.1323344
Estructura de Datos,8,anon_391,2526-3,2,Año que cursa=3|Participaciones de la semana=0|Participaciones de la semana anterior=0|Tamaño del grupo=mediano,1.5446783,1.037267447868229,1.0350255,0.035025477,4.818103882010872,1.0350255,1.0588856,3.1465936,3.2682614,0.46418655,0.69520164,1.2259724
Estructura de Datos,8,anon_392,2526-3,2,Año que cursa=3|Participaciones de la semana=0|Participaciones de la semana anterior=0|Tamaño del grupo=mediano,0.30685723,1.037267447868229,1.0264945,0.026494503,4.818103882010872,1.0264945,1.0482748,3.116859,3.2200494,0.500651,0.50100017,1.1323344
Matemáticas Discretas,4,anon_md_2526_2_1_001,2526-2,1,Año que cursa=2|Participaciones de la semana=0|Participaciones de la semana anterior=2|Tamaño del grupo=grande,9.632285,6.873119302552524,2.4493265,1.4493265,3.1528994575745397,2.7241611,2.4293575,5.1859274,4.9902267,0.53833675,2.9515114,1.3405046
Matemáticas Discretas,4,anon_md_2526_2_1_002,2526-2,1,Año que cursa=4|Participaciones de la semana=1|Participaciones de la semana anterior=1|Tamaño del grupo=grande,6.8116274,7.87374650273768,1.9971476,0.99714756,2.7488332417784616,2.153151,2.1230936,6.747528,5.5421224,0.43765736,6.0425897,2.6334348
Matemáticas Discretas,4,anon_md_2526_2_1_003,2526-2,1,Año que cursa=4|Participaciones de la semana=1|Participaciones de la semana anterior=1|Tamaño del grupo=grande,6.602281,7.87374650273768,2.040976,1.040976,2.7488332417784616,2.1659932,2.1566124,6.751115,5.575505,0.38659668,6.0304155,2.6334348
Matemáticas Discretas,4,anon_md_2526_2_1_004,2526-2,1,Año que cursa=5 o más|Participaciones de la semana=0|Participaciones de la semana anterior=0|Tamaño del grupo=grande,4.6594424,1.6915440920888634,3.4313807,2.4313807,3.4705846755989755,3.4313807,2.883686,7.4409385,7.290442,1.6428266,5.9232697,0.45733786
Matemáticas Discretas,4,anon_md_2526_2_1_005,2526-2,1,Año que cursa=2|Participaciones de la semana=1|Participaciones de la semana anterior=0|Tamaño del grupo=grande,6.3567524,6.085433937341996,1.8470173,0.8470173,-0.131864976132551,1.8470173,1.7122154,5.5782413,4.9213047,0.5479717,3.326692,1.9339118
Matemáticas Discretas,4,anon_md_2526_2_1_006,2526-2,1,Año que cursa=4|Participaciones de la semana=0|Participaciones de la semana anterior=0|Tamaño del grupo=grande,2.7182627,1.9534189282250844,3.2988338,2.2988338,3.5365612164898135,3.2988338,3.046795,6.8472204,6.091531,1.7951229,5.7599163,1.0016217
Matemáticas Discretas,4,anon_md_2526_2_1_007,2526-2,1,Año que cursa=3|Participaciones de la semana=1|Participaciones de la semana anterior=1|Tamaño del grupo=grande,10.454921,9.213197771113796,1.7705488,0.7705488,0.4312702938829389,2.0588446,1.7459612,5.731185,5.377921,1.0772629,3.6030884,2.5040417
Matemáticas Discretas,4,anon_md_2526_2_1_008,2526-2,1,Año que cursa=2|Participaciones de la semana=0|Participaciones de la semana anterior=0|Tamaño del grupo=grande,5.04488,1.6936167818672931,2.3184595,1.3184595,4.391817155474703,2.3184595,2.3040295,5.3911705,4.9838257,1.8380308,2.6452498,0.51727724
Matemáticas Discretas,4,anon_md_2526_2_1_009,2526-2,1,Año que cursa=5 o más|Participaciones de la semana=0|Participaciones de la semana anterior=0|Tamaño del grupo=grande,1.8043058,1.6915440920888634,3.15581,2.15581,3.4705846755989755,3.15581,3.3104239,7.1742477,6.616803,1.9833331,6.1960516,1.208005
Matemáticas Discretas,4,anon_md_2526_2_1_010,2526-2,1,Año que cursa=2|Participaciones de la semana=0|Participaciones de la semana anterior=0|Tamaño del grupo=grande,3.523033,1.6936167818672931,2.1817544,1.1817544,4.391817155474703,2.1817544,2.3135424,5.2455263,4.8961782,2.031923,2.1198242,0.61992455
Matemáticas Discretas,4,anon_md_2526_2_1_011,2526-2,1,Año que cursa=5 o más|Participaciones de la semana=0|Participaciones de la semana anterior=0|Tamaño del grupo=grande,1.6341484,1.6915440920888634,2.9513443,1.9513443,3.4705846755989755,2.9513443,3.2707453,7.0402937,6.6092224,2.0744636,5.6040983,1.208005
Matemáticas Discretas,4,anon_md_2526_2_1_012,2526-2,1,Año que cursa=4|Participaciones de la semana=1|Participaciones de la semana anterior=1|Tamaño del grupo=grande,8.47102,7.87374650273768,2.0817165,1.0817165,2.7488332417784616,2.374546,1.9789295,6.5281296,6.2266474,0.76373863,5.033987,3.2899513
Matemáticas Discretas,4,anon_md_2526_2_1_013,2526-2,1,Año que cursa=4|Participaciones de la semana=1|Participaciones de la semana anterior=1|Tamaño del grupo=grande,8.318257,7.87374650273768,2.106927,1.1069269,2.7488332417784616,2.3719501,1.9955196,6.503559,6.256385,0.72385025,4.956482,3.2899513
Matemáticas Discretas,4,anon_md_2526_2_1_014,2526-2,1,Año que cursa=5 o más|Participaciones de la semana=1|Participaciones de la semana anterior=1|Tamaño del grupo=grande,8.041292,9.27724286803117,2.39713,1.39713,1.7891141054224224,2.6749125,2.1249857,7.256151,7.077403,0.68547726,6.1123,3.5790129
Matemáticas Discretas,4,anon_md_2526_2_1_015,2526-2,1,Año que cursa=3|Participaciones de la semana=1|Participaciones de la semana anterior=2|Tamaño del grupo=grande,11.151502,9.741945104438342,1.8111868,0.8111868,0.2840736556887222,2.0360322,1.8300724,5.413681,5.5360837,1.5631657,2.6737967,2.136817
Matemáticas Discretas,4,anon_md_2526_2_1_016,2526-2,1,Año que cursa=3|Participaciones de la semana=1|Participaciones de la semana anterior=0|Tamaño del grupo=grande,4.9767046,6.100842681568214,1.9925718,0.99257183,1.8443684286533513,1.9925718,1.9151497,5.422022,5.5222244,1.280335,3.1915865,2.1609564
Matemáticas Discretas,4,anon_md_2526_2_1_017,2526-2,1,Año que cursa=4|Participaciones de la semana=1|Participaciones de la semana anterior=1|Tamaño del grupo=grande,7.7693205,7.87374650273768,2.170413,1.170413,2.7488332417784616,2.3165455,2.0448332,6.338191,6.2820187,0.5817909,4.523731,3.2899513
Matemáticas Discretas,4,anon_md_2526_2_1_018,2526-2,1,Año que cursa=2|Participaciones de la semana=0|Participaciones de la semana anterior=0|Tamaño del grupo=grande,3.3258734,1.6936167818672931,1.7084875,0.7084875,4.391817155474703,1.7084875,2.0219927,4.6471043,4.6395407,2.2411783,0.96828127,0.61992455
Matemáticas Discretas,4,anon_md_2526_2_1_019,2526-2,1,Año que cursa=5 o más|Participaciones de la semana=0|Participaciones de la semana anterior=0|Tamaño del grupo=grande,1.2762139,1.6915440920888634,2.327093,1.3270929,3.4705846755989755,2.327093,2.9953756,6.4457035,6.4546824,2.2499843,3.3632145,1.208005
Matemáticas Discretas,4,anon_md_2526_2_1_020,2526-2,1,Año que cursa=5 o más|Participaciones de la semana=0|Participaciones de la semana anterior=0|Tamaño del grupo=grande,-0.67118645,1.6915440920888634,1.6775401,0.67754006,3.4705846755989755,1.6775401,2.6304002,5.146253,4.845926,2.431223,1.5504708,0.7686949
Matemáticas Discretas,4,anon_md_2526_2_1_021,2526-2,1,Año que cursa=5 o más|Participaciones de la semana=0|Participaciones de la semana anterior=0|Tamaño del grupo=grande,-0.67947507,1.6915440920888634,1.6507323,0.6507323,3.4705846755989755,1.6507323,2.5861187,5.093996,4.8445835,2.4531732,1.4213626,0.7686949
Matemáticas Discretas,4,anon_md_2526_2_1_022,2526-2,1,Año que cursa=3|Participaciones de la semana=0|Participaciones de la semana anterior=2|Tamaño del grupo=grande,8.511625,8.05986497800807,2.1096945,1.1096945,1.6820801264302716,1.8846354,2.1044712,5.2285786,5.1921782,0.57148457,1.8350315,1.2999144
Matemáticas Discretas,4,anon_md_2526_2_1_023,2526-2,1,Año que cursa=3|Participaciones de la semana=0|Participaciones de la semana anterior=0|Tamaño del grupo=grande,2.8586788,1.972672589638743,1.7576747,0.7576747,4.128170091929471,1.7576747,2.0695133,4.8418674,5.0015297,2.253804,1.1011481,0.74785686
Matemáticas Discretas,4,anon_md_2526_2_1_024,2526-2,1,Año que cursa=4|Participaciones de la semana=1|Participaciones de la semana anterior=1|Tamaño del grupo=grande,7.065974,7.87374650273768,2.1430578,1.1430578,2.7488332417784616,2.1103387,2.0642319,5.8760147,6.0489907,0.42313766,3.4259434,3.2899513
Matemáticas Discretas,4,anon_md_2526_2_1_025,2526-2,1,Año que cursa=5 o más|Participaciones de la semana=0|Participaciones de la semana anterior=0|Tamaño del grupo=grande,1.2433918,1.6915440920888634,2.0652156,1.0652156,3.4705846755989755,2.0652156,2.7150068,6.031678,6.286167,2.2373347,2.1494093,1.208005
Matemáticas Discretas,4,anon_md_2526_2_1_026,2526-2,1,Año que cursa=5 o más|Participaciones de la semana=0|Participaciones de la semana anterior=0|Tamaño del grupo=grande,1.2533801,1.6915440920888634,2.0343435,1.0343435,3.4705846755989755,2.0343435,2.665388,5.9670496,6.255478,2.224458,1.9876564,1.208005
Matemáticas Discretas,4,anon_md_2526_2_1_027,2526-2,1,Año que cursa=5 o más|Participaciones de la semana=1|Participaciones de la semana anterior=1|Tamaño del grupo=grande,6.5700245,9.27724286803117,2.474681,1.4746809,1.7891141054224224,2.38433,2.2305822,6.585656,6.8329296,0.3922968,4.187169,3.5790129
Matemáticas Discretas,4,anon_md_2526_2_1_028,2526-2,1,Año que cursa=3|Participaciones de la semana=0|Participaciones de la semana anterior=0|Tamaño del grupo=grande,2.9778209,1.972672589638743,1.5527649,0.5527649,4.128170091929471,1.5527649,1.8790646,4.474748,4.754317,2.1891456,0.48129225,0.74785686
Matemáticas Discretas,4,anon_md_2526_2_1_029,2526-2,1,Año que cursa=5 o más|Participaciones de la semana=0|Participaciones de la semana anterior=0|Tamaño del grupo=grande,1.3084297,1.6915440920888634,1.9574513,0.95745134,3.4705846755989755,1.9574513,2.5147324,5.7787285,6.157242,2.1665578,1.5555854,1.208005
Matemáticas Discretas,4,anon_md_2526_2_1_030,2526-2,1,Año que cursa=4|Participaciones de la semana=0|Participaciones de la semana anterior=0|Tamaño del grupo=grande,2.2863402,1.9534189282250844,1.7857509,0.78575087,3.5365612164898135,1.7857509,2.0785685,5.0320697,5.397162,2.140562,0.8861029,1.0016217
Matemáticas Discretas,4,anon_md_2526_2_1_031,2526-2,1,Año que cursa=5 o más|Participaciones de la semana=0|Participaciones de la semana anterior=0|Tamaño del grupo=grande,1.366056,1.6915440920888634,1.9162107,0.91621065,3.4705846755989755,1.9162107,2.414258,5.6561656,6.084952,2.1110556,1.3026116,1.208005
Matemáticas Discretas,4,anon_md_2526_2_1_032,2526-2,1,Año que cursa=2|Participaciones de la semana=0|Participaciones de la semana anterior=0|Tamaño del grupo=grande,3.3956242,1.6936167818672931,1.2501807,0.25018072,4.391817155474703,1.2501807,1.5713863,3.832059,4.158539,2.0779352,0.2880597,0.61992455
Matemáticas Discretas,4,anon_md_2526_2_1_033,2526-2,1,Año que cursa=2|Participaciones de la semana=0|Participaciones de la semana anterior=0|Tamaño del grupo=grande,3.4083316,1.6936167818672931,1.231159,0.23115897,4.391817155474703,1.231159,1.5459251,3.790129,4.130151,2.0410953,0.3475747,0.61992455
Matemáticas Discretas,4,anon_md_2526_2_1_034,2526-2,1,Año que cursa=3|Participaciones de la semana=0|Participaciones de la semana anterior=0|Tamaño del grupo=grande,1.234636,1.972672589638743,1.2764663,0.27646625,4.128170091929471,1.2764663,1.541018,3.7890449,4.1967697,2.5232,0.30343378,0.51493347
Matemáticas Discretas,4,anon_md_2526_2_1_035,2526-2,1,Año que cursa=3|Participaciones de la semana=0|Participaciones de la semana anterior=0|Tamaño del grupo=grande,3.1947436,1.972672589638743,1.349031,0.34903097,4.128170091929471,1.349031,1.6539869,4.0616364,4.4350877,1.9558785,0.16099763,0.74785686
Matemáticas Discretas,4,anon_md_2526_2_2_001,2526-2,2,Año que cursa=3|Participaciones de la semana=1|Participaciones de la semana anterior=1|Tamaño del grupo=pequeño,4.8486614,3.902024422501296,1.2212687,0.22126865,0.0,1.1873105,1.390749,3.7918296,4.473687,1.4682083,0.18343353,1.1409018
Matemáticas Discretas,4,anon_md_2526_2_2_002,2526-2,2,Año que cursa=2|Participaciones de la semana=0|Participaciones de la semana anterior=0|Tamaño del grupo=pequeño,5.2123356,3.947072158993203,1.193861,0.19386101,1.7942407315695323,1.193861,1.5173025,3.5731478,4.200266,1.1342745,0.23717213,1.3973002
Matemáticas Discretas,4,anon_md_2526_2_2_003,2526-2,2,Año que cursa=5 o más|Participaciones de la semana=0|Participaciones de la semana anterior=0|Tamaño del grupo=pequeño,0.53793263,0.6095545095465211,2.1189668,1.1189668,3.746564689455974,2.1189668,2.6446018,5.465417,5.8763514,1.6415501,0.53713036,0.4993713
Matemáticas Discretas,4,anon_md_2526_2_2_004,2526-2,2,Año que cursa=4|Participaciones de la semana=0|Participaciones de la semana anterior=0|Tamaño del grupo=pequeño,5.3867993,4.696417775721429,1.7556329,0.7556329,1.363417228659645,1.7556329,1.8949585,4.625238,4.9895663,0.75929403,1.0466981,1.2728105
Matemáticas Discretas,4,anon_md_2526_2_2_005,2526-2,2,Año que cursa=3|Participaciones de la semana=1|Participaciones de la semana anterior=0|Tamaño del grupo=pequeño,6.432085,3.170219216589477,1.2225285,0.22252846,0.739017656613048,1.2225285,1.4487553,3.748434,4.6556454,2.1124735,0.31965733,1.6755848
Matemáticas Discretas,4,anon_md_2526_2_2_006,2526-2,2,Año que cursa=5 o más|Participaciones de la semana=1|Participaciones de la semana anterior=1|Tamaño del grupo=pequeño,7.909177,8.851309732130838,1.7340374,0.7340374,-0.024399105660421583,1.8576746,1.6456327,5.4795322,6.101692,2.4660883,1.9274497,3.616898
Matemáticas Discretas,4,anon_md_2526_2_2_007,2526-2,2,Año que cursa=2|Participaciones de la semana=0|Participaciones de la semana anterior=0|Tamaño del grupo=pequeño,3.4556284,3.947072158993203,1.036922,0.036921978,1.7942407315695323,1.036922,1.1996193,3.1264896,3.629571,0.8101711,0.21476603,1.1240888
Matemáticas Discretas,4,anon_md_2526_2_2_008,2526-2,2,Año que cursa=3|Participaciones de la semana=1|Participaciones de la semana anterior=2|Tamaño del grupo=pequeño,7.2746687,3.909236873202525,1.2062159,0.20621586,1.3920029853371054,1.0782661,1.3147745,3.684517,4.086196,2.9033232,0.26121235,2.1810465
Matemáticas Discretas,4,anon_md_2526_2_2_009,2526-2,2,Año que cursa=4|Participaciones de la semana=0|Participaciones de la semana anterior=0|Tamaño del grupo=pequeño,3.1948972,4.696417775721429,1.3810997,0.3810997,1.363417228659645,1.3810997,1.6241426,3.8715358,4.486694,0.9143443,0.28400254,0.77182746
Matemáticas Discretas,4,anon_md_2526_2_2_010,2526-2,2,Año que cursa=5 o más|Participaciones de la semana=0|Participaciones de la semana anterior=0|Tamaño del grupo=pequeño,0.15213323,0.6095545095465211,1.6660057,0.66600573,3.746564689455974,1.6660057,2.1998029,4.5940742,5.084775,1.7395611,0.20455551,0.4993713
Matemáticas Discretas,4,anon_md_2526_2_2_011,2526-2,2,Año que cursa=4|Participaciones de la semana=1|Participaciones de la semana anterior=0|Tamaño del grupo=pequeño,2.537725,6.059835004381074,1.1712127,0.17121267,2.7914747277497645,1.1712127,1.380887,3.6044073,4.3302426,1.1257089,0.08030653,0.54628086
Matemáticas Discretas,4,anon_md_2526_2_2_012,2526-2,2,Año que cursa=4|Participaciones de la semana=0|Participaciones de la semana anterior=0|Tamaño del grupo=pequeño,3.1207407,4.696417775721429,1.2602408,0.2602408,1.363417228659645,1.2602408,1.4820261,3.6101658,4.2107716,0.9056585,0.038231373,0.77182746
Matemáticas Discretas,4,anon_md_2526_2_2_013,2526-2,2,Año que cursa=5 o más|Participaciones de la semana=0|Participaciones de la semana anterior=0|Tamaño del grupo=pequeño,2.3687825,0.6095545095465211,1.7118659,0.7118659,3.746564689455974,1.7118659,1.9973822,4.629535,5.243775,0.8597331,0.20129538,1.1853213
Matemáticas Discretas,4,anon_md_2526_2_2_014,2526-2,2,Año que cursa=5 o más|Participaciones de la semana=0|Participaciones de la semana anterior=0|Tamaño del grupo=pequeño,2.3663664,0.6095545095465211,1.6420555,0.6420555,3.746564689455974,1.6420555,1.9291077,4.4870787,5.1168127,0.7942984,0.10037112,1.1853213
Matemáticas Discretas,4,anon_md_2526_2_2_015,2526-2,2,Año que cursa=5 o más|Participaciones de la semana=0|Participaciones de la semana anterior=0|Tamaño del grupo=pequeño,0.2405672,0.6095545095465211,1.488265,0.48826504,3.746564689455974,1.488265,1.8070803,4.1015663,4.6678047,1.4289337,0.11566186,0.4993713
Matemáticas Discretas,4,anon_md_2526_2_2_016,2526-2,2,Año que cursa=2|Participaciones de la semana=0|Participaciones de la semana anterior=0|Tamaño del grupo=pequeño,4.0301642,3.947072158993203,0.96719027,-0.032809734,1.7942407315695323,0.96719027,1.1075068,3.0104566,3.661385,0.8700745,0.716105,1.3973002
Matemáticas Discretas,4,anon_md_2526_2_2_017,2526-2,2,Año que cursa=3|Participaciones de la semana=0|Participaciones de la semana anterior=0|Tamaño del grupo=pequeño,2.929919,3.1205777092652816,1.0067647,0.0067646503,0.049641507324195366,1.0067647,1.1034904,3.0423996,3.5671165,0.57673407,0.6316755,0.97610116
Matemáticas Discretas,4,anon_md_2526_2_2_018,2526-2,2,Año que cursa=2|Participaciones de la semana=0|Participaciones de la semana anterior=0|Tamaño del grupo=pequeño,2.6482506,3.947072158993203,0.94186926,-0.05813074,1.7942407315695323,0.94186926,0.9992881,2.8764753,3.2449622,0.51185465,0.75822234,1.1240888
Matemáticas Discretas,4,anon_md_2526_2_2_019,2526-2,2,Año que cursa=2|Participaciones de la semana=0|Participaciones de la semana anterior=1|Tamaño del grupo=pequeño,4.8328743,5.126854309446904,0.9517212,-0.04827881,3.724455422683934,0.9423306,1.0463724,2.9726267,3.476971,1.5487452,1.0536652,1.8065748
Matemáticas Discretas,4,anon_md_2526_2_2_020,2526-2,2,Año que cursa=2|Participaciones de la semana=0|Participaciones de la semana anterior=1|Tamaño del grupo=pequeño,4.7579823,5.126854309446904,0.9449682,-0.055031776,3.724455422683934,0.9372411,1.0253906,2.9398174,3.4085174,1.5120134,1.0911646,1.8065748
Matemáticas Discretas,4,anon_md_2526_2_2_021,2526-2,2,Año que cursa=4|Participaciones de la semana=0|Participaciones de la semana anterior=1|Tamaño del grupo=pequeño,7.2255125,6.922470015427886,1.1634102,0.16341019,1.928839716702952,1.1256328,1.4015627,3.673791,4.2086205,1.7971601,0.19641304,2.0320253
Matemáticas Discretas,4,anon_md_2526_3_1_001,2526-3,1,Año que cursa=5 o más|Participaciones de la semana=1|Participaciones de la semana anterior=0|Tamaño del grupo=grande,11.058701,5.162128767687839,1.4762869,0.4762869,3.3350508648285944,1.4762869,1.368453,5.926302,3.877118,3.080412,8.046876,5.8555937
Matemáticas Discretas,4,anon_md_2526_3_1_002,2526-3,1,Año que cursa=3|Participaciones de la semana=0|Participaciones de la semana anterior=0|Tamaño del grupo=grande,2.610329,1.972672589638743,3.3105247,2.3105247,4.128170091929471,3.3105247,2.986598,6.3594933,5.474715,0.70284796,3.9019837,1.3122897
Matemáticas Discretas,4,anon_md_2526_3_1_003,2526-3,1,Año que cursa=2|Participaciones de la semana=0|Participaciones de la semana anterior=0|Tamaño del grupo=grande,2.4170382,1.6936167818672931,2.6689785,1.6689785,4.391817155474703,2.6689785,2.6727839,5.6972866,5.147461,0.5061252,2.470521,0.8656814
Matemáticas Discretas,4,anon_md_2526_3_1_004,2526-3,1,Año que cursa=3|Participaciones de la semana=0|Participaciones de la semana anterior=0|Tamaño del grupo=grande,2.2286022,1.972672589638743,3.1775086,2.1775086,4.128170091929471,3.1775086,2.9930935,6.305825,5.4855986,0.3690915,3.4020994,1.3122897
Matemáticas Discretas,4,anon_md_2526_3_1_005,2526-3,1,Año que cursa=2|Participaciones de la semana=0|Participaciones de la semana anterior=0|Tamaño del grupo=grande,2.1731079,1.6936167818672931,2.5070622,1.5070622,4.391817155474703,2.5070622,2.6230822,5.561941,5.105034,0.23454523,2.0990198,0.8656814
Matemáticas Discretas,4,anon_md_2526_3_1_006,2526-3,1,Año que cursa=1|Participaciones de la semana=0|Participaciones de la semana anterior=0|Tamaño del grupo=grande,2.2058268,1.950496711183378,1.9724569,0.97245693,1.4139086540000185,1.9724569,2.2962475,4.8869658,4.6644726,0.3353448,1.0913433,0.68125224
Matemáticas Discretas,4,anon_md_2526_3_1_007,2526-3,1,Año que cursa=5 o más|Participaciones de la semana=0|Participaciones de la semana anterior=0|Tamaño del grupo=grande,1.7437,1.6915440920888634,3.758984,2.758984,3.4705846755989755,3.758984,3.6666174,7.0887146,5.660016,0.47087777,4.9645243,3.1776445
Matemáticas Discretas,4,anon_md_2526_3_1_008,2526-3,1,Año que cursa=2|Participaciones de la semana=1|Participaciones de la semana anterior=0|Tamaño del grupo=grande,11.559789,6.085433937341996,1.6543131,0.6543131,-0.131864976132551,1.6543131,1.5054951,5.3242655,4.177663,2.4335032,3.0949373,3.234373
Matemáticas Discretas,4,anon_md_2526_3_1_009,2526-3,1,Año que cursa=5 o más|Participaciones de la semana=0|Participaciones de la semana anterior=0|Tamaño del grupo=grande,1.2730953,1.6915440920888634,3.5782204,2.5782204,3.4705846755989755,3.5782204,3.6858006,7.0447073,5.698738,0.7544488,4.2378864,3.1776445
Matemáticas Discretas,4,anon_md_2526_3_1_010,2526-3,1,Año que cursa=4|Participaciones de la semana=1|Participaciones de la semana anterior=1|Tamaño del grupo=grande,7.7282305,7.87374650273768,1.8755856,0.87558556,2.7488332417784616,2.1553063,1.9097662,6.5960116,5.840222,2.1523042,5.453562,4.919861
Matemáticas Discretas,4,anon_md_2526_3_1_011,2526-3,1,Año que cursa=5 o más|Participaciones de la semana=0|Participaciones de la semana anterior=0|Tamaño del grupo=grande,0.8817303,1.6915440920888634,3.346916,2.346916,3.4705846755989755,3.346916,3.6600828,6.933585,5.706562,1.0587658,3.5556214,3.1776445
Matemáticas Discretas,4,anon_md_2526_3_1_012,2526-3,1,Año que cursa=3|Participaciones de la semana=1|Participaciones de la semana anterior=1|Tamaño del grupo=grande,11.294041,9.213197771113796,1.6535053,0.6535053,0.4312702938829389,1.9017982,1.6471176,5.444249,5.013527,2.4269705,3.3374977,3.4629765
Matemáticas Discretas,4,anon_md_2526_3_1_013,2526-3,1,Año que cursa=2|Participaciones de la semana=0|Participaciones de la semana anterior=0|Tamaño del grupo=grande,1.6079524,1.6936167818672931,1.8447914,0.8447914,4.391817155474703,1.8447914,2.2698212,4.8110876,4.791562,1.3102058,0.84982014,0.8656814
Matemáticas Discretas,4,anon_md_2526_3_1_014,2526-3,1,Año que cursa=4|Participaciones de la semana=0|Participaciones de la semana anterior=0|Tamaño del grupo=grande,0.71593,1.9534189282250844,2.6437464,1.6437464,3.5365612164898135,2.6437464,3.1052723,6.17264,5.582638,1.4174702,1.9978317,2.169818
Matemáticas Discretas,4,anon_md_2526_3_1_015,2526-3,1,Año que cursa=3|Participaciones de la semana=0|Participaciones de la semana anterior=0|Tamaño del grupo=grande,1.0999229,1.972672589638743,2.107165,1.1071651,4.128170091929471,2.107165,2.5543442,5.317519,5.1900396,1.513401,1.2112343,1.3122897
Matemáticas Discretas,4,anon_md_2526_3_1_016,2526-3,1,Año que cursa=2|Participaciones de la semana=0|Participaciones de la semana anterior=0|Tamaño del grupo=grande,1.5285919,1.6936167818672931,1.6497271,0.6497271,4.391817155474703,1.6497271,2.109911,4.517764,4.642748,1.5987973,0.50113094,0.8656814
Matemáticas Discretas,4,anon_md_2526_3_1_017,2526-3,1,Año que cursa=5 o más|Participaciones de la semana=0|Participaciones de la semana anterior=0|Tamaño del grupo=grande,0.11723566,1.6915440920888634,2.5836673,1.5836673,3.4705846755989755,2.5836673,3.3866987,6.3547864,5.606995,1.6744683,1.9715179,3.1776445
Matemáticas Discretas,4,anon_md_2526_3_1_018,2526-3,1,Año que cursa=1|Participaciones de la semana=0|Participaciones de la semana anterior=0|Tamaño del grupo=grande,1.7791541,1.950496711183378,1.3400733,0.34007335,1.4139086540000185,1.3400733,1.7502632,3.9285438,4.1617002,1.7412105,0.10533905,0.68125224
Matemáticas Discretas,4,anon_md_2526_3_1_019,2526-3,1,Año que cursa=4|Participaciones de la semana=0|Participaciones de la semana anterior=0|Tamaño del grupo=grande,0.4218564,1.9534189282250844,2.1466804,1.1466804,3.5365612164898135,2.1466804,2.782311,5.6070824,5.420348,1.7997823,1.1819592,2.169818
Matemáticas Discretas,4,anon_md_2526_3_1_020,2526-3,1,Año que cursa=4|Participaciones de la semana=0|Participaciones de la semana anterior=0|Tamaño del grupo=grande,0.39088774,1.9534189282250844,2.06855,1.0685501,3.5365612164898135,2.06855,2.7136593,5.496865,5.3842006,1.8508909,1.0563525,2.169818
Matemáticas Discretas,4,anon_md_2526_3_1_021,2526-3,1,Año que cursa=5 o más|Participaciones de la semana=1|Participaciones de la semana anterior=2|Tamaño del grupo=grande,12.708546,11.885007920902869,1.7447128,0.7447128,0.4782109384678037,2.4328985,1.7403975,5.6656227,6.297306,2.4343176,3.0418978,2.6246758
Matemáticas Discretas,4,anon_md_2526_3_1_022,2526-3,1,Año que cursa=5 o más|Participaciones de la semana=1|Participaciones de la semana anterior=2|Tamaño del grupo=grande,10.796212,11.885007920902869,1.9013624,0.9013624,0.4782109384678037,2.4991398,1.8950758,6.149639,6.674079,2.3675432,3.8422756,3.6606646
Matemáticas Discretas,4,anon_md_2526_3_1_023,2526-3,1,Año que cursa=1|Participaciones de la semana=0|Participaciones de la semana anterior=0|Tamaño del grupo=grande,1.7509787,1.950496711183378,1.1969018,0.1969018,1.4139086540000185,1.1969018,1.557991,3.6428564,3.9899194,1.9655626,0.3791219,0.68125224
Matemáticas Discretas,4,anon_md_2526_3_1_024,2526-3,1,Año que cursa=3|Participaciones de la semana=0|Participaciones de la semana anterior=0|Tamaño del grupo=grande,1.0279522,1.972672589638743,1.5433986,0.5433986,4.128170091929471,1.5433986,2.0197935,4.4049354,4.7382517,1.9926026,0.20217514,1.3122897
Matemáticas Discretas,4,anon_md_2526_3_1_025,2526-3,1,Año que cursa=5 o más|Participaciones de la semana=0|Participaciones de la semana anterior=2|Tamaño del grupo=grande,7.500658,7.864516300076939,2.8483372,1.8483372,4.020491620825929,2.659459,2.753499,6.1094265,6.6573715,1.020153,2.850483,3.863985
Matemáticas Discretas,4,anon_md_2526_3_1_026,2526-3,1,Año que cursa=5 o más|Participaciones de la semana=0|Participaciones de la semana anterior=0|Tamaño del grupo=grande,-0.2780397,1.6915440920888634,1.8487506,0.8487506,3.4705846755989755,1.8487506,2.768445,5.415208,5.365265,2.0322518,0.7750044,3.1776445
Matemáticas Discretas,4,anon_md_2526_3_1_027,2526-3,1,Año que cursa=2|Participaciones de la semana=0|Participaciones de la semana anterior=0|Tamaño del grupo=grande,1.5539223,1.6936167818672931,1.2242893,0.2242893,4.391817155474703,1.2242893,1.6056652,3.7150269,4.1445565,2.0454164,0.36116993,0.8656814
Matemáticas Discretas,4,anon_md_2526_3_1_028,2526-3,1,Año que cursa=1|Participaciones de la semana=0|Participaciones de la semana anterior=0|Tamaño del grupo=grande,1.7621171,1.950496711183378,1.1026158,0.10261583,1.4139086540000185,1.1026158,1.4058895,3.4301589,3.8510811,2.054413,0.59312975,0.68125224
Matemáticas Discretas,4,anon_md_2526_3_1_029,2526-3,1,Año que cursa=2|Participaciones de la semana=0|Participaciones de la semana anterior=0|Tamaño del grupo=grande,1.585446,1.6936167818672931,1.1815628,0.18156278,4.391817155474703,1.1815628,1.5376139,3.6181312,4.0725884,2.0593781,0.46791613,0.8656814
Matemáticas Discretas,4,anon_md_2526_3_1_030,2526-3,1,Año que cursa=1|Participaciones de la semana=0|Participaciones de la semana anterior=0|Tamaño del grupo=grande,1.7735438,1.950496711183378,1.0748329,0.074832916,1.4139086540000185,1.0748329,1.3553658,3.3619533,3.803557,2.0603974,0.66266525,0.68125224
Matemáticas Discretas,4,anon_md_2526_3_1_031,2526-3,1,Año que cursa=3|Participaciones de la semana=0|Participaciones de la semana anterior=0|Tamaño del grupo=grande,1.2187868,1.972672589638743,1.3078631,0.30786312,4.128170091929471,1.3078631,1.6937428,3.9065347,4.392241,2.0575151,0.34719515,1.3122897
Matemáticas Discretas,6,anon_md_2526_2_1_001,2526-2,1,Año que cursa=2|Participaciones de la semana=0|Participaciones de la semana anterior=0|Tamaño del grupo=grande,7.815679,1.6936167818672931,1.4469876,0.44698763,4.391817155474703,1.4469876,1.3363037,3.985022,4.231238,0.5648041,1.3501496,0.7976546
Matemáticas Discretas,6,anon_md_2526_2_1_002,2526-2,1,Año que cursa=4|Participaciones de la semana=2|Participaciones de la semana anterior=1|Tamaño del grupo=grande,9.304651,10.622579744516141,1.1751118,0.17511177,-5.321339885976511,1.2488885,1.1183472,4.1991487,4.6413083,0.69271755,1.9261589,0.9233341
Matemáticas Discretas,6,anon_md_2526_2_1_003,2526-2,1,Año que cursa=4|Participaciones de la semana=0|Participaciones de la semana anterior=0|Tamaño del grupo=grande,4.154605,1.9534189282250844,1.669272,0.66927195,3.5365612164898135,1.669272,1.4810829,4.436944,5.1173563,0.47329044,2.5726728,0.5576558
Matemáticas Discretas,6,anon_md_2526_2_1_004,2526-2,1,Año que cursa=5 o más|Participaciones de la semana=0|Participaciones de la semana anterior=0|Tamaño del grupo=grande,5.1874723,1.6915440920888634,1.6977224,0.69772243,3.4705846755989755,1.6977224,1.5506172,4.62815,5.4657717,0.4895835,2.2514815,0.47291613
Matemáticas Discretas,6,anon_md_2526_2_1_005,2526-2,1,Año que cursa=2|Participaciones de la semana=2|Participaciones de la semana anterior=1|Tamaño del grupo=grande,8.851288,10.61797252383564,1.1845808,0.1845808,-5.316732665296009,1.2176504,1.1442204,3.9944072,4.3332167,0.6789589,1.6066628,0.82639027
Matemáticas Discretas,6,anon_md_2526_2_1_006,2526-2,1,Año que cursa=4|Participaciones de la semana=0|Participaciones de la semana anterior=0|Tamaño del grupo=grande,1.9817291,1.9534189282250844,1.4882165,0.48821652,3.5365612164898135,1.4882165,1.6537566,4.3315825,5.1825113,1.2379655,2.0348415,0.266793
Matemáticas Discretas,6,anon_md_2526_2_1_007,2526-2,1,Año que cursa=3|Participaciones de la semana=1|Participaciones de la semana anterior=0|Tamaño del grupo=grande,9.513178,6.100842681568214,1.3700275,0.37002754,1.8443684286533513,1.3700275,1.1930771,4.0842733,4.1443977,1.0925903,1.3796473,1.1724386
Matemáticas Discretas,6,anon_md_2526_2_1_008,2526-2,1,Año que cursa=2|Participaciones de la semana=0|Participaciones de la semana anterior=0|Tamaño del grupo=grande,4.2147474,1.6936167818672931,1.4192152,0.4192152,4.391817155474703,1.4192152,1.4600315,4.054389,4.5010805,0.7876239,1.4496646,0.3762622
Matemáticas Discretas,6,anon_md_2526_2_1_009,2526-2,1,Año que cursa=5 o más|Participaciones de la semana=0|Participaciones de la semana anterior=0|Tamaño del grupo=grande,1.5646291,1.6915440920888634,1.4806595,0.48065948,3.4705846755989755,1.4806595,1.7266049,4.4094815,5.403594,1.2740624,1.9432998,0.3459139
Matemáticas Discretas,6,anon_md_2526_2_1_010,2526-2,1,Año que cursa=2|Participaciones de la semana=0|Participaciones de la semana anterior=0|Tamaño del grupo=grande,2.5943446,1.6936167818672931,1.3731008,0.37310076,4.391817155474703,1.3731008,1.4790187,3.984676,4.456729,1.2846328,1.2898707,0.2256217
Matemáticas Discretas,6,anon_md_2526_2_1_011,2526-2,1,Año que cursa=5 o más|Participaciones de la semana=0|Participaciones de la semana anterior=0|Tamaño del grupo=grande,1.5130442,1.6915440920888634,1.4679052,0.46790516,3.4705846755989755,1.4679052,1.727221,4.3988714,5.38156,1.2944342,1.7866011,0.3459139
Matemáticas Discretas,6,anon_md_2526_2_1_012,2526-2,1,Año que cursa=4|Participaciones de la semana=1|Participaciones de la semana anterior=1|Tamaño del grupo=grande,9.589998,7.87374650273768,1.3501835,0.3501835,2.7488332417784616,1.4866991,1.2248058,4.099716,4.6265554,1.0969143,1.5296478,1.2312355
Matemáticas Discretas,6,anon_md_2526_2_1_013,2526-2,1,Año que cursa=4|Participaciones de la semana=0|Participaciones de la semana anterior=0|Tamaño del grupo=grande,5.97907,1.9534189282250844,1.6568179,0.6568179,3.5365612164898135,1.6568179,1.4220867,4.3847737,4.8786626,0.24480343,1.8885865,1.0345759
Matemáticas Discretas,6,anon_md_2526_2_1_014,2526-2,1,Año que cursa=5 o más|Participaciones de la semana=0|Participaciones de la semana anterior=1|Tamaño del grupo=grande,7.9876175,5.483464223524004,1.6346188,0.63461876,3.7937786445071655,1.7232642,1.4280586,4.178091,5.0973883,0.80493593,1.7694297,1.292984
Matemáticas Discretas,6,anon_md_2526_2_1_015,2526-2,1,Año que cursa=3|Participaciones de la semana=2|Participaciones de la semana anterior=1|Tamaño del grupo=grande,13.536001,9.644468064996735,1.1400013,0.1400013,-4.343228206457105,1.1819439,1.1074791,3.8435326,3.8858051,1.3000183,0.7260685,0.9259186
Matemáticas Discretas,6,anon_md_2526_2_1_016,2526-2,1,Año que cursa=3|Participaciones de la semana=0|Participaciones de la semana anterior=0|Tamaño del grupo=grande,3.887571,1.972672589638743,1.4923489,0.4923489,4.128170091929471,1.4923489,1.504282,4.2165146,4.771246,0.70250607,1.4372544,0.55330133
Matemáticas Discretas,6,anon_md_2526_2_1_017,2526-2,1,Año que cursa=4|Participaciones de la semana=1|Participaciones de la semana anterior=1|Tamaño del grupo=grande,9.34351,7.87374650273768,1.3791218,0.37912178,2.7488332417784616,1.5028238,1.2471371,4.1541004,4.694935,1.0238094,1.4700775,1.2312355
Matemáticas Discretas,6,anon_md_2526_2_1_018,2526-2,1,Año que cursa=2|Participaciones de la semana=1|Participaciones de la semana anterior=2|Tamaño del grupo=grande,6.999222,10.026018760127064,1.3839893,0.38398933,-1.1991081336566474,1.3608172,1.3649864,4.037851,4.4832296,0.19569302,1.1082702,0.59948874
Matemáticas Discretas,6,anon_md_2526_2_1_019,2526-2,1,Año que cursa=5 o más|Participaciones de la semana=0|Participaciones de la semana anterior=0|Tamaño del grupo=grande,1.3953009,1.6915440920888634,1.4315777,0.43157768,3.4705846755989755,1.4315777,1.710083,4.3627825,5.27415,1.3385725,1.178767,0.3459139
Matemáticas Discretas,6,anon_md_2526_2_1_020,2526-2,1,Año que cursa=5 o más|Participaciones de la semana=0|Participaciones de la semana anterior=0|Tamaño del grupo=grande,-0.45547867,1.6915440920888634,1.2812192,0.28121924,3.4705846755989755,1.2812192,1.7029505,4.0319147,4.824618,1.775871,0.7718841,0.21181464
Matemáticas Discretas,6,anon_md_2526_2_1_021,2526-2,1,Año que cursa=5 o más|Participaciones de la semana=0|Participaciones de la semana anterior=0|Tamaño del grupo=grande,-0.4520855,1.6915440920888634,1.2814257,0.2814257,3.4705846755989755,1.2814257,1.6980319,4.034175,4.818672,1.7763543,0.71765614,0.21181464
Matemáticas Discretas,6,anon_md_2526_2_1_022,2526-2,1,Año que cursa=3|Participaciones de la semana=1|Participaciones de la semana anterior=1|Tamaño del grupo=grande,10.405674,9.213197771113796,1.374609,0.374609,0.4312702938829389,1.4471912,1.2640915,4.0702333,4.4563484,1.0836182,0.9188061,1.0328522
Matemáticas Discretas,6,anon_md_2526_2_1_023,2526-2,1,Año que cursa=3|Participaciones de la semana=0|Participaciones de la semana anterior=0|Tamaño del grupo=grande,2.2144432,1.972672589638743,1.3805296,0.38052964,4.128170091929471,1.3805296,1.5251112,4.064792,4.598899,1.3315724,0.562624,0.22947025
Matemáticas Discretas,6,anon_md_2526_2_1_024,2526-2,1,Año que cursa=4|Participaciones de la semana=0|Participaciones de la semana anterior=0|Tamaño del grupo=grande,5.585482,1.9534189282250844,1.5822601,0.58226013,3.5365612164898135,1.5822601,1.4566956,4.3493085,4.8349624,0.11463976,1.1832843,1.0345759
Matemáticas Discretas,6,anon_md_2526_2_1_025,2526-2,1,Año que cursa=5 o más|Participaciones de la semana=0|Participaciones de la semana anterior=0|Tamaño del grupo=grande,1.3999485,1.6915440920888634,1.4186357,0.41863573,3.4705846755989755,1.4186357,1.6788821,4.340365,5.177559,1.3194274,0.7553196,0.3459139
Matemáticas Discretas,6,anon_md_2526_2_1_026,2526-2,1,Año que cursa=5 o más|Participaciones de la semana=0|Participaciones de la semana anterior=0|Tamaño del grupo=grande,1.4083303,1.6915440920888634,1.4175116,0.41751158,3.4705846755989755,1.4175116,1.6723433,4.3366356,5.1602283,1.3110844,0.6878723,0.3459139
Matemáticas Discretas,6,anon_md_2526_2_1_027,2526-2,1,Año que cursa=5 o más|Participaciones de la semana=1|Participaciones de la semana anterior=0|Tamaño del grupo=grande,7.0789857,5.162128767687839,1.5498099,0.54980993,3.3350508648285944,1.5498099,1.285286,4.4786825,4.860925,0.3647399,1.1831942,1.2551532
Matemáticas Discretas,6,anon_md_2526_2_1_028,2526-2,1,Año que cursa=3|Participaciones de la semana=1|Participaciones de la semana anterior=0|Tamaño del grupo=grande,3.628296,6.100842681568214,1.3981566,0.39815664,1.8443684286533513,1.3981566,1.4000587,4.021612,4.6371326,1.1146045,0.38927317,0.29316902
Matemáticas Discretas,6,anon_md_2526_2_1_029,2526-2,1,Año que cursa=5 o más|Participaciones de la semana=0|Participaciones de la semana anterior=0|Tamaño del grupo=grande,1.4461254,1.6915440920888634,1.4155253,0.41552532,3.4705846755989755,1.4155253,1.6507273,4.3246536,5.1057687,1.2767707,0.49060273,0.3459139
Matemáticas Discretas,6,anon_md_2526_2_1_030,2526-2,1,Año que cursa=4|Participaciones de la semana=0|Participaciones de la semana anterior=0|Tamaño del grupo=grande,1.9113708,1.9534189282250844,1.4092598,0.4092598,3.5365612164898135,1.4092598,1.562335,4.1882396,4.7986484,1.2622181,0.24209225,0.266793
Matemáticas Discretas,6,anon_md_2526_2_1_031,2526-2,1,Año que cursa=5 o más|Participaciones de la semana=0|Participaciones de la semana anterior=0|Tamaño del grupo=grande,1.4815632,1.6915440920888634,1.4150642,0.41506422,3.4705846755989755,1.4150642,1.6348248,4.3154874,5.0670686,1.2461168,0.3629632,0.3459139
Matemáticas Discretas,6,anon_md_2526_2_1_032,2526-2,1,Año que cursa=2|Participaciones de la semana=0|Participaciones de la semana anterior=0|Tamaño del grupo=grande,2.5688975,1.6936167818672931,1.2845936,0.28459358,4.391817155474703,1.2845936,1.3965755,3.8259733,4.162672,1.2284819,0.030595064,0.2256217
Matemáticas Discretas,6,anon_md_2526_2_1_033,2526-2,1,Año que cursa=2|Participaciones de la semana=0|Participaciones de la semana anterior=0|Tamaño del grupo=grande,2.5778642,1.6936167818672931,1.281285,0.28128505,4.391817155474703,1.281285,1.3911514,3.8187852,4.149244,1.2093381,0.041724205,0.2256217
Matemáticas Discretas,6,anon_md_2526_2_1_034,2526-2,1,Año que cursa=3|Participaciones de la semana=0|Participaciones de la semana anterior=0|Tamaño del grupo=grande,0.7937224,1.972672589638743,1.3035467,0.30354667,4.128170091929471,1.3035467,1.4477258,3.8825376,4.3045187,1.6478761,0.21480024,0.24858046
Matemáticas Discretas,6,anon_md_2526_2_1_035,2526-2,1,Año que cursa=3|Participaciones de la semana=1|Participaciones de la semana anterior=0|Tamaño del grupo=grande,3.7121115,6.100842681568214,1.3701634,0.37016344,1.8443684286533513,1.3701634,1.3920956,3.9588933,4.4835234,0.97321296,0.014888048,0.29316902
Matemáticas Discretas,6,anon_md_2526_2_2_001,2526-2,2,Año que cursa=3|Participaciones de la semana=2|Participaciones de la semana anterior=1|Tamaño del grupo=pequeño,8.111494,3.902024422501296,1.1632242,0.16322422,1.3992154360383342,1.1606565,1.186594,3.5478387,3.7708154,0.24825859,0.17586231,0.86521673
Matemáticas Discretas,6,anon_md_2526_2_2_002,2526-2,2,Año que cursa=2|Participaciones de la semana=0|Participaciones de la semana anterior=0|Tamaño del grupo=pequeño,4.5127106,3.947072158993203,1.183619,0.18361902,1.7942407315695323,1.183619,1.1985388,3.5102491,3.683442,0.35734177,0.4111786,0.89296484
Matemáticas Discretas,6,anon_md_2526_2_2_003,2526-2,2,Año que cursa=5 o más|Participaciones de la semana=0|Participaciones de la semana anterior=0|Tamaño del grupo=pequeño,0.88437307,0.6095545095465211,1.346408,0.346408,3.746564689455974,1.346408,1.3736401,3.8919663,4.295283,1.0762962,0.47048557,0.65564394
Matemáticas Discretas,6,anon_md_2526_2_2_004,2526-2,2,Año que cursa=4|Participaciones de la semana=0|Participaciones de la semana anterior=0|Tamaño del grupo=pequeño,4.2471113,4.696417775721429,1.2872314,0.28723145,1.363417228659645,1.2872314,1.2652836,3.7185245,3.996562,0.4149475,0.38919663,0.7665067
Matemáticas Discretas,6,anon_md_2526_2_2_005,2526-2,2,Año que cursa=3|Participaciones de la semana=0|Participaciones de la semana anterior=0|Tamaño del grupo=pequeño,5.6640754,3.1205777092652816,1.2080493,0.2080493,0.049641507324195366,1.2080493,1.2184134,3.5777764,3.7660003,0.06792593,0.3203678,0.8996
Matemáticas Discretas,6,anon_md_2526_2_2_006,2526-2,2,Año que cursa=5 o más|Participaciones de la semana=2|Participaciones de la semana anterior=0|Tamaño del grupo=pequeño,8.18552,8.826910626470417,1.1999321,0.1999321,-3.5256707679307864,1.1999321,1.1807785,3.8219156,3.995739,0.30921984,0.3339734,0.91120195
Matemáticas Discretas,6,anon_md_2526_2_2_007,2526-2,2,Año que cursa=2|Participaciones de la semana=0|Participaciones de la semana anterior=0|Tamaño del grupo=pequeño,3.0138025,3.947072158993203,1.1689525,0.16895247,1.7942407315695323,1.1689525,1.1926746,3.483973,3.6658096,0.7621114,0.28397608,0.83593106
Matemáticas Discretas,6,anon_md_2526_2_2_008,2526-2,2,Año que cursa=3|Participaciones de la semana=0|Participaciones de la semana anterior=0|Tamaño del grupo=pequeño,6.802465,3.1205777092652816,1.2007318,0.20073175,0.049641507324195366,1.2007318,1.2203941,3.5856042,3.7709432,0.21826267,0.14617062,0.9188528
Matemáticas Discretas,6,anon_md_2526_2_2_009,2526-2,2,Año que cursa=4|Participaciones de la semana=0|Participaciones de la semana anterior=0|Tamaño del grupo=pequeño,2.5803566,4.696417775721429,1.2877941,0.2877941,1.363417228659645,1.2877941,1.2826834,3.736413,4.040198,0.75281024,0.23744607,0.72516155
Matemáticas Discretas,6,anon_md_2526_2_2_010,2526-2,2,Año que cursa=5 o más|Participaciones de la semana=0|Participaciones de la semana anterior=0|Tamaño del grupo=pequeño,0.46965158,0.6095545095465211,1.3243798,0.3243798,3.746564689455974,1.3243798,1.3972001,3.8979955,4.342176,1.1425016,0.11493838,0.65564394
Matemáticas Discretas,6,anon_md_2526_2_2_011,2526-2,2,Año que cursa=4|Participaciones de la semana=1|Participaciones de la semana anterior=0|Tamaño del grupo=pequeño,3.6949072,6.059835004381074,1.2527537,0.25275373,2.7914747277497645,1.2527537,1.2522273,3.7304094,4.0236735,0.5581422,0.18332434,0.788898
Matemáticas Discretas,6,anon_md_2526_2_2_012,2526-2,2,Año que cursa=4|Participaciones de la semana=2|Participaciones de la semana anterior=0|Tamaño del grupo=pequeño,4.9993253,8.851309732130838,1.1955023,0.19550228,-0.024399105660421583,1.1955023,1.2023735,3.72919,4.0391955,0.3645172,0.12710857,0.77347755
Matemáticas Discretas,6,anon_md_2526_2_2_013,2526-2,2,Año que cursa=5 o más|Participaciones de la semana=0|Participaciones de la semana anterior=0|Tamaño del grupo=pequeño,2.0018744,0.6095545095465211,1.3474827,0.34748268,3.746564689455974,1.3474827,1.3638601,3.9257455,4.357315,0.6855588,0.014109373,0.7817838
Matemáticas Discretas,6,anon_md_2526_2_2_014,2526-2,2,Año que cursa=5 o más|Participaciones de la semana=0|Participaciones de la semana anterior=0|Tamaño del grupo=pequeño,1.9708886,0.6095545095465211,1.3413994,0.34139943,3.746564689455974,1.3413994,1.3621497,3.916442,4.347478,0.6519053,0.058455586,0.7817838
Matemáticas Discretas,6,anon_md_2526_2_2_015,2526-2,2,Año que cursa=5 o más|Participaciones de la semana=0|Participaciones de la semana anterior=0|Tamaño del grupo=pequeño,0.33799577,0.6095545095465211,1.2976148,0.2976148,3.746564689455974,1.2976148,1.3886409,3.8521698,4.293769,1.0147245,0.13896167,0.65564394
Matemáticas Discretas,6,anon_md_2526_2_2_016,2526-2,2,Año que cursa=2|Participaciones de la semana=1|Participaciones de la semana anterior=0|Tamaño del grupo=pequeño,4.9261293,5.741312890562735,1.1720462,0.17204618,0.13977574187601238,1.1720462,1.2356625,3.4987803,3.7626486,0.20755386,0.14499712,0.9374652
Matemáticas Discretas,6,anon_md_2526_2_2_017,2526-2,2,Año que cursa=3|Participaciones de la semana=0|Participaciones de la semana anterior=0|Tamaño del grupo=pequeño,2.4181728,3.1205777092652816,1.1870794,0.18707943,0.049641507324195366,1.1870794,1.2283907,3.556725,3.8015862,0.55837023,0.12717009,0.7678504
Matemáticas Discretas,6,anon_md_2526_2_2_018,2526-2,2,Año que cursa=2|Participaciones de la semana=0|Participaciones de la semana anterior=0|Tamaño del grupo=pequeño,2.4077854,3.947072158993203,1.1346779,0.13467789,1.7942407315695323,1.1346779,1.1893926,3.4494915,3.6429758,0.54450727,0.16748118,0.83593106
Matemáticas Discretas,6,anon_md_2526_2_2_019,2526-2,2,Año que cursa=2|Participaciones de la semana=0|Participaciones de la semana anterior=0|Tamaño del grupo=pequeño,4.831061,3.947072158993203,1.1446395,0.14463949,1.7942407315695323,1.1446395,1.2040501,3.5085092,3.7208877,0.22468758,0.2632761,0.97285223
Matemáticas Discretas,6,anon_md_2526_2_2_020,2526-2,2,Año que cursa=2|Participaciones de la semana=0|Participaciones de la semana anterior=0|Tamaño del grupo=pequeño,4.780191,3.947072158993203,1.1408849,0.14088488,1.7942407315695323,1.1408849,1.20224,3.4998975,3.7098165,0.19961786,0.29390955,0.97285223
Matemáticas Discretas,6,anon_md_2526_2_2_021,2526-2,2,Año que cursa=4|Participaciones de la semana=1|Participaciones de la semana anterior=1|Tamaño del grupo=pequeño,8.778136,8.851309732130838,1.2460089,0.24600887,-1.6505686991937205,1.2512269,1.2373104,3.6888218,3.9961905,0.69774246,0.20761108,0.7889347
Matemáticas Discretas,6,anon_md_2526_3_1_001,2526-3,1,Año que cursa=5 o más|Participaciones de la semana=1|Participaciones de la semana anterior=2|Tamaño del grupo=grande,10.346207,11.885007920902869,1.2214756,0.2214756,0.4782109384678037,1.4122939,1.1927814,3.7608414,4.587276,0.9558258,1.7699928,1.4038572
Matemáticas Discretas,6,anon_md_2526_3_1_002,2526-3,1,Año que cursa=3|Participaciones de la semana=0|Participaciones de la semana anterior=0|Tamaño del grupo=grande,1.2465334,1.972672589638743,1.4580362,0.45803618,4.128170091929471,1.4580362,1.5213456,4.0782814,4.7964334,1.3373982,1.7780727,0.44657338
Matemáticas Discretas,6,anon_md_2526_3_1_003,2526-3,1,Año que cursa=2|Participaciones de la semana=0|Participaciones de la semana anterior=0|Tamaño del grupo=grande,1.5735697,1.6936167818672931,1.3920642,0.3920642,4.391817155474703,1.3920642,1.4476895,3.9313436,4.480305,1.3655876,1.4799254,0.45050883
Matemáticas Discretas,6,anon_md_2526_3_1_004,2526-3,1,Año que cursa=3|Participaciones de la semana=0|Participaciones de la semana anterior=1|Tamaño del grupo=grande,2.9157014,5.90364699868454,1.5381656,0.53816557,3.3095507724292563,1.4503859,1.5326138,4.1389294,4.8041162,0.9676058,1.9609275,0.6966629
Matemáticas Discretas,6,anon_md_2526_3_1_005,2526-3,1,Año que cursa=2|Participaciones de la semana=0|Participaciones de la semana anterior=0|Tamaño del grupo=grande,1.4864624,1.6936167818672931,1.3866541,0.38665414,4.391817155474703,1.3866541,1.4545221,3.9323313,4.483431,1.4154508,1.3373233,0.45050883
Matemáticas Discretas,6,anon_md_2526_3_1_006,2526-3,1,Año que cursa=1|Participaciones de la semana=0|Participaciones de la semana anterior=0|Tamaño del grupo=grande,1.7485474,1.950496711183378,1.3155586,0.31555855,1.4139086540000185,1.3155586,1.3903222,3.8006172,4.1996098,1.4377021,1.0479219,0.4648906
Matemáticas Discretas,6,anon_md_2526_3_1_007,2526-3,1,Año que cursa=5 o más|Participaciones de la semana=0|Participaciones de la semana anterior=0|Tamaño del grupo=grande,0.25593102,1.6915440920888634,1.4777052,0.47770524,3.4705846755989755,1.4777052,1.6978273,4.274843,5.2829123,1.458479,1.5732447,0.6792605
Matemáticas Discretas,6,anon_md_2526_3_1_008,2526-3,1,Año que cursa=2|Participaciones de la semana=1|Participaciones de la semana anterior=2|Tamaño del grupo=grande,12.387852,10.026018760127064,1.2179832,0.21798325,-1.1991081336566474,1.3089371,1.201643,3.683733,3.9958382,1.1994591,0.97603035,1.0815678
Matemáticas Discretas,6,anon_md_2526_3_1_009,2526-3,1,Año que cursa=5 o más|Participaciones de la semana=0|Participaciones de la semana anterior=0|Tamaño del grupo=grande,0.1559112,1.6915440920888634,1.458104,0.458104,3.4705846755989755,1.458104,1.7061458,4.259552,5.2582474,1.4962122,1.409882,0.6792605
Matemáticas Discretas,6,anon_md_2526_3_1_010,2526-3,1,Año que cursa=4|Participaciones de la semana=1|Participaciones de la semana anterior=1|Tamaño del grupo=grande,8.227217,7.87374650273768,1.329874,0.32987404,2.7488332417784616,1.4396219,1.2280636,4.062533,4.6801734,0.73024225,1.9742846,1.4294057
Matemáticas Discretas,6,anon_md_2526_3_1_011,2526-3,1,Año que cursa=5 o más|Participaciones de la semana=0|Participaciones de la semana anterior=1|Tamaño del grupo=grande,1.8745577,5.483464223524004,1.653023,0.653023,3.7937786445071655,1.4394983,1.7117538,4.4825344,5.2290363,1.178982,1.7865052,1.0047659
Matemáticas Discretas,6,anon_md_2526_3_1_012,2526-3,1,Año que cursa=3|Participaciones de la semana=0|Participaciones de la semana anterior=2|Tamaño del grupo=grande,11.241419,8.05986497800807,1.3409691,0.3409691,1.6820801264302716,1.4862223,1.3115902,3.6635418,4.208564,1.2306519,0.9779377,1.1427307
Matemáticas Discretas,6,anon_md_2526_3_1_013,2526-3,1,Año que cursa=2|Participaciones de la semana=0|Participaciones de la semana anterior=0|Tamaño del grupo=grande,1.2292776,1.6936167818672931,1.3498507,0.34985065,4.391817155474703,1.3498507,1.4655647,3.9041743,4.429444,1.557733,0.7368461,0.45050883
Matemáticas Discretas,6,anon_md_2526_3_1_014,2526-3,1,Año que cursa=4|Participaciones de la semana=0|Participaciones de la semana anterior=0|Tamaño del grupo=grande,0.33153987,1.9534189282250844,1.4186422,0.41864216,3.5365612164898135,1.4186422,1.647358,4.1652594,5.0140924,1.5700612,0.9055984,0.5326413
Matemáticas Discretas,6,anon_md_2526_3_1_015,2526-3,1,Año que cursa=3|Participaciones de la semana=0|Participaciones de la semana anterior=0|Tamaño del grupo=grande,0.767859,1.972672589638743,1.391424,0.39142394,4.128170091929471,1.391424,1.5542812,4.037658,4.715856,1.581045,0.7050489,0.44657338
Matemáticas Discretas,6,anon_md_2526_3_1_016,2526-3,1,Año que cursa=2|Participaciones de la semana=0|Participaciones de la semana anterior=0|Tamaño del grupo=grande,1.1749341,1.6936167818672931,1.3331504,0.3331504,4.391817155474703,1.3331504,1.4618096,3.8831294,4.3879213,1.5906149,0.5299542,0.45050883
Matemáticas Discretas,6,anon_md_2526_3_1_017,2526-3,1,Año que cursa=5 o más|Participaciones de la semana=0|Participaciones de la semana anterior=0|Tamaño del grupo=grande,-0.116464615,1.6915440920888634,1.3915339,0.39153385,3.4705846755989755,1.3915339,1.7128277,4.196849,5.1224203,1.5987103,0.8321612,0.6792605
Matemáticas Discretas,6,anon_md_2526_3_1_018,2526-3,1,Año que cursa=1|Participaciones de la semana=0|Participaciones de la semana anterior=2|Tamaño del grupo=grande,4.2875285,8.826910626470417,1.3582869,0.35828686,-1.626169593533299,1.2632818,1.3791385,3.8752522,4.0969334,0.8815994,0.5795932,0.7014961
Matemáticas Discretas,6,anon_md_2526_3_1_019,2526-3,1,Año que cursa=4|Participaciones de la semana=0|Participaciones de la semana anterior=0|Tamaño del grupo=grande,0.24585652,1.9534189282250844,1.3912327,0.39123273,3.5365612164898135,1.3912327,1.6368184,4.133045,4.9274693,1.610275,0.53911483,0.5326413
Matemáticas Discretas,6,anon_md_2526_3_1_020,2526-3,1,Año que cursa=4|Participaciones de la semana=0|Participaciones de la semana anterior=0|Tamaño del grupo=grande,0.23769295,1.9534189282250844,1.3867328,0.38673282,3.5365612164898135,1.3867328,1.6328464,4.126415,4.9083834,1.6136693,0.47109056,0.5326413
Matemáticas Discretas,6,anon_md_2526_3_1_021,2526-3,1,Año que cursa=5 o más|Participaciones de la semana=1|Participaciones de la semana anterior=2|Tamaño del grupo=grande,13.951193,11.885007920902869,1.1809483,0.18094826,0.4782109384678037,1.3237457,1.1604862,3.5982914,4.0075684,1.1877823,0.42435074,0.8849335
Matemáticas Discretas,6,anon_md_2526_3_1_022,2526-3,1,Año que cursa=5 o más|Participaciones de la semana=1|Participaciones de la semana anterior=1|Tamaño del grupo=grande,11.135471,9.27724286803117,1.2772484,0.27724838,1.7891141054224224,1.3884087,1.1903839,3.8956814,4.281496,1.156107,0.8221531,1.2113552
Matemáticas Discretas,6,anon_md_2526_3_1_023,2526-3,1,Año que cursa=1|Participaciones de la semana=0|Participaciones de la semana anterior=0|Tamaño del grupo=grande,1.418668,1.950496711183378,1.2409699,0.2409699,1.4139086540000185,1.2409699,1.3641429,3.7061937,4.0410423,1.6140473,0.1252855,0.4648906
Matemáticas Discretas,6,anon_md_2526_3_1_024,2526-3,1,Año que cursa=3|Participaciones de la semana=0|Participaciones de la semana anterior=0|Tamaño del grupo=grande,0.7146027,1.972672589638743,1.3457301,0.34573007,4.128170091929471,1.3457301,1.5212684,3.9659016,4.5462303,1.6108713,0.10832369,0.44657338
Matemáticas Discretas,6,anon_md_2526_3_1_025,2526-3,1,Año que cursa=5 o más|Participaciones de la semana=0|Participaciones de la semana anterior=0|Tamaño del grupo=grande,5.6302423,1.6915440920888634,1.6360278,0.6360278,3.4705846755989755,1.6360278,1.449028,4.416297,5.005204,0.110014915,0.71176434,1.42063
Matemáticas Discretas,6,anon_md_2526_3_1_026,2526-3,1,Año que cursa=5 o más|Participaciones de la semana=0|Participaciones de la semana anterior=1|Tamaño del grupo=grande,1.4263991,5.483464223524004,1.5386354,0.5386354,3.7937786445071655,1.3482509,1.6737585,4.4135065,4.9495907,1.3173383,0.48631537,1.0047659
Matemáticas Discretas,6,anon_md_2526_3_1_027,2526-3,1,Año que cursa=2|Participaciones de la semana=0|Participaciones de la semana anterior=2|Tamaño del grupo=grande,4.0173616,6.873119302552524,1.3972979,0.39729786,3.1528994575745397,1.2764133,1.4225416,3.9705563,4.214087,0.916764,0.20173883,0.7488475
Matemáticas Discretas,6,anon_md_2526_3_1_028,2526-3,1,Año que cursa=1|Participaciones de la semana=0|Participaciones de la semana anterior=1|Tamaño del grupo=grande,2.7221699,3.4526407582241236,1.2652383,0.26523829,-0.8174734989056214,1.2203677,1.346004,3.775588,3.9857364,1.2984458,0.041165352,0.63835406
Matemáticas Discretas,6,anon_md_2526_3_1_029,2526-3,1,Año que cursa=2|Participaciones de la semana=0|Participaciones de la semana anterior=0|Tamaño del grupo=grande,1.1214904,1.6936167818672931,1.2672428,0.2672428,4.391817155474703,1.2672428,1.4129977,3.7794352,4.18309,1.5701318,0.14036596,0.45050883
Matemáticas Discretas,6,anon_md_2526_3_1_030,2526-3,1,Año que cursa=1|Participaciones de la semana=0|Participaciones de la semana anterior=1|Tamaño del grupo=grande,2.7037084,3.4526407582241236,1.2563622,0.2563622,-0.8174734989056214,1.2126637,1.3381557,3.7627652,3.9638777,1.2711716,0.053544283,0.63835406
Matemáticas Discretas,6,anon_md_2526_3_1_031,2526-3,1,Año que cursa=3|Participaciones de la semana=0|Participaciones de la semana anterior=2|Tamaño del grupo=grande,3.8247063,8.05986497800807,1.4571121,0.45711207,1.6820801264302716,1.3139994,1.4793172,4.080368,4.4052124,0.8753884,0.03078723,0.78896785
Matemáticas Discretas,8,anon_md_2526_2_1_001,2526-2,1,Año que cursa=2|Participaciones de la semana=0|Participaciones de la semana anterior=1|Tamaño del grupo=grande,6.9421363,6.085433937341996,1.1688809,0.16888094,2.9736292565906446,1.1997175,1.1247368,3.3273168,3.5214915,0.22013235,0.29290485,0.53616714
Matemáticas Discretas,8,anon_md_2526_2_1_002,2526-2,1,Año que cursa=4|Participaciones de la semana=2|Participaciones de la semana anterior=1|Tamaño del grupo=grande,10.340095,10.622579744516141,1.0273237,0.027323723,-5.321339885976511,1.038332,1.0211439,3.2009792,3.2029266,0.1536932,0.12875271,0.20353508
Matemáticas Discretas,8,anon_md_2526_2_1_003,2526-2,1,Año que cursa=4|Participaciones de la semana=0|Participaciones de la semana anterior=1|Tamaño del grupo=grande,4.2755427,5.209085958230545,1.2058358,0.20583582,2.664660544507135,1.2072864,1.1595111,3.4319835,3.7643332,0.25862598,0.50459766,0.27832294
Matemáticas Discretas,8,anon_md_2526_2_1_004,2526-2,1,Año que cursa=5 o más|Participaciones de la semana=0|Participaciones de la semana anterior=0|Tamaño del grupo=grande,3.944933,1.6915440920888634,1.1796522,0.17965221,3.4705846755989755,1.1796522,1.1425076,3.4522076,3.7356987,0.19385624,0.34614325,0.23485518
Matemáticas Discretas,8,anon_md_2526_2_1_005,2526-2,1,Año que cursa=2|Participaciones de la semana=2|Participaciones de la semana anterior=0|Tamaño del grupo=grande,9.249129,5.953568961209445,1.0466146,0.046614647,-0.6523291026698148,1.0466146,1.0256224,3.303164,3.1980934,0.14562416,0.2751217,0.3982315
Matemáticas Discretas,8,anon_md_2526_2_1_006,2526-2,1,Año que cursa=4|Participaciones de la semana=0|Participaciones de la semana anterior=0|Tamaño del grupo=grande,1.4876388,1.9534189282250844,1.1851357,0.18513572,3.5365612164898135,1.1851357,1.1856418,3.5043397,3.850306,0.21608734,0.55799854,0.2170794
Matemáticas Discretas,8,anon_md_2526_2_1_007,2526-2,1,Año que cursa=3|Participaciones de la semana=2|Participaciones de la semana anterior=1|Tamaño del grupo=grande,10.303995,9.644468064996735,1.036334,0.036334038,-4.343228206457105,1.052206,1.025877,3.252656,3.2630959,0.11553383,0.14697742,0.39099503
Matemáticas Discretas,8,anon_md_2526_2_1_008,2526-2,1,Año que cursa=2|Participaciones de la semana=0|Participaciones de la semana anterior=0|Tamaño del grupo=grande,2.8574715,1.6936167818672931,1.2189245,0.21892452,4.391817155474703,1.2189245,1.1809378,3.5472598,3.7869382,0.122183084,0.62199545,0.39154506
Matemáticas Discretas,8,anon_md_2526_2_1_009,2526-2,1,Año que cursa=5 o más|Participaciones de la semana=0|Participaciones de la semana anterior=0|Tamaño del grupo=grande,1.3781042,1.6915440920888634,1.1689925,0.16899252,3.4705846755989755,1.1689925,1.1745439,3.481502,3.861086,0.15831876,0.43603444,0.16333032
Matemáticas Discretas,8,anon_md_2526_2_1_010,2526-2,1,Año que cursa=2|Participaciones de la semana=0|Participaciones de la semana anterior=0|Tamaño del grupo=grande,1.513159,1.6936167818672931,1.2058208,0.2058208,4.391817155474703,1.2058208,1.2035732,3.5572917,3.8468359,0.14679444,0.64042616,0.2927711
Matemáticas Discretas,8,anon_md_2526_2_1_011,2526-2,1,Año que cursa=5 o más|Participaciones de la semana=1|Participaciones de la semana anterior=0|Tamaño del grupo=grande,2.5306282,5.162128767687839,1.1922956,0.19229555,3.3350508648285944,1.1922956,1.1309671,3.4905005,3.8789835,0.16650939,0.4167087,0.134336
Matemáticas Discretas,8,anon_md_2526_2_1_012,2526-2,1,Año que cursa=4|Participaciones de la semana=0|Participaciones de la semana anterior=1|Tamaño del grupo=grande,8.056533,5.209085958230545,1.1224728,0.12247276,2.664660544507135,1.1584435,1.087904,3.2356434,3.3792944,0.110572815,0.088674545,0.30932903
Matemáticas Discretas,8,anon_md_2526_2_1_013,2526-2,1,Año que cursa=4|Participaciones de la semana=0|Participaciones de la semana anterior=0|Tamaño del grupo=grande,4.1052914,1.9534189282250844,1.2069683,0.20696831,3.5365612164898135,1.2069683,1.1388521,3.4810266,3.7041235,0.09029007,0.29216385,0.37959218
Matemáticas Discretas,8,anon_md_2526_2_1_014,2526-2,1,Año que cursa=5 o más|Participaciones de la semana=2|Participaciones de la semana anterior=1|Tamaño del grupo=grande,9.019738,11.066356973453592,1.0502052,0.05020523,-5.765117114913962,1.0703139,1.035245,3.2996244,3.4027486,0.07697964,0.05141163,0.17234516
Matemáticas Discretas,8,anon_md_2526_2_1_015,2526-2,1,Año que cursa=3|Participaciones de la semana=2|Participaciones de la semana anterior=1|Tamaño del grupo=grande,13.4358425,9.644468064996735,1.0294037,0.029403687,-4.343228206457105,1.036911,1.024518,3.1837015,3.1549244,0.023926735,0.06647873,0.29671383
Matemáticas Discretas,8,anon_md_2526_2_1_016,2526-2,1,Año que cursa=3|Participaciones de la semana=0|Participaciones de la semana anterior=0|Tamaño del grupo=grande,2.6909084,1.972672589638743,1.2162843,0.21628428,4.128170091929471,1.2162843,1.1762938,3.5503058,3.828899,0.013822556,0.38095093,0.40381622
Matemáticas Discretas,8,anon_md_2526_2_1_017,2526-2,1,Año que cursa=4|Participaciones de la semana=2|Participaciones de la semana anterior=1|Tamaño del grupo=grande,10.202474,10.622579744516141,1.0398016,0.039801598,-5.321339885976511,1.0538759,1.0302238,3.2496023,3.2744827,0.061793327,0.06030941,0.25928402
Matemáticas Discretas,8,anon_md_2526_2_1_018,2526-2,1,Año que cursa=2|Participaciones de la semana=1|Participaciones de la semana anterior=1|Tamaño del grupo=grande,7.9717,9.05906319393264,1.1076722,0.107672215,1.558909329902999,1.1465511,1.0716639,3.323554,3.404954,0.08773422,0.20521402,0.38694763
Matemáticas Discretas,8,anon_md_2526_2_1_019,2526-2,1,Año que cursa=5 o más|Participaciones de la semana=0|Participaciones de la semana anterior=0|Tamaño del grupo=grande,1.2855649,1.6915440920888634,1.1833498,0.18334985,3.4705846755989755,1.1833498,1.1833405,3.528461,3.9266715,0.15382981,0.17870808,0.16333032
Matemáticas Discretas,8,anon_md_2526_2_1_020,2526-2,1,Año que cursa=5 o más|Participaciones de la semana=0|Participaciones de la semana anterior=0|Tamaño del grupo=grande,-0.15428007,1.6915440920888634,1.1542559,0.15425587,3.4705846755989755,1.1542559,1.2090297,3.4906487,3.929515,0.33210367,0.190225,0.12569499
Matemáticas Discretas,8,anon_md_2526_2_1_021,2526-2,1,Año que cursa=5 o más|Participaciones de la semana=0|Participaciones de la semana anterior=0|Tamaño del grupo=grande,-0.15723038,1.6915440920888634,1.155494,0.15549397,3.4705846755989755,1.155494,1.2101555,3.49462,3.9331498,0.33696568,0.15243065,0.12569499
Matemáticas Discretas,8,anon_md_2526_2_1_022,2526-2,1,Año que cursa=3|Participaciones de la semana=2|Participaciones de la semana anterior=1|Tamaño del grupo=grande,11.21049,9.644468064996735,1.0432329,0.043232918,-4.343228206457105,1.0583658,1.0323229,3.2633066,3.2698984,0.08612442,0.03187847,0.3414936
Matemáticas Discretas,8,anon_md_2526_2_1_023,2526-2,1,Año que cursa=3|Participaciones de la semana=0|Participaciones de la semana anterior=0|Tamaño del grupo=grande,1.349671,1.972672589638743,1.1987728,0.19877279,4.128170091929471,1.1987728,1.1960378,3.5561948,3.8828864,0.17117047,0.06284654,0.278157
Matemáticas Discretas,8,anon_md_2526_2_1_024,2526-2,1,Año que cursa=4|Participaciones de la semana=1|Participaciones de la semana anterior=1|Tamaño del grupo=grande,6.521683,7.87374650273768,1.1526976,0.15269756,2.7488332417784616,1.1959658,1.098383,3.4289727,3.6885023,0.15743351,0.0119524,0.3333869
Matemáticas Discretas,8,anon_md_2526_2_1_025,2526-2,1,Año que cursa=5 o más|Participaciones de la semana=0|Participaciones de la semana anterior=0|Tamaño del grupo=grande,1.2591463,1.6915440920888634,1.1896151,0.18961513,3.4705846755989755,1.1896151,1.1879373,3.5487065,3.9440322,0.17829502,0.09690106,0.16333032
Matemáticas Discretas,8,anon_md_2526_2_1_026,2526-2,1,Año que cursa=5 o más|Participaciones de la semana=0|Participaciones de la semana anterior=0|Tamaño del grupo=grande,1.2578714,1.6915440920888634,1.1904049,0.19040489,3.4705846755989755,1.1904049,1.1883788,3.551162,3.9448178,0.18129766,0.13004732,0.16333032
Matemáticas Discretas,8,anon_md_2526_2_1_027,2526-2,1,Año que cursa=5 o más|Participaciones de la semana=1|Participaciones de la semana anterior=0|Tamaño del grupo=grande,6.5743117,5.162128767687839,1.152906,0.15290594,3.3350508648285944,1.152906,1.077117,3.4196095,3.489882,0.18934917,0.15148973,0.20747137
Matemáticas Discretas,8,anon_md_2526_2_1_028,2526-2,1,Año que cursa=3|Participaciones de la semana=2|Participaciones de la semana anterior=1|Tamaño del grupo=grande,6.521049,9.644468064996735,1.087184,0.08718395,-4.343228206457105,1.1160955,1.0551033,3.4609666,3.6110454,0.081519604,0.013216019,0.286633
Matemáticas Discretas,8,anon_md_2526_2_1_029,2526-2,1,Año que cursa=5 o más|Participaciones de la semana=0|Participaciones de la semana anterior=0|Tamaño del grupo=grande,1.2587514,1.6915440920888634,1.1923573,0.1923573,3.4705846755989755,1.1923573,1.1891026,3.557022,3.943986,0.18789673,0.23671055,0.16333032
Matemáticas Discretas,8,anon_md_2526_2_1_030,2526-2,1,Año que cursa=4|Participaciones de la semana=0|Participaciones de la semana anterior=0|Tamaño del grupo=grande,1.3005707,1.9534189282250844,1.2010541,0.2010541,3.5365612164898135,1.2010541,1.1927423,3.5681312,3.9236977,0.18929148,0.25697327,0.2170794
Matemáticas Discretas,8,anon_md_2526_2_1_031,2526-2,1,Año que cursa=5 o más|Participaciones de la semana=0|Participaciones de la semana anterior=0|Tamaño del grupo=grande,1.2627759,1.6915440920888634,1.1933069,0.19330692,3.4705846755989755,1.1933069,1.189107,3.5597138,3.941018,0.1902951,0.31745732,0.16333032
Matemáticas Discretas,8,anon_md_2526_2_1_032,2526-2,1,Año que cursa=2|Participaciones de la semana=0|Participaciones de la semana anterior=0|Tamaño del grupo=grande,1.4119471,1.6936167818672931,1.1922404,0.19224036,4.391817155474703,1.1922404,1.1893263,3.5393057,3.800437,0.1909194,0.2603221,0.2927711
Matemáticas Discretas,8,anon_md_2526_2_1_033,2526-2,1,Año que cursa=2|Participaciones de la semana=0|Participaciones de la semana anterior=0|Tamaño del grupo=grande,1.4152586,1.6936167818672931,1.1923363,0.19233632,4.391817155474703,1.1923363,1.1884356,3.5388658,3.7978337,0.19117868,0.28519166,0.2927711
Matemáticas Discretas,8,anon_md_2526_2_1_034,2526-2,1,Año que cursa=3|Participaciones de la semana=0|Participaciones de la semana anterior=0|Tamaño del grupo=grande,0.04786098,1.972672589638743,1.1844388,0.18443882,4.128170091929471,1.1844388,1.2113178,3.5456176,3.88025,0.3507182,0.32270336,0.17542934
Matemáticas Discretas,8,anon_md_2526_2_1_035,2526-2,1,Año que cursa=3|Participaciones de la semana=2|Participaciones de la semana anterior=1|Tamaño del grupo=grande,6.5119524,9.644468064996735,1.0908184,0.090818405,-4.343228206457105,1.1178098,1.0583801,3.4600496,3.602808,0.08918619,0.14212036,0.286633
Matemáticas Discretas,8,anon_md_2526_2_2_001,2526-2,2,Año que cursa=3|Participaciones de la semana=0|Participaciones de la semana anterior=0|Tamaño del grupo=pequeño,6.9530854,3.1205777092652816,1.1989226,0.19892263,0.049641507324195366,1.1989226,1.1493683,3.4167886,3.361052,0.23930836,0.08840656,0.42562056
Matemáticas Discretas,8,anon_md_2526_2_2_002,2526-2,2,Año que cursa=2|Participaciones de la semana=1|Participaciones de la semana anterior=1|Tamaño del grupo=pequeño,5.8783183,8.851309732130838,1.161593,0.16159296,0.0,1.1916709,1.1297865,3.473238,3.5454855,0.5199075,0.12992,0.84410286
Matemáticas Discretas,8,anon_md_2526_2_2_003,2526-2,2,Año que cursa=5 o más|Participaciones de la semana=0|Participaciones de la semana anterior=0|Tamaño del grupo=pequeño,0.26326472,0.6095545095465211,1.2588305,0.25883055,3.746564689455974,1.2588305,1.2559738,3.6919882,3.9615946,0.9925695,0.25816208,0.33728147
Matemáticas Discretas,8,anon_md_2526_2_2_004,2526-2,2,Año que cursa=4|Participaciones de la semana=1|Participaciones de la semana anterior=1|Tamaño del grupo=pequeño,5.5909457,8.851309732130838,1.2067976,0.2067976,-1.6505686991937205,1.2446599,1.1588063,3.5750532,3.7449021,0.49754715,0.070960045,0.43024635
Matemáticas Discretas,8,anon_md_2526_2_2_005,2526-2,2,Año que cursa=3|Participaciones de la semana=1|Participaciones de la semana anterior=0|Tamaño del grupo=pequeño,5.5684743,3.170219216589477,1.208838,0.20883799,0.739017656613048,1.208838,1.1377115,3.5749373,3.5835967,0.44888687,0.028390884,0.68161345
Matemáticas Discretas,8,anon_md_2526_2_2_006,2526-2,2,Año que cursa=5 o más|Participaciones de la semana=1|Participaciones de la semana anterior=0|Tamaño del grupo=pequeño,7.981249,4.356119199002495,1.1808147,0.18081474,4.470791427467922,1.1808147,1.1173286,3.4962401,3.4177847,0.17270756,0.041153908,0.28315258
Matemáticas Discretas,8,anon_md_2526_2_2_007,2526-2,2,Año que cursa=2|Participaciones de la semana=0|Participaciones de la semana anterior=0|Tamaño del grupo=pequeño,2.14954,3.947072158993203,1.2594335,0.2594335,1.7942407315695323,1.2594335,1.2126656,3.5858889,3.6719155,0.7962904,0.34207475,0.9780085
Matemáticas Discretas,8,anon_md_2526_2_2_008,2526-2,2,Año que cursa=3|Participaciones de la semana=1|Participaciones de la semana anterior=0|Tamaño del grupo=pequeño,6.6508894,3.170219216589477,1.2074885,0.20748854,0.739017656613048,1.2074885,1.1366892,3.567274,3.5619478,0.32220888,0.053590298,0.64363337
Matemáticas Discretas,8,anon_md_2526_2_2_009,2526-2,2,Año que cursa=4|Participaciones de la semana=0|Participaciones de la semana anterior=0|Tamaño del grupo=pequeño,1.7136151,4.696417775721429,1.2863611,0.2863611,1.363417228659645,1.2863611,1.2387958,3.7105298,3.9080381,0.76728797,0.07346034,0.47729552
Matemáticas Discretas,8,anon_md_2526_2_2_010,2526-2,2,Año que cursa=5 o más|Participaciones de la semana=0|Participaciones de la semana anterior=0|Tamaño del grupo=pequeño,0.13403726,0.6095545095465211,1.2611393,0.26113927,3.746564689455974,1.2611393,1.272862,3.7311063,4.0569925,0.9120854,0.27010828,0.33728147
Matemáticas Discretas,8,anon_md_2526_2_2_011,2526-2,2,Año que cursa=4|Participaciones de la semana=0|Participaciones de la semana anterior=0|Tamaño del grupo=pequeño,3.1712904,4.696417775721429,1.2856312,0.28563118,1.363417228659645,1.2856312,1.2066555,3.6520305,3.7313786,0.47667575,0.030347347,0.4438231
Matemáticas Discretas,8,anon_md_2526_2_2_012,2526-2,2,Año que cursa=4|Participaciones de la semana=2|Participaciones de la semana anterior=1|Tamaño del grupo=pequeño,8.169197,7.200741032937118,1.0855951,0.08559513,-1.8995011743974874,1.1083803,1.0646105,3.4903955,3.4478817,0.16805553,0.13641357,0.23370218
Matemáticas Discretas,8,anon_md_2526_2_2_013,2526-2,2,Año que cursa=5 o más|Participaciones de la semana=0|Participaciones de la semana anterior=0|Tamaño del grupo=pequeño,1.3862935,0.6095545095465211,1.2640783,0.26407826,3.746564689455974,1.2640783,1.2476673,3.7251344,4.0216923,0.5490204,0.25390744,0.38473606
Matemáticas Discretas,8,anon_md_2526_2_2_014,2526-2,2,Año que cursa=5 o más|Participaciones de la semana=0|Participaciones de la semana anterior=0|Tamaño del grupo=pequeño,1.3626562,0.6095545095465211,1.2593457,0.25934565,3.746564689455974,1.2593457,1.2473402,3.7188792,4.02003,0.4807099,0.26643467,0.38473606
Matemáticas Discretas,8,anon_md_2526_2_2_015,2526-2,2,Año que cursa=5 o más|Participaciones de la semana=0|Participaciones de la semana anterior=0|Tamaño del grupo=pequeño,0.040284276,0.6095545095465211,1.2409896,0.24098957,3.746564689455974,1.2409896,1.2704921,3.7047334,4.052829,0.48161358,0.29519278,0.33728147
Matemáticas Discretas,8,anon_md_2526_2_2_016,2526-2,2,Año que cursa=2|Participaciones de la semana=2|Participaciones de la semana anterior=1|Tamaño del grupo=pequeño,7.919578,8.851309732130838,1.1044602,0.10446024,-3.550069873591208,1.12992,1.077177,3.5757494,3.5723696,0.21729517,0.0581789,0.5785589
Matemáticas Discretas,8,anon_md_2526_2_2_017,2526-2,2,Año que cursa=3|Participaciones de la semana=0|Participaciones de la semana anterior=0|Tamaño del grupo=pequeño,1.5287528,3.1205777092652816,1.2749791,0.2749791,0.049641507324195366,1.2749791,1.2611241,3.71563,3.9151192,0.24731255,0.26311028,0.7188618
Matemáticas Discretas,8,anon_md_2526_2_2_018,2526-2,2,Año que cursa=2|Participaciones de la semana=0|Participaciones de la semana anterior=0|Tamaño del grupo=pequeño,1.327985,3.947072158993203,1.258498,0.25849795,1.7942407315695323,1.258498,1.2791653,3.7179577,3.9136403,0.1562264,0.28282988,0.9780085
Matemáticas Discretas,8,anon_md_2526_2_2_019,2526-2,2,Año que cursa=2|Participaciones de la semana=0|Participaciones de la semana anterior=0|Tamaño del grupo=pequeño,3.5380692,3.947072158993203,1.2567506,0.25675058,1.7942407315695323,1.2567506,1.2650104,3.712625,3.881772,0.17734599,0.34687757,0.9373863
Matemáticas Discretas,8,anon_md_2526_2_2_020,2526-2,2,Año que cursa=2|Participaciones de la semana=0|Participaciones de la semana anterior=0|Tamaño del grupo=pequeño,3.4628634,3.947072158993203,1.2490058,0.2490058,1.7942407315695323,1.2490058,1.2698116,3.7103014,3.8871846,0.12514329,0.3745041,0.9373863
Matemáticas Discretas,8,anon_md_2526_2_2_021,2526-2,2,Año que cursa=4|Participaciones de la semana=2|Participaciones de la semana anterior=0|Tamaño del grupo=pequeño,9.766222,8.851309732130838,1.1378851,0.1378851,-0.024399105660421583,1.1378851,1.0829487,3.620875,3.5563536,0.19711685,0.18310165,0.27488136
Matemáticas Discretas,8,anon_md_2526_3_1_001,2526-3,1,Año que cursa=5 o más|Participaciones de la semana=2|Participaciones de la semana anterior=2|Tamaño del grupo=grande,11.360954,12.363218859370672,1.029541,0.029541016,-7.061979000831042,1.0456448,1.027214,3.183177,3.2517176,0.16644287,0.08903408,0.1691618
Matemáticas Discretas,8,anon_md_2526_3_1_002,2526-3,1,Año que cursa=3|Participaciones de la semana=0|Participaciones de la semana anterior=0|Tamaño del grupo=grande,0.39571404,1.972672589638743,1.1909122,0.19091225,4.128170091929471,1.1909122,1.2033587,3.5005867,3.8244693,0.49182165,0.75198734,0.45927912
Matemáticas Discretas,8,anon_md_2526_3_1_003,2526-3,1,Año que cursa=2|Participaciones de la semana=1|Participaciones de la semana anterior=1|Tamaño del grupo=grande,3.097878,9.05906319393264,1.1835122,0.18351221,1.558909329902999,1.1978762,1.1328773,3.503814,3.804251,0.51426244,0.8858359,0.5581076
Matemáticas Discretas,8,anon_md_2526_3_1_004,2526-3,1,Año que cursa=3|Participaciones de la semana=1|Participaciones de la semana anterior=0|Tamaño del grupo=grande,3.0627675,6.100842681568214,1.1877708,0.18777084,1.8443684286533513,1.1877708,1.1079278,3.5045536,3.70859,0.4221878,0.76861167,0.52396417
Matemáticas Discretas,8,anon_md_2526_3_1_005,2526-3,1,Año que cursa=2|Participaciones de la semana=1|Participaciones de la semana anterior=0|Tamaño del grupo=grande,1.6547413,6.085433937341996,1.2027411,0.20274115,-0.131864976132551,1.2027411,1.1376925,3.5266097,3.8270316,0.44413316,0.821316,0.53158474
Matemáticas Discretas,8,anon_md_2526_3_1_006,2526-3,1,Año que cursa=1|Participaciones de la semana=1|Participaciones de la semana anterior=1|Tamaño del grupo=grande,3.0112305,2.6351672593185023,1.2018452,0.20184517,6.210011091338087,1.2112901,1.1469436,3.5424519,3.818692,0.41066766,0.82786226,0.55432534
Matemáticas Discretas,8,anon_md_2526_3_1_007,2526-3,1,Año que cursa=5 o más|Participaciones de la semana=0|Participaciones de la semana anterior=0|Tamaño del grupo=grande,0.07719755,1.6915440920888634,1.151231,0.15123105,3.4705846755989755,1.151231,1.1816154,3.445636,3.8433042,0.3256495,0.51863974,0.3793283
Matemáticas Discretas,8,anon_md_2526_3_1_008,2526-3,1,Año que cursa=2|Participaciones de la semana=1|Participaciones de la semana anterior=1|Tamaño del grupo=grande,11.424341,9.05906319393264,1.0672836,0.06728363,1.558909329902999,1.0893402,1.0503073,3.2139616,3.2056103,0.09498501,0.14507008,0.44842434
Matemáticas Discretas,8,anon_md_2526_3_1_009,2526-3,1,Año que cursa=5 o más|Participaciones de la semana=1|Participaciones de la semana anterior=0|Tamaño del grupo=grande,1.1964436,5.162128767687839,1.178222,0.17822194,3.3350508648285944,1.178222,1.1415987,3.4528618,3.8894744,0.3261944,0.5232203,0.37900686
Matemáticas Discretas,8,anon_md_2526_3_1_010,2526-3,1,Año que cursa=4|Participaciones de la semana=1|Participaciones de la semana anterior=2|Tamaño del grupo=grande,9.1442,10.973637051302957,1.0734253,0.07342529,-5.672397192763326,1.1213598,1.0662804,3.2243834,3.373042,0.12363815,0.14342308,0.28103352
Matemáticas Discretas,8,anon_md_2526_3_1_011,2526-3,1,Año que cursa=5 o más|Participaciones de la semana=1|Participaciones de la semana anterior=0|Tamaño del grupo=grande,2.6900182,5.162128767687839,1.1867886,0.18678856,3.3350508648285944,1.1867886,1.1153183,3.4852164,3.796156,0.21879077,0.4858873,0.36996436
Matemáticas Discretas,8,anon_md_2526_3_1_012,2526-3,1,Año que cursa=3|Participaciones de la semana=2|Participaciones de la semana anterior=2|Tamaño del grupo=grande,12.37446,10.026018760127064,1.0329056,0.03290558,-4.724778901587434,1.0536718,1.0302067,3.2127533,3.2652903,0.054250717,0.08926678,0.33874798
Matemáticas Discretas,8,anon_md_2526_3_1_013,2526-3,1,Año que cursa=2|Participaciones de la semana=0|Participaciones de la semana anterior=0|Tamaño del grupo=grande,0.1618836,1.6936167818672931,1.1901823,0.19018233,4.391817155474703,1.1901823,1.2230601,3.5503867,3.8731716,0.24839073,0.37171024,0.5049522
Matemáticas Discretas,8,anon_md_2526_3_1_014,2526-3,1,Año que cursa=4|Participaciones de la semana=0|Participaciones de la semana anterior=0|Tamaño del grupo=grande,0.00784111,1.9534189282250844,1.1681026,0.16810262,3.5365612164898135,1.1681026,1.2043395,3.5068007,3.9087672,0.25034654,0.36301672,0.40776205
Matemáticas Discretas,8,anon_md_2526_3_1_015,2526-3,1,Año que cursa=3|Participaciones de la semana=0|Participaciones de la semana anterior=0|Tamaño del grupo=grande,0.050067425,1.972672589638743,1.1799734,0.17997336,4.128170091929471,1.1799734,1.2170901,3.535303,3.9065018,0.25500125,0.30405855,0.45927912
Matemáticas Discretas,8,anon_md_2526_3_1_016,2526-3,1,Año que cursa=2|Participaciones de la semana=0|Participaciones de la semana anterior=0|Tamaño del grupo=grande,0.10029292,1.6936167818672931,1.184808,0.18480802,4.391817155474703,1.184808,1.2244985,3.54874,3.8724518,0.2617364,0.19719654,0.5049522
Matemáticas Discretas,8,anon_md_2526_3_1_017,2526-3,1,Año que cursa=5 o más|Participaciones de la semana=0|Participaciones de la semana anterior=0|Tamaño del grupo=grande,-0.10277474,1.6915440920888634,1.1547194,0.15471935,3.4705846755989755,1.1547194,1.200321,3.4849958,3.9108262,0.26996648,0.23169827,0.3793283
Matemáticas Discretas,8,anon_md_2526_3_1_018,2526-3,1,Año que cursa=1|Participaciones de la semana=2|Participaciones de la semana anterior=1|Tamaño del grupo=grande,6.605817,8.845178350656589,1.0988188,0.09881878,-3.5439384921169585,1.1267786,1.0630074,3.5000596,3.5935516,0.090735435,0.27478313,0.49803877
Matemáticas Discretas,8,anon_md_2526_3_1_019,2526-3,1,Año que cursa=4|Participaciones de la semana=0|Participaciones de la semana anterior=0|Tamaño del grupo=grande,-0.09315598,1.9534189282250844,1.1676699,0.16766989,3.5365612164898135,1.1676699,1.2142386,3.522911,3.9357438,0.2888664,0.13347375,0.40776205
Matemáticas Discretas,8,anon_md_2526_3_1_020,2526-3,1,Año que cursa=4|Participaciones de la semana=0|Participaciones de la semana anterior=0|Tamaño del grupo=grande,-0.10829806,1.9534189282250844,1.1673183,0.16731834,3.5365612164898135,1.1673183,1.216037,3.5249565,3.9381738,0.2987094,0.092953324,0.40776205
Matemáticas Discretas,8,anon_md_2526_3_1_021,2526-3,1,Año que cursa=5 o más|Participaciones de la semana=1|Participaciones de la semana anterior=2|Tamaño del grupo=grande,13.350996,11.885007920902869,1.0584822,0.05848217,0.4782109384678037,1.0911894,1.0537081,3.1677446,3.2472267,0.05342388,0.031952858,0.20273495
Matemáticas Discretas,8,anon_md_2526_3_1_022,2526-3,1,Año que cursa=5 o más|Participaciones de la semana=1|Participaciones de la semana anterior=1|Tamaño del grupo=grande,10.095984,9.27724286803117,1.0858383,0.08583832,1.7891141054224224,1.1135082,1.0627155,3.246458,3.334547,0.087153435,0.06488037,0.24406433
Matemáticas Discretas,8,anon_md_2526_3_1_023,2526-3,1,Año que cursa=1|Participaciones de la semana=0|Participaciones de la semana anterior=0|Tamaño del grupo=grande,0.13131225,1.950496711183378,1.173438,0.17343795,1.4139086540000185,1.173438,1.2179813,3.5327692,3.7887707,0.3265853,0.10907018,0.47512323
Matemáticas Discretas,8,anon_md_2526_3_1_024,2526-3,1,Año que cursa=3|Participaciones de la semana=0|Participaciones de la semana anterior=0|Tamaño del grupo=grande,-0.07019353,1.972672589638743,1.174809,0.17480898,4.128170091929471,1.174809,1.2240543,3.5435722,3.9136631,0.33483857,0.14785534,0.45927912
Matemáticas Discretas,8,anon_md_2526_3_1_025,2526-3,1,Año que cursa=5 o más|Participaciones de la semana=1|Participaciones de la semana anterior=0|Tamaño del grupo=grande,5.0008354,5.162128767687839,1.2031598,0.20315981,3.3350508648285944,1.2031598,1.1085873,3.5225594,3.7559156,0.022071362,0.23336267,0.42326355
Matemáticas Discretas,8,anon_md_2526_3_1_026,2526-3,1,Año que cursa=5 o más|Participaciones de la semana=0|Participaciones de la semana anterior=0|Tamaño del grupo=grande,1.2446711,1.6915440920888634,1.1990058,0.19900584,3.4705846755989755,1.1990058,1.1870651,3.5656326,3.9404762,0.21611643,0.19414783,0.38873398
Matemáticas Discretas,8,anon_md_2526_3_1_027,2526-3,1,Año que cursa=2|Participaciones de la semana=1|Participaciones de la semana anterior=1|Tamaño del grupo=grande,5.342412,9.05906319393264,1.1810985,0.18109846,1.558909329902999,1.2135644,1.1209898,3.4939456,3.7126503,0.062074184,0.019824505,0.5241351
Matemáticas Discretas,8,anon_md_2526_3_1_028,2526-3,1,Año que cursa=1|Participaciones de la semana=1|Participaciones de la semana anterior=0|Tamaño del grupo=grande,2.6454988,3.3644053651833965,1.2157466,0.21574664,3.0091960213955455,1.2157466,1.1619987,3.5562162,3.7828965,0.22450876,0.1385374,0.59953547
Matemáticas Discretas,8,anon_md_2526_3_1_029,2526-3,1,Año que cursa=2|Participaciones de la semana=0|Participaciones de la semana anterior=0|Tamaño del grupo=grande,0.012885094,1.6936167818672931,1.1755109,0.17551088,4.391817155474703,1.1755109,1.2214587,3.5409894,3.8466156,0.36631393,0.25295913,0.5049522
Matemáticas Discretas,8,anon_md_2526_3_1_030,2526-3,1,Año que cursa=1|Participaciones de la semana=2|Participaciones de la semana anterior=0|Tamaño del grupo=grande,3.851105,6.373601386578942,1.1467769,0.14677691,-1.0723615280393117,1.1467769,1.0873895,3.553421,3.7280915,0.22064519,0.13101625,0.5731468
Matemáticas Discretas,8,anon_md_2526_3_1_031,2526-3,1,Año que cursa=3|Participaciones de la semana=1|Participaciones de la semana anterior=0|Tamaño del grupo=grande,3.9597788,6.100842681568214,1.2187419,0.2187419,1.8443684286533513,1.2187419,1.1176729,3.5685596,3.7427902,0.09458661,0.21744537,0.48007965
